{
  "type": "FeatureCollection",
  "properties": {
    "authority": "derived",
    "evidence": "modelled",
    "note": "Geometric reading of published defensible-space distances (0\u20135 / 5\u201330 / 30\u2013100 ft). Not a fire-agency inspection. No tree removal is implied.",
    "generator": "scripts/defensible-space.py"
  },
  "features": [
    {
      "type": "Feature",
      "properties": {
        "structure_id": "oak-leaf-massing",
        "zone": "0",
        "area_m2": 1337.0,
        "crowns_in_zone": 15,
        "canopy_pct": 39.0,
        "crosses_boundary": false,
        "outer_m": 1.5,
        "overhanging_crowns": [
          {
            "e": 366.29,
            "n": 287.21,
            "height_m": 7.5,
            "crown_r_m": 1.3
          },
          {
            "e": 374.9,
            "n": 304.67,
            "height_m": 13.7,
            "crown_r_m": 6.2
          },
          {
            "e": 375.0,
            "n": 281.69,
            "height_m": 10.5,
            "crown_r_m": 4.4
          },
          {
            "e": 384.11,
            "n": 299.25,
            "height_m": 12.8,
            "crown_r_m": 3.9
          },
          {
            "e": 387.81,
            "n": 290.42,
            "height_m": 13.4,
            "crown_r_m": 4.9
          },
          {
            "e": 390.32,
            "n": 305.37,
            "height_m": 14.7,
            "crown_r_m": 7.6
          },
          {
            "e": 392.22,
            "n": 283.3,
            "height_m": 8.5,
            "crown_r_m": 3.9
          },
          {
            "e": 393.32,
            "n": 299.45,
            "height_m": 12.0,
            "crown_r_m": 3.4
          },
          {
            "e": 396.92,
            "n": 303.87,
            "height_m": 11.1,
            "crown_r_m": 3.8
          },
          {
            "e": 397.52,
            "n": 287.21,
            "height_m": 7.6,
            "crown_r_m": 2.2
          },
          {
            "e": 398.93,
            "n": 291.63,
            "height_m": 7.1,
            "crown_r_m": 3.6
          }
        ]
      },
      "geometry": {
        "type": "Polygon",
        "coordinates": [
          [
            [
              -119.15527484604723,
              34.43334828615054
            ],
            [
              -119.15526444604723,
              34.43334378615054
            ],
            [
              -119.15526394080156,
              34.43334355805321
            ],
            [
              -119.15525544080157,
              34.43333955805321
            ],
            [
              -119.1552541274205,
              34.43333886946697
            ],
            [
              -119.15525289905176,
              34.4333380804771
            ],
            [
              -119.15525176683704,
              34.43333719823998
            ],
            [
              -119.15525036683704,
              34.43333599823998
            ],
            [
              -119.15524946418806,
              34.433335157142906
            ],
            [
              -119.1552486490865,
              34.43333425675754
            ],
            [
              -119.15524792717979,
              34.433333303322215
            ],
            [
              -119.15524177482729,
              34.433324372487945
            ],
            [
              -119.15523552345473,
              34.43331554118384
            ],
            [
              -119.15523538966367,
              34.433315348567625
            ],
            [
              -119.15519238966367,
              34.43325224856763
            ],
            [
              -119.15514938966366,
              34.43318914856763
            ],
            [
              -119.15514875026237,
              34.433188107697056
            ],
            [
              -119.15514822164671,
              34.43318702499059
            ],
            [
              -119.15514792164672,
              34.43318632499059
            ],
            [
              -119.15514732004085,
              34.433184542838994
            ],
            [
              -119.15514712004085,
              34.43318374283899
            ],
            [
              -119.15514688084659,
              34.433182495096524
            ],
            [
              -119.15514678323719,
              34.43318123430264
            ],
            [
              -119.15514518324039,
              34.433104734455945
            ],
            [
              -119.1551435832436,
              34.43302833460923
            ],
            [
              -119.15514365199904,
              34.433026838146624
            ],
            [
              -119.15514392004086,
              34.43302535716101
            ],
            [
              -119.15514412004086,
              34.433024557161005
            ],
            [
              -119.1551445157749,
              34.433023287628735
            ],
            [
              -119.15514481577489,
              34.43302248762873
            ],
            [
              -119.15514536223603,
              34.43302124757265
            ],
            [
              -119.15514605202759,
              34.43302005757936
            ],
            [
              -119.15514687857491,
              34.433018928991146
            ],
            [
              -119.15514783399989,
              34.43301787256498
            ],
            [
              -119.15514787757061,
              34.43301782899426
            ],
            [
              -119.15514797109375,
              34.43301771676649
            ],
            [
              -119.15514877647333,
              34.43301683041718
            ],
            [
              -119.15514966683703,
              34.433016001760016
            ],
            [
              -119.15515036683703,
              34.43301540176002
            ],
            [
              -119.15515106683704,
              34.43301480176002
            ],
            [
              -119.15515213439075,
              34.433013965543694
            ],
            [
              -119.15515328837539,
              34.433013212264356
            ],
            [
              -119.1551545194394,
              34.43301254802636
            ],
            [
              -119.15515581760661,
              34.433011978212484
            ],
            [
              -119.15515717235705,
              34.43301150744033
            ],
            [
              -119.15515857271224,
              34.4330111395249
            ],
            [
              -119.15515947271224,
              34.433010939524905
            ],
            [
              -119.15515987095417,
              34.4330108554658
            ],
            [
              -119.15516087095416,
              34.4330106554658
            ],
            [
              -119.15516228190391,
              34.43301042724854
            ],
            [
              -119.15523558028852,
              34.433001327449084
            ],
            [
              -119.15530877867319,
              34.432992227649905
            ],
            [
              -119.15530998597256,
              34.43299211545052
            ],
            [
              -119.1553112,
              34.4329920779815
            ],
            [
              -119.1554855,
              34.4329920779815
            ],
            [
              -119.1554868294389,
              34.432992122925555
            ],
            [
              -119.1554881500403,
              34.43299225745895
            ],
            [
              -119.1554903500403,
              34.432992557458945
            ],
            [
              -119.15549135607881,
              34.432992721697104
            ],
            [
              -119.15549345607882,
              34.43299312169711
            ],
            [
              -119.15549362904571,
              34.43299315546578
            ],
            [
              -119.1554946290457,
              34.432993355465776
            ],
            [
              -119.1554950272879,
              34.43299343952493
            ],
            [
              -119.1554959272879,
              34.43299363952493
            ],
            [
              -119.15549732764306,
              34.432994007440364
            ],
            [
              -119.15549868239347,
              34.43299447821252
            ],
            [
              -119.15549998056066,
              34.43299504802639
            ],
            [
              -119.15550121162465,
              34.432995712264386
            ],
            [
              -119.15550236560927,
              34.43299646554371
            ],
            [
              -119.15550343316296,
              34.43299730176002
            ],
            [
              -119.15550413316296,
              34.43299790176002
            ],
            [
              -119.15550483316296,
              34.43299850176002
            ],
            [
              -119.15550581952455,
              34.4329994284353
            ],
            [
              -119.15550669968218,
              34.433000425845435
            ],
            [
              -119.15550746628682,
              34.433001485662366
            ],
            [
              -119.15550811293757,
              34.43300259903696
            ],
            [
              -119.15551171293757,
              34.433009599036964
            ],
            [
              -119.15551180752347,
              34.43300978686086
            ],
            [
              -119.15551530752347,
              34.433016886860855
            ],
            [
              -119.15551578422512,
              34.43301798762874
            ],
            [
              -119.15551608422511,
              34.43301878762874
            ],
            [
              -119.15551647995915,
              34.43302005716099
            ],
            [
              -119.15551665990344,
              34.43302077693817
            ],
            [
              -119.15555133839504,
              34.43315149586326
            ],
            [
              -119.1555860381138,
              34.43328219480393
            ],
            [
              -119.15558632365834,
              34.43328363884642
            ],
            [
              -119.15558641921287,
              34.4332851
            ],
            [
              -119.15558641921287,
              34.4332856
            ],
            [
              -119.1555863369962,
              34.43328695562372
            ],
            [
              -119.15558609117463,
              34.433288297588106
            ],
            [
              -119.15558568422504,
              34.43328961237143
            ],
            [
              -119.15558561927803,
              34.43328978556347
            ],
            [
              -119.15558557995921,
              34.433289942838805
            ],
            [
              -119.15558504909836,
              34.43329155639836
            ],
            [
              -119.15558278411403,
              34.433297071142796
            ],
            [
              -119.15558061775614,
              34.43330258550835
            ],
            [
              -119.15558009610487,
              34.43330373357463
            ],
            [
              -119.1555794510298,
              34.433304837743506
            ],
            [
              -119.15557868784015,
              34.433305888927244
            ],
            [
              -119.15557781281728,
              34.433306878474184
            ],
            [
              -119.15557683316297,
              34.43330779823998
            ],
            [
              -119.15557543316297,
              34.43330899823998
            ],
            [
              -119.15557474586765,
              34.43330955368252
            ],
            [
              -119.15556846044751,
              34.43331434257406
            ],
            [
              -119.15556207499479,
              34.43331923143631
            ],
            [
              -119.15556096477808,
              34.43332000844564
            ],
            [
              -119.15555977553872,
              34.433320700534914
            ],
            [
              -119.15555851670764,
              34.43332130221572
            ],
            [
              -119.1555571982676,
              34.43332180871661
            ],
            [
              -119.1555474982676,
              34.433325108716616
            ],
            [
              -119.1555377982676,
              34.43332840871661
            ],
            [
              -119.15553662831562,
              34.43332876412782
            ],
            [
              -119.15553542904584,
              34.4333290445342
            ],
            [
              -119.15553462880561,
              34.43332920458224
            ],
            [
              -119.1555339272879,
              34.43332936047507
            ],
            [
              -119.15553169099124,
              34.43332972100556
            ],
            [
              -119.15552089099124,
              34.43333082100556
            ],
            [
              -119.15552087299348,
              34.43333082283026
            ],
            [
              -119.15550997299347,
              34.433331922830256
            ],
            [
              -119.1555097376802,
              34.43333194514279
            ],
            [
              -119.1554094376802,
              34.433340845142794
            ],
            [
              -119.1553091376802,
              34.43334974514279
            ],
            [
              -119.1553074,
              34.4333498220185
            ],
            [
              -119.1552824,
              34.4333498220185
            ],
            [
              -119.15528083170162,
              34.433349759432566
            ],
            [
              -119.1552792779208,
              34.433349572254116
            ],
            [
              -119.15527775304072,
              34.43334926221585
            ],
            [
              -119.15527627117706,
              34.43334883218775
            ],
            [
              -119.15527484604723,
              34.43334828615054
            ]
          ]
        ]
      }
    },
    {
      "type": "Feature",
      "properties": {
        "structure_id": "oak-leaf-massing",
        "zone": "1",
        "area_m2": 1230.4,
        "crowns_in_zone": 17,
        "canopy_pct": 22.5,
        "crosses_boundary": false,
        "outer_m": 9.1
      },
      "geometry": {
        "type": "Polygon",
        "coordinates": [
          [
            [
              -119.15522617268655,
              34.43340451597992
            ],
            [
              -119.15522310752945,
              34.43340313218946
            ],
            [
              -119.15521460752946,
              34.433399132189464
            ],
            [
              -119.15520663968434,
              34.43339495476631
            ],
            [
              -119.15519918758065,
              34.43339016822774
            ],
            [
              -119.15519231881134,
              34.43338481598922
            ],
            [
              -119.15519091881134,
              34.43338361598922
            ],
            [
              -119.15518544274089,
              34.43337851333364
            ],
            [
              -119.1551804977914,
              34.43337305099575
            ],
            [
              -119.15517611822406,
              34.43336726682143
            ],
            [
              -119.15517020728558,
              34.433358686426864
            ],
            [
              -119.155164202292,
              34.43335020318195
            ],
            [
              -119.15516339062627,
              34.4333490346436
            ],
            [
              -119.15512039062627,
              34.4332859346436
            ],
            [
              -119.15507739062626,
              34.4332228346436
            ],
            [
              -119.15507351159177,
              34.433216520028815
            ],
            [
              -119.15507030465672,
              34.43320995160955
            ],
            [
              -119.15507000465672,
              34.43320925160955
            ],
            [
              -119.1550663549145,
              34.43319843988988
            ],
            [
              -119.1550661549145,
              34.433197639889876
            ],
            [
              -119.15506470380264,
              34.43319007025226
            ],
            [
              -119.15506411163892,
              34.433182421436015
            ],
            [
              -119.15506251165837,
              34.433105922366
            ],
            [
              -119.15506091167785,
              34.43302952329599
            ],
            [
              -119.15506132879418,
              34.43302044475618
            ],
            [
              -119.1550629549145,
              34.43301146011012
            ],
            [
              -119.1550631549145,
              34.43301066011012
            ],
            [
              -119.15506555570101,
              34.433002958281
            ],
            [
              -119.15506585570101,
              34.433002158281
            ],
            [
              -119.15506873145877,
              34.432995513237756
            ],
            [
              -119.15507228605628,
              34.432989097663054
            ],
            [
              -119.15507649317044,
              34.43298295906662
            ],
            [
              -119.15508132164601,
              34.43297714290705
            ],
            [
              -119.155082321646,
              34.43297604290705
            ],
            [
              -119.15509021881134,
              34.43296838401078
            ],
            [
              -119.15509091881134,
              34.43296778401078
            ],
            [
              -119.15509161881134,
              34.43296718401078
            ],
            [
              -119.1550980953039,
              34.4329621109651
            ],
            [
              -119.15510509614404,
              34.43295754107046
            ],
            [
              -119.15511256459904,
              34.43295351135992
            ],
            [
              -119.15512044014676,
              34.43295005448906
            ],
            [
              -119.15512865896612,
              34.43294719847134
            ],
            [
              -119.15513715445424,
              34.43294496645107
            ],
            [
              -119.15513805445424,
              34.43294476645107
            ],
            [
              -119.15514047045527,
              34.432944256492526
            ],
            [
              -119.15514147045526,
              34.43294405649252
            ],
            [
              -119.1551500302171,
              34.432942671974466
            ],
            [
              -119.15522332041705,
              34.43293357319112
            ],
            [
              -119.1552965106173,
              34.4329244744094
            ],
            [
              -119.15530383490024,
              34.432923793733124
            ],
            [
              -119.1553112,
              34.43292356642112
            ],
            [
              -119.1554855,
              34.43292356642112
            ],
            [
              -119.15549356526266,
              34.4329238390817
            ],
            [
              -119.1555015769112,
              34.432924655250936
            ],
            [
              -119.1555037769112,
              34.43292495525093
            ],
            [
              -119.15550988021145,
              34.432925951629095
            ],
            [
              -119.15551198021146,
              34.4329263516291
            ],
            [
              -119.15551302954397,
              34.43292655649237
            ],
            [
              -119.15551402954397,
              34.432926756492364
            ],
            [
              -119.15551644554661,
              34.43292726645126
            ],
            [
              -119.15551734554661,
              34.43292746645126
            ],
            [
              -119.15552584103457,
              34.432929698471554
            ],
            [
              -119.15553405985376,
              34.43293255448928
            ],
            [
              -119.15554193540133,
              34.432936011360106
            ],
            [
              -119.1555494038562,
              34.4329400410706
            ],
            [
              -119.1555564046962,
              34.43294461096518
            ],
            [
              -119.15556288118866,
              34.43294968401078
            ],
            [
              -119.15556358118866,
              34.43295028401078
            ],
            [
              -119.15556428118866,
              34.43295088401078
            ],
            [
              -119.1555702651156,
              34.43295650584083
            ],
            [
              -119.15557560473854,
              34.432962556795644
            ],
            [
              -119.15558025547335,
              34.43296898635168
            ],
            [
              -119.15558417848789,
              34.432975740824226
            ],
            [
              -119.15558777848788,
              34.43298274082423
            ],
            [
              -119.15558835230905,
              34.4329838802892
            ],
            [
              -119.15559185230906,
              34.4329909802892
            ],
            [
              -119.155594744299,
              34.432997658281
            ],
            [
              -119.15559504429899,
              34.432998458281006
            ],
            [
              -119.15559744508546,
              34.43300616010998
            ],
            [
              -119.1555975234142,
              34.43300647342493
            ],
            [
              -119.15563209292986,
              34.43313678157042
            ],
            [
              -119.15566679122365,
              34.43326747514386
            ],
            [
              -119.15566852352724,
              34.43327623566827
            ],
            [
              -119.15566910322465,
              34.4332851
            ],
            [
              -119.15566910322465,
              34.4332856
            ],
            [
              -119.15566875033991,
              34.43329252007955
            ],
            [
              -119.1556676942013,
              34.433299390827564
            ],
            [
              -119.15566594233778,
              34.433306163264184
            ],
            [
              -119.15566544233778,
              34.43330776326419
            ],
            [
              -119.15566332453002,
              34.43331362881672
            ],
            [
              -119.15566123695847,
              34.43331871159965
            ],
            [
              -119.1556592410539,
              34.43332379208401
            ],
            [
              -119.1556560763695,
              34.43333075701943
            ],
            [
              -119.15565216291408,
              34.43333745564395
            ],
            [
              -119.15564753289691,
              34.43334383282529
            ],
            [
              -119.15564222442484,
              34.433349836076744
            ],
            [
              -119.15563628118866,
              34.43335541598922
            ],
            [
              -119.15563488118866,
              34.43335661598922
            ],
            [
              -119.15563071159711,
              34.43335998567397
            ],
            [
              -119.15562450004825,
              34.43336471828263
            ],
            [
              -119.15561818830167,
              34.43336955071359
            ],
            [
              -119.15561145298695,
              34.433374264570226
            ],
            [
              -119.15560423826824,
              34.43337846324515
            ],
            [
              -119.15559660135968,
              34.43338211344204
            ],
            [
              -119.15558860282344,
              34.43338518621414
            ],
            [
              -119.15557890282341,
              34.43338848621415
            ],
            [
              -119.15556920282341,
              34.433391786214145
            ],
            [
              -119.15555597975953,
              34.43339540741973
            ],
            [
              -119.15555407975953,
              34.433395807419735
            ],
            [
              -119.15554177868016,
              34.433397720767076
            ],
            [
              -119.15553097868016,
              34.433398820767074
            ],
            [
              -119.1555308694937,
              34.4333988318369
            ],
            [
              -119.1555199694937,
              34.433399931836895
            ],
            [
              -119.15551854192661,
              34.43340006719961
            ],
            [
              -119.15541824192661,
              34.43340896719961
            ],
            [
              -119.15531794192661,
              34.43341786719961
            ],
            [
              -119.1553074,
              34.433418333578885
            ],
            [
              -119.1552824,
              34.433418333578885
            ],
            [
              -119.15527288565644,
              34.433417953890896
            ],
            [
              -119.15526345938613,
              34.433416818341655
            ],
            [
              -119.15525420844705,
              34.43341493744282
            ],
            [
              -119.15524521847412,
              34.43341232860567
            ],
            [
              -119.15523657268656,
              34.433409015979926
            ],
            [
              -119.15522617268655,
              34.43340451597992
            ]
          ],
          [
            [
              -119.15527627117706,
              34.43334883218775
            ],
            [
              -119.15527775304072,
              34.43334926221585
            ],
            [
              -119.1552792779208,
              34.433349572254116
            ],
            [
              -119.15528083170162,
              34.433349759432566
            ],
            [
              -119.1552824,
              34.4333498220185
            ],
            [
              -119.1553074,
              34.4333498220185
            ],
            [
              -119.1553091376802,
              34.43334974514279
            ],
            [
              -119.1554094376802,
              34.433340845142794
            ],
            [
              -119.1555097376802,
              34.43333194514279
            ],
            [
              -119.15550997299347,
              34.433331922830256
            ],
            [
              -119.15552087299348,
              34.43333082283026
            ],
            [
              -119.15552089099124,
              34.43333082100556
            ],
            [
              -119.15553169099124,
              34.43332972100556
            ],
            [
              -119.1555339272879,
              34.43332936047507
            ],
            [
              -119.15553462880561,
              34.43332920458224
            ],
            [
              -119.15553542904584,
              34.4333290445342
            ],
            [
              -119.15553662831562,
              34.43332876412782
            ],
            [
              -119.1555377982676,
              34.43332840871661
            ],
            [
              -119.1555474982676,
              34.433325108716616
            ],
            [
              -119.1555571982676,
              34.43332180871661
            ],
            [
              -119.15555851670764,
              34.43332130221572
            ],
            [
              -119.15555977553872,
              34.433320700534914
            ],
            [
              -119.15556096477808,
              34.43332000844564
            ],
            [
              -119.15556207499479,
              34.43331923143631
            ],
            [
              -119.15556846044751,
              34.43331434257406
            ],
            [
              -119.15557474586765,
              34.43330955368252
            ],
            [
              -119.15557543316297,
              34.43330899823998
            ],
            [
              -119.15557683316297,
              34.43330779823998
            ],
            [
              -119.15557781281728,
              34.433306878474184
            ],
            [
              -119.15557868784015,
              34.433305888927244
            ],
            [
              -119.1555794510298,
              34.433304837743506
            ],
            [
              -119.15558009610487,
              34.43330373357463
            ],
            [
              -119.15558061775614,
              34.43330258550835
            ],
            [
              -119.15558278411403,
              34.433297071142796
            ],
            [
              -119.15558504909836,
              34.43329155639836
            ],
            [
              -119.15558557995921,
              34.433289942838805
            ],
            [
              -119.15558561927803,
              34.43328978556347
            ],
            [
              -119.15558568422504,
              34.43328961237143
            ],
            [
              -119.15558609117463,
              34.433288297588106
            ],
            [
              -119.1555863369962,
              34.43328695562372
            ],
            [
              -119.15558641921287,
              34.4332856
            ],
            [
              -119.15558641921287,
              34.4332851
            ],
            [
              -119.15558632365834,
              34.43328363884642
            ],
            [
              -119.1555860381138,
              34.43328219480393
            ],
            [
              -119.15555133839504,
              34.43315149586326
            ],
            [
              -119.15551665990344,
              34.43302077693817
            ],
            [
              -119.15551647995915,
              34.43302005716099
            ],
            [
              -119.15551608422511,
              34.43301878762874
            ],
            [
              -119.15551578422512,
              34.43301798762874
            ],
            [
              -119.15551530752347,
              34.433016886860855
            ],
            [
              -119.15551180752347,
              34.43300978686086
            ],
            [
              -119.15551171293757,
              34.433009599036964
            ],
            [
              -119.15550811293757,
              34.43300259903696
            ],
            [
              -119.15550746628682,
              34.433001485662366
            ],
            [
              -119.15550669968218,
              34.433000425845435
            ],
            [
              -119.15550581952455,
              34.4329994284353
            ],
            [
              -119.15550483316296,
              34.43299850176002
            ],
            [
              -119.15550413316296,
              34.43299790176002
            ],
            [
              -119.15550343316296,
              34.43299730176002
            ],
            [
              -119.15550236560927,
              34.43299646554371
            ],
            [
              -119.15550121162465,
              34.432995712264386
            ],
            [
              -119.15549998056066,
              34.43299504802639
            ],
            [
              -119.15549868239347,
              34.43299447821252
            ],
            [
              -119.15549732764306,
              34.432994007440364
            ],
            [
              -119.1554959272879,
              34.43299363952493
            ],
            [
              -119.1554950272879,
              34.43299343952493
            ],
            [
              -119.1554946290457,
              34.432993355465776
            ],
            [
              -119.15549362904571,
              34.43299315546578
            ],
            [
              -119.15549345607882,
              34.43299312169711
            ],
            [
              -119.15549135607881,
              34.432992721697104
            ],
            [
              -119.1554903500403,
              34.432992557458945
            ],
            [
              -119.1554881500403,
              34.43299225745895
            ],
            [
              -119.1554868294389,
              34.432992122925555
            ],
            [
              -119.1554855,
              34.4329920779815
            ],
            [
              -119.1553112,
              34.4329920779815
            ],
            [
              -119.15530998597256,
              34.43299211545052
            ],
            [
              -119.15530877867319,
              34.432992227649905
            ],
            [
              -119.15523558028852,
              34.433001327449084
            ],
            [
              -119.15516228190391,
              34.43301042724854
            ],
            [
              -119.15516087095416,
              34.4330106554658
            ],
            [
              -119.15515987095417,
              34.4330108554658
            ],
            [
              -119.15515947271224,
              34.433010939524905
            ],
            [
              -119.15515857271224,
              34.4330111395249
            ],
            [
              -119.15515717235705,
              34.43301150744033
            ],
            [
              -119.15515581760661,
              34.433011978212484
            ],
            [
              -119.1551545194394,
              34.43301254802636
            ],
            [
              -119.15515328837539,
              34.433013212264356
            ],
            [
              -119.15515213439075,
              34.433013965543694
            ],
            [
              -119.15515106683704,
              34.43301480176002
            ],
            [
              -119.15515036683703,
              34.43301540176002
            ],
            [
              -119.15514966683703,
              34.433016001760016
            ],
            [
              -119.15514877647333,
              34.43301683041718
            ],
            [
              -119.15514797109375,
              34.43301771676649
            ],
            [
              -119.15514787757061,
              34.43301782899426
            ],
            [
              -119.15514783399989,
              34.43301787256498
            ],
            [
              -119.15514687857491,
              34.433018928991146
            ],
            [
              -119.15514605202759,
              34.43302005757936
            ],
            [
              -119.15514536223603,
              34.43302124757265
            ],
            [
              -119.15514481577489,
              34.43302248762873
            ],
            [
              -119.1551445157749,
              34.433023287628735
            ],
            [
              -119.15514412004086,
              34.433024557161005
            ],
            [
              -119.15514392004086,
              34.43302535716101
            ],
            [
              -119.15514365199904,
              34.433026838146624
            ],
            [
              -119.1551435832436,
              34.43302833460923
            ],
            [
              -119.15514518324039,
              34.433104734455945
            ],
            [
              -119.15514678323719,
              34.43318123430264
            ],
            [
              -119.15514688084659,
              34.433182495096524
            ],
            [
              -119.15514712004085,
              34.43318374283899
            ],
            [
              -119.15514732004085,
              34.433184542838994
            ],
            [
              -119.15514792164672,
              34.43318632499059
            ],
            [
              -119.15514822164671,
              34.43318702499059
            ],
            [
              -119.15514875026237,
              34.433188107697056
            ],
            [
              -119.15514938966366,
              34.43318914856763
            ],
            [
              -119.15519238966367,
              34.43325224856763
            ],
            [
              -119.15523538966367,
              34.433315348567625
            ],
            [
              -119.15523552345473,
              34.43331554118384
            ],
            [
              -119.15524177482729,
              34.433324372487945
            ],
            [
              -119.15524792717979,
              34.433333303322215
            ],
            [
              -119.1552486490865,
              34.43333425675754
            ],
            [
              -119.15524946418806,
              34.433335157142906
            ],
            [
              -119.15525036683704,
              34.43333599823998
            ],
            [
              -119.15525176683704,
              34.43333719823998
            ],
            [
              -119.15525289905176,
              34.4333380804771
            ],
            [
              -119.1552541274205,
              34.43333886946697
            ],
            [
              -119.15525544080157,
              34.43333955805321
            ],
            [
              -119.15526394080156,
              34.43334355805321
            ],
            [
              -119.15526444604723,
              34.43334378615054
            ],
            [
              -119.15527484604723,
              34.43334828615054
            ],
            [
              -119.15527627117706,
              34.43334883218775
            ]
          ]
        ]
      }
    },
    {
      "type": "Feature",
      "properties": {
        "structure_id": "oak-leaf-massing",
        "zone": "2",
        "area_m2": 5411.2,
        "crowns_in_zone": 47,
        "canopy_pct": 23.8,
        "crosses_boundary": true,
        "outer_m": 30.5
      },
      "geometry": {
        "type": "Polygon",
        "coordinates": [
          [
            [
              -119.15582478641342,
              34.432964570759864
            ],
            [
              -119.15585948069898,
              34.433095349219535
            ],
            [
              -119.15589417498036,
              34.433226027679964
            ],
            [
              -119.15589998105284,
              34.43325538987715
            ],
            [
              -119.15590192399473,
              34.4332851
            ],
            [
              -119.15590192399473,
              34.4332856
            ],
            [
              -119.15590074124916,
              34.43330879367321
            ],
            [
              -119.15589720144392,
              34.433331822004476
            ],
            [
              -119.15589132981343,
              34.433354520830505
            ],
            [
              -119.15589082981343,
              34.43335612083051
            ],
            [
              -119.15588373166656,
              34.433375780099986
            ],
            [
              -119.15588214365198,
              34.433379646570266
            ],
            [
              -119.1558806277081,
              34.433383505336515
            ],
            [
              -119.15587002079886,
              34.43340684935083
            ],
            [
              -119.15585690427247,
              34.433429300784674
            ],
            [
              -119.15584138608305,
              34.43345067485398
            ],
            [
              -119.15582359395138,
              34.43347079564183
            ],
            [
              -119.15580367431363,
              34.433489497546276
            ],
            [
              -119.15580227431363,
              34.433490697546276
            ],
            [
              -119.155788299309,
              34.433501991544624
            ],
            [
              -119.15578229576607,
              34.43350656567257
            ],
            [
              -119.15577619156056,
              34.43351123920492
            ],
            [
              -119.15575361715403,
              34.43352703839472
            ],
            [
              -119.15572943595396,
              34.4335411108766
            ],
            [
              -119.15570383972198,
              34.433553345053
            ],
            [
              -119.15567703144117,
              34.43356364390454
            ],
            [
              -119.1556673314411,
              34.433566943904566
            ],
            [
              -119.1556576314411,
              34.43357024390456
            ],
            [
              -119.15561331238081,
              34.433582380912284
            ],
            [
              -119.15561141238081,
              34.43358278091229
            ],
            [
              -119.15557018348846,
              34.43358919377975
            ],
            [
              -119.15555938348847,
              34.43359029377975
            ],
            [
              -119.15555901753385,
              34.43359033088192
            ],
            [
              -119.15554811753384,
              34.43359143088192
            ],
            [
              -119.15554333283097,
              34.4335918845701
            ],
            [
              -119.15544303283095,
              34.43360078457011
            ],
            [
              -119.15534273283095,
              34.43360968457011
            ],
            [
              -119.1553074,
              34.43361124770945
            ],
            [
              -119.1552824,
              34.43361124770945
            ],
            [
              -119.15525051126609,
              34.433609975128824
            ],
            [
              -119.15521891772275,
              34.433606169167085
            ],
            [
              -119.155187911828,
              34.433599865055605
            ],
            [
              -119.15515778060005,
              34.43359112115086
            ],
            [
              -119.15512880296042,
              34.433580018394245
            ],
            [
              -119.15511840296041,
              34.43357551839424
            ],
            [
              -119.15510812963169,
              34.43357088041524
            ],
            [
              -119.15509962963169,
              34.43356688041524
            ],
            [
              -119.15507292421674,
              34.433552879161795
            ],
            [
              -119.15504794738567,
              34.4335368363677
            ],
            [
              -119.15502492568638,
              34.43351889754628
            ],
            [
              -119.15502352568637,
              34.43351769754628
            ],
            [
              -119.15500517182384,
              34.43350059523913
            ],
            [
              -119.15498859809206,
              34.43348228740333
            ],
            [
              -119.1549739193224,
              34.433462900885
            ],
            [
              -119.15496868815498,
              34.433455307254874
            ],
            [
              -119.15496337691273,
              34.43344780407138
            ],
            [
              -119.15496065649464,
              34.43344388754174
            ],
            [
              -119.15491765649463,
              34.43338078754174
            ],
            [
              -119.15487465649463,
              34.433317687541745
            ],
            [
              -119.15486165533507,
              34.43329652317351
            ],
            [
              -119.15485090681648,
              34.433274508141885
            ],
            [
              -119.15485060681648,
              34.433273808141884
            ],
            [
              -119.154838374164,
              34.43323757105948
            ],
            [
              -119.154838174164,
              34.43323677105948
            ],
            [
              -119.1548333105473,
              34.433211400296045
            ],
            [
              -119.15483132582276,
              34.433185764153684
            ],
            [
              -119.15482972588795,
              34.433109267270666
            ],
            [
              -119.15482812595322,
              34.433032870387656
            ],
            [
              -119.15482952398048,
              34.433002442314674
            ],
            [
              -119.154834974164,
              34.43297232894052
            ],
            [
              -119.154835174164,
              34.43297152894052
            ],
            [
              -119.15484322075616,
              34.43294571511764
            ],
            [
              -119.15484352075616,
              34.43294491511764
            ],
            [
              -119.15485315928488,
              34.43292264326941
            ],
            [
              -119.15486507304578,
              34.432901140519036
            ],
            [
              -119.15487917381303,
              34.43288056610241
            ],
            [
              -119.15489535716517,
              34.43286107238078
            ],
            [
              -119.15489635716517,
              34.43285997238078
            ],
            [
              -119.15492282568637,
              34.43283430245372
            ],
            [
              -119.15492352568637,
              34.43283370245372
            ],
            [
              -119.15492422568637,
              34.43283310245372
            ],
            [
              -119.154945932612,
              34.43281609938852
            ],
            [
              -119.15496939696631,
              34.43280078270867
            ],
            [
              -119.15499442860119,
              34.432787276536
            ],
            [
              -119.15502082466773,
              34.4327756903205
            ],
            [
              -119.15504837126007,
              34.4327661179534
            ],
            [
              -119.15507684514883,
              34.43275863700633
            ],
            [
              -119.15507774514883,
              34.432758437006335
            ],
            [
              -119.15508584273465,
              34.432756727804616
            ],
            [
              -119.15508684273465,
              34.432756527804614
            ],
            [
              -119.15511553204631,
              34.43275188738696
            ],
            [
              -119.1551887992,
              34.43274279146474
            ],
            [
              -119.1552619663547,
              34.43273369554797
            ],
            [
              -119.15528651477551,
              34.43273141416046
            ],
            [
              -119.1553112,
              34.43273065229055
            ],
            [
              -119.1554855,
              34.43273065229055
            ],
            [
              -119.1555125319243,
              34.432731566152945
            ],
            [
              -119.15553938415293,
              34.432734301665214
            ],
            [
              -119.15554158415293,
              34.43273460166521
            ],
            [
              -119.15556204026917,
              34.43273794117446
            ],
            [
              -119.15556414026918,
              34.43273834117446
            ],
            [
              -119.15556765726274,
              34.43273902780409
            ],
            [
              -119.15556865726273,
              34.432739227804085
            ],
            [
              -119.15557675485402,
              34.43274093700696
            ],
            [
              -119.15557765485403,
              34.432741137006964
            ],
            [
              -119.15560612874224,
              34.432748617954104
            ],
            [
              -119.15563367533404,
              34.432758190321195
            ],
            [
              -119.15566007140008,
              34.43276977653662
            ],
            [
              -119.15568510303449,
              34.432783282709146
            ],
            [
              -119.15570856738839,
              34.43279859938878
            ],
            [
              -119.15573027431363,
              34.43281560245372
            ],
            [
              -119.15573167431363,
              34.43281680245372
            ],
            [
              -119.1557517303325,
              34.43283564485113
            ],
            [
              -119.15576962687095,
              34.43285592552385
            ],
            [
              -119.15578521449862,
              34.43287747513477
            ],
            [
              -119.1557983630638,
              34.43290011375152
            ],
            [
              -119.1558019630638,
              34.432907113751526
            ],
            [
              -119.15580388631054,
              34.432910932837416
            ],
            [
              -119.15580738631054,
              34.432918032837414
            ],
            [
              -119.15581707924385,
              34.43294041511764
            ],
            [
              -119.15581737924384,
              34.432941215117644
            ],
            [
              -119.15582466639498,
              34.43296459262008
            ],
            [
              -119.15582478641342,
              34.432964570759864
            ]
          ],
          [
            [
              -119.15524521847412,
              34.43341232860567
            ],
            [
              -119.15525420844705,
              34.43341493744282
            ],
            [
              -119.15526345938613,
              34.433416818341655
            ],
            [
              -119.15527288565644,
              34.433417953890896
            ],
            [
              -119.1552824,
              34.433418333578885
            ],
            [
              -119.1553074,
              34.433418333578885
            ],
            [
              -119.15531794192661,
              34.43341786719961
            ],
            [
              -119.15541824192661,
              34.43340896719961
            ],
            [
              -119.15551854192661,
              34.43340006719961
            ],
            [
              -119.1555199694937,
              34.433399931836895
            ],
            [
              -119.1555308694937,
              34.4333988318369
            ],
            [
              -119.15553097868016,
              34.433398820767074
            ],
            [
              -119.15554177868016,
              34.433397720767076
            ],
            [
              -119.15555407975953,
              34.433395807419735
            ],
            [
              -119.15555597975953,
              34.43339540741973
            ],
            [
              -119.15556920282341,
              34.433391786214145
            ],
            [
              -119.15557890282341,
              34.43338848621415
            ],
            [
              -119.15558860282344,
              34.43338518621414
            ],
            [
              -119.15559660135968,
              34.43338211344204
            ],
            [
              -119.15560423826824,
              34.43337846324515
            ],
            [
              -119.15561145298695,
              34.433374264570226
            ],
            [
              -119.15561818830167,
              34.43336955071359
            ],
            [
              -119.15562450004825,
              34.43336471828263
            ],
            [
              -119.15563071159711,
              34.43335998567397
            ],
            [
              -119.15563488118866,
              34.43335661598922
            ],
            [
              -119.15563628118866,
              34.43335541598922
            ],
            [
              -119.15564222442484,
              34.433349836076744
            ],
            [
              -119.15564753289691,
              34.43334383282529
            ],
            [
              -119.15565216291408,
              34.43333745564395
            ],
            [
              -119.1556560763695,
              34.43333075701943
            ],
            [
              -119.1556592410539,
              34.43332379208401
            ],
            [
              -119.15566123695847,
              34.43331871159965
            ],
            [
              -119.15566332453002,
              34.43331362881672
            ],
            [
              -119.15566544233778,
              34.43330776326419
            ],
            [
              -119.15566594233778,
              34.433306163264184
            ],
            [
              -119.1556676942013,
              34.433299390827564
            ],
            [
              -119.15566875033991,
              34.43329252007955
            ],
            [
              -119.15566910322465,
              34.4332856
            ],
            [
              -119.15566910322465,
              34.4332851
            ],
            [
              -119.15566852352724,
              34.43327623566827
            ],
            [
              -119.15566679122365,
              34.43326747514386
            ],
            [
              -119.15563209292986,
              34.43313678157042
            ],
            [
              -119.1555975234142,
              34.43300647342493
            ],
            [
              -119.15559744508546,
              34.43300616010998
            ],
            [
              -119.15559504429899,
              34.432998458281006
            ],
            [
              -119.155594744299,
              34.432997658281
            ],
            [
              -119.15559185230906,
              34.4329909802892
            ],
            [
              -119.15558835230905,
              34.4329838802892
            ],
            [
              -119.15558777848788,
              34.43298274082423
            ],
            [
              -119.15558417848789,
              34.432975740824226
            ],
            [
              -119.15558025547335,
              34.43296898635168
            ],
            [
              -119.15557560473854,
              34.432962556795644
            ],
            [
              -119.1555702651156,
              34.43295650584083
            ],
            [
              -119.15556428118866,
              34.43295088401078
            ],
            [
              -119.15556358118866,
              34.43295028401078
            ],
            [
              -119.15556288118866,
              34.43294968401078
            ],
            [
              -119.1555564046962,
              34.43294461096518
            ],
            [
              -119.1555494038562,
              34.4329400410706
            ],
            [
              -119.15554193540133,
              34.432936011360106
            ],
            [
              -119.15553405985376,
              34.43293255448928
            ],
            [
              -119.15552584103457,
              34.432929698471554
            ],
            [
              -119.15551734554661,
              34.43292746645126
            ],
            [
              -119.15551644554661,
              34.43292726645126
            ],
            [
              -119.15551402954397,
              34.432926756492364
            ],
            [
              -119.15551302954397,
              34.43292655649237
            ],
            [
              -119.15551198021146,
              34.4329263516291
            ],
            [
              -119.15550988021145,
              34.432925951629095
            ],
            [
              -119.1555037769112,
              34.43292495525093
            ],
            [
              -119.1555015769112,
              34.432924655250936
            ],
            [
              -119.15549356526266,
              34.4329238390817
            ],
            [
              -119.1554855,
              34.43292356642112
            ],
            [
              -119.1553112,
              34.43292356642112
            ],
            [
              -119.15530383490024,
              34.432923793733124
            ],
            [
              -119.1552965106173,
              34.4329244744094
            ],
            [
              -119.15522332041705,
              34.43293357319112
            ],
            [
              -119.1551500302171,
              34.432942671974466
            ],
            [
              -119.15514147045526,
              34.43294405649252
            ],
            [
              -119.15514047045527,
              34.432944256492526
            ],
            [
              -119.15513805445424,
              34.43294476645107
            ],
            [
              -119.15513715445424,
              34.43294496645107
            ],
            [
              -119.15512865896612,
              34.43294719847134
            ],
            [
              -119.15512044014676,
              34.43295005448906
            ],
            [
              -119.15511256459904,
              34.43295351135992
            ],
            [
              -119.15510509614404,
              34.43295754107046
            ],
            [
              -119.1550980953039,
              34.4329621109651
            ],
            [
              -119.15509161881134,
              34.43296718401078
            ],
            [
              -119.15509091881134,
              34.43296778401078
            ],
            [
              -119.15509021881134,
              34.43296838401078
            ],
            [
              -119.155082321646,
              34.43297604290705
            ],
            [
              -119.15508132164601,
              34.43297714290705
            ],
            [
              -119.15507649317044,
              34.43298295906662
            ],
            [
              -119.15507228605628,
              34.432989097663054
            ],
            [
              -119.15506873145877,
              34.432995513237756
            ],
            [
              -119.15506585570101,
              34.433002158281
            ],
            [
              -119.15506555570101,
              34.433002958281
            ],
            [
              -119.1550631549145,
              34.43301066011012
            ],
            [
              -119.1550629549145,
              34.43301146011012
            ],
            [
              -119.15506132879418,
              34.43302044475618
            ],
            [
              -119.15506091167785,
              34.43302952329599
            ],
            [
              -119.15506251165837,
              34.433105922366
            ],
            [
              -119.15506411163892,
              34.433182421436015
            ],
            [
              -119.15506470380264,
              34.43319007025226
            ],
            [
              -119.1550661549145,
              34.433197639889876
            ],
            [
              -119.1550663549145,
              34.43319843988988
            ],
            [
              -119.15507000465672,
              34.43320925160955
            ],
            [
              -119.15507030465672,
              34.43320995160955
            ],
            [
              -119.15507351159177,
              34.433216520028815
            ],
            [
              -119.15507739062626,
              34.4332228346436
            ],
            [
              -119.15512039062627,
              34.4332859346436
            ],
            [
              -119.15516339062627,
              34.4333490346436
            ],
            [
              -119.155164202292,
              34.43335020318195
            ],
            [
              -119.15517020728558,
              34.433358686426864
            ],
            [
              -119.15517611822406,
              34.43336726682143
            ],
            [
              -119.1551804977914,
              34.43337305099575
            ],
            [
              -119.15518544274089,
              34.43337851333364
            ],
            [
              -119.15519091881134,
              34.43338361598922
            ],
            [
              -119.15519231881134,
              34.43338481598922
            ],
            [
              -119.15519918758065,
              34.43339016822774
            ],
            [
              -119.15520663968434,
              34.43339495476631
            ],
            [
              -119.15521460752946,
              34.433399132189464
            ],
            [
              -119.15522310752945,
              34.43340313218946
            ],
            [
              -119.15522617268655,
              34.43340451597992
            ],
            [
              -119.15523657268656,
              34.433409015979926
            ],
            [
              -119.15524521847412,
              34.43341232860567
            ]
          ]
        ]
      }
    },
    {
      "type": "Feature",
      "properties": {
        "structure_id": "retreat-village",
        "zone": "0",
        "area_m2": 1231.2,
        "crowns_in_zone": 23,
        "canopy_pct": 71.8,
        "crosses_boundary": false,
        "outer_m": 1.5,
        "overhanging_crowns": [
          {
            "e": 331.35,
            "n": 179.03,
            "height_m": 17.0,
            "crown_r_m": 7.3
          },
          {
            "e": 331.45,
            "n": 194.89,
            "height_m": 18.9,
            "crown_r_m": 5.3
          },
          {
            "e": 332.25,
            "n": 204.22,
            "height_m": 19.8,
            "crown_r_m": 7.6
          },
          {
            "e": 340.16,
            "n": 191.37,
            "height_m": 20.0,
            "crown_r_m": 6.5
          },
          {
            "e": 341.86,
            "n": 201.01,
            "height_m": 19.1,
            "crown_r_m": 4.8
          },
          {
            "e": 343.07,
            "n": 208.43,
            "height_m": 17.2,
            "crown_r_m": 4.3
          },
          {
            "e": 344.07,
            "n": 186.15,
            "height_m": 12.1,
            "crown_r_m": 3.2
          },
          {
            "e": 349.67,
            "n": 200.91,
            "height_m": 16.8,
            "crown_r_m": 2.5
          },
          {
            "e": 350.27,
            "n": 206.63,
            "height_m": 17.4,
            "crown_r_m": 4.7
          },
          {
            "e": 350.37,
            "n": 189.77,
            "height_m": 16.1,
            "crown_r_m": 2.9
          },
          {
            "e": 354.38,
            "n": 194.89,
            "height_m": 18.8,
            "crown_r_m": 5.9
          },
          {
            "e": 354.48,
            "n": 178.03,
            "height_m": 15.3,
            "crown_r_m": 6.2
          },
          {
            "e": 355.38,
            "n": 203.32,
            "height_m": 17.2,
            "crown_r_m": 3.5
          },
          {
            "e": 357.28,
            "n": 209.84,
            "height_m": 15.6,
            "crown_r_m": 5.7
          },
          {
            "e": 358.58,
            "n": 188.26,
            "height_m": 16.3,
            "crown_r_m": 6.4
          },
          {
            "e": 360.58,
            "n": 182.54,
            "height_m": 16.8,
            "crown_r_m": 4.8
          },
          {
            "e": 363.79,
            "n": 208.93,
            "height_m": 15.4,
            "crown_r_m": 5.0
          },
          {
            "e": 366.29,
            "n": 186.56,
            "height_m": 15.2,
            "crown_r_m": 5.2
          },
          {
            "e": 371.2,
            "n": 179.53,
            "height_m": 12.5,
            "crown_r_m": 4.8
          },
          {
            "e": 371.6,
            "n": 202.61,
            "height_m": 10.1,
            "crown_r_m": 2.2
          }
        ]
      },
      "geometry": {
        "type": "Polygon",
        "coordinates": [
          [
            [
              -119.15585391921286,
              34.4320504
            ],
            [
              -119.15585391921286,
              34.4322992
            ],
            [
              -119.15585384063138,
              34.432300525389586
            ],
            [
              -119.15585360564376,
              34.43230183801494
            ],
            [
              -119.15585321651302,
              34.432303125234775
            ],
            [
              -119.15585267698674,
              34.43230437465245
            ],
            [
              -119.15585199226084,
              34.4323055742354
            ],
            [
              -119.15585116892959,
              34.43230671243097
            ],
            [
              -119.15585021492213,
              34.432307778277725
            ],
            [
              -119.15584913942607,
              34.43230876151098
            ],
            [
              -119.15584795279904,
              34.43230965266165
            ],
            [
              -119.15584666646889,
              34.43231044314748
            ],
            [
              -119.15584529282368,
              34.43231112535565
            ],
            [
              -119.15584384509239,
              34.432311692716134
            ],
            [
              -119.15584233721744,
              34.432312139764925
            ],
            [
              -119.15584078372049,
              34.432312462196705
            ],
            [
              -119.15583919956258,
              34.432312656906284
            ],
            [
              -119.1558376,
              34.4323127220185
            ],
            [
              -119.1554318,
              34.4323127220185
            ],
            [
              -119.15543020043742,
              34.432312656906284
            ],
            [
              -119.15542861627951,
              34.432312462196705
            ],
            [
              -119.15542706278256,
              34.432312139764925
            ],
            [
              -119.15542555490761,
              34.432311692716134
            ],
            [
              -119.15542410717632,
              34.43231112535565
            ],
            [
              -119.15542273353111,
              34.43231044314748
            ],
            [
              -119.15542144720096,
              34.43230965266165
            ],
            [
              -119.15542026057393,
              34.43230876151098
            ],
            [
              -119.15541918507787,
              34.432307778277725
            ],
            [
              -119.15541823107041,
              34.43230671243097
            ],
            [
              -119.15541740773917,
              34.4323055742354
            ],
            [
              -119.15541672301326,
              34.43230437465245
            ],
            [
              -119.15541618348698,
              34.432303125234775
            ],
            [
              -119.15541579435624,
              34.43230183801494
            ],
            [
              -119.15541555936862,
              34.432300525389586
            ],
            [
              -119.15541548078714,
              34.4322992
            ],
            [
              -119.15541548078714,
              34.4320504
            ],
            [
              -119.15541555936862,
              34.43204907461042
            ],
            [
              -119.15541579435624,
              34.43204776198506
            ],
            [
              -119.15541618348698,
              34.43204647476523
            ],
            [
              -119.15541672301326,
              34.43204522534755
            ],
            [
              -119.15541740773917,
              34.432044025764604
            ],
            [
              -119.15541823107041,
              34.43204288756903
            ],
            [
              -119.15541918507787,
              34.43204182172228
            ],
            [
              -119.15542026057393,
              34.43204083848902
            ],
            [
              -119.15542144720096,
              34.43203994733835
            ],
            [
              -119.15542273353111,
              34.432039156852525
            ],
            [
              -119.15542410717632,
              34.43203847464435
            ],
            [
              -119.15542555490761,
              34.43203790728387
            ],
            [
              -119.15542706278256,
              34.43203746023508
            ],
            [
              -119.15542861627951,
              34.4320371378033
            ],
            [
              -119.15543020043742,
              34.43203694309372
            ],
            [
              -119.1554318,
              34.4320368779815
            ],
            [
              -119.1558376,
              34.4320368779815
            ],
            [
              -119.15583919956258,
              34.43203694309372
            ],
            [
              -119.15584078372049,
              34.4320371378033
            ],
            [
              -119.15584233721744,
              34.43203746023508
            ],
            [
              -119.15584384509239,
              34.43203790728387
            ],
            [
              -119.15584529282368,
              34.43203847464435
            ],
            [
              -119.15584666646889,
              34.432039156852525
            ],
            [
              -119.15584795279904,
              34.43203994733835
            ],
            [
              -119.15584913942607,
              34.43204083848902
            ],
            [
              -119.15585021492213,
              34.43204182172228
            ],
            [
              -119.15585116892959,
              34.43204288756903
            ],
            [
              -119.15585199226084,
              34.432044025764604
            ],
            [
              -119.15585267698674,
              34.43204522534755
            ],
            [
              -119.15585321651302,
              34.43204647476523
            ],
            [
              -119.15585360564376,
              34.43204776198506
            ],
            [
              -119.15585384063138,
              34.43204907461042
            ],
            [
              -119.15585391921286,
              34.4320504
            ]
          ]
        ]
      }
    },
    {
      "type": "Feature",
      "properties": {
        "structure_id": "retreat-village",
        "zone": "1",
        "area_m2": 1239.1,
        "crowns_in_zone": 34,
        "canopy_pct": 70.0,
        "crosses_boundary": false,
        "outer_m": 9.1
      },
      "geometry": {
        "type": "Polygon",
        "coordinates": [
          [
            [
              -119.15593660322465,
              34.4322992
            ],
            [
              -119.15593612649707,
              34.432307240696815
            ],
            [
              -119.15593470090545,
              34.43231520395732
            ],
            [
              -119.15593234017904,
              34.43232301309097
            ],
            [
              -119.15592906705291,
              34.43233059289154
            ],
            [
              -119.15592491304906,
              34.4323378703614
            ],
            [
              -119.15591991817281,
              34.43234477541454
            ],
            [
              -119.15591413052758,
              34.43235124155152
            ],
            [
              -119.15590760585151,
              34.432357206499915
            ],
            [
              -119.15590040698083,
              34.43236261281401
            ],
            [
              -119.1558926032446,
              34.432367408428036
            ],
            [
              -119.15588426979704,
              34.432371547157615
            ],
            [
              -119.15587548689382,
              34.43237498914451
            ],
            [
              -119.15586633911911,
              34.432377701240526
            ],
            [
              -119.15585691457098,
              34.43237965732667
            ],
            [
              -119.15584730401297,
              34.43238083856478
            ],
            [
              -119.1558376,
              34.43238123357889
            ],
            [
              -119.1554318,
              34.43238123357889
            ],
            [
              -119.15542209598703,
              34.43238083856478
            ],
            [
              -119.15541248542903,
              34.43237965732667
            ],
            [
              -119.15540306088089,
              34.432377701240526
            ],
            [
              -119.15539391310618,
              34.43237498914451
            ],
            [
              -119.15538513020296,
              34.432371547157615
            ],
            [
              -119.1553767967554,
              34.432367408428036
            ],
            [
              -119.15536899301917,
              34.43236261281401
            ],
            [
              -119.15536179414849,
              34.432357206499915
            ],
            [
              -119.15535526947242,
              34.43235124155152
            ],
            [
              -119.15534948182719,
              34.43234477541454
            ],
            [
              -119.15534448695094,
              34.4323378703614
            ],
            [
              -119.15534033294709,
              34.43233059289154
            ],
            [
              -119.15533705982097,
              34.43232301309097
            ],
            [
              -119.15533469909455,
              34.43231520395732
            ],
            [
              -119.15533327350293,
              34.432307240696815
            ],
            [
              -119.15533279677535,
              34.4322992
            ],
            [
              -119.15533279677535,
              34.4320504
            ],
            [
              -119.15533327350293,
              34.43204235930319
            ],
            [
              -119.15533469909455,
              34.43203439604268
            ],
            [
              -119.15533705982097,
              34.43202658690903
            ],
            [
              -119.15534033294709,
              34.432019007108465
            ],
            [
              -119.15534448695094,
              34.4320117296386
            ],
            [
              -119.15534948182719,
              34.43200482458546
            ],
            [
              -119.15535526947242,
              34.43199835844848
            ],
            [
              -119.15536179414849,
              34.43199239350009
            ],
            [
              -119.15536899301917,
              34.431986987185994
            ],
            [
              -119.1553767967554,
              34.43198219157197
            ],
            [
              -119.15538513020296,
              34.43197805284239
            ],
            [
              -119.15539391310618,
              34.43197461085549
            ],
            [
              -119.15540306088089,
              34.43197189875948
            ],
            [
              -119.15541248542903,
              34.431969942673334
            ],
            [
              -119.15542209598703,
              34.43196876143522
            ],
            [
              -119.1554318,
              34.43196836642112
            ],
            [
              -119.1558376,
              34.43196836642112
            ],
            [
              -119.15584730401297,
              34.43196876143522
            ],
            [
              -119.15585691457098,
              34.431969942673334
            ],
            [
              -119.15586633911911,
              34.43197189875948
            ],
            [
              -119.15587548689382,
              34.43197461085549
            ],
            [
              -119.15588426979704,
              34.43197805284239
            ],
            [
              -119.1558926032446,
              34.43198219157197
            ],
            [
              -119.15590040698083,
              34.431986987185994
            ],
            [
              -119.15590760585151,
              34.43199239350009
            ],
            [
              -119.15591413052758,
              34.43199835844848
            ],
            [
              -119.15591991817281,
              34.43200482458546
            ],
            [
              -119.15592491304906,
              34.4320117296386
            ],
            [
              -119.15592906705291,
              34.432019007108465
            ],
            [
              -119.15593234017904,
              34.43202658690903
            ],
            [
              -119.15593470090545,
              34.43203439604268
            ],
            [
              -119.15593612649707,
              34.43204235930319
            ],
            [
              -119.15593660322465,
              34.4320504
            ],
            [
              -119.15593660322465,
              34.4322992
            ]
          ],
          [
            [
              -119.15585384063138,
              34.43204907461042
            ],
            [
              -119.15585360564376,
              34.43204776198506
            ],
            [
              -119.15585321651302,
              34.43204647476523
            ],
            [
              -119.15585267698674,
              34.43204522534755
            ],
            [
              -119.15585199226084,
              34.432044025764604
            ],
            [
              -119.15585116892959,
              34.43204288756903
            ],
            [
              -119.15585021492213,
              34.43204182172228
            ],
            [
              -119.15584913942607,
              34.43204083848902
            ],
            [
              -119.15584795279904,
              34.43203994733835
            ],
            [
              -119.15584666646889,
              34.432039156852525
            ],
            [
              -119.15584529282368,
              34.43203847464435
            ],
            [
              -119.15584384509239,
              34.43203790728387
            ],
            [
              -119.15584233721744,
              34.43203746023508
            ],
            [
              -119.15584078372049,
              34.4320371378033
            ],
            [
              -119.15583919956258,
              34.43203694309372
            ],
            [
              -119.1558376,
              34.4320368779815
            ],
            [
              -119.1554318,
              34.4320368779815
            ],
            [
              -119.15543020043742,
              34.43203694309372
            ],
            [
              -119.15542861627951,
              34.4320371378033
            ],
            [
              -119.15542706278256,
              34.43203746023508
            ],
            [
              -119.15542555490761,
              34.43203790728387
            ],
            [
              -119.15542410717632,
              34.43203847464435
            ],
            [
              -119.15542273353111,
              34.432039156852525
            ],
            [
              -119.15542144720096,
              34.43203994733835
            ],
            [
              -119.15542026057393,
              34.43204083848902
            ],
            [
              -119.15541918507787,
              34.43204182172228
            ],
            [
              -119.15541823107041,
              34.43204288756903
            ],
            [
              -119.15541740773917,
              34.432044025764604
            ],
            [
              -119.15541672301326,
              34.43204522534755
            ],
            [
              -119.15541618348698,
              34.43204647476523
            ],
            [
              -119.15541579435624,
              34.43204776198506
            ],
            [
              -119.15541555936862,
              34.43204907461042
            ],
            [
              -119.15541548078714,
              34.4320504
            ],
            [
              -119.15541548078714,
              34.4322992
            ],
            [
              -119.15541555936862,
              34.432300525389586
            ],
            [
              -119.15541579435624,
              34.43230183801494
            ],
            [
              -119.15541618348698,
              34.432303125234775
            ],
            [
              -119.15541672301326,
              34.43230437465245
            ],
            [
              -119.15541740773917,
              34.4323055742354
            ],
            [
              -119.15541823107041,
              34.43230671243097
            ],
            [
              -119.15541918507787,
              34.432307778277725
            ],
            [
              -119.15542026057393,
              34.43230876151098
            ],
            [
              -119.15542144720096,
              34.43230965266165
            ],
            [
              -119.15542273353111,
              34.43231044314748
            ],
            [
              -119.15542410717632,
              34.43231112535565
            ],
            [
              -119.15542555490761,
              34.432311692716134
            ],
            [
              -119.15542706278256,
              34.432312139764925
            ],
            [
              -119.15542861627951,
              34.432312462196705
            ],
            [
              -119.15543020043742,
              34.432312656906284
            ],
            [
              -119.1554318,
              34.4323127220185
            ],
            [
              -119.1558376,
              34.4323127220185
            ],
            [
              -119.15583919956258,
              34.432312656906284
            ],
            [
              -119.15584078372049,
              34.432312462196705
            ],
            [
              -119.15584233721744,
              34.432312139764925
            ],
            [
              -119.15584384509239,
              34.432311692716134
            ],
            [
              -119.15584529282368,
              34.43231112535565
            ],
            [
              -119.15584666646889,
              34.43231044314748
            ],
            [
              -119.15584795279904,
              34.43230965266165
            ],
            [
              -119.15584913942607,
              34.43230876151098
            ],
            [
              -119.15585021492213,
              34.432307778277725
            ],
            [
              -119.15585116892959,
              34.43230671243097
            ],
            [
              -119.15585199226084,
              34.4323055742354
            ],
            [
              -119.15585267698674,
              34.43230437465245
            ],
            [
              -119.15585321651302,
              34.432303125234775
            ],
            [
              -119.15585360564376,
              34.43230183801494
            ],
            [
              -119.15585384063138,
              34.432300525389586
            ],
            [
              -119.15585391921286,
              34.4322992
            ],
            [
              -119.15585391921286,
              34.4320504
            ],
            [
              -119.15585384063138,
              34.43204907461042
            ]
          ]
        ]
      }
    },
    {
      "type": "Feature",
      "properties": {
        "structure_id": "retreat-village",
        "zone": "2",
        "area_m2": 11062.4,
        "crowns_in_zone": 176,
        "canopy_pct": 60.5,
        "crosses_boundary": true,
        "outer_m": 45.75
      },
      "geometry": {
        "type": "Polygon",
        "coordinates": [
          [
            [
              -119.15633533599208,
              34.4322992
            ],
            [
              -119.15633293925724,
              34.43233962438234
            ],
            [
              -119.15632577213456,
              34.43237965945576
            ],
            [
              -119.15631390364737,
              34.432418919660655
            ],
            [
              -119.15629744809567,
              34.43245702689976
            ],
            [
              -119.15627656395544,
              34.432493614179556
            ],
            [
              -119.15625145235236,
              34.43252832914452
            ],
            [
              -119.1562223551249,
              34.43256083747056
            ],
            [
              -119.15618955249523,
              34.43259082608474
            ],
            [
              -119.15615336037067,
              34.432618006180306
            ],
            [
              -119.15611412730111,
              34.43264211599808
            ],
            [
              -119.15607223112247,
              34.43266292334733
            ],
            [
              -119.15602807531786,
              34.432680227841914
            ],
            [
              -119.15598208513181,
              34.43269386283009
            ],
            [
              -119.15593470347497,
              34.43270369699947
            ],
            [
              -119.15588638665858,
              34.43270963564162
            ],
            [
              -119.1558376,
              34.43271162156418
            ],
            [
              -119.1554318,
              34.43271162156418
            ],
            [
              -119.15538301334142,
              34.43270963564162
            ],
            [
              -119.15533469652503,
              34.43270369699947
            ],
            [
              -119.15528731486819,
              34.43269386283009
            ],
            [
              -119.15524132468214,
              34.432680227841914
            ],
            [
              -119.15519716887754,
              34.43266292334733
            ],
            [
              -119.15515527269889,
              34.43264211599808
            ],
            [
              -119.15511603962933,
              34.432618006180306
            ],
            [
              -119.15507984750477,
              34.43259082608474
            ],
            [
              -119.1550470448751,
              34.43256083747056
            ],
            [
              -119.15501794764764,
              34.43252832914452
            ],
            [
              -119.15499283604456,
              34.432493614179556
            ],
            [
              -119.15497195190433,
              34.43245702689976
            ],
            [
              -119.15495549635263,
              34.432418919660655
            ],
            [
              -119.15494362786544,
              34.43237965945576
            ],
            [
              -119.15493646074276,
              34.43233962438234
            ],
            [
              -119.15493406400792,
              34.4322992
            ],
            [
              -119.15493406400792,
              34.4320504
            ],
            [
              -119.15493646074276,
              34.43200997561767
            ],
            [
              -119.15494362786544,
              34.43196994054424
            ],
            [
              -119.15495549635263,
              34.43193068033935
            ],
            [
              -119.15497195190433,
              34.43189257310024
            ],
            [
              -119.15499283604456,
              34.43185598582045
            ],
            [
              -119.15501794764764,
              34.43182127085549
            ],
            [
              -119.1550470448751,
              34.43178876252944
            ],
            [
              -119.15507984750477,
              34.43175877391526
            ],
            [
              -119.15511603962933,
              34.4317315938197
            ],
            [
              -119.15515527269889,
              34.431707484001926
            ],
            [
              -119.15519716887754,
              34.431686676652674
            ],
            [
              -119.15524132468214,
              34.43166937215809
            ],
            [
              -119.15528731486819,
              34.43165573716991
            ],
            [
              -119.15533469652503,
              34.431645903000536
            ],
            [
              -119.15538301334142,
              34.43163996435838
            ],
            [
              -119.1554318,
              34.43163797843582
            ],
            [
              -119.1558376,
              34.43163797843582
            ],
            [
              -119.15588638665858,
              34.43163996435838
            ],
            [
              -119.15593470347497,
              34.431645903000536
            ],
            [
              -119.15598208513181,
              34.43165573716991
            ],
            [
              -119.15602807531786,
              34.43166937215809
            ],
            [
              -119.15607223112247,
              34.431686676652674
            ],
            [
              -119.15611412730111,
              34.431707484001926
            ],
            [
              -119.15615336037067,
              34.4317315938197
            ],
            [
              -119.15618955249523,
              34.43175877391526
            ],
            [
              -119.1562223551249,
              34.43178876252944
            ],
            [
              -119.15625145235236,
              34.43182127085549
            ],
            [
              -119.15627656395544,
              34.43185598582045
            ],
            [
              -119.15629744809567,
              34.43189257310024
            ],
            [
              -119.15631390364737,
              34.43193068033935
            ],
            [
              -119.15632577213456,
              34.43196994054424
            ],
            [
              -119.15633293925724,
              34.43200997561767
            ],
            [
              -119.15633533599208,
              34.4320504
            ],
            [
              -119.15633533599208,
              34.4322992
            ]
          ],
          [
            [
              -119.15593612649707,
              34.43204235930319
            ],
            [
              -119.15593470090545,
              34.43203439604268
            ],
            [
              -119.15593234017904,
              34.43202658690903
            ],
            [
              -119.15592906705291,
              34.432019007108465
            ],
            [
              -119.15592491304906,
              34.4320117296386
            ],
            [
              -119.15591991817281,
              34.43200482458546
            ],
            [
              -119.15591413052758,
              34.43199835844848
            ],
            [
              -119.15590760585151,
              34.43199239350009
            ],
            [
              -119.15590040698083,
              34.431986987185994
            ],
            [
              -119.1558926032446,
              34.43198219157197
            ],
            [
              -119.15588426979704,
              34.43197805284239
            ],
            [
              -119.15587548689382,
              34.43197461085549
            ],
            [
              -119.15586633911911,
              34.43197189875948
            ],
            [
              -119.15585691457098,
              34.431969942673334
            ],
            [
              -119.15584730401297,
              34.43196876143522
            ],
            [
              -119.1558376,
              34.43196836642112
            ],
            [
              -119.1554318,
              34.43196836642112
            ],
            [
              -119.15542209598703,
              34.43196876143522
            ],
            [
              -119.15541248542903,
              34.431969942673334
            ],
            [
              -119.15540306088089,
              34.43197189875948
            ],
            [
              -119.15539391310618,
              34.43197461085549
            ],
            [
              -119.15538513020296,
              34.43197805284239
            ],
            [
              -119.1553767967554,
              34.43198219157197
            ],
            [
              -119.15536899301917,
              34.431986987185994
            ],
            [
              -119.15536179414849,
              34.43199239350009
            ],
            [
              -119.15535526947242,
              34.43199835844848
            ],
            [
              -119.15534948182719,
              34.43200482458546
            ],
            [
              -119.15534448695094,
              34.4320117296386
            ],
            [
              -119.15534033294709,
              34.432019007108465
            ],
            [
              -119.15533705982097,
              34.43202658690903
            ],
            [
              -119.15533469909455,
              34.43203439604268
            ],
            [
              -119.15533327350293,
              34.43204235930319
            ],
            [
              -119.15533279677535,
              34.4320504
            ],
            [
              -119.15533279677535,
              34.4322992
            ],
            [
              -119.15533327350293,
              34.432307240696815
            ],
            [
              -119.15533469909455,
              34.43231520395732
            ],
            [
              -119.15533705982097,
              34.43232301309097
            ],
            [
              -119.15534033294709,
              34.43233059289154
            ],
            [
              -119.15534448695094,
              34.4323378703614
            ],
            [
              -119.15534948182719,
              34.43234477541454
            ],
            [
              -119.15535526947242,
              34.43235124155152
            ],
            [
              -119.15536179414849,
              34.432357206499915
            ],
            [
              -119.15536899301917,
              34.43236261281401
            ],
            [
              -119.1553767967554,
              34.432367408428036
            ],
            [
              -119.15538513020296,
              34.432371547157615
            ],
            [
              -119.15539391310618,
              34.43237498914451
            ],
            [
              -119.15540306088089,
              34.432377701240526
            ],
            [
              -119.15541248542903,
              34.43237965732667
            ],
            [
              -119.15542209598703,
              34.43238083856478
            ],
            [
              -119.1554318,
              34.43238123357889
            ],
            [
              -119.1558376,
              34.43238123357889
            ],
            [
              -119.15584730401297,
              34.43238083856478
            ],
            [
              -119.15585691457098,
              34.43237965732667
            ],
            [
              -119.15586633911911,
              34.432377701240526
            ],
            [
              -119.15587548689382,
              34.43237498914451
            ],
            [
              -119.15588426979704,
              34.432371547157615
            ],
            [
              -119.1558926032446,
              34.432367408428036
            ],
            [
              -119.15590040698083,
              34.43236261281401
            ],
            [
              -119.15590760585151,
              34.432357206499915
            ],
            [
              -119.15591413052758,
              34.43235124155152
            ],
            [
              -119.15591991817281,
              34.43234477541454
            ],
            [
              -119.15592491304906,
              34.4323378703614
            ],
            [
              -119.15592906705291,
              34.43233059289154
            ],
            [
              -119.15593234017904,
              34.43232301309097
            ],
            [
              -119.15593470090545,
              34.43231520395732
            ],
            [
              -119.15593612649707,
              34.432307240696815
            ],
            [
              -119.15593660322465,
              34.4322992
            ],
            [
              -119.15593660322465,
              34.4320504
            ],
            [
              -119.15593612649707,
              34.43204235930319
            ]
          ]
        ]
      }
    },
    {
      "type": "Feature",
      "properties": {
        "structure_id": "glamping-creek",
        "zone": "0",
        "area_m2": 762.0,
        "crowns_in_zone": 21,
        "canopy_pct": 53.5,
        "crosses_boundary": false,
        "outer_m": 1.5,
        "overhanging_crowns": [
          {
            "e": 266.48,
            "n": 236.23,
            "height_m": 10.2,
            "crown_r_m": 4.0
          },
          {
            "e": 267.08,
            "n": 227.7,
            "height_m": 3.4,
            "crown_r_m": 1.5
          },
          {
            "e": 272.29,
            "n": 230.01,
            "height_m": 4.8,
            "crown_r_m": 3.1
          },
          {
            "e": 274.09,
            "n": 220.68,
            "height_m": 9.8,
            "crown_r_m": 3.6
          },
          {
            "e": 278.1,
            "n": 231.41,
            "height_m": 8.4,
            "crown_r_m": 2.6
          },
          {
            "e": 280.2,
            "n": 223.19,
            "height_m": 6.7,
            "crown_r_m": 1.4
          },
          {
            "e": 283.5,
            "n": 226.6,
            "height_m": 7.3,
            "crown_r_m": 3.0
          },
          {
            "e": 284.8,
            "n": 231.51,
            "height_m": 9.1,
            "crown_r_m": 3.2
          },
          {
            "e": 288.41,
            "n": 219.57,
            "height_m": 16.7,
            "crown_r_m": 6.2
          },
          {
            "e": 295.62,
            "n": 230.01,
            "height_m": 7.5,
            "crown_r_m": 3.6
          },
          {
            "e": 295.72,
            "n": 225.49,
            "height_m": 4.9,
            "crown_r_m": 1.3
          },
          {
            "e": 300.62,
            "n": 230.81,
            "height_m": 4.5,
            "crown_r_m": 1.8
          },
          {
            "e": 302.42,
            "n": 217.36,
            "height_m": 21.0,
            "crown_r_m": 8.9
          },
          {
            "e": 303.72,
            "n": 224.39,
            "height_m": 13.4,
            "crown_r_m": 2.0
          },
          {
            "e": 309.43,
            "n": 232.92,
            "height_m": 15.4,
            "crown_r_m": 4.6
          },
          {
            "e": 315.24,
            "n": 224.09,
            "height_m": 17.2,
            "crown_r_m": 6.5
          }
        ]
      },
      "geometry": {
        "type": "Polygon",
        "coordinates": [
          [
            [
              -119.15661041921287,
              34.4324301
            ],
            [
              -119.15661041921287,
              34.4325466
            ],
            [
              -119.15661034063139,
              34.432547925389585
            ],
            [
              -119.15661010564376,
              34.43254923801494
            ],
            [
              -119.15660971651303,
              34.432550525234774
            ],
            [
              -119.15660917698675,
              34.43255177465245
            ],
            [
              -119.15660849226084,
              34.4325529742354
            ],
            [
              -119.1566076689296,
              34.43255411243097
            ],
            [
              -119.15660671492213,
              34.432555178277724
            ],
            [
              -119.15660563942608,
              34.43255616151098
            ],
            [
              -119.15660445279904,
              34.43255705266165
            ],
            [
              -119.1566031664689,
              34.43255784314748
            ],
            [
              -119.1566017928237,
              34.43255852535565
            ],
            [
              -119.1566003450924,
              34.43255909271613
            ],
            [
              -119.15659883721744,
              34.432559539764924
            ],
            [
              -119.1565972837205,
              34.432559862196705
            ],
            [
              -119.15659569956259,
              34.43256005690628
            ],
            [
              -119.1565941,
              34.4325601220185
            ],
            [
              -119.1561048,
              34.4325601220185
            ],
            [
              -119.15610320043741,
              34.43256005690628
            ],
            [
              -119.1561016162795,
              34.432559862196705
            ],
            [
              -119.15610006278256,
              34.432559539764924
            ],
            [
              -119.1560985549076,
              34.43255909271613
            ],
            [
              -119.15609710717631,
              34.43255852535565
            ],
            [
              -119.1560957335311,
              34.43255784314748
            ],
            [
              -119.15609444720096,
              34.43255705266165
            ],
            [
              -119.15609326057393,
              34.43255616151098
            ],
            [
              -119.15609218507787,
              34.432555178277724
            ],
            [
              -119.1560912310704,
              34.43255411243097
            ],
            [
              -119.15609040773916,
              34.4325529742354
            ],
            [
              -119.15608972301325,
              34.43255177465245
            ],
            [
              -119.15608918348697,
              34.432550525234774
            ],
            [
              -119.15608879435624,
              34.43254923801494
            ],
            [
              -119.15608855936861,
              34.432547925389585
            ],
            [
              -119.15608848078713,
              34.4325466
            ],
            [
              -119.15608848078713,
              34.4324301
            ],
            [
              -119.15608855936861,
              34.432428774610415
            ],
            [
              -119.15608879435624,
              34.43242746198506
            ],
            [
              -119.15608918348697,
              34.432426174765226
            ],
            [
              -119.15608972301325,
              34.43242492534755
            ],
            [
              -119.15609040773916,
              34.4324237257646
            ],
            [
              -119.1560912310704,
              34.43242258756903
            ],
            [
              -119.15609218507787,
              34.432421521722276
            ],
            [
              -119.15609326057393,
              34.43242053848902
            ],
            [
              -119.15609444720096,
              34.43241964733835
            ],
            [
              -119.1560957335311,
              34.43241885685252
            ],
            [
              -119.15609710717631,
              34.43241817464435
            ],
            [
              -119.1560985549076,
              34.43241760728387
            ],
            [
              -119.15610006278256,
              34.432417160235076
            ],
            [
              -119.1561016162795,
              34.432416837803295
            ],
            [
              -119.15610320043741,
              34.43241664309372
            ],
            [
              -119.1561048,
              34.4324165779815
            ],
            [
              -119.1565941,
              34.4324165779815
            ],
            [
              -119.15659569956259,
              34.43241664309372
            ],
            [
              -119.1565972837205,
              34.432416837803295
            ],
            [
              -119.15659883721744,
              34.432417160235076
            ],
            [
              -119.1566003450924,
              34.43241760728387
            ],
            [
              -119.1566017928237,
              34.43241817464435
            ],
            [
              -119.1566031664689,
              34.43241885685252
            ],
            [
              -119.15660445279904,
              34.43241964733835
            ],
            [
              -119.15660563942608,
              34.43242053848902
            ],
            [
              -119.15660671492213,
              34.432421521722276
            ],
            [
              -119.1566076689296,
              34.43242258756903
            ],
            [
              -119.15660849226084,
              34.4324237257646
            ],
            [
              -119.15660917698675,
              34.43242492534755
            ],
            [
              -119.15660971651303,
              34.432426174765226
            ],
            [
              -119.15661010564376,
              34.43242746198506
            ],
            [
              -119.15661034063139,
              34.432428774610415
            ],
            [
              -119.15661041921287,
              34.4324301
            ]
          ]
        ]
      }
    },
    {
      "type": "Feature",
      "properties": {
        "structure_id": "glamping-creek",
        "zone": "1",
        "area_m2": 1132.7,
        "crowns_in_zone": 20,
        "canopy_pct": 69.0,
        "crosses_boundary": false,
        "outer_m": 9.1
      },
      "geometry": {
        "type": "Polygon",
        "coordinates": [
          [
            [
              -119.15669310322465,
              34.4325466
            ],
            [
              -119.15669262649708,
              34.432554640696814
            ],
            [
              -119.15669120090546,
              34.43256260395732
            ],
            [
              -119.15668884017904,
              34.43257041309097
            ],
            [
              -119.15668556705292,
              34.43257799289154
            ],
            [
              -119.15668141304907,
              34.4325852703614
            ],
            [
              -119.15667641817282,
              34.43259217541454
            ],
            [
              -119.15667063052759,
              34.43259864155152
            ],
            [
              -119.15666410585152,
              34.432604606499915
            ],
            [
              -119.15665690698084,
              34.43261001281401
            ],
            [
              -119.1566491032446,
              34.432614808428035
            ],
            [
              -119.15664076979705,
              34.432618947157614
            ],
            [
              -119.15663198689383,
              34.43262238914451
            ],
            [
              -119.15662283911912,
              34.432625101240525
            ],
            [
              -119.15661341457098,
              34.43262705732667
            ],
            [
              -119.15660380401297,
              34.43262823856478
            ],
            [
              -119.1565941,
              34.43262863357889
            ],
            [
              -119.1561048,
              34.43262863357889
            ],
            [
              -119.15609509598703,
              34.43262823856478
            ],
            [
              -119.15608548542902,
              34.43262705732667
            ],
            [
              -119.15607606088088,
              34.432625101240525
            ],
            [
              -119.15606691310617,
              34.43262238914451
            ],
            [
              -119.15605813020295,
              34.432618947157614
            ],
            [
              -119.1560497967554,
              34.432614808428035
            ],
            [
              -119.15604199301916,
              34.43261001281401
            ],
            [
              -119.15603479414848,
              34.432604606499915
            ],
            [
              -119.15602826947242,
              34.43259864155152
            ],
            [
              -119.15602248182718,
              34.43259217541454
            ],
            [
              -119.15601748695093,
              34.4325852703614
            ],
            [
              -119.15601333294708,
              34.43257799289154
            ],
            [
              -119.15601005982096,
              34.43257041309097
            ],
            [
              -119.15600769909454,
              34.43256260395732
            ],
            [
              -119.15600627350292,
              34.432554640696814
            ],
            [
              -119.15600579677535,
              34.4325466
            ],
            [
              -119.15600579677535,
              34.4324301
            ],
            [
              -119.15600627350292,
              34.432422059303185
            ],
            [
              -119.15600769909454,
              34.43241409604268
            ],
            [
              -119.15601005982096,
              34.43240628690903
            ],
            [
              -119.15601333294708,
              34.43239870710846
            ],
            [
              -119.15601748695093,
              34.4323914296386
            ],
            [
              -119.15602248182718,
              34.43238452458546
            ],
            [
              -119.15602826947242,
              34.43237805844848
            ],
            [
              -119.15603479414848,
              34.432372093500085
            ],
            [
              -119.15604199301916,
              34.43236668718599
            ],
            [
              -119.1560497967554,
              34.432361891571965
            ],
            [
              -119.15605813020295,
              34.432357752842385
            ],
            [
              -119.15606691310617,
              34.43235431085549
            ],
            [
              -119.15607606088088,
              34.432351598759475
            ],
            [
              -119.15608548542902,
              34.43234964267333
            ],
            [
              -119.15609509598703,
              34.43234846143522
            ],
            [
              -119.1561048,
              34.43234806642111
            ],
            [
              -119.1565941,
              34.43234806642111
            ],
            [
              -119.15660380401297,
              34.43234846143522
            ],
            [
              -119.15661341457098,
              34.43234964267333
            ],
            [
              -119.15662283911912,
              34.432351598759475
            ],
            [
              -119.15663198689383,
              34.43235431085549
            ],
            [
              -119.15664076979705,
              34.432357752842385
            ],
            [
              -119.1566491032446,
              34.432361891571965
            ],
            [
              -119.15665690698084,
              34.43236668718599
            ],
            [
              -119.15666410585152,
              34.432372093500085
            ],
            [
              -119.15667063052759,
              34.43237805844848
            ],
            [
              -119.15667641817282,
              34.43238452458546
            ],
            [
              -119.15668141304907,
              34.4323914296386
            ],
            [
              -119.15668556705292,
              34.43239870710846
            ],
            [
              -119.15668884017904,
              34.43240628690903
            ],
            [
              -119.15669120090546,
              34.43241409604268
            ],
            [
              -119.15669262649708,
              34.432422059303185
            ],
            [
              -119.15669310322465,
              34.4324301
            ],
            [
              -119.15669310322465,
              34.4325466
            ]
          ],
          [
            [
              -119.15661034063139,
              34.432428774610415
            ],
            [
              -119.15661010564376,
              34.43242746198506
            ],
            [
              -119.15660971651303,
              34.432426174765226
            ],
            [
              -119.15660917698675,
              34.43242492534755
            ],
            [
              -119.15660849226084,
              34.4324237257646
            ],
            [
              -119.1566076689296,
              34.43242258756903
            ],
            [
              -119.15660671492213,
              34.432421521722276
            ],
            [
              -119.15660563942608,
              34.43242053848902
            ],
            [
              -119.15660445279904,
              34.43241964733835
            ],
            [
              -119.1566031664689,
              34.43241885685252
            ],
            [
              -119.1566017928237,
              34.43241817464435
            ],
            [
              -119.1566003450924,
              34.43241760728387
            ],
            [
              -119.15659883721744,
              34.432417160235076
            ],
            [
              -119.1565972837205,
              34.432416837803295
            ],
            [
              -119.15659569956259,
              34.43241664309372
            ],
            [
              -119.1565941,
              34.4324165779815
            ],
            [
              -119.1561048,
              34.4324165779815
            ],
            [
              -119.15610320043741,
              34.43241664309372
            ],
            [
              -119.1561016162795,
              34.432416837803295
            ],
            [
              -119.15610006278256,
              34.432417160235076
            ],
            [
              -119.1560985549076,
              34.43241760728387
            ],
            [
              -119.15609710717631,
              34.43241817464435
            ],
            [
              -119.1560957335311,
              34.43241885685252
            ],
            [
              -119.15609444720096,
              34.43241964733835
            ],
            [
              -119.15609326057393,
              34.43242053848902
            ],
            [
              -119.15609218507787,
              34.432421521722276
            ],
            [
              -119.1560912310704,
              34.43242258756903
            ],
            [
              -119.15609040773916,
              34.4324237257646
            ],
            [
              -119.15608972301325,
              34.43242492534755
            ],
            [
              -119.15608918348697,
              34.432426174765226
            ],
            [
              -119.15608879435624,
              34.43242746198506
            ],
            [
              -119.15608855936861,
              34.432428774610415
            ],
            [
              -119.15608848078713,
              34.4324301
            ],
            [
              -119.15608848078713,
              34.4325466
            ],
            [
              -119.15608855936861,
              34.432547925389585
            ],
            [
              -119.15608879435624,
              34.43254923801494
            ],
            [
              -119.15608918348697,
              34.432550525234774
            ],
            [
              -119.15608972301325,
              34.43255177465245
            ],
            [
              -119.15609040773916,
              34.4325529742354
            ],
            [
              -119.1560912310704,
              34.43255411243097
            ],
            [
              -119.15609218507787,
              34.432555178277724
            ],
            [
              -119.15609326057393,
              34.43255616151098
            ],
            [
              -119.15609444720096,
              34.43255705266165
            ],
            [
              -119.1560957335311,
              34.43255784314748
            ],
            [
              -119.15609710717631,
              34.43255852535565
            ],
            [
              -119.1560985549076,
              34.43255909271613
            ],
            [
              -119.15610006278256,
              34.432559539764924
            ],
            [
              -119.1561016162795,
              34.432559862196705
            ],
            [
              -119.15610320043741,
              34.43256005690628
            ],
            [
              -119.1561048,
              34.4325601220185
            ],
            [
              -119.1565941,
              34.4325601220185
            ],
            [
              -119.15659569956259,
              34.43256005690628
            ],
            [
              -119.1565972837205,
              34.432559862196705
            ],
            [
              -119.15659883721744,
              34.432559539764924
            ],
            [
              -119.1566003450924,
              34.43255909271613
            ],
            [
              -119.1566017928237,
              34.43255852535565
            ],
            [
              -119.1566031664689,
              34.43255784314748
            ],
            [
              -119.15660445279904,
              34.43255705266165
            ],
            [
              -119.15660563942608,
              34.43255616151098
            ],
            [
              -119.15660671492213,
              34.432555178277724
            ],
            [
              -119.1566076689296,
              34.43255411243097
            ],
            [
              -119.15660849226084,
              34.4325529742354
            ],
            [
              -119.15660917698675,
              34.43255177465245
            ],
            [
              -119.15660971651303,
              34.432550525234774
            ],
            [
              -119.15661010564376,
              34.43254923801494
            ],
            [
              -119.15661034063139,
              34.432547925389585
            ],
            [
              -119.15661041921287,
              34.4325466
            ],
            [
              -119.15661041921287,
              34.4324301
            ],
            [
              -119.15661034063139,
              34.432428774610415
            ]
          ]
        ]
      }
    },
    {
      "type": "Feature",
      "properties": {
        "structure_id": "glamping-creek",
        "zone": "2",
        "area_m2": 5136.1,
        "crowns_in_zone": 67,
        "canopy_pct": 52.5,
        "crosses_boundary": false,
        "outer_m": 30.5
      },
      "geometry": {
        "type": "Polygon",
        "coordinates": [
          [
            [
              -119.15692592399473,
              34.4325466
            ],
            [
              -119.15692432617149,
              34.43257354958822
            ],
            [
              -119.15691954808972,
              34.432600239637175
            ],
            [
              -119.15691163576491,
              34.4326264131071
            ],
            [
              -119.15690066539713,
              34.43265181793318
            ],
            [
              -119.15688674263697,
              34.432676209453035
            ],
            [
              -119.15687000156825,
              34.43269935276301
            ],
            [
              -119.1568506034166,
              34.432721024980374
            ],
            [
              -119.15682873499684,
              34.43274101738983
            ],
            [
              -119.15680460691378,
              34.43275913745354
            ],
            [
              -119.15677845153408,
              34.43277521066538
            ],
            [
              -119.15675052074832,
              34.43278908223155
            ],
            [
              -119.15672108354525,
              34.432800618561274
            ],
            [
              -119.15669042342122,
              34.43280970855339
            ],
            [
              -119.15665883564999,
              34.432816264666315
            ],
            [
              -119.15662662443906,
              34.432820223761084
            ],
            [
              -119.1565941,
              34.43282154770945
            ],
            [
              -119.1561048,
              34.43282154770945
            ],
            [
              -119.15607227556094,
              34.432820223761084
            ],
            [
              -119.15604006435001,
              34.432816264666315
            ],
            [
              -119.15600847657878,
              34.43280970855339
            ],
            [
              -119.15597781645475,
              34.432800618561274
            ],
            [
              -119.15594837925168,
              34.43278908223155
            ],
            [
              -119.15592044846592,
              34.43277521066538
            ],
            [
              -119.15589429308622,
              34.43275913745354
            ],
            [
              -119.15587016500317,
              34.43274101738983
            ],
            [
              -119.1558482965834,
              34.432721024980374
            ],
            [
              -119.15582889843175,
              34.43269935276301
            ],
            [
              -119.15581215736303,
              34.432676209453035
            ],
            [
              -119.15579823460287,
              34.43265181793318
            ],
            [
              -119.15578726423509,
              34.4326264131071
            ],
            [
              -119.15577935191028,
              34.432600239637175
            ],
            [
              -119.15577457382851,
              34.43257354958822
            ],
            [
              -119.15577297600527,
              34.4325466
            ],
            [
              -119.15577297600527,
              34.4324301
            ],
            [
              -119.15577457382851,
              34.43240315041178
            ],
            [
              -119.15577935191028,
              34.432376460362825
            ],
            [
              -119.15578726423509,
              34.4323502868929
            ],
            [
              -119.15579823460287,
              34.43232488206682
            ],
            [
              -119.15581215736303,
              34.432300490546965
            ],
            [
              -119.15582889843175,
              34.43227734723699
            ],
            [
              -119.1558482965834,
              34.432255675019626
            ],
            [
              -119.15587016500317,
              34.43223568261017
            ],
            [
              -119.15589429308622,
              34.43221756254646
            ],
            [
              -119.15592044846592,
              34.432201489334616
            ],
            [
              -119.15594837925168,
              34.43218761776845
            ],
            [
              -119.15597781645475,
              34.432176081438726
            ],
            [
              -119.15600847657878,
              34.43216699144661
            ],
            [
              -119.15604006435001,
              34.432160435333685
            ],
            [
              -119.15607227556094,
              34.432156476238916
            ],
            [
              -119.1561048,
              34.43215515229055
            ],
            [
              -119.1565941,
              34.43215515229055
            ],
            [
              -119.15662662443906,
              34.432156476238916
            ],
            [
              -119.15665883564999,
              34.432160435333685
            ],
            [
              -119.15669042342122,
              34.43216699144661
            ],
            [
              -119.15672108354525,
              34.432176081438726
            ],
            [
              -119.15675052074832,
              34.43218761776845
            ],
            [
              -119.15677845153408,
              34.432201489334616
            ],
            [
              -119.15680460691378,
              34.43221756254646
            ],
            [
              -119.15682873499684,
              34.43223568261017
            ],
            [
              -119.1568506034166,
              34.432255675019626
            ],
            [
              -119.15687000156825,
              34.43227734723699
            ],
            [
              -119.15688674263697,
              34.432300490546965
            ],
            [
              -119.15690066539713,
              34.43232488206682
            ],
            [
              -119.15691163576491,
              34.4323502868929
            ],
            [
              -119.15691954808972,
              34.432376460362825
            ],
            [
              -119.15692432617149,
              34.43240315041178
            ],
            [
              -119.15692592399473,
              34.4324301
            ],
            [
              -119.15692592399473,
              34.4325466
            ]
          ],
          [
            [
              -119.15669262649708,
              34.432422059303185
            ],
            [
              -119.15669120090546,
              34.43241409604268
            ],
            [
              -119.15668884017904,
              34.43240628690903
            ],
            [
              -119.15668556705292,
              34.43239870710846
            ],
            [
              -119.15668141304907,
              34.4323914296386
            ],
            [
              -119.15667641817282,
              34.43238452458546
            ],
            [
              -119.15667063052759,
              34.43237805844848
            ],
            [
              -119.15666410585152,
              34.432372093500085
            ],
            [
              -119.15665690698084,
              34.43236668718599
            ],
            [
              -119.1566491032446,
              34.432361891571965
            ],
            [
              -119.15664076979705,
              34.432357752842385
            ],
            [
              -119.15663198689383,
              34.43235431085549
            ],
            [
              -119.15662283911912,
              34.432351598759475
            ],
            [
              -119.15661341457098,
              34.43234964267333
            ],
            [
              -119.15660380401297,
              34.43234846143522
            ],
            [
              -119.1565941,
              34.43234806642111
            ],
            [
              -119.1561048,
              34.43234806642111
            ],
            [
              -119.15609509598703,
              34.43234846143522
            ],
            [
              -119.15608548542902,
              34.43234964267333
            ],
            [
              -119.15607606088088,
              34.432351598759475
            ],
            [
              -119.15606691310617,
              34.43235431085549
            ],
            [
              -119.15605813020295,
              34.432357752842385
            ],
            [
              -119.1560497967554,
              34.432361891571965
            ],
            [
              -119.15604199301916,
              34.43236668718599
            ],
            [
              -119.15603479414848,
              34.432372093500085
            ],
            [
              -119.15602826947242,
              34.43237805844848
            ],
            [
              -119.15602248182718,
              34.43238452458546
            ],
            [
              -119.15601748695093,
              34.4323914296386
            ],
            [
              -119.15601333294708,
              34.43239870710846
            ],
            [
              -119.15601005982096,
              34.43240628690903
            ],
            [
              -119.15600769909454,
              34.43241409604268
            ],
            [
              -119.15600627350292,
              34.432422059303185
            ],
            [
              -119.15600579677535,
              34.4324301
            ],
            [
              -119.15600579677535,
              34.4325466
            ],
            [
              -119.15600627350292,
              34.432554640696814
            ],
            [
              -119.15600769909454,
              34.43256260395732
            ],
            [
              -119.15601005982096,
              34.43257041309097
            ],
            [
              -119.15601333294708,
              34.43257799289154
            ],
            [
              -119.15601748695093,
              34.4325852703614
            ],
            [
              -119.15602248182718,
              34.43259217541454
            ],
            [
              -119.15602826947242,
              34.43259864155152
            ],
            [
              -119.15603479414848,
              34.432604606499915
            ],
            [
              -119.15604199301916,
              34.43261001281401
            ],
            [
              -119.1560497967554,
              34.432614808428035
            ],
            [
              -119.15605813020295,
              34.432618947157614
            ],
            [
              -119.15606691310617,
              34.43262238914451
            ],
            [
              -119.15607606088088,
              34.432625101240525
            ],
            [
              -119.15608548542902,
              34.43262705732667
            ],
            [
              -119.15609509598703,
              34.43262823856478
            ],
            [
              -119.1561048,
              34.43262863357889
            ],
            [
              -119.1565941,
              34.43262863357889
            ],
            [
              -119.15660380401297,
              34.43262823856478
            ],
            [
              -119.15661341457098,
              34.43262705732667
            ],
            [
              -119.15662283911912,
              34.432625101240525
            ],
            [
              -119.15663198689383,
              34.43262238914451
            ],
            [
              -119.15664076979705,
              34.432618947157614
            ],
            [
              -119.1566491032446,
              34.432614808428035
            ],
            [
              -119.15665690698084,
              34.43261001281401
            ],
            [
              -119.15666410585152,
              34.432604606499915
            ],
            [
              -119.15667063052759,
              34.43259864155152
            ],
            [
              -119.15667641817282,
              34.43259217541454
            ],
            [
              -119.15668141304907,
              34.4325852703614
            ],
            [
              -119.15668556705292,
              34.43257799289154
            ],
            [
              -119.15668884017904,
              34.43257041309097
            ],
            [
              -119.15669120090546,
              34.43256260395732
            ],
            [
              -119.15669262649708,
              34.432554640696814
            ],
            [
              -119.15669310322465,
              34.4325466
            ],
            [
              -119.15669310322465,
              34.4324301
            ],
            [
              -119.15669262649708,
              34.432422059303185
            ]
          ]
        ]
      }
    },
    {
      "type": "Feature",
      "properties": {
        "structure_id": "the-barn",
        "zone": "0",
        "area_m2": 327.9,
        "crowns_in_zone": 5,
        "canopy_pct": 29.5,
        "crosses_boundary": false,
        "outer_m": 1.5,
        "overhanging_crowns": [
          {
            "e": 250.27,
            "n": 306.88,
            "height_m": 9.6,
            "crown_r_m": 3.8
          },
          {
            "e": 255.27,
            "n": 305.57,
            "height_m": 9.7,
            "crown_r_m": 4.2
          },
          {
            "e": 263.68,
            "n": 311.19,
            "height_m": 9.3,
            "crown_r_m": 5.1
          }
        ]
      },
      "geometry": {
        "type": "Polygon",
        "coordinates": [
          [
            [
              -119.15681181921286,
              34.4330802
            ],
            [
              -119.15681181921286,
              34.4332461
            ],
            [
              -119.15681174063138,
              34.43324742538958
            ],
            [
              -119.15681150564376,
              34.43324873801494
            ],
            [
              -119.15681111651303,
              34.43325002523477
            ],
            [
              -119.15681057698674,
              34.43325127465245
            ],
            [
              -119.15680989226084,
              34.433252474235395
            ],
            [
              -119.15680906892959,
              34.43325361243097
            ],
            [
              -119.15680811492213,
              34.43325467827772
            ],
            [
              -119.15680703942607,
              34.43325566151098
            ],
            [
              -119.15680585279904,
              34.433256552661646
            ],
            [
              -119.15680456646889,
              34.433257343147474
            ],
            [
              -119.15680319282369,
              34.43325802535565
            ],
            [
              -119.1568017450924,
              34.43325859271613
            ],
            [
              -119.15680023721744,
              34.43325903976492
            ],
            [
              -119.1567986837205,
              34.4332593621967
            ],
            [
              -119.15679709956258,
              34.43325955690628
            ],
            [
              -119.1567955,
              34.4332596220185
            ],
            [
              -119.1566605,
              34.4332596220185
            ],
            [
              -119.15665890043742,
              34.43325955690628
            ],
            [
              -119.1566573162795,
              34.4332593621967
            ],
            [
              -119.15665576278256,
              34.43325903976492
            ],
            [
              -119.15665425490761,
              34.43325859271613
            ],
            [
              -119.15665280717631,
              34.43325802535565
            ],
            [
              -119.15665143353111,
              34.433257343147474
            ],
            [
              -119.15665014720096,
              34.433256552661646
            ],
            [
              -119.15664896057393,
              34.43325566151098
            ],
            [
              -119.15664788507787,
              34.43325467827772
            ],
            [
              -119.15664693107041,
              34.43325361243097
            ],
            [
              -119.15664610773916,
              34.433252474235395
            ],
            [
              -119.15664542301326,
              34.43325127465245
            ],
            [
              -119.15664488348698,
              34.43325002523477
            ],
            [
              -119.15664449435624,
              34.43324873801494
            ],
            [
              -119.15664425936862,
              34.43324742538958
            ],
            [
              -119.15664418078714,
              34.4332461
            ],
            [
              -119.15664418078714,
              34.4330802
            ],
            [
              -119.15664425936862,
              34.433078874610416
            ],
            [
              -119.15664449435624,
              34.43307756198506
            ],
            [
              -119.15664488348698,
              34.43307627476523
            ],
            [
              -119.15664542301326,
              34.43307502534755
            ],
            [
              -119.15664610773916,
              34.4330738257646
            ],
            [
              -119.15664693107041,
              34.43307268756903
            ],
            [
              -119.15664788507787,
              34.43307162172228
            ],
            [
              -119.15664896057393,
              34.43307063848902
            ],
            [
              -119.15665014720096,
              34.43306974733835
            ],
            [
              -119.15665143353111,
              34.43306895685252
            ],
            [
              -119.15665280717631,
              34.43306827464435
            ],
            [
              -119.15665425490761,
              34.43306770728387
            ],
            [
              -119.15665576278256,
              34.43306726023508
            ],
            [
              -119.1566573162795,
              34.4330669378033
            ],
            [
              -119.15665890043742,
              34.43306674309372
            ],
            [
              -119.1566605,
              34.4330666779815
            ],
            [
              -119.1567955,
              34.4330666779815
            ],
            [
              -119.15679709956258,
              34.43306674309372
            ],
            [
              -119.1567986837205,
              34.4330669378033
            ],
            [
              -119.15680023721744,
              34.43306726023508
            ],
            [
              -119.1568017450924,
              34.43306770728387
            ],
            [
              -119.15680319282369,
              34.43306827464435
            ],
            [
              -119.15680456646889,
              34.43306895685252
            ],
            [
              -119.15680585279904,
              34.43306974733835
            ],
            [
              -119.15680703942607,
              34.43307063848902
            ],
            [
              -119.15680811492213,
              34.43307162172228
            ],
            [
              -119.15680906892959,
              34.43307268756903
            ],
            [
              -119.15680989226084,
              34.4330738257646
            ],
            [
              -119.15681057698674,
              34.43307502534755
            ],
            [
              -119.15681111651303,
              34.43307627476523
            ],
            [
              -119.15681150564376,
              34.43307756198506
            ],
            [
              -119.15681174063138,
              34.433078874610416
            ],
            [
              -119.15681181921286,
              34.4330802
            ]
          ]
        ]
      }
    },
    {
      "type": "Feature",
      "properties": {
        "structure_id": "the-barn",
        "zone": "1",
        "area_m2": 721.0,
        "crowns_in_zone": 11,
        "canopy_pct": 37.5,
        "crosses_boundary": false,
        "outer_m": 9.1
      },
      "geometry": {
        "type": "Polygon",
        "coordinates": [
          [
            [
              -119.15689450322465,
              34.4332461
            ],
            [
              -119.15689402649707,
              34.43325414069681
            ],
            [
              -119.15689260090545,
              34.43326210395732
            ],
            [
              -119.15689024017904,
              34.43326991309097
            ],
            [
              -119.15688696705291,
              34.433277492891534
            ],
            [
              -119.15688281304907,
              34.4332847703614
            ],
            [
              -119.15687781817282,
              34.43329167541454
            ],
            [
              -119.15687203052758,
              34.43329814155152
            ],
            [
              -119.15686550585151,
              34.43330410649991
            ],
            [
              -119.15685830698084,
              34.433309512814006
            ],
            [
              -119.1568505032446,
              34.43331430842803
            ],
            [
              -119.15684216979705,
              34.43331844715761
            ],
            [
              -119.15683338689382,
              34.43332188914451
            ],
            [
              -119.15682423911912,
              34.43332460124052
            ],
            [
              -119.15681481457098,
              34.433326557326666
            ],
            [
              -119.15680520401297,
              34.43332773856478
            ],
            [
              -119.1567955,
              34.43332813357888
            ],
            [
              -119.1566605,
              34.43332813357888
            ],
            [
              -119.15665079598703,
              34.43332773856478
            ],
            [
              -119.15664118542902,
              34.433326557326666
            ],
            [
              -119.15663176088088,
              34.43332460124052
            ],
            [
              -119.15662261310618,
              34.43332188914451
            ],
            [
              -119.15661383020296,
              34.43331844715761
            ],
            [
              -119.1566054967554,
              34.43331430842803
            ],
            [
              -119.15659769301917,
              34.433309512814006
            ],
            [
              -119.15659049414849,
              34.43330410649991
            ],
            [
              -119.15658396947242,
              34.43329814155152
            ],
            [
              -119.15657818182719,
              34.43329167541454
            ],
            [
              -119.15657318695094,
              34.4332847703614
            ],
            [
              -119.15656903294709,
              34.433277492891534
            ],
            [
              -119.15656575982096,
              34.43326991309097
            ],
            [
              -119.15656339909455,
              34.43326210395732
            ],
            [
              -119.15656197350293,
              34.43325414069681
            ],
            [
              -119.15656149677535,
              34.4332461
            ],
            [
              -119.15656149677535,
              34.4330802
            ],
            [
              -119.15656197350293,
              34.43307215930319
            ],
            [
              -119.15656339909455,
              34.43306419604268
            ],
            [
              -119.15656575982096,
              34.43305638690903
            ],
            [
              -119.15656903294709,
              34.43304880710846
            ],
            [
              -119.15657318695094,
              34.4330415296386
            ],
            [
              -119.15657818182719,
              34.43303462458546
            ],
            [
              -119.15658396947242,
              34.43302815844848
            ],
            [
              -119.15659049414849,
              34.433022193500086
            ],
            [
              -119.15659769301917,
              34.43301678718599
            ],
            [
              -119.1566054967554,
              34.433011991571966
            ],
            [
              -119.15661383020296,
              34.43300785284239
            ],
            [
              -119.15662261310618,
              34.43300441085549
            ],
            [
              -119.15663176088088,
              34.433001698759476
            ],
            [
              -119.15664118542902,
              34.43299974267333
            ],
            [
              -119.15665079598703,
              34.43299856143522
            ],
            [
              -119.1566605,
              34.432998166421115
            ],
            [
              -119.1567955,
              34.432998166421115
            ],
            [
              -119.15680520401297,
              34.43299856143522
            ],
            [
              -119.15681481457098,
              34.43299974267333
            ],
            [
              -119.15682423911912,
              34.433001698759476
            ],
            [
              -119.15683338689382,
              34.43300441085549
            ],
            [
              -119.15684216979705,
              34.43300785284239
            ],
            [
              -119.1568505032446,
              34.433011991571966
            ],
            [
              -119.15685830698084,
              34.43301678718599
            ],
            [
              -119.15686550585151,
              34.433022193500086
            ],
            [
              -119.15687203052758,
              34.43302815844848
            ],
            [
              -119.15687781817282,
              34.43303462458546
            ],
            [
              -119.15688281304907,
              34.4330415296386
            ],
            [
              -119.15688696705291,
              34.43304880710846
            ],
            [
              -119.15689024017904,
              34.43305638690903
            ],
            [
              -119.15689260090545,
              34.43306419604268
            ],
            [
              -119.15689402649707,
              34.43307215930319
            ],
            [
              -119.15689450322465,
              34.4330802
            ],
            [
              -119.15689450322465,
              34.4332461
            ]
          ],
          [
            [
              -119.15681174063138,
              34.433078874610416
            ],
            [
              -119.15681150564376,
              34.43307756198506
            ],
            [
              -119.15681111651303,
              34.43307627476523
            ],
            [
              -119.15681057698674,
              34.43307502534755
            ],
            [
              -119.15680989226084,
              34.4330738257646
            ],
            [
              -119.15680906892959,
              34.43307268756903
            ],
            [
              -119.15680811492213,
              34.43307162172228
            ],
            [
              -119.15680703942607,
              34.43307063848902
            ],
            [
              -119.15680585279904,
              34.43306974733835
            ],
            [
              -119.15680456646889,
              34.43306895685252
            ],
            [
              -119.15680319282369,
              34.43306827464435
            ],
            [
              -119.1568017450924,
              34.43306770728387
            ],
            [
              -119.15680023721744,
              34.43306726023508
            ],
            [
              -119.1567986837205,
              34.4330669378033
            ],
            [
              -119.15679709956258,
              34.43306674309372
            ],
            [
              -119.1567955,
              34.4330666779815
            ],
            [
              -119.1566605,
              34.4330666779815
            ],
            [
              -119.15665890043742,
              34.43306674309372
            ],
            [
              -119.1566573162795,
              34.4330669378033
            ],
            [
              -119.15665576278256,
              34.43306726023508
            ],
            [
              -119.15665425490761,
              34.43306770728387
            ],
            [
              -119.15665280717631,
              34.43306827464435
            ],
            [
              -119.15665143353111,
              34.43306895685252
            ],
            [
              -119.15665014720096,
              34.43306974733835
            ],
            [
              -119.15664896057393,
              34.43307063848902
            ],
            [
              -119.15664788507787,
              34.43307162172228
            ],
            [
              -119.15664693107041,
              34.43307268756903
            ],
            [
              -119.15664610773916,
              34.4330738257646
            ],
            [
              -119.15664542301326,
              34.43307502534755
            ],
            [
              -119.15664488348698,
              34.43307627476523
            ],
            [
              -119.15664449435624,
              34.43307756198506
            ],
            [
              -119.15664425936862,
              34.433078874610416
            ],
            [
              -119.15664418078714,
              34.4330802
            ],
            [
              -119.15664418078714,
              34.4332461
            ],
            [
              -119.15664425936862,
              34.43324742538958
            ],
            [
              -119.15664449435624,
              34.43324873801494
            ],
            [
              -119.15664488348698,
              34.43325002523477
            ],
            [
              -119.15664542301326,
              34.43325127465245
            ],
            [
              -119.15664610773916,
              34.433252474235395
            ],
            [
              -119.15664693107041,
              34.43325361243097
            ],
            [
              -119.15664788507787,
              34.43325467827772
            ],
            [
              -119.15664896057393,
              34.43325566151098
            ],
            [
              -119.15665014720096,
              34.433256552661646
            ],
            [
              -119.15665143353111,
              34.433257343147474
            ],
            [
              -119.15665280717631,
              34.43325802535565
            ],
            [
              -119.15665425490761,
              34.43325859271613
            ],
            [
              -119.15665576278256,
              34.43325903976492
            ],
            [
              -119.1566573162795,
              34.4332593621967
            ],
            [
              -119.15665890043742,
              34.43325955690628
            ],
            [
              -119.1566605,
              34.4332596220185
            ],
            [
              -119.1567955,
              34.4332596220185
            ],
            [
              -119.15679709956258,
              34.43325955690628
            ],
            [
              -119.1567986837205,
              34.4332593621967
            ],
            [
              -119.15680023721744,
              34.43325903976492
            ],
            [
              -119.1568017450924,
              34.43325859271613
            ],
            [
              -119.15680319282369,
              34.43325802535565
            ],
            [
              -119.15680456646889,
              34.433257343147474
            ],
            [
              -119.15680585279904,
              34.433256552661646
            ],
            [
              -119.15680703942607,
              34.43325566151098
            ],
            [
              -119.15680811492213,
              34.43325467827772
            ],
            [
              -119.15680906892959,
              34.43325361243097
            ],
            [
              -119.15680989226084,
              34.433252474235395
            ],
            [
              -119.15681057698674,
              34.43325127465245
            ],
            [
              -119.15681111651303,
              34.43325002523477
            ],
            [
              -119.15681150564376,
              34.43324873801494
            ],
            [
              -119.15681174063138,
              34.43324742538958
            ],
            [
              -119.15681181921286,
              34.4332461
            ],
            [
              -119.15681181921286,
              34.4330802
            ],
            [
              -119.15681174063138,
              34.433078874610416
            ]
          ]
        ]
      }
    },
    {
      "type": "Feature",
      "properties": {
        "structure_id": "the-barn",
        "zone": "2",
        "area_m2": 3976.8,
        "crowns_in_zone": 41,
        "canopy_pct": 34.0,
        "crosses_boundary": true,
        "outer_m": 30.5
      },
      "geometry": {
        "type": "Polygon",
        "coordinates": [
          [
            [
              -119.15712732399473,
              34.4332461
            ],
            [
              -119.15712572617149,
              34.433273049588216
            ],
            [
              -119.15712094808971,
              34.43329973963717
            ],
            [
              -119.15711303576491,
              34.4333259131071
            ],
            [
              -119.15710206539713,
              34.43335131793317
            ],
            [
              -119.15708814263697,
              34.43337570945303
            ],
            [
              -119.15707140156825,
              34.433398852763005
            ],
            [
              -119.1570520034166,
              34.43342052498037
            ],
            [
              -119.15703013499683,
              34.433440517389826
            ],
            [
              -119.15700600691378,
              34.43345863745353
            ],
            [
              -119.15697985153408,
              34.43347471066538
            ],
            [
              -119.15695192074831,
              34.43348858223155
            ],
            [
              -119.15692248354524,
              34.43350011856127
            ],
            [
              -119.15689182342122,
              34.43350920855339
            ],
            [
              -119.15686023564999,
              34.43351576466631
            ],
            [
              -119.15682802443905,
              34.43351972376108
            ],
            [
              -119.1567955,
              34.43352104770945
            ],
            [
              -119.1566605,
              34.43352104770945
            ],
            [
              -119.15662797556095,
              34.43351972376108
            ],
            [
              -119.15659576435002,
              34.43351576466631
            ],
            [
              -119.15656417657878,
              34.43350920855339
            ],
            [
              -119.15653351645476,
              34.43350011856127
            ],
            [
              -119.15650407925169,
              34.43348858223155
            ],
            [
              -119.15647614846593,
              34.43347471066538
            ],
            [
              -119.15644999308623,
              34.43345863745353
            ],
            [
              -119.15642586500317,
              34.433440517389826
            ],
            [
              -119.1564039965834,
              34.43342052498037
            ],
            [
              -119.15638459843176,
              34.433398852763005
            ],
            [
              -119.15636785736304,
              34.43337570945303
            ],
            [
              -119.15635393460288,
              34.43335131793317
            ],
            [
              -119.1563429642351,
              34.4333259131071
            ],
            [
              -119.15633505191029,
              34.43329973963717
            ],
            [
              -119.15633027382852,
              34.433273049588216
            ],
            [
              -119.15632867600527,
              34.4332461
            ],
            [
              -119.15632867600527,
              34.4330802
            ],
            [
              -119.15633027382852,
              34.43305325041178
            ],
            [
              -119.15633505191029,
              34.433026560362826
            ],
            [
              -119.1563429642351,
              34.4330003868929
            ],
            [
              -119.15635393460288,
              34.432974982066824
            ],
            [
              -119.15636785736304,
              34.432950590546966
            ],
            [
              -119.15638459843176,
              34.43292744723699
            ],
            [
              -119.1564039965834,
              34.43290577501963
            ],
            [
              -119.15642586500317,
              34.43288578261017
            ],
            [
              -119.15644999308623,
              34.432867662546464
            ],
            [
              -119.15647614846593,
              34.43285158933462
            ],
            [
              -119.15650407925169,
              34.43283771776845
            ],
            [
              -119.15653351645476,
              34.43282618143873
            ],
            [
              -119.15656417657878,
              34.43281709144661
            ],
            [
              -119.15659576435002,
              34.43281053533369
            ],
            [
              -119.15662797556095,
              34.43280657623892
            ],
            [
              -119.1566605,
              34.43280525229055
            ],
            [
              -119.1567955,
              34.43280525229055
            ],
            [
              -119.15682802443905,
              34.43280657623892
            ],
            [
              -119.15686023564999,
              34.43281053533369
            ],
            [
              -119.15689182342122,
              34.43281709144661
            ],
            [
              -119.15692248354524,
              34.43282618143873
            ],
            [
              -119.15695192074831,
              34.43283771776845
            ],
            [
              -119.15697985153408,
              34.43285158933462
            ],
            [
              -119.15700600691378,
              34.432867662546464
            ],
            [
              -119.15703013499683,
              34.43288578261017
            ],
            [
              -119.1570520034166,
              34.43290577501963
            ],
            [
              -119.15707140156825,
              34.43292744723699
            ],
            [
              -119.15708814263697,
              34.432950590546966
            ],
            [
              -119.15710206539713,
              34.432974982066824
            ],
            [
              -119.15711303576491,
              34.4330003868929
            ],
            [
              -119.15712094808971,
              34.433026560362826
            ],
            [
              -119.15712572617149,
              34.43305325041178
            ],
            [
              -119.15712732399473,
              34.4330802
            ],
            [
              -119.15712732399473,
              34.4332461
            ]
          ],
          [
            [
              -119.15689402649707,
              34.43307215930319
            ],
            [
              -119.15689260090545,
              34.43306419604268
            ],
            [
              -119.15689024017904,
              34.43305638690903
            ],
            [
              -119.15688696705291,
              34.43304880710846
            ],
            [
              -119.15688281304907,
              34.4330415296386
            ],
            [
              -119.15687781817282,
              34.43303462458546
            ],
            [
              -119.15687203052758,
              34.43302815844848
            ],
            [
              -119.15686550585151,
              34.433022193500086
            ],
            [
              -119.15685830698084,
              34.43301678718599
            ],
            [
              -119.1568505032446,
              34.433011991571966
            ],
            [
              -119.15684216979705,
              34.43300785284239
            ],
            [
              -119.15683338689382,
              34.43300441085549
            ],
            [
              -119.15682423911912,
              34.433001698759476
            ],
            [
              -119.15681481457098,
              34.43299974267333
            ],
            [
              -119.15680520401297,
              34.43299856143522
            ],
            [
              -119.1567955,
              34.432998166421115
            ],
            [
              -119.1566605,
              34.432998166421115
            ],
            [
              -119.15665079598703,
              34.43299856143522
            ],
            [
              -119.15664118542902,
              34.43299974267333
            ],
            [
              -119.15663176088088,
              34.433001698759476
            ],
            [
              -119.15662261310618,
              34.43300441085549
            ],
            [
              -119.15661383020296,
              34.43300785284239
            ],
            [
              -119.1566054967554,
              34.433011991571966
            ],
            [
              -119.15659769301917,
              34.43301678718599
            ],
            [
              -119.15659049414849,
              34.433022193500086
            ],
            [
              -119.15658396947242,
              34.43302815844848
            ],
            [
              -119.15657818182719,
              34.43303462458546
            ],
            [
              -119.15657318695094,
              34.4330415296386
            ],
            [
              -119.15656903294709,
              34.43304880710846
            ],
            [
              -119.15656575982096,
              34.43305638690903
            ],
            [
              -119.15656339909455,
              34.43306419604268
            ],
            [
              -119.15656197350293,
              34.43307215930319
            ],
            [
              -119.15656149677535,
              34.4330802
            ],
            [
              -119.15656149677535,
              34.4332461
            ],
            [
              -119.15656197350293,
              34.43325414069681
            ],
            [
              -119.15656339909455,
              34.43326210395732
            ],
            [
              -119.15656575982096,
              34.43326991309097
            ],
            [
              -119.15656903294709,
              34.433277492891534
            ],
            [
              -119.15657318695094,
              34.4332847703614
            ],
            [
              -119.15657818182719,
              34.43329167541454
            ],
            [
              -119.15658396947242,
              34.43329814155152
            ],
            [
              -119.15659049414849,
              34.43330410649991
            ],
            [
              -119.15659769301917,
              34.433309512814006
            ],
            [
              -119.1566054967554,
              34.43331430842803
            ],
            [
              -119.15661383020296,
              34.43331844715761
            ],
            [
              -119.15662261310618,
              34.43332188914451
            ],
            [
              -119.15663176088088,
              34.43332460124052
            ],
            [
              -119.15664118542902,
              34.433326557326666
            ],
            [
              -119.15665079598703,
              34.43332773856478
            ],
            [
              -119.1566605,
              34.43332813357888
            ],
            [
              -119.1567955,
              34.43332813357888
            ],
            [
              -119.15680520401297,
              34.43332773856478
            ],
            [
              -119.15681481457098,
              34.433326557326666
            ],
            [
              -119.15682423911912,
              34.43332460124052
            ],
            [
              -119.15683338689382,
              34.43332188914451
            ],
            [
              -119.15684216979705,
              34.43331844715761
            ],
            [
              -119.1568505032446,
              34.43331430842803
            ],
            [
              -119.15685830698084,
              34.433309512814006
            ],
            [
              -119.15686550585151,
              34.43330410649991
            ],
            [
              -119.15687203052758,
              34.43329814155152
            ],
            [
              -119.15687781817282,
              34.43329167541454
            ],
            [
              -119.15688281304907,
              34.4332847703614
            ],
            [
              -119.15688696705291,
              34.433277492891534
            ],
            [
              -119.15689024017904,
              34.43326991309097
            ],
            [
              -119.15689260090545,
              34.43326210395732
            ],
            [
              -119.15689402649707,
              34.43325414069681
            ],
            [
              -119.15689450322465,
              34.4332461
            ],
            [
              -119.15689450322465,
              34.4330802
            ],
            [
              -119.15689402649707,
              34.43307215930319
            ]
          ]
        ]
      }
    },
    {
      "type": "Feature",
      "properties": {
        "structure_id": "agricultural-hub",
        "zone": "0",
        "area_m2": 303.3,
        "crowns_in_zone": 6,
        "canopy_pct": 70.0,
        "crosses_boundary": true,
        "outer_m": 1.5,
        "overhanging_crowns": [
          {
            "e": 312.03,
            "n": 348.02,
            "height_m": 33.6,
            "crown_r_m": 8.8
          },
          {
            "e": 314.24,
            "n": 337.39,
            "height_m": 28.1,
            "crown_r_m": 6.2
          },
          {
            "e": 322.74,
            "n": 340.5,
            "height_m": 26.5,
            "crown_r_m": 4.4
          },
          {
            "e": 328.85,
            "n": 347.02,
            "height_m": 25.7,
            "crown_r_m": 4.6
          },
          {
            "e": 333.96,
            "n": 337.09,
            "height_m": 27.4,
            "crown_r_m": 2.4
          },
          {
            "e": 340.76,
            "n": 349.43,
            "height_m": 28.8,
            "crown_r_m": 6.8
          }
        ]
      },
      "geometry": {
        "type": "Polygon",
        "coordinates": [
          [
            [
              -119.15608861921287,
              34.4334753
            ],
            [
              -119.15608861921287,
              34.4335515
            ],
            [
              -119.15608854063139,
              34.43355282538958
            ],
            [
              -119.15608830564376,
              34.43355413801494
            ],
            [
              -119.15608791651303,
              34.43355542523477
            ],
            [
              -119.15608737698675,
              34.43355667465245
            ],
            [
              -119.15608669226084,
              34.4335578742354
            ],
            [
              -119.1560858689296,
              34.43355901243097
            ],
            [
              -119.15608491492213,
              34.43356007827772
            ],
            [
              -119.15608383942607,
              34.43356106151098
            ],
            [
              -119.15608265279904,
              34.43356195266165
            ],
            [
              -119.1560813664689,
              34.433562743147476
            ],
            [
              -119.15607999282369,
              34.43356342535565
            ],
            [
              -119.1560785450924,
              34.43356399271613
            ],
            [
              -119.15607703721744,
              34.43356443976492
            ],
            [
              -119.1560754837205,
              34.4335647621967
            ],
            [
              -119.15607389956259,
              34.43356495690628
            ],
            [
              -119.1560723,
              34.4335650220185
            ],
            [
              -119.155815,
              34.4335650220185
            ],
            [
              -119.15581340043742,
              34.43356495690628
            ],
            [
              -119.15581181627951,
              34.4335647621967
            ],
            [
              -119.15581026278257,
              34.43356443976492
            ],
            [
              -119.15580875490761,
              34.43356399271613
            ],
            [
              -119.15580730717632,
              34.43356342535565
            ],
            [
              -119.15580593353111,
              34.433562743147476
            ],
            [
              -119.15580464720097,
              34.43356195266165
            ],
            [
              -119.15580346057394,
              34.43356106151098
            ],
            [
              -119.15580238507788,
              34.43356007827772
            ],
            [
              -119.15580143107042,
              34.43355901243097
            ],
            [
              -119.15580060773917,
              34.4335578742354
            ],
            [
              -119.15579992301326,
              34.43355667465245
            ],
            [
              -119.15579938348698,
              34.43355542523477
            ],
            [
              -119.15579899435625,
              34.43355413801494
            ],
            [
              -119.15579875936862,
              34.43355282538958
            ],
            [
              -119.15579868078714,
              34.4335515
            ],
            [
              -119.15579868078714,
              34.4334753
            ],
            [
              -119.15579875936862,
              34.433473974610415
            ],
            [
              -119.15579899435625,
              34.43347266198506
            ],
            [
              -119.15579938348698,
              34.433471374765226
            ],
            [
              -119.15579992301326,
              34.43347012534755
            ],
            [
              -119.15580060773917,
              34.4334689257646
            ],
            [
              -119.15580143107042,
              34.43346778756903
            ],
            [
              -119.15580238507788,
              34.433466721722276
            ],
            [
              -119.15580346057394,
              34.43346573848902
            ],
            [
              -119.15580464720097,
              34.43346484733835
            ],
            [
              -119.15580593353111,
              34.43346405685252
            ],
            [
              -119.15580730717632,
              34.43346337464435
            ],
            [
              -119.15580875490761,
              34.43346280728387
            ],
            [
              -119.15581026278257,
              34.433462360235076
            ],
            [
              -119.15581181627951,
              34.433462037803295
            ],
            [
              -119.15581340043742,
              34.43346184309372
            ],
            [
              -119.155815,
              34.4334617779815
            ],
            [
              -119.1560723,
              34.4334617779815
            ],
            [
              -119.15607389956259,
              34.43346184309372
            ],
            [
              -119.1560754837205,
              34.433462037803295
            ],
            [
              -119.15607703721744,
              34.433462360235076
            ],
            [
              -119.1560785450924,
              34.43346280728387
            ],
            [
              -119.15607999282369,
              34.43346337464435
            ],
            [
              -119.1560813664689,
              34.43346405685252
            ],
            [
              -119.15608265279904,
              34.43346484733835
            ],
            [
              -119.15608383942607,
              34.43346573848902
            ],
            [
              -119.15608491492213,
              34.433466721722276
            ],
            [
              -119.1560858689296,
              34.43346778756903
            ],
            [
              -119.15608669226084,
              34.4334689257646
            ],
            [
              -119.15608737698675,
              34.43347012534755
            ],
            [
              -119.15608791651303,
              34.433471374765226
            ],
            [
              -119.15608830564376,
              34.43347266198506
            ],
            [
              -119.15608854063139,
              34.433473974610415
            ],
            [
              -119.15608861921287,
              34.4334753
            ]
          ]
        ]
      }
    },
    {
      "type": "Feature",
      "properties": {
        "structure_id": "agricultural-hub",
        "zone": "1",
        "area_m2": 740.6,
        "crowns_in_zone": 8,
        "canopy_pct": 50.8,
        "crosses_boundary": true,
        "outer_m": 9.1
      },
      "geometry": {
        "type": "Polygon",
        "coordinates": [
          [
            [
              -119.15617130322465,
              34.4335515
            ],
            [
              -119.15617082649707,
              34.43355954069681
            ],
            [
              -119.15616940090545,
              34.43356750395732
            ],
            [
              -119.15616704017904,
              34.43357531309097
            ],
            [
              -119.15616376705292,
              34.433582892891536
            ],
            [
              -119.15615961304907,
              34.4335901703614
            ],
            [
              -119.15615461817282,
              34.43359707541454
            ],
            [
              -119.15614883052758,
              34.43360354155152
            ],
            [
              -119.15614230585152,
              34.43360950649991
            ],
            [
              -119.15613510698084,
              34.43361491281401
            ],
            [
              -119.1561273032446,
              34.43361970842803
            ],
            [
              -119.15611896979705,
              34.43362384715761
            ],
            [
              -119.15611018689383,
              34.43362728914451
            ],
            [
              -119.15610103911912,
              34.43363000124052
            ],
            [
              -119.15609161457098,
              34.43363195732667
            ],
            [
              -119.15608200401297,
              34.43363313856478
            ],
            [
              -119.1560723,
              34.433633533578885
            ],
            [
              -119.155815,
              34.433633533578885
            ],
            [
              -119.15580529598704,
              34.43363313856478
            ],
            [
              -119.15579568542903,
              34.43363195732667
            ],
            [
              -119.15578626088089,
              34.43363000124052
            ],
            [
              -119.15577711310618,
              34.43362728914451
            ],
            [
              -119.15576833020296,
              34.43362384715761
            ],
            [
              -119.1557599967554,
              34.43361970842803
            ],
            [
              -119.15575219301917,
              34.43361491281401
            ],
            [
              -119.15574499414849,
              34.43360950649991
            ],
            [
              -119.15573846947242,
              34.43360354155152
            ],
            [
              -119.15573268182719,
              34.43359707541454
            ],
            [
              -119.15572768695094,
              34.4335901703614
            ],
            [
              -119.15572353294709,
              34.433582892891536
            ],
            [
              -119.15572025982097,
              34.43357531309097
            ],
            [
              -119.15571789909455,
              34.43356750395732
            ],
            [
              -119.15571647350293,
              34.43355954069681
            ],
            [
              -119.15571599677536,
              34.4335515
            ],
            [
              -119.15571599677536,
              34.4334753
            ],
            [
              -119.15571647350293,
              34.433467259303185
            ],
            [
              -119.15571789909455,
              34.43345929604268
            ],
            [
              -119.15572025982097,
              34.43345148690903
            ],
            [
              -119.15572353294709,
              34.43344390710846
            ],
            [
              -119.15572768695094,
              34.4334366296386
            ],
            [
              -119.15573268182719,
              34.43342972458546
            ],
            [
              -119.15573846947242,
              34.43342325844848
            ],
            [
              -119.15574499414849,
              34.433417293500085
            ],
            [
              -119.15575219301917,
              34.43341188718599
            ],
            [
              -119.1557599967554,
              34.433407091571965
            ],
            [
              -119.15576833020296,
              34.433402952842386
            ],
            [
              -119.15577711310618,
              34.43339951085549
            ],
            [
              -119.15578626088089,
              34.433396798759475
            ],
            [
              -119.15579568542903,
              34.43339484267333
            ],
            [
              -119.15580529598704,
              34.43339366143522
            ],
            [
              -119.155815,
              34.43339326642111
            ],
            [
              -119.1560723,
              34.43339326642111
            ],
            [
              -119.15608200401297,
              34.43339366143522
            ],
            [
              -119.15609161457098,
              34.43339484267333
            ],
            [
              -119.15610103911912,
              34.433396798759475
            ],
            [
              -119.15611018689383,
              34.43339951085549
            ],
            [
              -119.15611896979705,
              34.433402952842386
            ],
            [
              -119.1561273032446,
              34.433407091571965
            ],
            [
              -119.15613510698084,
              34.43341188718599
            ],
            [
              -119.15614230585152,
              34.433417293500085
            ],
            [
              -119.15614883052758,
              34.43342325844848
            ],
            [
              -119.15615461817282,
              34.43342972458546
            ],
            [
              -119.15615961304907,
              34.4334366296386
            ],
            [
              -119.15616376705292,
              34.43344390710846
            ],
            [
              -119.15616704017904,
              34.43345148690903
            ],
            [
              -119.15616940090545,
              34.43345929604268
            ],
            [
              -119.15617082649707,
              34.433467259303185
            ],
            [
              -119.15617130322465,
              34.4334753
            ],
            [
              -119.15617130322465,
              34.4335515
            ]
          ],
          [
            [
              -119.15608854063139,
              34.433473974610415
            ],
            [
              -119.15608830564376,
              34.43347266198506
            ],
            [
              -119.15608791651303,
              34.433471374765226
            ],
            [
              -119.15608737698675,
              34.43347012534755
            ],
            [
              -119.15608669226084,
              34.4334689257646
            ],
            [
              -119.1560858689296,
              34.43346778756903
            ],
            [
              -119.15608491492213,
              34.433466721722276
            ],
            [
              -119.15608383942607,
              34.43346573848902
            ],
            [
              -119.15608265279904,
              34.43346484733835
            ],
            [
              -119.1560813664689,
              34.43346405685252
            ],
            [
              -119.15607999282369,
              34.43346337464435
            ],
            [
              -119.1560785450924,
              34.43346280728387
            ],
            [
              -119.15607703721744,
              34.433462360235076
            ],
            [
              -119.1560754837205,
              34.433462037803295
            ],
            [
              -119.15607389956259,
              34.43346184309372
            ],
            [
              -119.1560723,
              34.4334617779815
            ],
            [
              -119.155815,
              34.4334617779815
            ],
            [
              -119.15581340043742,
              34.43346184309372
            ],
            [
              -119.15581181627951,
              34.433462037803295
            ],
            [
              -119.15581026278257,
              34.433462360235076
            ],
            [
              -119.15580875490761,
              34.43346280728387
            ],
            [
              -119.15580730717632,
              34.43346337464435
            ],
            [
              -119.15580593353111,
              34.43346405685252
            ],
            [
              -119.15580464720097,
              34.43346484733835
            ],
            [
              -119.15580346057394,
              34.43346573848902
            ],
            [
              -119.15580238507788,
              34.433466721722276
            ],
            [
              -119.15580143107042,
              34.43346778756903
            ],
            [
              -119.15580060773917,
              34.4334689257646
            ],
            [
              -119.15579992301326,
              34.43347012534755
            ],
            [
              -119.15579938348698,
              34.433471374765226
            ],
            [
              -119.15579899435625,
              34.43347266198506
            ],
            [
              -119.15579875936862,
              34.433473974610415
            ],
            [
              -119.15579868078714,
              34.4334753
            ],
            [
              -119.15579868078714,
              34.4335515
            ],
            [
              -119.15579875936862,
              34.43355282538958
            ],
            [
              -119.15579899435625,
              34.43355413801494
            ],
            [
              -119.15579938348698,
              34.43355542523477
            ],
            [
              -119.15579992301326,
              34.43355667465245
            ],
            [
              -119.15580060773917,
              34.4335578742354
            ],
            [
              -119.15580143107042,
              34.43355901243097
            ],
            [
              -119.15580238507788,
              34.43356007827772
            ],
            [
              -119.15580346057394,
              34.43356106151098
            ],
            [
              -119.15580464720097,
              34.43356195266165
            ],
            [
              -119.15580593353111,
              34.433562743147476
            ],
            [
              -119.15580730717632,
              34.43356342535565
            ],
            [
              -119.15580875490761,
              34.43356399271613
            ],
            [
              -119.15581026278257,
              34.43356443976492
            ],
            [
              -119.15581181627951,
              34.4335647621967
            ],
            [
              -119.15581340043742,
              34.43356495690628
            ],
            [
              -119.155815,
              34.4335650220185
            ],
            [
              -119.1560723,
              34.4335650220185
            ],
            [
              -119.15607389956259,
              34.43356495690628
            ],
            [
              -119.1560754837205,
              34.4335647621967
            ],
            [
              -119.15607703721744,
              34.43356443976492
            ],
            [
              -119.1560785450924,
              34.43356399271613
            ],
            [
              -119.15607999282369,
              34.43356342535565
            ],
            [
              -119.1560813664689,
              34.433562743147476
            ],
            [
              -119.15608265279904,
              34.43356195266165
            ],
            [
              -119.15608383942607,
              34.43356106151098
            ],
            [
              -119.15608491492213,
              34.43356007827772
            ],
            [
              -119.1560858689296,
              34.43355901243097
            ],
            [
              -119.15608669226084,
              34.4335578742354
            ],
            [
              -119.15608737698675,
              34.43355667465245
            ],
            [
              -119.15608791651303,
              34.43355542523477
            ],
            [
              -119.15608830564376,
              34.43355413801494
            ],
            [
              -119.15608854063139,
              34.43355282538958
            ],
            [
              -119.15608861921287,
              34.4335515
            ],
            [
              -119.15608861921287,
              34.4334753
            ],
            [
              -119.15608854063139,
              34.433473974610415
            ]
          ]
        ]
      }
    },
    {
      "type": "Feature",
      "properties": {
        "structure_id": "agricultural-hub",
        "zone": "2",
        "area_m2": 4032.0,
        "crowns_in_zone": 10,
        "canopy_pct": 14.5,
        "crosses_boundary": true,
        "outer_m": 30.5
      },
      "geometry": {
        "type": "Polygon",
        "coordinates": [
          [
            [
              -119.15640412399473,
              34.4335515
            ],
            [
              -119.15640252617149,
              34.43357844958822
            ],
            [
              -119.15639774808972,
              34.43360513963717
            ],
            [
              -119.15638983576491,
              34.4336313131071
            ],
            [
              -119.15637886539713,
              34.433656717933175
            ],
            [
              -119.15636494263697,
              34.43368110945303
            ],
            [
              -119.15634820156825,
              34.43370425276301
            ],
            [
              -119.1563288034166,
              34.43372592498037
            ],
            [
              -119.15630693499683,
              34.43374591738983
            ],
            [
              -119.15628280691378,
              34.433764037453535
            ],
            [
              -119.15625665153408,
              34.43378011066538
            ],
            [
              -119.15622872074832,
              34.43379398223155
            ],
            [
              -119.15619928354525,
              34.43380551856127
            ],
            [
              -119.15616862342122,
              34.43381460855339
            ],
            [
              -119.15613703564999,
              34.43382116466631
            ],
            [
              -119.15610482443905,
              34.43382512376108
            ],
            [
              -119.1560723,
              34.43382644770945
            ],
            [
              -119.155815,
              34.43382644770945
            ],
            [
              -119.15578247556095,
              34.43382512376108
            ],
            [
              -119.15575026435002,
              34.43382116466631
            ],
            [
              -119.15571867657879,
              34.43381460855339
            ],
            [
              -119.15568801645476,
              34.43380551856127
            ],
            [
              -119.15565857925169,
              34.43379398223155
            ],
            [
              -119.15563064846593,
              34.43378011066538
            ],
            [
              -119.15560449308623,
              34.433764037453535
            ],
            [
              -119.15558036500317,
              34.43374591738983
            ],
            [
              -119.15555849658341,
              34.43372592498037
            ],
            [
              -119.15553909843176,
              34.43370425276301
            ],
            [
              -119.15552235736304,
              34.43368110945303
            ],
            [
              -119.15550843460288,
              34.433656717933175
            ],
            [
              -119.1554974642351,
              34.4336313131071
            ],
            [
              -119.15548955191029,
              34.43360513963717
            ],
            [
              -119.15548477382852,
              34.43357844958822
            ],
            [
              -119.15548317600528,
              34.4335515
            ],
            [
              -119.15548317600528,
              34.4334753
            ],
            [
              -119.15548477382852,
              34.43344835041178
            ],
            [
              -119.15548955191029,
              34.433421660362825
            ],
            [
              -119.1554974642351,
              34.4333954868929
            ],
            [
              -119.15550843460288,
              34.43337008206682
            ],
            [
              -119.15552235736304,
              34.433345690546965
            ],
            [
              -119.15553909843176,
              34.43332254723699
            ],
            [
              -119.15555849658341,
              34.433300875019626
            ],
            [
              -119.15558036500317,
              34.43328088261017
            ],
            [
              -119.15560449308623,
              34.43326276254646
            ],
            [
              -119.15563064846593,
              34.43324668933462
            ],
            [
              -119.15565857925169,
              34.43323281776845
            ],
            [
              -119.15568801645476,
              34.433221281438726
            ],
            [
              -119.15571867657879,
              34.43321219144661
            ],
            [
              -119.15575026435002,
              34.433205635333685
            ],
            [
              -119.15578247556095,
              34.433201676238916
            ],
            [
              -119.155815,
              34.43320035229055
            ],
            [
              -119.1560723,
              34.43320035229055
            ],
            [
              -119.15610482443905,
              34.433201676238916
            ],
            [
              -119.15613703564999,
              34.433205635333685
            ],
            [
              -119.15616862342122,
              34.43321219144661
            ],
            [
              -119.15619928354525,
              34.433221281438726
            ],
            [
              -119.15622872074832,
              34.43323281776845
            ],
            [
              -119.15625665153408,
              34.43324668933462
            ],
            [
              -119.15628280691378,
              34.43326276254646
            ],
            [
              -119.15630693499683,
              34.43328088261017
            ],
            [
              -119.1563288034166,
              34.433300875019626
            ],
            [
              -119.15634820156825,
              34.43332254723699
            ],
            [
              -119.15636494263697,
              34.433345690546965
            ],
            [
              -119.15637886539713,
              34.43337008206682
            ],
            [
              -119.15638983576491,
              34.4333954868929
            ],
            [
              -119.15639774808972,
              34.433421660362825
            ],
            [
              -119.15640252617149,
              34.43344835041178
            ],
            [
              -119.15640412399473,
              34.4334753
            ],
            [
              -119.15640412399473,
              34.4335515
            ]
          ],
          [
            [
              -119.15617082649707,
              34.433467259303185
            ],
            [
              -119.15616940090545,
              34.43345929604268
            ],
            [
              -119.15616704017904,
              34.43345148690903
            ],
            [
              -119.15616376705292,
              34.43344390710846
            ],
            [
              -119.15615961304907,
              34.4334366296386
            ],
            [
              -119.15615461817282,
              34.43342972458546
            ],
            [
              -119.15614883052758,
              34.43342325844848
            ],
            [
              -119.15614230585152,
              34.433417293500085
            ],
            [
              -119.15613510698084,
              34.43341188718599
            ],
            [
              -119.1561273032446,
              34.433407091571965
            ],
            [
              -119.15611896979705,
              34.433402952842386
            ],
            [
              -119.15611018689383,
              34.43339951085549
            ],
            [
              -119.15610103911912,
              34.433396798759475
            ],
            [
              -119.15609161457098,
              34.43339484267333
            ],
            [
              -119.15608200401297,
              34.43339366143522
            ],
            [
              -119.1560723,
              34.43339326642111
            ],
            [
              -119.155815,
              34.43339326642111
            ],
            [
              -119.15580529598704,
              34.43339366143522
            ],
            [
              -119.15579568542903,
              34.43339484267333
            ],
            [
              -119.15578626088089,
              34.433396798759475
            ],
            [
              -119.15577711310618,
              34.43339951085549
            ],
            [
              -119.15576833020296,
              34.433402952842386
            ],
            [
              -119.1557599967554,
              34.433407091571965
            ],
            [
              -119.15575219301917,
              34.43341188718599
            ],
            [
              -119.15574499414849,
              34.433417293500085
            ],
            [
              -119.15573846947242,
              34.43342325844848
            ],
            [
              -119.15573268182719,
              34.43342972458546
            ],
            [
              -119.15572768695094,
              34.4334366296386
            ],
            [
              -119.15572353294709,
              34.43344390710846
            ],
            [
              -119.15572025982097,
              34.43345148690903
            ],
            [
              -119.15571789909455,
              34.43345929604268
            ],
            [
              -119.15571647350293,
              34.433467259303185
            ],
            [
              -119.15571599677536,
              34.4334753
            ],
            [
              -119.15571599677536,
              34.4335515
            ],
            [
              -119.15571647350293,
              34.43355954069681
            ],
            [
              -119.15571789909455,
              34.43356750395732
            ],
            [
              -119.15572025982097,
              34.43357531309097
            ],
            [
              -119.15572353294709,
              34.433582892891536
            ],
            [
              -119.15572768695094,
              34.4335901703614
            ],
            [
              -119.15573268182719,
              34.43359707541454
            ],
            [
              -119.15573846947242,
              34.43360354155152
            ],
            [
              -119.15574499414849,
              34.43360950649991
            ],
            [
              -119.15575219301917,
              34.43361491281401
            ],
            [
              -119.1557599967554,
              34.43361970842803
            ],
            [
              -119.15576833020296,
              34.43362384715761
            ],
            [
              -119.15577711310618,
              34.43362728914451
            ],
            [
              -119.15578626088089,
              34.43363000124052
            ],
            [
              -119.15579568542903,
              34.43363195732667
            ],
            [
              -119.15580529598704,
              34.43363313856478
            ],
            [
              -119.155815,
              34.433633533578885
            ],
            [
              -119.1560723,
              34.433633533578885
            ],
            [
              -119.15608200401297,
              34.43363313856478
            ],
            [
              -119.15609161457098,
              34.43363195732667
            ],
            [
              -119.15610103911912,
              34.43363000124052
            ],
            [
              -119.15611018689383,
              34.43362728914451
            ],
            [
              -119.15611896979705,
              34.43362384715761
            ],
            [
              -119.1561273032446,
              34.43361970842803
            ],
            [
              -119.15613510698084,
              34.43361491281401
            ],
            [
              -119.15614230585152,
              34.43360950649991
            ],
            [
              -119.15614883052758,
              34.43360354155152
            ],
            [
              -119.15615461817282,
              34.43359707541454
            ],
            [
              -119.15615961304907,
              34.4335901703614
            ],
            [
              -119.15616376705292,
              34.433582892891536
            ],
            [
              -119.15616704017904,
              34.43357531309097
            ],
            [
              -119.15616940090545,
              34.43356750395732
            ],
            [
              -119.15617082649707,
              34.43355954069681
            ],
            [
              -119.15617130322465,
              34.4335515
            ],
            [
              -119.15617130322465,
              34.4334753
            ],
            [
              -119.15617082649707,
              34.433467259303185
            ]
          ]
        ]
      }
    },
    {
      "type": "Feature",
      "properties": {
        "structure_id": "tropical-dome",
        "zone": "0",
        "area_m2": 205.4,
        "crowns_in_zone": 5,
        "canopy_pct": 35.2,
        "crosses_boundary": false,
        "outer_m": 1.5,
        "overhanging_crowns": [
          {
            "e": 241.86,
            "n": 278.28,
            "height_m": 22.7,
            "crown_r_m": 6.6
          },
          {
            "e": 257.77,
            "n": 268.85,
            "height_m": 17.5,
            "crown_r_m": 5.0
          }
        ]
      },
      "geometry": {
        "type": "Polygon",
        "coordinates": [
          [
            [
              -119.15684131921286,
              34.4328862
            ],
            [
              -119.15684131921286,
              34.432989
            ],
            [
              -119.15684124063138,
              34.43299032538958
            ],
            [
              -119.15684100564376,
              34.43299163801494
            ],
            [
              -119.15684061651302,
              34.43299292523477
            ],
            [
              -119.15684007698674,
              34.43299417465245
            ],
            [
              -119.15683939226084,
              34.4329953742354
            ],
            [
              -119.15683856892959,
              34.43299651243097
            ],
            [
              -119.15683761492213,
              34.43299757827772
            ],
            [
              -119.15683653942607,
              34.43299856151098
            ],
            [
              -119.15683535279904,
              34.43299945266165
            ],
            [
              -119.15683406646889,
              34.433000243147475
            ],
            [
              -119.15683269282368,
              34.43300092535565
            ],
            [
              -119.15683124509239,
              34.43300149271613
            ],
            [
              -119.15682973721744,
              34.43300193976492
            ],
            [
              -119.15682818372049,
              34.4330022621967
            ],
            [
              -119.15682659956258,
              34.43300245690628
            ],
            [
              -119.156825,
              34.4330025220185
            ],
            [
              -119.156701,
              34.4330025220185
            ],
            [
              -119.15669940043742,
              34.43300245690628
            ],
            [
              -119.1566978162795,
              34.4330022621967
            ],
            [
              -119.15669626278256,
              34.43300193976492
            ],
            [
              -119.1566947549076,
              34.43300149271613
            ],
            [
              -119.15669330717631,
              34.43300092535565
            ],
            [
              -119.1566919335311,
              34.433000243147475
            ],
            [
              -119.15669064720096,
              34.43299945266165
            ],
            [
              -119.15668946057393,
              34.43299856151098
            ],
            [
              -119.15668838507787,
              34.43299757827772
            ],
            [
              -119.15668743107041,
              34.43299651243097
            ],
            [
              -119.15668660773916,
              34.4329953742354
            ],
            [
              -119.15668592301326,
              34.43299417465245
            ],
            [
              -119.15668538348697,
              34.43299292523477
            ],
            [
              -119.15668499435624,
              34.43299163801494
            ],
            [
              -119.15668475936862,
              34.43299032538958
            ],
            [
              -119.15668468078714,
              34.432989
            ],
            [
              -119.15668468078714,
              34.4328862
            ],
            [
              -119.15668475936862,
              34.432884874610416
            ],
            [
              -119.15668499435624,
              34.43288356198506
            ],
            [
              -119.15668538348697,
              34.43288227476523
            ],
            [
              -119.15668592301326,
              34.43288102534755
            ],
            [
              -119.15668660773916,
              34.4328798257646
            ],
            [
              -119.15668743107041,
              34.43287868756903
            ],
            [
              -119.15668838507787,
              34.43287762172228
            ],
            [
              -119.15668946057393,
              34.43287663848902
            ],
            [
              -119.15669064720096,
              34.43287574733835
            ],
            [
              -119.1566919335311,
              34.43287495685252
            ],
            [
              -119.15669330717631,
              34.43287427464435
            ],
            [
              -119.1566947549076,
              34.43287370728387
            ],
            [
              -119.15669626278256,
              34.43287326023508
            ],
            [
              -119.1566978162795,
              34.432872937803296
            ],
            [
              -119.15669940043742,
              34.43287274309372
            ],
            [
              -119.156701,
              34.4328726779815
            ],
            [
              -119.156825,
              34.4328726779815
            ],
            [
              -119.15682659956258,
              34.43287274309372
            ],
            [
              -119.15682818372049,
              34.432872937803296
            ],
            [
              -119.15682973721744,
              34.43287326023508
            ],
            [
              -119.15683124509239,
              34.43287370728387
            ],
            [
              -119.15683269282368,
              34.43287427464435
            ],
            [
              -119.15683406646889,
              34.43287495685252
            ],
            [
              -119.15683535279904,
              34.43287574733835
            ],
            [
              -119.15683653942607,
              34.43287663848902
            ],
            [
              -119.15683761492213,
              34.43287762172228
            ],
            [
              -119.15683856892959,
              34.43287868756903
            ],
            [
              -119.15683939226084,
              34.4328798257646
            ],
            [
              -119.15684007698674,
              34.43288102534755
            ],
            [
              -119.15684061651302,
              34.43288227476523
            ],
            [
              -119.15684100564376,
              34.43288356198506
            ],
            [
              -119.15684124063138,
              34.432884874610416
            ],
            [
              -119.15684131921286,
              34.4328862
            ]
          ]
        ]
      }
    },
    {
      "type": "Feature",
      "properties": {
        "structure_id": "tropical-dome",
        "zone": "1",
        "area_m2": 599.3,
        "crowns_in_zone": 11,
        "canopy_pct": 63.5,
        "crosses_boundary": false,
        "outer_m": 9.1
      },
      "geometry": {
        "type": "Polygon",
        "coordinates": [
          [
            [
              -119.15692400322465,
              34.432989
            ],
            [
              -119.15692352649707,
              34.43299704069681
            ],
            [
              -119.15692210090545,
              34.43300500395732
            ],
            [
              -119.15691974017903,
              34.43301281309097
            ],
            [
              -119.15691646705291,
              34.433020392891535
            ],
            [
              -119.15691231304906,
              34.4330276703614
            ],
            [
              -119.15690731817281,
              34.43303457541454
            ],
            [
              -119.15690153052758,
              34.43304104155152
            ],
            [
              -119.15689500585151,
              34.43304700649991
            ],
            [
              -119.15688780698083,
              34.43305241281401
            ],
            [
              -119.1568800032446,
              34.43305720842803
            ],
            [
              -119.15687166979704,
              34.43306134715761
            ],
            [
              -119.15686288689382,
              34.43306478914451
            ],
            [
              -119.15685373911911,
              34.43306750124052
            ],
            [
              -119.15684431457098,
              34.43306945732667
            ],
            [
              -119.15683470401297,
              34.43307063856478
            ],
            [
              -119.156825,
              34.433071033578884
            ],
            [
              -119.156701,
              34.433071033578884
            ],
            [
              -119.15669129598703,
              34.43307063856478
            ],
            [
              -119.15668168542902,
              34.43306945732667
            ],
            [
              -119.15667226088088,
              34.43306750124052
            ],
            [
              -119.15666311310618,
              34.43306478914451
            ],
            [
              -119.15665433020295,
              34.43306134715761
            ],
            [
              -119.1566459967554,
              34.43305720842803
            ],
            [
              -119.15663819301916,
              34.43305241281401
            ],
            [
              -119.15663099414849,
              34.43304700649991
            ],
            [
              -119.15662446947242,
              34.43304104155152
            ],
            [
              -119.15661868182718,
              34.43303457541454
            ],
            [
              -119.15661368695093,
              34.4330276703614
            ],
            [
              -119.15660953294709,
              34.433020392891535
            ],
            [
              -119.15660625982096,
              34.43301281309097
            ],
            [
              -119.15660389909455,
              34.43300500395732
            ],
            [
              -119.15660247350293,
              34.43299704069681
            ],
            [
              -119.15660199677535,
              34.432989
            ],
            [
              -119.15660199677535,
              34.4328862
            ],
            [
              -119.15660247350293,
              34.432878159303186
            ],
            [
              -119.15660389909455,
              34.43287019604268
            ],
            [
              -119.15660625982096,
              34.43286238690903
            ],
            [
              -119.15660953294709,
              34.43285480710846
            ],
            [
              -119.15661368695093,
              34.4328475296386
            ],
            [
              -119.15661868182718,
              34.43284062458546
            ],
            [
              -119.15662446947242,
              34.43283415844848
            ],
            [
              -119.15663099414849,
              34.432828193500086
            ],
            [
              -119.15663819301916,
              34.43282278718599
            ],
            [
              -119.1566459967554,
              34.432817991571966
            ],
            [
              -119.15665433020295,
              34.432813852842386
            ],
            [
              -119.15666311310618,
              34.43281041085549
            ],
            [
              -119.15667226088088,
              34.432807698759476
            ],
            [
              -119.15668168542902,
              34.43280574267333
            ],
            [
              -119.15669129598703,
              34.43280456143522
            ],
            [
              -119.156701,
              34.432804166421114
            ],
            [
              -119.156825,
              34.432804166421114
            ],
            [
              -119.15683470401297,
              34.43280456143522
            ],
            [
              -119.15684431457098,
              34.43280574267333
            ],
            [
              -119.15685373911911,
              34.432807698759476
            ],
            [
              -119.15686288689382,
              34.43281041085549
            ],
            [
              -119.15687166979704,
              34.432813852842386
            ],
            [
              -119.1568800032446,
              34.432817991571966
            ],
            [
              -119.15688780698083,
              34.43282278718599
            ],
            [
              -119.15689500585151,
              34.432828193500086
            ],
            [
              -119.15690153052758,
              34.43283415844848
            ],
            [
              -119.15690731817281,
              34.43284062458546
            ],
            [
              -119.15691231304906,
              34.4328475296386
            ],
            [
              -119.15691646705291,
              34.43285480710846
            ],
            [
              -119.15691974017903,
              34.43286238690903
            ],
            [
              -119.15692210090545,
              34.43287019604268
            ],
            [
              -119.15692352649707,
              34.432878159303186
            ],
            [
              -119.15692400322465,
              34.4328862
            ],
            [
              -119.15692400322465,
              34.432989
            ]
          ],
          [
            [
              -119.15684124063138,
              34.432884874610416
            ],
            [
              -119.15684100564376,
              34.43288356198506
            ],
            [
              -119.15684061651302,
              34.43288227476523
            ],
            [
              -119.15684007698674,
              34.43288102534755
            ],
            [
              -119.15683939226084,
              34.4328798257646
            ],
            [
              -119.15683856892959,
              34.43287868756903
            ],
            [
              -119.15683761492213,
              34.43287762172228
            ],
            [
              -119.15683653942607,
              34.43287663848902
            ],
            [
              -119.15683535279904,
              34.43287574733835
            ],
            [
              -119.15683406646889,
              34.43287495685252
            ],
            [
              -119.15683269282368,
              34.43287427464435
            ],
            [
              -119.15683124509239,
              34.43287370728387
            ],
            [
              -119.15682973721744,
              34.43287326023508
            ],
            [
              -119.15682818372049,
              34.432872937803296
            ],
            [
              -119.15682659956258,
              34.43287274309372
            ],
            [
              -119.156825,
              34.4328726779815
            ],
            [
              -119.156701,
              34.4328726779815
            ],
            [
              -119.15669940043742,
              34.43287274309372
            ],
            [
              -119.1566978162795,
              34.432872937803296
            ],
            [
              -119.15669626278256,
              34.43287326023508
            ],
            [
              -119.1566947549076,
              34.43287370728387
            ],
            [
              -119.15669330717631,
              34.43287427464435
            ],
            [
              -119.1566919335311,
              34.43287495685252
            ],
            [
              -119.15669064720096,
              34.43287574733835
            ],
            [
              -119.15668946057393,
              34.43287663848902
            ],
            [
              -119.15668838507787,
              34.43287762172228
            ],
            [
              -119.15668743107041,
              34.43287868756903
            ],
            [
              -119.15668660773916,
              34.4328798257646
            ],
            [
              -119.15668592301326,
              34.43288102534755
            ],
            [
              -119.15668538348697,
              34.43288227476523
            ],
            [
              -119.15668499435624,
              34.43288356198506
            ],
            [
              -119.15668475936862,
              34.432884874610416
            ],
            [
              -119.15668468078714,
              34.4328862
            ],
            [
              -119.15668468078714,
              34.432989
            ],
            [
              -119.15668475936862,
              34.43299032538958
            ],
            [
              -119.15668499435624,
              34.43299163801494
            ],
            [
              -119.15668538348697,
              34.43299292523477
            ],
            [
              -119.15668592301326,
              34.43299417465245
            ],
            [
              -119.15668660773916,
              34.4329953742354
            ],
            [
              -119.15668743107041,
              34.43299651243097
            ],
            [
              -119.15668838507787,
              34.43299757827772
            ],
            [
              -119.15668946057393,
              34.43299856151098
            ],
            [
              -119.15669064720096,
              34.43299945266165
            ],
            [
              -119.1566919335311,
              34.433000243147475
            ],
            [
              -119.15669330717631,
              34.43300092535565
            ],
            [
              -119.1566947549076,
              34.43300149271613
            ],
            [
              -119.15669626278256,
              34.43300193976492
            ],
            [
              -119.1566978162795,
              34.4330022621967
            ],
            [
              -119.15669940043742,
              34.43300245690628
            ],
            [
              -119.156701,
              34.4330025220185
            ],
            [
              -119.156825,
              34.4330025220185
            ],
            [
              -119.15682659956258,
              34.43300245690628
            ],
            [
              -119.15682818372049,
              34.4330022621967
            ],
            [
              -119.15682973721744,
              34.43300193976492
            ],
            [
              -119.15683124509239,
              34.43300149271613
            ],
            [
              -119.15683269282368,
              34.43300092535565
            ],
            [
              -119.15683406646889,
              34.433000243147475
            ],
            [
              -119.15683535279904,
              34.43299945266165
            ],
            [
              -119.15683653942607,
              34.43299856151098
            ],
            [
              -119.15683761492213,
              34.43299757827772
            ],
            [
              -119.15683856892959,
              34.43299651243097
            ],
            [
              -119.15683939226084,
              34.4329953742354
            ],
            [
              -119.15684007698674,
              34.43299417465245
            ],
            [
              -119.15684061651302,
              34.43299292523477
            ],
            [
              -119.15684100564376,
              34.43299163801494
            ],
            [
              -119.15684124063138,
              34.43299032538958
            ],
            [
              -119.15684131921286,
              34.432989
            ],
            [
              -119.15684131921286,
              34.4328862
            ],
            [
              -119.15684124063138,
              34.432884874610416
            ]
          ]
        ]
      }
    },
    {
      "type": "Feature",
      "properties": {
        "structure_id": "tropical-dome",
        "zone": "2",
        "area_m2": 7976.6,
        "crowns_in_zone": 83,
        "canopy_pct": 28.8,
        "crosses_boundary": true,
        "outer_m": 45.75
      },
      "geometry": {
        "type": "Polygon",
        "coordinates": [
          [
            [
              -119.15732273599208,
              34.432989
            ],
            [
              -119.15732033925724,
              34.43302942438233
            ],
            [
              -119.15731317213456,
              34.43306945945576
            ],
            [
              -119.15730130364737,
              34.43310871966065
            ],
            [
              -119.15728484809567,
              34.43314682689976
            ],
            [
              -119.15726396395544,
              34.43318341417955
            ],
            [
              -119.15723885235236,
              34.433218129144514
            ],
            [
              -119.1572097551249,
              34.43325063747056
            ],
            [
              -119.15717695249523,
              34.43328062608474
            ],
            [
              -119.15714076037067,
              34.4333078061803
            ],
            [
              -119.15710152730111,
              34.433331915998075
            ],
            [
              -119.15705963112246,
              34.433352723347326
            ],
            [
              -119.15701547531786,
              34.43337002784191
            ],
            [
              -119.15696948513181,
              34.43338366283009
            ],
            [
              -119.15692210347497,
              34.433393496999464
            ],
            [
              -119.15687378665858,
              34.43339943564162
            ],
            [
              -119.156825,
              34.43340142156418
            ],
            [
              -119.156701,
              34.43340142156418
            ],
            [
              -119.15665221334142,
              34.43339943564162
            ],
            [
              -119.15660389652503,
              34.433393496999464
            ],
            [
              -119.15655651486819,
              34.43338366283009
            ],
            [
              -119.15651052468213,
              34.43337002784191
            ],
            [
              -119.15646636887753,
              34.433352723347326
            ],
            [
              -119.15642447269889,
              34.433331915998075
            ],
            [
              -119.15638523962933,
              34.4333078061803
            ],
            [
              -119.15634904750476,
              34.43328062608474
            ],
            [
              -119.1563162448751,
              34.43325063747056
            ],
            [
              -119.15628714764763,
              34.433218129144514
            ],
            [
              -119.15626203604455,
              34.43318341417955
            ],
            [
              -119.15624115190433,
              34.43314682689976
            ],
            [
              -119.15622469635262,
              34.43310871966065
            ],
            [
              -119.15621282786543,
              34.43306945945576
            ],
            [
              -119.15620566074276,
              34.43302942438233
            ],
            [
              -119.15620326400791,
              34.432989
            ],
            [
              -119.15620326400791,
              34.4328862
            ],
            [
              -119.15620566074276,
              34.432845775617665
            ],
            [
              -119.15621282786543,
              34.43280574054424
            ],
            [
              -119.15622469635262,
              34.432766480339346
            ],
            [
              -119.15624115190433,
              34.43272837310024
            ],
            [
              -119.15626203604455,
              34.432691785820445
            ],
            [
              -119.15628714764763,
              34.432657070855484
            ],
            [
              -119.1563162448751,
              34.43262456252944
            ],
            [
              -119.15634904750476,
              34.43259457391526
            ],
            [
              -119.15638523962933,
              34.432567393819696
            ],
            [
              -119.15642447269889,
              34.43254328400192
            ],
            [
              -119.15646636887753,
              34.43252247665267
            ],
            [
              -119.15651052468213,
              34.43250517215809
            ],
            [
              -119.15655651486819,
              34.43249153716991
            ],
            [
              -119.15660389652503,
              34.43248170300053
            ],
            [
              -119.15665221334142,
              34.43247576435838
            ],
            [
              -119.156701,
              34.43247377843582
            ],
            [
              -119.156825,
              34.43247377843582
            ],
            [
              -119.15687378665858,
              34.43247576435838
            ],
            [
              -119.15692210347497,
              34.43248170300053
            ],
            [
              -119.15696948513181,
              34.43249153716991
            ],
            [
              -119.15701547531786,
              34.43250517215809
            ],
            [
              -119.15705963112246,
              34.43252247665267
            ],
            [
              -119.15710152730111,
              34.43254328400192
            ],
            [
              -119.15714076037067,
              34.432567393819696
            ],
            [
              -119.15717695249523,
              34.43259457391526
            ],
            [
              -119.1572097551249,
              34.43262456252944
            ],
            [
              -119.15723885235236,
              34.432657070855484
            ],
            [
              -119.15726396395544,
              34.432691785820445
            ],
            [
              -119.15728484809567,
              34.43272837310024
            ],
            [
              -119.15730130364737,
              34.432766480339346
            ],
            [
              -119.15731317213456,
              34.43280574054424
            ],
            [
              -119.15732033925724,
              34.432845775617665
            ],
            [
              -119.15732273599208,
              34.4328862
            ],
            [
              -119.15732273599208,
              34.432989
            ]
          ],
          [
            [
              -119.15692352649707,
              34.432878159303186
            ],
            [
              -119.15692210090545,
              34.43287019604268
            ],
            [
              -119.15691974017903,
              34.43286238690903
            ],
            [
              -119.15691646705291,
              34.43285480710846
            ],
            [
              -119.15691231304906,
              34.4328475296386
            ],
            [
              -119.15690731817281,
              34.43284062458546
            ],
            [
              -119.15690153052758,
              34.43283415844848
            ],
            [
              -119.15689500585151,
              34.432828193500086
            ],
            [
              -119.15688780698083,
              34.43282278718599
            ],
            [
              -119.1568800032446,
              34.432817991571966
            ],
            [
              -119.15687166979704,
              34.432813852842386
            ],
            [
              -119.15686288689382,
              34.43281041085549
            ],
            [
              -119.15685373911911,
              34.432807698759476
            ],
            [
              -119.15684431457098,
              34.43280574267333
            ],
            [
              -119.15683470401297,
              34.43280456143522
            ],
            [
              -119.156825,
              34.432804166421114
            ],
            [
              -119.156701,
              34.432804166421114
            ],
            [
              -119.15669129598703,
              34.43280456143522
            ],
            [
              -119.15668168542902,
              34.43280574267333
            ],
            [
              -119.15667226088088,
              34.432807698759476
            ],
            [
              -119.15666311310618,
              34.43281041085549
            ],
            [
              -119.15665433020295,
              34.432813852842386
            ],
            [
              -119.1566459967554,
              34.432817991571966
            ],
            [
              -119.15663819301916,
              34.43282278718599
            ],
            [
              -119.15663099414849,
              34.432828193500086
            ],
            [
              -119.15662446947242,
              34.43283415844848
            ],
            [
              -119.15661868182718,
              34.43284062458546
            ],
            [
              -119.15661368695093,
              34.4328475296386
            ],
            [
              -119.15660953294709,
              34.43285480710846
            ],
            [
              -119.15660625982096,
              34.43286238690903
            ],
            [
              -119.15660389909455,
              34.43287019604268
            ],
            [
              -119.15660247350293,
              34.432878159303186
            ],
            [
              -119.15660199677535,
              34.4328862
            ],
            [
              -119.15660199677535,
              34.432989
            ],
            [
              -119.15660247350293,
              34.43299704069681
            ],
            [
              -119.15660389909455,
              34.43300500395732
            ],
            [
              -119.15660625982096,
              34.43301281309097
            ],
            [
              -119.15660953294709,
              34.433020392891535
            ],
            [
              -119.15661368695093,
              34.4330276703614
            ],
            [
              -119.15661868182718,
              34.43303457541454
            ],
            [
              -119.15662446947242,
              34.43304104155152
            ],
            [
              -119.15663099414849,
              34.43304700649991
            ],
            [
              -119.15663819301916,
              34.43305241281401
            ],
            [
              -119.1566459967554,
              34.43305720842803
            ],
            [
              -119.15665433020295,
              34.43306134715761
            ],
            [
              -119.15666311310618,
              34.43306478914451
            ],
            [
              -119.15667226088088,
              34.43306750124052
            ],
            [
              -119.15668168542902,
              34.43306945732667
            ],
            [
              -119.15669129598703,
              34.43307063856478
            ],
            [
              -119.156701,
              34.433071033578884
            ],
            [
              -119.156825,
              34.433071033578884
            ],
            [
              -119.15683470401297,
              34.43307063856478
            ],
            [
              -119.15684431457098,
              34.43306945732667
            ],
            [
              -119.15685373911911,
              34.43306750124052
            ],
            [
              -119.15686288689382,
              34.43306478914451
            ],
            [
              -119.15687166979704,
              34.43306134715761
            ],
            [
              -119.1568800032446,
              34.43305720842803
            ],
            [
              -119.15688780698083,
              34.43305241281401
            ],
            [
              -119.15689500585151,
              34.43304700649991
            ],
            [
              -119.15690153052758,
              34.43304104155152
            ],
            [
              -119.15690731817281,
              34.43303457541454
            ],
            [
              -119.15691231304906,
              34.4330276703614
            ],
            [
              -119.15691646705291,
              34.433020392891535
            ],
            [
              -119.15691974017903,
              34.43301281309097
            ],
            [
              -119.15692210090545,
              34.43300500395732
            ],
            [
              -119.15692352649707,
              34.43299704069681
            ],
            [
              -119.15692400322465,
              34.432989
            ],
            [
              -119.15692400322465,
              34.4328862
            ],
            [
              -119.15692352649707,
              34.432878159303186
            ]
          ]
        ]
      }
    },
    {
      "type": "Feature",
      "properties": {
        "structure_id": "creek",
        "zone": "0",
        "area_m2": 2578.1,
        "crowns_in_zone": 39,
        "canopy_pct": 56.8,
        "crosses_boundary": true,
        "outer_m": 1.5,
        "overhanging_crowns": [
          {
            "e": 226.14,
            "n": 219.17,
            "height_m": 12.1,
            "crown_r_m": 4.5
          },
          {
            "e": 230.25,
            "n": 248.27,
            "height_m": 26.4,
            "crown_r_m": 6.7
          },
          {
            "e": 231.65,
            "n": 228.2,
            "height_m": 17.0,
            "crown_r_m": 4.4
          },
          {
            "e": 236.55,
            "n": 241.65,
            "height_m": 27.6,
            "crown_r_m": 8.3
          },
          {
            "e": 238.35,
            "n": 230.41,
            "height_m": 20.4,
            "crown_r_m": 3.9
          },
          {
            "e": 245.46,
            "n": 241.35,
            "height_m": 23.4,
            "crown_r_m": 2.1
          },
          {
            "e": 246.36,
            "n": 225.69,
            "height_m": 8.0,
            "crown_r_m": 1.9
          },
          {
            "e": 257.57,
            "n": 234.52,
            "height_m": 28.0,
            "crown_r_m": 6.1
          },
          {
            "e": 264.48,
            "n": 240.35,
            "height_m": 8.3,
            "crown_r_m": 2.8
          },
          {
            "e": 265.28,
            "n": 214.45,
            "height_m": 15.9,
            "crown_r_m": 6.2
          },
          {
            "e": 266.48,
            "n": 236.23,
            "height_m": 10.2,
            "crown_r_m": 4.0
          },
          {
            "e": 267.08,
            "n": 227.7,
            "height_m": 3.4,
            "crown_r_m": 1.5
          },
          {
            "e": 272.29,
            "n": 230.01,
            "height_m": 4.8,
            "crown_r_m": 3.1
          },
          {
            "e": 274.09,
            "n": 220.68,
            "height_m": 9.8,
            "crown_r_m": 3.6
          },
          {
            "e": 278.1,
            "n": 231.41,
            "height_m": 8.4,
            "crown_r_m": 2.6
          },
          {
            "e": 278.6,
            "n": 217.16,
            "height_m": 14.8,
            "crown_r_m": 3.5
          },
          {
            "e": 280.2,
            "n": 223.19,
            "height_m": 6.7,
            "crown_r_m": 1.4
          },
          {
            "e": 283.5,
            "n": 226.6,
            "height_m": 7.3,
            "crown_r_m": 3.0
          },
          {
            "e": 284.6,
            "n": 242.65,
            "height_m": 18.2,
            "crown_r_m": 6.2
          },
          {
            "e": 284.8,
            "n": 231.51,
            "height_m": 9.1,
            "crown_r_m": 3.2
          }
        ]
      },
      "geometry": {
        "type": "Polygon",
        "coordinates": [
          [
            [
              -119.15700721921286,
              34.4323962
            ],
            [
              -119.15700721921286,
              34.4326396
            ],
            [
              -119.15700714063138,
              34.432640925389585
            ],
            [
              -119.15700690564375,
              34.43264223801494
            ],
            [
              -119.15700651651302,
              34.432643525234774
            ],
            [
              -119.15700597698674,
              34.43264477465245
            ],
            [
              -119.15700529226083,
              34.4326459742354
            ],
            [
              -119.15700446892959,
              34.43264711243097
            ],
            [
              -119.15700351492212,
              34.432648178277724
            ],
            [
              -119.15700243942607,
              34.43264916151098
            ],
            [
              -119.15700125279903,
              34.43265005266165
            ],
            [
              -119.15699996646889,
              34.43265084314748
            ],
            [
              -119.15699859282368,
              34.43265152535565
            ],
            [
              -119.15699714509239,
              34.43265209271613
            ],
            [
              -119.15699563721743,
              34.43265253976492
            ],
            [
              -119.15699408372049,
              34.432652862196704
            ],
            [
              -119.15699249956258,
              34.43265305690628
            ],
            [
              -119.1569909,
              34.4326531220185
            ],
            [
              -119.1560879,
              34.4326531220185
            ],
            [
              -119.15608630043742,
              34.43265305690628
            ],
            [
              -119.15608471627951,
              34.432652862196704
            ],
            [
              -119.15608316278256,
              34.43265253976492
            ],
            [
              -119.15608165490761,
              34.43265209271613
            ],
            [
              -119.15608020717632,
              34.43265152535565
            ],
            [
              -119.15607883353111,
              34.43265084314748
            ],
            [
              -119.15607754720097,
              34.43265005266165
            ],
            [
              -119.15607636057393,
              34.43264916151098
            ],
            [
              -119.15607528507788,
              34.432648178277724
            ],
            [
              -119.15607433107041,
              34.43264711243097
            ],
            [
              -119.15607350773917,
              34.4326459742354
            ],
            [
              -119.15607282301326,
              34.43264477465245
            ],
            [
              -119.15607228348698,
              34.432643525234774
            ],
            [
              -119.15607189435624,
              34.43264223801494
            ],
            [
              -119.15607165936862,
              34.432640925389585
            ],
            [
              -119.15607158078714,
              34.4326396
            ],
            [
              -119.15607158078714,
              34.4323962
            ],
            [
              -119.15607165936862,
              34.43239487461042
            ],
            [
              -119.15607189435624,
              34.43239356198506
            ],
            [
              -119.15607228348698,
              34.43239227476523
            ],
            [
              -119.15607282301326,
              34.43239102534755
            ],
            [
              -119.15607350773917,
              34.4323898257646
            ],
            [
              -119.15607433107041,
              34.43238868756903
            ],
            [
              -119.15607528507788,
              34.43238762172228
            ],
            [
              -119.15607636057393,
              34.43238663848902
            ],
            [
              -119.15607754720097,
              34.43238574733835
            ],
            [
              -119.15607883353111,
              34.43238495685252
            ],
            [
              -119.15608020717632,
              34.43238427464435
            ],
            [
              -119.15608165490761,
              34.43238370728387
            ],
            [
              -119.15608316278256,
              34.43238326023508
            ],
            [
              -119.15608471627951,
              34.4323829378033
            ],
            [
              -119.15608630043742,
              34.43238274309372
            ],
            [
              -119.1560879,
              34.4323826779815
            ],
            [
              -119.1569909,
              34.4323826779815
            ],
            [
              -119.15699249956258,
              34.43238274309372
            ],
            [
              -119.15699408372049,
              34.4323829378033
            ],
            [
              -119.15699563721743,
              34.43238326023508
            ],
            [
              -119.15699714509239,
              34.43238370728387
            ],
            [
              -119.15699859282368,
              34.43238427464435
            ],
            [
              -119.15699996646889,
              34.43238495685252
            ],
            [
              -119.15700125279903,
              34.43238574733835
            ],
            [
              -119.15700243942607,
              34.43238663848902
            ],
            [
              -119.15700351492212,
              34.43238762172228
            ],
            [
              -119.15700446892959,
              34.43238868756903
            ],
            [
              -119.15700529226083,
              34.4323898257646
            ],
            [
              -119.15700597698674,
              34.43239102534755
            ],
            [
              -119.15700651651302,
              34.43239227476523
            ],
            [
              -119.15700690564375,
              34.43239356198506
            ],
            [
              -119.15700714063138,
              34.43239487461042
            ],
            [
              -119.15700721921286,
              34.4323962
            ]
          ]
        ]
      }
    },
    {
      "type": "Feature",
      "properties": {
        "structure_id": "creek",
        "zone": "1",
        "area_m2": 1924.7,
        "crowns_in_zone": 42,
        "canopy_pct": 58.8,
        "crosses_boundary": true,
        "outer_m": 9.1
      },
      "geometry": {
        "type": "Polygon",
        "coordinates": [
          [
            [
              -119.15708990322464,
              34.4326396
            ],
            [
              -119.15708942649707,
              34.432647640696814
            ],
            [
              -119.15708800090545,
              34.43265560395732
            ],
            [
              -119.15708564017903,
              34.43266341309097
            ],
            [
              -119.15708236705291,
              34.43267099289154
            ],
            [
              -119.15707821304906,
              34.4326782703614
            ],
            [
              -119.15707321817281,
              34.43268517541454
            ],
            [
              -119.15706743052758,
              34.43269164155152
            ],
            [
              -119.15706090585151,
              34.432697606499914
            ],
            [
              -119.15705370698083,
              34.43270301281401
            ],
            [
              -119.1570459032446,
              34.432707808428034
            ],
            [
              -119.15703756979704,
              34.432711947157614
            ],
            [
              -119.15702878689382,
              34.43271538914451
            ],
            [
              -119.15701963911911,
              34.432718101240525
            ],
            [
              -119.15701021457097,
              34.43272005732667
            ],
            [
              -119.15700060401296,
              34.43272123856478
            ],
            [
              -119.1569909,
              34.432721633578886
            ],
            [
              -119.1560879,
              34.432721633578886
            ],
            [
              -119.15607819598704,
              34.43272123856478
            ],
            [
              -119.15606858542903,
              34.43272005732667
            ],
            [
              -119.15605916088089,
              34.432718101240525
            ],
            [
              -119.15605001310618,
              34.43271538914451
            ],
            [
              -119.15604123020296,
              34.432711947157614
            ],
            [
              -119.1560328967554,
              34.432707808428034
            ],
            [
              -119.15602509301917,
              34.43270301281401
            ],
            [
              -119.15601789414849,
              34.432697606499914
            ],
            [
              -119.15601136947242,
              34.43269164155152
            ],
            [
              -119.15600558182719,
              34.43268517541454
            ],
            [
              -119.15600058695094,
              34.4326782703614
            ],
            [
              -119.15599643294709,
              34.43267099289154
            ],
            [
              -119.15599315982097,
              34.43266341309097
            ],
            [
              -119.15599079909455,
              34.43265560395732
            ],
            [
              -119.15598937350293,
              34.432647640696814
            ],
            [
              -119.15598889677536,
              34.4326396
            ],
            [
              -119.15598889677536,
              34.4323962
            ],
            [
              -119.15598937350293,
              34.43238815930319
            ],
            [
              -119.15599079909455,
              34.43238019604268
            ],
            [
              -119.15599315982097,
              34.43237238690903
            ],
            [
              -119.15599643294709,
              34.43236480710846
            ],
            [
              -119.15600058695094,
              34.4323575296386
            ],
            [
              -119.15600558182719,
              34.43235062458546
            ],
            [
              -119.15601136947242,
              34.43234415844848
            ],
            [
              -119.15601789414849,
              34.43233819350009
            ],
            [
              -119.15602509301917,
              34.43233278718599
            ],
            [
              -119.1560328967554,
              34.43232799157197
            ],
            [
              -119.15604123020296,
              34.43232385284239
            ],
            [
              -119.15605001310618,
              34.43232041085549
            ],
            [
              -119.15605916088089,
              34.432317698759476
            ],
            [
              -119.15606858542903,
              34.43231574267333
            ],
            [
              -119.15607819598704,
              34.43231456143522
            ],
            [
              -119.1560879,
              34.432314166421115
            ],
            [
              -119.1569909,
              34.432314166421115
            ],
            [
              -119.15700060401296,
              34.43231456143522
            ],
            [
              -119.15701021457097,
              34.43231574267333
            ],
            [
              -119.15701963911911,
              34.432317698759476
            ],
            [
              -119.15702878689382,
              34.43232041085549
            ],
            [
              -119.15703756979704,
              34.43232385284239
            ],
            [
              -119.1570459032446,
              34.43232799157197
            ],
            [
              -119.15705370698083,
              34.43233278718599
            ],
            [
              -119.15706090585151,
              34.43233819350009
            ],
            [
              -119.15706743052758,
              34.43234415844848
            ],
            [
              -119.15707321817281,
              34.43235062458546
            ],
            [
              -119.15707821304906,
              34.4323575296386
            ],
            [
              -119.15708236705291,
              34.43236480710846
            ],
            [
              -119.15708564017903,
              34.43237238690903
            ],
            [
              -119.15708800090545,
              34.43238019604268
            ],
            [
              -119.15708942649707,
              34.43238815930319
            ],
            [
              -119.15708990322464,
              34.4323962
            ],
            [
              -119.15708990322464,
              34.4326396
            ]
          ],
          [
            [
              -119.15700714063138,
              34.43239487461042
            ],
            [
              -119.15700690564375,
              34.43239356198506
            ],
            [
              -119.15700651651302,
              34.43239227476523
            ],
            [
              -119.15700597698674,
              34.43239102534755
            ],
            [
              -119.15700529226083,
              34.4323898257646
            ],
            [
              -119.15700446892959,
              34.43238868756903
            ],
            [
              -119.15700351492212,
              34.43238762172228
            ],
            [
              -119.15700243942607,
              34.43238663848902
            ],
            [
              -119.15700125279903,
              34.43238574733835
            ],
            [
              -119.15699996646889,
              34.43238495685252
            ],
            [
              -119.15699859282368,
              34.43238427464435
            ],
            [
              -119.15699714509239,
              34.43238370728387
            ],
            [
              -119.15699563721743,
              34.43238326023508
            ],
            [
              -119.15699408372049,
              34.4323829378033
            ],
            [
              -119.15699249956258,
              34.43238274309372
            ],
            [
              -119.1569909,
              34.4323826779815
            ],
            [
              -119.1560879,
              34.4323826779815
            ],
            [
              -119.15608630043742,
              34.43238274309372
            ],
            [
              -119.15608471627951,
              34.4323829378033
            ],
            [
              -119.15608316278256,
              34.43238326023508
            ],
            [
              -119.15608165490761,
              34.43238370728387
            ],
            [
              -119.15608020717632,
              34.43238427464435
            ],
            [
              -119.15607883353111,
              34.43238495685252
            ],
            [
              -119.15607754720097,
              34.43238574733835
            ],
            [
              -119.15607636057393,
              34.43238663848902
            ],
            [
              -119.15607528507788,
              34.43238762172228
            ],
            [
              -119.15607433107041,
              34.43238868756903
            ],
            [
              -119.15607350773917,
              34.4323898257646
            ],
            [
              -119.15607282301326,
              34.43239102534755
            ],
            [
              -119.15607228348698,
              34.43239227476523
            ],
            [
              -119.15607189435624,
              34.43239356198506
            ],
            [
              -119.15607165936862,
              34.43239487461042
            ],
            [
              -119.15607158078714,
              34.4323962
            ],
            [
              -119.15607158078714,
              34.4326396
            ],
            [
              -119.15607165936862,
              34.432640925389585
            ],
            [
              -119.15607189435624,
              34.43264223801494
            ],
            [
              -119.15607228348698,
              34.432643525234774
            ],
            [
              -119.15607282301326,
              34.43264477465245
            ],
            [
              -119.15607350773917,
              34.4326459742354
            ],
            [
              -119.15607433107041,
              34.43264711243097
            ],
            [
              -119.15607528507788,
              34.432648178277724
            ],
            [
              -119.15607636057393,
              34.43264916151098
            ],
            [
              -119.15607754720097,
              34.43265005266165
            ],
            [
              -119.15607883353111,
              34.43265084314748
            ],
            [
              -119.15608020717632,
              34.43265152535565
            ],
            [
              -119.15608165490761,
              34.43265209271613
            ],
            [
              -119.15608316278256,
              34.43265253976492
            ],
            [
              -119.15608471627951,
              34.432652862196704
            ],
            [
              -119.15608630043742,
              34.43265305690628
            ],
            [
              -119.1560879,
              34.4326531220185
            ],
            [
              -119.1569909,
              34.4326531220185
            ],
            [
              -119.15699249956258,
              34.43265305690628
            ],
            [
              -119.15699408372049,
              34.432652862196704
            ],
            [
              -119.15699563721743,
              34.43265253976492
            ],
            [
              -119.15699714509239,
              34.43265209271613
            ],
            [
              -119.15699859282368,
              34.43265152535565
            ],
            [
              -119.15699996646889,
              34.43265084314748
            ],
            [
              -119.15700125279903,
              34.43265005266165
            ],
            [
              -119.15700243942607,
              34.43264916151098
            ],
            [
              -119.15700351492212,
              34.432648178277724
            ],
            [
              -119.15700446892959,
              34.43264711243097
            ],
            [
              -119.15700529226083,
              34.4326459742354
            ],
            [
              -119.15700597698674,
              34.43264477465245
            ],
            [
              -119.15700651651302,
              34.432643525234774
            ],
            [
              -119.15700690564375,
              34.43264223801494
            ],
            [
              -119.15700714063138,
              34.432640925389585
            ],
            [
              -119.15700721921286,
              34.4326396
            ],
            [
              -119.15700721921286,
              34.4323962
            ],
            [
              -119.15700714063138,
              34.43239487461042
            ]
          ]
        ]
      }
    },
    {
      "type": "Feature",
      "properties": {
        "structure_id": "creek",
        "zone": "2",
        "area_m2": 7366.1,
        "crowns_in_zone": 98,
        "canopy_pct": 49.2,
        "crosses_boundary": true,
        "outer_m": 30.5
      },
      "geometry": {
        "type": "Polygon",
        "coordinates": [
          [
            [
              -119.15732272399472,
              34.4326396
            ],
            [
              -119.15732112617148,
              34.43266654958822
            ],
            [
              -119.15731634808971,
              34.432693239637175
            ],
            [
              -119.1573084357649,
              34.4327194131071
            ],
            [
              -119.15729746539712,
              34.43274481793318
            ],
            [
              -119.15728354263696,
              34.432769209453035
            ],
            [
              -119.15726680156824,
              34.43279235276301
            ],
            [
              -119.15724740341659,
              34.432814024980374
            ],
            [
              -119.15722553499683,
              34.43283401738983
            ],
            [
              -119.15720140691377,
              34.43285213745354
            ],
            [
              -119.15717525153407,
              34.43286821066538
            ],
            [
              -119.15714732074831,
              34.43288208223155
            ],
            [
              -119.15711788354524,
              34.43289361856127
            ],
            [
              -119.15708722342121,
              34.43290270855339
            ],
            [
              -119.15705563564998,
              34.432909264666314
            ],
            [
              -119.15702342443905,
              34.43291322376108
            ],
            [
              -119.1569909,
              34.43291454770945
            ],
            [
              -119.1560879,
              34.43291454770945
            ],
            [
              -119.15605537556095,
              34.43291322376108
            ],
            [
              -119.15602316435002,
              34.432909264666314
            ],
            [
              -119.15599157657878,
              34.43290270855339
            ],
            [
              -119.15596091645476,
              34.43289361856127
            ],
            [
              -119.15593147925169,
              34.43288208223155
            ],
            [
              -119.15590354846593,
              34.43286821066538
            ],
            [
              -119.15587739308623,
              34.43285213745354
            ],
            [
              -119.15585326500317,
              34.43283401738983
            ],
            [
              -119.15583139658341,
              34.432814024980374
            ],
            [
              -119.15581199843176,
              34.43279235276301
            ],
            [
              -119.15579525736304,
              34.432769209453035
            ],
            [
              -119.15578133460288,
              34.43274481793318
            ],
            [
              -119.1557703642351,
              34.4327194131071
            ],
            [
              -119.15576245191029,
              34.432693239637175
            ],
            [
              -119.15575767382852,
              34.43266654958822
            ],
            [
              -119.15575607600528,
              34.4326396
            ],
            [
              -119.15575607600528,
              34.4323962
            ],
            [
              -119.15575767382852,
              34.43236925041178
            ],
            [
              -119.15576245191029,
              34.43234256036283
            ],
            [
              -119.1557703642351,
              34.4323163868929
            ],
            [
              -119.15578133460288,
              34.432290982066824
            ],
            [
              -119.15579525736304,
              34.432266590546966
            ],
            [
              -119.15581199843176,
              34.43224344723699
            ],
            [
              -119.15583139658341,
              34.43222177501963
            ],
            [
              -119.15585326500317,
              34.43220178261017
            ],
            [
              -119.15587739308623,
              34.432183662546464
            ],
            [
              -119.15590354846593,
              34.43216758933462
            ],
            [
              -119.15593147925169,
              34.43215371776845
            ],
            [
              -119.15596091645476,
              34.43214218143873
            ],
            [
              -119.15599157657878,
              34.43213309144661
            ],
            [
              -119.15602316435002,
              34.43212653533369
            ],
            [
              -119.15605537556095,
              34.43212257623892
            ],
            [
              -119.1560879,
              34.43212125229055
            ],
            [
              -119.1569909,
              34.43212125229055
            ],
            [
              -119.15702342443905,
              34.43212257623892
            ],
            [
              -119.15705563564998,
              34.43212653533369
            ],
            [
              -119.15708722342121,
              34.43213309144661
            ],
            [
              -119.15711788354524,
              34.43214218143873
            ],
            [
              -119.15714732074831,
              34.43215371776845
            ],
            [
              -119.15717525153407,
              34.43216758933462
            ],
            [
              -119.15720140691377,
              34.432183662546464
            ],
            [
              -119.15722553499683,
              34.43220178261017
            ],
            [
              -119.15724740341659,
              34.43222177501963
            ],
            [
              -119.15726680156824,
              34.43224344723699
            ],
            [
              -119.15728354263696,
              34.432266590546966
            ],
            [
              -119.15729746539712,
              34.432290982066824
            ],
            [
              -119.1573084357649,
              34.4323163868929
            ],
            [
              -119.15731634808971,
              34.43234256036283
            ],
            [
              -119.15732112617148,
              34.43236925041178
            ],
            [
              -119.15732272399472,
              34.4323962
            ],
            [
              -119.15732272399472,
              34.4326396
            ]
          ],
          [
            [
              -119.15708942649707,
              34.43238815930319
            ],
            [
              -119.15708800090545,
              34.43238019604268
            ],
            [
              -119.15708564017903,
              34.43237238690903
            ],
            [
              -119.15708236705291,
              34.43236480710846
            ],
            [
              -119.15707821304906,
              34.4323575296386
            ],
            [
              -119.15707321817281,
              34.43235062458546
            ],
            [
              -119.15706743052758,
              34.43234415844848
            ],
            [
              -119.15706090585151,
              34.43233819350009
            ],
            [
              -119.15705370698083,
              34.43233278718599
            ],
            [
              -119.1570459032446,
              34.43232799157197
            ],
            [
              -119.15703756979704,
              34.43232385284239
            ],
            [
              -119.15702878689382,
              34.43232041085549
            ],
            [
              -119.15701963911911,
              34.432317698759476
            ],
            [
              -119.15701021457097,
              34.43231574267333
            ],
            [
              -119.15700060401296,
              34.43231456143522
            ],
            [
              -119.1569909,
              34.432314166421115
            ],
            [
              -119.1560879,
              34.432314166421115
            ],
            [
              -119.15607819598704,
              34.43231456143522
            ],
            [
              -119.15606858542903,
              34.43231574267333
            ],
            [
              -119.15605916088089,
              34.432317698759476
            ],
            [
              -119.15605001310618,
              34.43232041085549
            ],
            [
              -119.15604123020296,
              34.43232385284239
            ],
            [
              -119.1560328967554,
              34.43232799157197
            ],
            [
              -119.15602509301917,
              34.43233278718599
            ],
            [
              -119.15601789414849,
              34.43233819350009
            ],
            [
              -119.15601136947242,
              34.43234415844848
            ],
            [
              -119.15600558182719,
              34.43235062458546
            ],
            [
              -119.15600058695094,
              34.4323575296386
            ],
            [
              -119.15599643294709,
              34.43236480710846
            ],
            [
              -119.15599315982097,
              34.43237238690903
            ],
            [
              -119.15599079909455,
              34.43238019604268
            ],
            [
              -119.15598937350293,
              34.43238815930319
            ],
            [
              -119.15598889677536,
              34.4323962
            ],
            [
              -119.15598889677536,
              34.4326396
            ],
            [
              -119.15598937350293,
              34.432647640696814
            ],
            [
              -119.15599079909455,
              34.43265560395732
            ],
            [
              -119.15599315982097,
              34.43266341309097
            ],
            [
              -119.15599643294709,
              34.43267099289154
            ],
            [
              -119.15600058695094,
              34.4326782703614
            ],
            [
              -119.15600558182719,
              34.43268517541454
            ],
            [
              -119.15601136947242,
              34.43269164155152
            ],
            [
              -119.15601789414849,
              34.432697606499914
            ],
            [
              -119.15602509301917,
              34.43270301281401
            ],
            [
              -119.1560328967554,
              34.432707808428034
            ],
            [
              -119.15604123020296,
              34.432711947157614
            ],
            [
              -119.15605001310618,
              34.43271538914451
            ],
            [
              -119.15605916088089,
              34.432718101240525
            ],
            [
              -119.15606858542903,
              34.43272005732667
            ],
            [
              -119.15607819598704,
              34.43272123856478
            ],
            [
              -119.1560879,
              34.432721633578886
            ],
            [
              -119.1569909,
              34.432721633578886
            ],
            [
              -119.15700060401296,
              34.43272123856478
            ],
            [
              -119.15701021457097,
              34.43272005732667
            ],
            [
              -119.15701963911911,
              34.432718101240525
            ],
            [
              -119.15702878689382,
              34.43271538914451
            ],
            [
              -119.15703756979704,
              34.432711947157614
            ],
            [
              -119.1570459032446,
              34.432707808428034
            ],
            [
              -119.15705370698083,
              34.43270301281401
            ],
            [
              -119.15706090585151,
              34.432697606499914
            ],
            [
              -119.15706743052758,
              34.43269164155152
            ],
            [
              -119.15707321817281,
              34.43268517541454
            ],
            [
              -119.15707821304906,
              34.4326782703614
            ],
            [
              -119.15708236705291,
              34.43267099289154
            ],
            [
              -119.15708564017903,
              34.43266341309097
            ],
            [
              -119.15708800090545,
              34.43265560395732
            ],
            [
              -119.15708942649707,
              34.432647640696814
            ],
            [
              -119.15708990322464,
              34.4326396
            ],
            [
              -119.15708990322464,
              34.4323962
            ],
            [
              -119.15708942649707,
              34.43238815930319
            ]
          ]
        ]
      }
    },
    {
      "type": "Feature",
      "properties": {
        "structure_id": "community-hub",
        "zone": "0",
        "area_m2": 227.0,
        "crowns_in_zone": 9,
        "canopy_pct": 77.5,
        "crosses_boundary": false,
        "outer_m": 1.5,
        "overhanging_crowns": [
          {
            "e": 367.59,
            "n": 263.53,
            "height_m": 9.2,
            "crown_r_m": 1.9
          },
          {
            "e": 371.1,
            "n": 260.32,
            "height_m": 12.2,
            "crown_r_m": 4.6
          },
          {
            "e": 372.3,
            "n": 265.73,
            "height_m": 11.1,
            "crown_r_m": 4.8
          },
          {
            "e": 375.7,
            "n": 258.31,
            "height_m": 11.0,
            "crown_r_m": 2.1
          },
          {
            "e": 384.41,
            "n": 258.91,
            "height_m": 13.5,
            "crown_r_m": 3.9
          },
          {
            "e": 386.51,
            "n": 267.14,
            "height_m": 15.5,
            "crown_r_m": 5.7
          }
        ]
      },
      "geometry": {
        "type": "Polygon",
        "coordinates": [
          [
            [
              -119.15549471921287,
              34.4327584
            ],
            [
              -119.15549471921287,
              34.4328287
            ],
            [
              -119.15549464063139,
              34.432830025389585
            ],
            [
              -119.15549440564376,
              34.43283133801494
            ],
            [
              -119.15549401651303,
              34.432832625234774
            ],
            [
              -119.15549347698675,
              34.43283387465245
            ],
            [
              -119.15549279226084,
              34.4328350742354
            ],
            [
              -119.1554919689296,
              34.43283621243097
            ],
            [
              -119.15549101492213,
              34.432837278277724
            ],
            [
              -119.15548993942608,
              34.43283826151098
            ],
            [
              -119.15548875279904,
              34.43283915266165
            ],
            [
              -119.1554874664689,
              34.43283994314748
            ],
            [
              -119.1554860928237,
              34.43284062535565
            ],
            [
              -119.1554846450924,
              34.43284119271613
            ],
            [
              -119.15548313721744,
              34.43284163976492
            ],
            [
              -119.1554815837205,
              34.432841962196704
            ],
            [
              -119.15547999956259,
              34.43284215690628
            ],
            [
              -119.1554784,
              34.4328422220185
            ],
            [
              -119.1552804,
              34.4328422220185
            ],
            [
              -119.15527880043742,
              34.43284215690628
            ],
            [
              -119.1552772162795,
              34.432841962196704
            ],
            [
              -119.15527566278256,
              34.43284163976492
            ],
            [
              -119.1552741549076,
              34.43284119271613
            ],
            [
              -119.15527270717631,
              34.43284062535565
            ],
            [
              -119.1552713335311,
              34.43283994314748
            ],
            [
              -119.15527004720096,
              34.43283915266165
            ],
            [
              -119.15526886057393,
              34.43283826151098
            ],
            [
              -119.15526778507787,
              34.432837278277724
            ],
            [
              -119.1552668310704,
              34.43283621243097
            ],
            [
              -119.15526600773916,
              34.4328350742354
            ],
            [
              -119.15526532301325,
              34.43283387465245
            ],
            [
              -119.15526478348697,
              34.432832625234774
            ],
            [
              -119.15526439435624,
              34.43283133801494
            ],
            [
              -119.15526415936861,
              34.432830025389585
            ],
            [
              -119.15526408078713,
              34.4328287
            ],
            [
              -119.15526408078713,
              34.4327584
            ],
            [
              -119.15526415936861,
              34.432757074610414
            ],
            [
              -119.15526439435624,
              34.43275576198506
            ],
            [
              -119.15526478348697,
              34.432754474765225
            ],
            [
              -119.15526532301325,
              34.43275322534755
            ],
            [
              -119.15526600773916,
              34.4327520257646
            ],
            [
              -119.1552668310704,
              34.43275088756903
            ],
            [
              -119.15526778507787,
              34.432749821722275
            ],
            [
              -119.15526886057393,
              34.43274883848902
            ],
            [
              -119.15527004720096,
              34.43274794733835
            ],
            [
              -119.1552713335311,
              34.43274715685252
            ],
            [
              -119.15527270717631,
              34.43274647464435
            ],
            [
              -119.1552741549076,
              34.432745907283866
            ],
            [
              -119.15527566278256,
              34.432745460235076
            ],
            [
              -119.1552772162795,
              34.432745137803295
            ],
            [
              -119.15527880043742,
              34.43274494309372
            ],
            [
              -119.1552804,
              34.4327448779815
            ],
            [
              -119.1554784,
              34.4327448779815
            ],
            [
              -119.15547999956259,
              34.43274494309372
            ],
            [
              -119.1554815837205,
              34.432745137803295
            ],
            [
              -119.15548313721744,
              34.432745460235076
            ],
            [
              -119.1554846450924,
              34.432745907283866
            ],
            [
              -119.1554860928237,
              34.43274647464435
            ],
            [
              -119.1554874664689,
              34.43274715685252
            ],
            [
              -119.15548875279904,
              34.43274794733835
            ],
            [
              -119.15548993942608,
              34.43274883848902
            ],
            [
              -119.15549101492213,
              34.432749821722275
            ],
            [
              -119.1554919689296,
              34.43275088756903
            ],
            [
              -119.15549279226084,
              34.4327520257646
            ],
            [
              -119.15549347698675,
              34.43275322534755
            ],
            [
              -119.15549401651303,
              34.432754474765225
            ],
            [
              -119.15549440564376,
              34.43275576198506
            ],
            [
              -119.15549464063139,
              34.432757074610414
            ],
            [
              -119.15549471921287,
              34.4327584
            ]
          ]
        ]
      }
    },
    {
      "type": "Feature",
      "properties": {
        "structure_id": "community-hub",
        "zone": "1",
        "area_m2": 647.8,
        "crowns_in_zone": 14,
        "canopy_pct": 42.5,
        "crosses_boundary": false,
        "outer_m": 9.1
      },
      "geometry": {
        "type": "Polygon",
        "coordinates": [
          [
            [
              -119.15557740322465,
              34.4328287
            ],
            [
              -119.15557692649708,
              34.432836740696814
            ],
            [
              -119.15557550090546,
              34.43284470395732
            ],
            [
              -119.15557314017904,
              34.43285251309097
            ],
            [
              -119.15556986705292,
              34.43286009289154
            ],
            [
              -119.15556571304907,
              34.4328673703614
            ],
            [
              -119.15556071817282,
              34.43287427541454
            ],
            [
              -119.15555493052759,
              34.43288074155152
            ],
            [
              -119.15554840585152,
              34.432886706499914
            ],
            [
              -119.15554120698084,
              34.43289211281401
            ],
            [
              -119.1555334032446,
              34.432896908428035
            ],
            [
              -119.15552506979705,
              34.432901047157614
            ],
            [
              -119.15551628689383,
              34.43290448914451
            ],
            [
              -119.15550713911912,
              34.432907201240525
            ],
            [
              -119.15549771457098,
              34.43290915732667
            ],
            [
              -119.15548810401297,
              34.43291033856478
            ],
            [
              -119.1554784,
              34.432910733578886
            ],
            [
              -119.1552804,
              34.432910733578886
            ],
            [
              -119.15527069598703,
              34.43291033856478
            ],
            [
              -119.15526108542902,
              34.43290915732667
            ],
            [
              -119.15525166088088,
              34.432907201240525
            ],
            [
              -119.15524251310617,
              34.43290448914451
            ],
            [
              -119.15523373020295,
              34.432901047157614
            ],
            [
              -119.1552253967554,
              34.432896908428035
            ],
            [
              -119.15521759301916,
              34.43289211281401
            ],
            [
              -119.15521039414848,
              34.432886706499914
            ],
            [
              -119.15520386947242,
              34.43288074155152
            ],
            [
              -119.15519808182718,
              34.43287427541454
            ],
            [
              -119.15519308695093,
              34.4328673703614
            ],
            [
              -119.15518893294708,
              34.43286009289154
            ],
            [
              -119.15518565982096,
              34.43285251309097
            ],
            [
              -119.15518329909455,
              34.43284470395732
            ],
            [
              -119.15518187350293,
              34.432836740696814
            ],
            [
              -119.15518139677535,
              34.4328287
            ],
            [
              -119.15518139677535,
              34.4327584
            ],
            [
              -119.15518187350293,
              34.432750359303185
            ],
            [
              -119.15518329909455,
              34.43274239604268
            ],
            [
              -119.15518565982096,
              34.43273458690903
            ],
            [
              -119.15518893294708,
              34.43272700710846
            ],
            [
              -119.15519308695093,
              34.4327197296386
            ],
            [
              -119.15519808182718,
              34.43271282458546
            ],
            [
              -119.15520386947242,
              34.43270635844848
            ],
            [
              -119.15521039414848,
              34.432700393500085
            ],
            [
              -119.15521759301916,
              34.43269498718599
            ],
            [
              -119.1552253967554,
              34.432690191571965
            ],
            [
              -119.15523373020295,
              34.432686052842385
            ],
            [
              -119.15524251310617,
              34.43268261085549
            ],
            [
              -119.15525166088088,
              34.432679898759474
            ],
            [
              -119.15526108542902,
              34.43267794267333
            ],
            [
              -119.15527069598703,
              34.43267676143522
            ],
            [
              -119.1552804,
              34.43267636642111
            ],
            [
              -119.1554784,
              34.43267636642111
            ],
            [
              -119.15548810401297,
              34.43267676143522
            ],
            [
              -119.15549771457098,
              34.43267794267333
            ],
            [
              -119.15550713911912,
              34.432679898759474
            ],
            [
              -119.15551628689383,
              34.43268261085549
            ],
            [
              -119.15552506979705,
              34.432686052842385
            ],
            [
              -119.1555334032446,
              34.432690191571965
            ],
            [
              -119.15554120698084,
              34.43269498718599
            ],
            [
              -119.15554840585152,
              34.432700393500085
            ],
            [
              -119.15555493052759,
              34.43270635844848
            ],
            [
              -119.15556071817282,
              34.43271282458546
            ],
            [
              -119.15556571304907,
              34.4327197296386
            ],
            [
              -119.15556986705292,
              34.43272700710846
            ],
            [
              -119.15557314017904,
              34.43273458690903
            ],
            [
              -119.15557550090546,
              34.43274239604268
            ],
            [
              -119.15557692649708,
              34.432750359303185
            ],
            [
              -119.15557740322465,
              34.4327584
            ],
            [
              -119.15557740322465,
              34.4328287
            ]
          ],
          [
            [
              -119.15549464063139,
              34.432757074610414
            ],
            [
              -119.15549440564376,
              34.43275576198506
            ],
            [
              -119.15549401651303,
              34.432754474765225
            ],
            [
              -119.15549347698675,
              34.43275322534755
            ],
            [
              -119.15549279226084,
              34.4327520257646
            ],
            [
              -119.1554919689296,
              34.43275088756903
            ],
            [
              -119.15549101492213,
              34.432749821722275
            ],
            [
              -119.15548993942608,
              34.43274883848902
            ],
            [
              -119.15548875279904,
              34.43274794733835
            ],
            [
              -119.1554874664689,
              34.43274715685252
            ],
            [
              -119.1554860928237,
              34.43274647464435
            ],
            [
              -119.1554846450924,
              34.432745907283866
            ],
            [
              -119.15548313721744,
              34.432745460235076
            ],
            [
              -119.1554815837205,
              34.432745137803295
            ],
            [
              -119.15547999956259,
              34.43274494309372
            ],
            [
              -119.1554784,
              34.4327448779815
            ],
            [
              -119.1552804,
              34.4327448779815
            ],
            [
              -119.15527880043742,
              34.43274494309372
            ],
            [
              -119.1552772162795,
              34.432745137803295
            ],
            [
              -119.15527566278256,
              34.432745460235076
            ],
            [
              -119.1552741549076,
              34.432745907283866
            ],
            [
              -119.15527270717631,
              34.43274647464435
            ],
            [
              -119.1552713335311,
              34.43274715685252
            ],
            [
              -119.15527004720096,
              34.43274794733835
            ],
            [
              -119.15526886057393,
              34.43274883848902
            ],
            [
              -119.15526778507787,
              34.432749821722275
            ],
            [
              -119.1552668310704,
              34.43275088756903
            ],
            [
              -119.15526600773916,
              34.4327520257646
            ],
            [
              -119.15526532301325,
              34.43275322534755
            ],
            [
              -119.15526478348697,
              34.432754474765225
            ],
            [
              -119.15526439435624,
              34.43275576198506
            ],
            [
              -119.15526415936861,
              34.432757074610414
            ],
            [
              -119.15526408078713,
              34.4327584
            ],
            [
              -119.15526408078713,
              34.4328287
            ],
            [
              -119.15526415936861,
              34.432830025389585
            ],
            [
              -119.15526439435624,
              34.43283133801494
            ],
            [
              -119.15526478348697,
              34.432832625234774
            ],
            [
              -119.15526532301325,
              34.43283387465245
            ],
            [
              -119.15526600773916,
              34.4328350742354
            ],
            [
              -119.1552668310704,
              34.43283621243097
            ],
            [
              -119.15526778507787,
              34.432837278277724
            ],
            [
              -119.15526886057393,
              34.43283826151098
            ],
            [
              -119.15527004720096,
              34.43283915266165
            ],
            [
              -119.1552713335311,
              34.43283994314748
            ],
            [
              -119.15527270717631,
              34.43284062535565
            ],
            [
              -119.1552741549076,
              34.43284119271613
            ],
            [
              -119.15527566278256,
              34.43284163976492
            ],
            [
              -119.1552772162795,
              34.432841962196704
            ],
            [
              -119.15527880043742,
              34.43284215690628
            ],
            [
              -119.1552804,
              34.4328422220185
            ],
            [
              -119.1554784,
              34.4328422220185
            ],
            [
              -119.15547999956259,
              34.43284215690628
            ],
            [
              -119.1554815837205,
              34.432841962196704
            ],
            [
              -119.15548313721744,
              34.43284163976492
            ],
            [
              -119.1554846450924,
              34.43284119271613
            ],
            [
              -119.1554860928237,
              34.43284062535565
            ],
            [
              -119.1554874664689,
              34.43283994314748
            ],
            [
              -119.15548875279904,
              34.43283915266165
            ],
            [
              -119.15548993942608,
              34.43283826151098
            ],
            [
              -119.15549101492213,
              34.432837278277724
            ],
            [
              -119.1554919689296,
              34.43283621243097
            ],
            [
              -119.15549279226084,
              34.4328350742354
            ],
            [
              -119.15549347698675,
              34.43283387465245
            ],
            [
              -119.15549401651303,
              34.432832625234774
            ],
            [
              -119.15549440564376,
              34.43283133801494
            ],
            [
              -119.15549464063139,
              34.432830025389585
            ],
            [
              -119.15549471921287,
              34.4328287
            ],
            [
              -119.15549471921287,
              34.4327584
            ],
            [
              -119.15549464063139,
              34.432757074610414
            ]
          ]
        ]
      }
    },
    {
      "type": "Feature",
      "properties": {
        "structure_id": "community-hub",
        "zone": "2",
        "area_m2": 3770.7,
        "crowns_in_zone": 54,
        "canopy_pct": 43.0,
        "crosses_boundary": true,
        "outer_m": 30.5
      },
      "geometry": {
        "type": "Polygon",
        "coordinates": [
          [
            [
              -119.15581022399473,
              34.4328287
            ],
            [
              -119.15580862617149,
              34.43285564958822
            ],
            [
              -119.15580384808972,
              34.432882339637175
            ],
            [
              -119.15579593576491,
              34.4329085131071
            ],
            [
              -119.15578496539713,
              34.43293391793318
            ],
            [
              -119.15577104263697,
              34.432958309453035
            ],
            [
              -119.15575430156825,
              34.43298145276301
            ],
            [
              -119.1557349034166,
              34.433003124980374
            ],
            [
              -119.15571303499684,
              34.43302311738983
            ],
            [
              -119.15568890691378,
              34.43304123745354
            ],
            [
              -119.15566275153408,
              34.43305731066538
            ],
            [
              -119.15563482074832,
              34.43307118223155
            ],
            [
              -119.15560538354525,
              34.43308271856127
            ],
            [
              -119.15557472342122,
              34.43309180855339
            ],
            [
              -119.15554313564999,
              34.433098364666314
            ],
            [
              -119.15551092443906,
              34.433102323761084
            ],
            [
              -119.1554784,
              34.43310364770945
            ],
            [
              -119.1552804,
              34.43310364770945
            ],
            [
              -119.15524787556095,
              34.433102323761084
            ],
            [
              -119.15521566435001,
              34.433098364666314
            ],
            [
              -119.15518407657878,
              34.43309180855339
            ],
            [
              -119.15515341645475,
              34.43308271856127
            ],
            [
              -119.15512397925168,
              34.43307118223155
            ],
            [
              -119.15509604846592,
              34.43305731066538
            ],
            [
              -119.15506989308622,
              34.43304123745354
            ],
            [
              -119.15504576500317,
              34.43302311738983
            ],
            [
              -119.1550238965834,
              34.433003124980374
            ],
            [
              -119.15500449843175,
              34.43298145276301
            ],
            [
              -119.15498775736303,
              34.432958309453035
            ],
            [
              -119.15497383460287,
              34.43293391793318
            ],
            [
              -119.15496286423509,
              34.4329085131071
            ],
            [
              -119.15495495191028,
              34.432882339637175
            ],
            [
              -119.15495017382851,
              34.43285564958822
            ],
            [
              -119.15494857600527,
              34.4328287
            ],
            [
              -119.15494857600527,
              34.4327584
            ],
            [
              -119.15495017382851,
              34.43273145041178
            ],
            [
              -119.15495495191028,
              34.432704760362824
            ],
            [
              -119.15496286423509,
              34.4326785868929
            ],
            [
              -119.15497383460287,
              34.43265318206682
            ],
            [
              -119.15498775736303,
              34.432628790546964
            ],
            [
              -119.15500449843175,
              34.43260564723699
            ],
            [
              -119.1550238965834,
              34.432583975019625
            ],
            [
              -119.15504576500317,
              34.43256398261017
            ],
            [
              -119.15506989308622,
              34.43254586254646
            ],
            [
              -119.15509604846592,
              34.432529789334616
            ],
            [
              -119.15512397925168,
              34.43251591776845
            ],
            [
              -119.15515341645475,
              34.432504381438726
            ],
            [
              -119.15518407657878,
              34.43249529144661
            ],
            [
              -119.15521566435001,
              34.432488735333685
            ],
            [
              -119.15524787556095,
              34.432484776238915
            ],
            [
              -119.1552804,
              34.43248345229055
            ],
            [
              -119.1554784,
              34.43248345229055
            ],
            [
              -119.15551092443906,
              34.432484776238915
            ],
            [
              -119.15554313564999,
              34.432488735333685
            ],
            [
              -119.15557472342122,
              34.43249529144661
            ],
            [
              -119.15560538354525,
              34.432504381438726
            ],
            [
              -119.15563482074832,
              34.43251591776845
            ],
            [
              -119.15566275153408,
              34.432529789334616
            ],
            [
              -119.15568890691378,
              34.43254586254646
            ],
            [
              -119.15571303499684,
              34.43256398261017
            ],
            [
              -119.1557349034166,
              34.432583975019625
            ],
            [
              -119.15575430156825,
              34.43260564723699
            ],
            [
              -119.15577104263697,
              34.432628790546964
            ],
            [
              -119.15578496539713,
              34.43265318206682
            ],
            [
              -119.15579593576491,
              34.4326785868929
            ],
            [
              -119.15580384808972,
              34.432704760362824
            ],
            [
              -119.15580862617149,
              34.43273145041178
            ],
            [
              -119.15581022399473,
              34.4327584
            ],
            [
              -119.15581022399473,
              34.4328287
            ]
          ],
          [
            [
              -119.15557692649708,
              34.432750359303185
            ],
            [
              -119.15557550090546,
              34.43274239604268
            ],
            [
              -119.15557314017904,
              34.43273458690903
            ],
            [
              -119.15556986705292,
              34.43272700710846
            ],
            [
              -119.15556571304907,
              34.4327197296386
            ],
            [
              -119.15556071817282,
              34.43271282458546
            ],
            [
              -119.15555493052759,
              34.43270635844848
            ],
            [
              -119.15554840585152,
              34.432700393500085
            ],
            [
              -119.15554120698084,
              34.43269498718599
            ],
            [
              -119.1555334032446,
              34.432690191571965
            ],
            [
              -119.15552506979705,
              34.432686052842385
            ],
            [
              -119.15551628689383,
              34.43268261085549
            ],
            [
              -119.15550713911912,
              34.432679898759474
            ],
            [
              -119.15549771457098,
              34.43267794267333
            ],
            [
              -119.15548810401297,
              34.43267676143522
            ],
            [
              -119.1554784,
              34.43267636642111
            ],
            [
              -119.1552804,
              34.43267636642111
            ],
            [
              -119.15527069598703,
              34.43267676143522
            ],
            [
              -119.15526108542902,
              34.43267794267333
            ],
            [
              -119.15525166088088,
              34.432679898759474
            ],
            [
              -119.15524251310617,
              34.43268261085549
            ],
            [
              -119.15523373020295,
              34.432686052842385
            ],
            [
              -119.1552253967554,
              34.432690191571965
            ],
            [
              -119.15521759301916,
              34.43269498718599
            ],
            [
              -119.15521039414848,
              34.432700393500085
            ],
            [
              -119.15520386947242,
              34.43270635844848
            ],
            [
              -119.15519808182718,
              34.43271282458546
            ],
            [
              -119.15519308695093,
              34.4327197296386
            ],
            [
              -119.15518893294708,
              34.43272700710846
            ],
            [
              -119.15518565982096,
              34.43273458690903
            ],
            [
              -119.15518329909455,
              34.43274239604268
            ],
            [
              -119.15518187350293,
              34.432750359303185
            ],
            [
              -119.15518139677535,
              34.4327584
            ],
            [
              -119.15518139677535,
              34.4328287
            ],
            [
              -119.15518187350293,
              34.432836740696814
            ],
            [
              -119.15518329909455,
              34.43284470395732
            ],
            [
              -119.15518565982096,
              34.43285251309097
            ],
            [
              -119.15518893294708,
              34.43286009289154
            ],
            [
              -119.15519308695093,
              34.4328673703614
            ],
            [
              -119.15519808182718,
              34.43287427541454
            ],
            [
              -119.15520386947242,
              34.43288074155152
            ],
            [
              -119.15521039414848,
              34.432886706499914
            ],
            [
              -119.15521759301916,
              34.43289211281401
            ],
            [
              -119.1552253967554,
              34.432896908428035
            ],
            [
              -119.15523373020295,
              34.432901047157614
            ],
            [
              -119.15524251310617,
              34.43290448914451
            ],
            [
              -119.15525166088088,
              34.432907201240525
            ],
            [
              -119.15526108542902,
              34.43290915732667
            ],
            [
              -119.15527069598703,
              34.43291033856478
            ],
            [
              -119.1552804,
              34.432910733578886
            ],
            [
              -119.1554784,
              34.432910733578886
            ],
            [
              -119.15548810401297,
              34.43291033856478
            ],
            [
              -119.15549771457098,
              34.43290915732667
            ],
            [
              -119.15550713911912,
              34.432907201240525
            ],
            [
              -119.15551628689383,
              34.43290448914451
            ],
            [
              -119.15552506979705,
              34.432901047157614
            ],
            [
              -119.1555334032446,
              34.432896908428035
            ],
            [
              -119.15554120698084,
              34.43289211281401
            ],
            [
              -119.15554840585152,
              34.432886706499914
            ],
            [
              -119.15555493052759,
              34.43288074155152
            ],
            [
              -119.15556071817282,
              34.43287427541454
            ],
            [
              -119.15556571304907,
              34.4328673703614
            ],
            [
              -119.15556986705292,
              34.43286009289154
            ],
            [
              -119.15557314017904,
              34.43285251309097
            ],
            [
              -119.15557550090546,
              34.43284470395732
            ],
            [
              -119.15557692649708,
              34.432836740696814
            ],
            [
              -119.15557740322465,
              34.4328287
            ],
            [
              -119.15557740322465,
              34.4327584
            ],
            [
              -119.15557692649708,
              34.432750359303185
            ]
          ]
        ]
      }
    },
    {
      "type": "Feature",
      "properties": {
        "structure_id": "events-gatherings-hub",
        "zone": "0",
        "area_m2": 342.1,
        "crowns_in_zone": 0,
        "canopy_pct": 0.0,
        "crosses_boundary": false,
        "outer_m": 1.5,
        "overhanging_crowns": []
      },
      "geometry": {
        "type": "Polygon",
        "coordinates": [
          [
            [
              -119.15517381921286,
              34.4333796
            ],
            [
              -119.15517381921286,
              34.4335076
            ],
            [
              -119.15517374063138,
              34.43350892538958
            ],
            [
              -119.15517350564376,
              34.43351023801494
            ],
            [
              -119.15517311651303,
              34.43351152523477
            ],
            [
              -119.15517257698674,
              34.43351277465245
            ],
            [
              -119.15517189226084,
              34.433513974235396
            ],
            [
              -119.15517106892959,
              34.43351511243097
            ],
            [
              -119.15517011492213,
              34.43351617827772
            ],
            [
              -119.15516903942607,
              34.43351716151098
            ],
            [
              -119.15516785279904,
              34.43351805266165
            ],
            [
              -119.15516656646889,
              34.433518843147475
            ],
            [
              -119.15516519282369,
              34.43351952535565
            ],
            [
              -119.1551637450924,
              34.43352009271613
            ],
            [
              -119.15516223721744,
              34.43352053976492
            ],
            [
              -119.1551606837205,
              34.4335208621967
            ],
            [
              -119.15515909956258,
              34.43352105690628
            ],
            [
              -119.1551575,
              34.4335211220185
            ],
            [
              -119.1549725,
              34.4335211220185
            ],
            [
              -119.15497090043742,
              34.43352105690628
            ],
            [
              -119.1549693162795,
              34.4335208621967
            ],
            [
              -119.15496776278256,
              34.43352053976492
            ],
            [
              -119.1549662549076,
              34.43352009271613
            ],
            [
              -119.15496480717631,
              34.43351952535565
            ],
            [
              -119.15496343353111,
              34.433518843147475
            ],
            [
              -119.15496214720096,
              34.43351805266165
            ],
            [
              -119.15496096057393,
              34.43351716151098
            ],
            [
              -119.15495988507787,
              34.43351617827772
            ],
            [
              -119.15495893107041,
              34.43351511243097
            ],
            [
              -119.15495810773916,
              34.433513974235396
            ],
            [
              -119.15495742301326,
              34.43351277465245
            ],
            [
              -119.15495688348697,
              34.43351152523477
            ],
            [
              -119.15495649435624,
              34.43351023801494
            ],
            [
              -119.15495625936862,
              34.43350892538958
            ],
            [
              -119.15495618078714,
              34.4335076
            ],
            [
              -119.15495618078714,
              34.4333796
            ],
            [
              -119.15495625936862,
              34.43337827461042
            ],
            [
              -119.15495649435624,
              34.43337696198506
            ],
            [
              -119.15495688348697,
              34.43337567476523
            ],
            [
              -119.15495742301326,
              34.43337442534755
            ],
            [
              -119.15495810773916,
              34.433373225764605
            ],
            [
              -119.15495893107041,
              34.43337208756903
            ],
            [
              -119.15495988507787,
              34.43337102172228
            ],
            [
              -119.15496096057393,
              34.433370038489024
            ],
            [
              -119.15496214720096,
              34.433369147338354
            ],
            [
              -119.15496343353111,
              34.433368356852526
            ],
            [
              -119.15496480717631,
              34.43336767464435
            ],
            [
              -119.1549662549076,
              34.43336710728387
            ],
            [
              -119.15496776278256,
              34.43336666023508
            ],
            [
              -119.1549693162795,
              34.4333663378033
            ],
            [
              -119.15497090043742,
              34.43336614309372
            ],
            [
              -119.1549725,
              34.4333660779815
            ],
            [
              -119.1551575,
              34.4333660779815
            ],
            [
              -119.15515909956258,
              34.43336614309372
            ],
            [
              -119.1551606837205,
              34.4333663378033
            ],
            [
              -119.15516223721744,
              34.43336666023508
            ],
            [
              -119.1551637450924,
              34.43336710728387
            ],
            [
              -119.15516519282369,
              34.43336767464435
            ],
            [
              -119.15516656646889,
              34.433368356852526
            ],
            [
              -119.15516785279904,
              34.433369147338354
            ],
            [
              -119.15516903942607,
              34.433370038489024
            ],
            [
              -119.15517011492213,
              34.43337102172228
            ],
            [
              -119.15517106892959,
              34.43337208756903
            ],
            [
              -119.15517189226084,
              34.433373225764605
            ],
            [
              -119.15517257698674,
              34.43337442534755
            ],
            [
              -119.15517311651303,
              34.43337567476523
            ],
            [
              -119.15517350564376,
              34.43337696198506
            ],
            [
              -119.15517374063138,
              34.43337827461042
            ],
            [
              -119.15517381921286,
              34.4333796
            ]
          ]
        ]
      }
    },
    {
      "type": "Feature",
      "properties": {
        "structure_id": "events-gatherings-hub",
        "zone": "1",
        "area_m2": 727.0,
        "crowns_in_zone": 2,
        "canopy_pct": 2.0,
        "crosses_boundary": true,
        "outer_m": 9.1
      },
      "geometry": {
        "type": "Polygon",
        "coordinates": [
          [
            [
              -119.15525650322465,
              34.4335076
            ],
            [
              -119.15525602649707,
              34.43351564069681
            ],
            [
              -119.15525460090545,
              34.43352360395732
            ],
            [
              -119.15525224017904,
              34.43353141309097
            ],
            [
              -119.15524896705291,
              34.433538992891535
            ],
            [
              -119.15524481304907,
              34.4335462703614
            ],
            [
              -119.15523981817282,
              34.43355317541454
            ],
            [
              -119.15523403052758,
              34.43355964155152
            ],
            [
              -119.15522750585151,
              34.43356560649991
            ],
            [
              -119.15522030698084,
              34.43357101281401
            ],
            [
              -119.1552125032446,
              34.43357580842803
            ],
            [
              -119.15520416979705,
              34.43357994715761
            ],
            [
              -119.15519538689382,
              34.43358338914451
            ],
            [
              -119.15518623911912,
              34.43358610124052
            ],
            [
              -119.15517681457098,
              34.433588057326666
            ],
            [
              -119.15516720401297,
              34.43358923856478
            ],
            [
              -119.1551575,
              34.43358963357888
            ],
            [
              -119.1549725,
              34.43358963357888
            ],
            [
              -119.15496279598703,
              34.43358923856478
            ],
            [
              -119.15495318542902,
              34.433588057326666
            ],
            [
              -119.15494376088088,
              34.43358610124052
            ],
            [
              -119.15493461310618,
              34.43358338914451
            ],
            [
              -119.15492583020296,
              34.43357994715761
            ],
            [
              -119.1549174967554,
              34.43357580842803
            ],
            [
              -119.15490969301916,
              34.43357101281401
            ],
            [
              -119.15490249414849,
              34.43356560649991
            ],
            [
              -119.15489596947242,
              34.43355964155152
            ],
            [
              -119.15489018182718,
              34.43355317541454
            ],
            [
              -119.15488518695093,
              34.4335462703614
            ],
            [
              -119.15488103294709,
              34.433538992891535
            ],
            [
              -119.15487775982096,
              34.43353141309097
            ],
            [
              -119.15487539909455,
              34.43352360395732
            ],
            [
              -119.15487397350293,
              34.43351564069681
            ],
            [
              -119.15487349677535,
              34.4335076
            ],
            [
              -119.15487349677535,
              34.4333796
            ],
            [
              -119.15487397350293,
              34.43337155930319
            ],
            [
              -119.15487539909455,
              34.43336359604268
            ],
            [
              -119.15487775982096,
              34.43335578690903
            ],
            [
              -119.15488103294709,
              34.433348207108466
            ],
            [
              -119.15488518695093,
              34.433340929638604
            ],
            [
              -119.15489018182718,
              34.43333402458546
            ],
            [
              -119.15489596947242,
              34.43332755844848
            ],
            [
              -119.15490249414849,
              34.43332159350009
            ],
            [
              -119.15490969301916,
              34.433316187185994
            ],
            [
              -119.1549174967554,
              34.43331139157197
            ],
            [
              -119.15492583020296,
              34.43330725284239
            ],
            [
              -119.15493461310618,
              34.43330381085549
            ],
            [
              -119.15494376088088,
              34.43330109875948
            ],
            [
              -119.15495318542902,
              34.433299142673334
            ],
            [
              -119.15496279598703,
              34.43329796143522
            ],
            [
              -119.1549725,
              34.43329756642112
            ],
            [
              -119.1551575,
              34.43329756642112
            ],
            [
              -119.15516720401297,
              34.43329796143522
            ],
            [
              -119.15517681457098,
              34.433299142673334
            ],
            [
              -119.15518623911912,
              34.43330109875948
            ],
            [
              -119.15519538689382,
              34.43330381085549
            ],
            [
              -119.15520416979705,
              34.43330725284239
            ],
            [
              -119.1552125032446,
              34.43331139157197
            ],
            [
              -119.15522030698084,
              34.433316187185994
            ],
            [
              -119.15522750585151,
              34.43332159350009
            ],
            [
              -119.15523403052758,
              34.43332755844848
            ],
            [
              -119.15523981817282,
              34.43333402458546
            ],
            [
              -119.15524481304907,
              34.433340929638604
            ],
            [
              -119.15524896705291,
              34.433348207108466
            ],
            [
              -119.15525224017904,
              34.43335578690903
            ],
            [
              -119.15525460090545,
              34.43336359604268
            ],
            [
              -119.15525602649707,
              34.43337155930319
            ],
            [
              -119.15525650322465,
              34.4333796
            ],
            [
              -119.15525650322465,
              34.4335076
            ]
          ],
          [
            [
              -119.15517374063138,
              34.43337827461042
            ],
            [
              -119.15517350564376,
              34.43337696198506
            ],
            [
              -119.15517311651303,
              34.43337567476523
            ],
            [
              -119.15517257698674,
              34.43337442534755
            ],
            [
              -119.15517189226084,
              34.433373225764605
            ],
            [
              -119.15517106892959,
              34.43337208756903
            ],
            [
              -119.15517011492213,
              34.43337102172228
            ],
            [
              -119.15516903942607,
              34.433370038489024
            ],
            [
              -119.15516785279904,
              34.433369147338354
            ],
            [
              -119.15516656646889,
              34.433368356852526
            ],
            [
              -119.15516519282369,
              34.43336767464435
            ],
            [
              -119.1551637450924,
              34.43336710728387
            ],
            [
              -119.15516223721744,
              34.43336666023508
            ],
            [
              -119.1551606837205,
              34.4333663378033
            ],
            [
              -119.15515909956258,
              34.43336614309372
            ],
            [
              -119.1551575,
              34.4333660779815
            ],
            [
              -119.1549725,
              34.4333660779815
            ],
            [
              -119.15497090043742,
              34.43336614309372
            ],
            [
              -119.1549693162795,
              34.4333663378033
            ],
            [
              -119.15496776278256,
              34.43336666023508
            ],
            [
              -119.1549662549076,
              34.43336710728387
            ],
            [
              -119.15496480717631,
              34.43336767464435
            ],
            [
              -119.15496343353111,
              34.433368356852526
            ],
            [
              -119.15496214720096,
              34.433369147338354
            ],
            [
              -119.15496096057393,
              34.433370038489024
            ],
            [
              -119.15495988507787,
              34.43337102172228
            ],
            [
              -119.15495893107041,
              34.43337208756903
            ],
            [
              -119.15495810773916,
              34.433373225764605
            ],
            [
              -119.15495742301326,
              34.43337442534755
            ],
            [
              -119.15495688348697,
              34.43337567476523
            ],
            [
              -119.15495649435624,
              34.43337696198506
            ],
            [
              -119.15495625936862,
              34.43337827461042
            ],
            [
              -119.15495618078714,
              34.4333796
            ],
            [
              -119.15495618078714,
              34.4335076
            ],
            [
              -119.15495625936862,
              34.43350892538958
            ],
            [
              -119.15495649435624,
              34.43351023801494
            ],
            [
              -119.15495688348697,
              34.43351152523477
            ],
            [
              -119.15495742301326,
              34.43351277465245
            ],
            [
              -119.15495810773916,
              34.433513974235396
            ],
            [
              -119.15495893107041,
              34.43351511243097
            ],
            [
              -119.15495988507787,
              34.43351617827772
            ],
            [
              -119.15496096057393,
              34.43351716151098
            ],
            [
              -119.15496214720096,
              34.43351805266165
            ],
            [
              -119.15496343353111,
              34.433518843147475
            ],
            [
              -119.15496480717631,
              34.43351952535565
            ],
            [
              -119.1549662549076,
              34.43352009271613
            ],
            [
              -119.15496776278256,
              34.43352053976492
            ],
            [
              -119.1549693162795,
              34.4335208621967
            ],
            [
              -119.15497090043742,
              34.43352105690628
            ],
            [
              -119.1549725,
              34.4335211220185
            ],
            [
              -119.1551575,
              34.4335211220185
            ],
            [
              -119.15515909956258,
              34.43352105690628
            ],
            [
              -119.1551606837205,
              34.4335208621967
            ],
            [
              -119.15516223721744,
              34.43352053976492
            ],
            [
              -119.1551637450924,
              34.43352009271613
            ],
            [
              -119.15516519282369,
              34.43351952535565
            ],
            [
              -119.15516656646889,
              34.433518843147475
            ],
            [
              -119.15516785279904,
              34.43351805266165
            ],
            [
              -119.15516903942607,
              34.43351716151098
            ],
            [
              -119.15517011492213,
              34.43351617827772
            ],
            [
              -119.15517106892959,
              34.43351511243097
            ],
            [
              -119.15517189226084,
              34.433513974235396
            ],
            [
              -119.15517257698674,
              34.43351277465245
            ],
            [
              -119.15517311651303,
              34.43351152523477
            ],
            [
              -119.15517350564376,
              34.43351023801494
            ],
            [
              -119.15517374063138,
              34.43350892538958
            ],
            [
              -119.15517381921286,
              34.4335076
            ],
            [
              -119.15517381921286,
              34.4333796
            ],
            [
              -119.15517374063138,
              34.43337827461042
            ]
          ]
        ]
      }
    },
    {
      "type": "Feature",
      "properties": {
        "structure_id": "events-gatherings-hub",
        "zone": "2",
        "area_m2": 3993.5,
        "crowns_in_zone": 16,
        "canopy_pct": 13.2,
        "crosses_boundary": true,
        "outer_m": 30.5
      },
      "geometry": {
        "type": "Polygon",
        "coordinates": [
          [
            [
              -119.15548932399473,
              34.4335076
            ],
            [
              -119.15548772617149,
              34.43353454958822
            ],
            [
              -119.15548294808971,
              34.43356123963717
            ],
            [
              -119.15547503576491,
              34.4335874131071
            ],
            [
              -119.15546406539713,
              34.433612817933174
            ],
            [
              -119.15545014263697,
              34.43363720945303
            ],
            [
              -119.15543340156825,
              34.433660352763006
            ],
            [
              -119.1554140034166,
              34.43368202498037
            ],
            [
              -119.15539213499683,
              34.43370201738983
            ],
            [
              -119.15536800691378,
              34.433720137453534
            ],
            [
              -119.15534185153408,
              34.43373621066538
            ],
            [
              -119.15531392074831,
              34.43375008223155
            ],
            [
              -119.15528448354524,
              34.43376161856127
            ],
            [
              -119.15525382342122,
              34.43377070855339
            ],
            [
              -119.15522223564999,
              34.43377726466631
            ],
            [
              -119.15519002443905,
              34.43378122376108
            ],
            [
              -119.1551575,
              34.43378254770945
            ],
            [
              -119.1549725,
              34.43378254770945
            ],
            [
              -119.15493997556095,
              34.43378122376108
            ],
            [
              -119.15490776435001,
              34.43377726466631
            ],
            [
              -119.15487617657878,
              34.43377070855339
            ],
            [
              -119.15484551645476,
              34.43376161856127
            ],
            [
              -119.15481607925169,
              34.43375008223155
            ],
            [
              -119.15478814846593,
              34.43373621066538
            ],
            [
              -119.15476199308623,
              34.433720137453534
            ],
            [
              -119.15473786500317,
              34.43370201738983
            ],
            [
              -119.1547159965834,
              34.43368202498037
            ],
            [
              -119.15469659843176,
              34.433660352763006
            ],
            [
              -119.15467985736304,
              34.43363720945303
            ],
            [
              -119.15466593460287,
              34.433612817933174
            ],
            [
              -119.15465496423509,
              34.4335874131071
            ],
            [
              -119.15464705191029,
              34.43356123963717
            ],
            [
              -119.15464227382851,
              34.43353454958822
            ],
            [
              -119.15464067600527,
              34.4335076
            ],
            [
              -119.15464067600527,
              34.4333796
            ],
            [
              -119.15464227382851,
              34.433352650411784
            ],
            [
              -119.15464705191029,
              34.43332596036283
            ],
            [
              -119.15465496423509,
              34.4332997868929
            ],
            [
              -119.15466593460287,
              34.43327438206683
            ],
            [
              -119.15467985736304,
              34.43324999054697
            ],
            [
              -119.15469659843176,
              34.433226847236995
            ],
            [
              -119.1547159965834,
              34.43320517501963
            ],
            [
              -119.15473786500317,
              34.433185182610174
            ],
            [
              -119.15476199308623,
              34.43316706254647
            ],
            [
              -119.15478814846593,
              34.43315098933462
            ],
            [
              -119.15481607925169,
              34.43313711776845
            ],
            [
              -119.15484551645476,
              34.43312558143873
            ],
            [
              -119.15487617657878,
              34.43311649144661
            ],
            [
              -119.15490776435001,
              34.43310993533369
            ],
            [
              -119.15493997556095,
              34.43310597623892
            ],
            [
              -119.1549725,
              34.43310465229055
            ],
            [
              -119.1551575,
              34.43310465229055
            ],
            [
              -119.15519002443905,
              34.43310597623892
            ],
            [
              -119.15522223564999,
              34.43310993533369
            ],
            [
              -119.15525382342122,
              34.43311649144661
            ],
            [
              -119.15528448354524,
              34.43312558143873
            ],
            [
              -119.15531392074831,
              34.43313711776845
            ],
            [
              -119.15534185153408,
              34.43315098933462
            ],
            [
              -119.15536800691378,
              34.43316706254647
            ],
            [
              -119.15539213499683,
              34.433185182610174
            ],
            [
              -119.1554140034166,
              34.43320517501963
            ],
            [
              -119.15543340156825,
              34.433226847236995
            ],
            [
              -119.15545014263697,
              34.43324999054697
            ],
            [
              -119.15546406539713,
              34.43327438206683
            ],
            [
              -119.15547503576491,
              34.4332997868929
            ],
            [
              -119.15548294808971,
              34.43332596036283
            ],
            [
              -119.15548772617149,
              34.433352650411784
            ],
            [
              -119.15548932399473,
              34.4333796
            ],
            [
              -119.15548932399473,
              34.4335076
            ]
          ],
          [
            [
              -119.15525602649707,
              34.43337155930319
            ],
            [
              -119.15525460090545,
              34.43336359604268
            ],
            [
              -119.15525224017904,
              34.43335578690903
            ],
            [
              -119.15524896705291,
              34.433348207108466
            ],
            [
              -119.15524481304907,
              34.433340929638604
            ],
            [
              -119.15523981817282,
              34.43333402458546
            ],
            [
              -119.15523403052758,
              34.43332755844848
            ],
            [
              -119.15522750585151,
              34.43332159350009
            ],
            [
              -119.15522030698084,
              34.433316187185994
            ],
            [
              -119.1552125032446,
              34.43331139157197
            ],
            [
              -119.15520416979705,
              34.43330725284239
            ],
            [
              -119.15519538689382,
              34.43330381085549
            ],
            [
              -119.15518623911912,
              34.43330109875948
            ],
            [
              -119.15517681457098,
              34.433299142673334
            ],
            [
              -119.15516720401297,
              34.43329796143522
            ],
            [
              -119.1551575,
              34.43329756642112
            ],
            [
              -119.1549725,
              34.43329756642112
            ],
            [
              -119.15496279598703,
              34.43329796143522
            ],
            [
              -119.15495318542902,
              34.433299142673334
            ],
            [
              -119.15494376088088,
              34.43330109875948
            ],
            [
              -119.15493461310618,
              34.43330381085549
            ],
            [
              -119.15492583020296,
              34.43330725284239
            ],
            [
              -119.1549174967554,
              34.43331139157197
            ],
            [
              -119.15490969301916,
              34.433316187185994
            ],
            [
              -119.15490249414849,
              34.43332159350009
            ],
            [
              -119.15489596947242,
              34.43332755844848
            ],
            [
              -119.15489018182718,
              34.43333402458546
            ],
            [
              -119.15488518695093,
              34.433340929638604
            ],
            [
              -119.15488103294709,
              34.433348207108466
            ],
            [
              -119.15487775982096,
              34.43335578690903
            ],
            [
              -119.15487539909455,
              34.43336359604268
            ],
            [
              -119.15487397350293,
              34.43337155930319
            ],
            [
              -119.15487349677535,
              34.4333796
            ],
            [
              -119.15487349677535,
              34.4335076
            ],
            [
              -119.15487397350293,
              34.43351564069681
            ],
            [
              -119.15487539909455,
              34.43352360395732
            ],
            [
              -119.15487775982096,
              34.43353141309097
            ],
            [
              -119.15488103294709,
              34.433538992891535
            ],
            [
              -119.15488518695093,
              34.4335462703614
            ],
            [
              -119.15489018182718,
              34.43355317541454
            ],
            [
              -119.15489596947242,
              34.43355964155152
            ],
            [
              -119.15490249414849,
              34.43356560649991
            ],
            [
              -119.15490969301916,
              34.43357101281401
            ],
            [
              -119.1549174967554,
              34.43357580842803
            ],
            [
              -119.15492583020296,
              34.43357994715761
            ],
            [
              -119.15493461310618,
              34.43358338914451
            ],
            [
              -119.15494376088088,
              34.43358610124052
            ],
            [
              -119.15495318542902,
              34.433588057326666
            ],
            [
              -119.15496279598703,
              34.43358923856478
            ],
            [
              -119.1549725,
              34.43358963357888
            ],
            [
              -119.1551575,
              34.43358963357888
            ],
            [
              -119.15516720401297,
              34.43358923856478
            ],
            [
              -119.15517681457098,
              34.433588057326666
            ],
            [
              -119.15518623911912,
              34.43358610124052
            ],
            [
              -119.15519538689382,
              34.43358338914451
            ],
            [
              -119.15520416979705,
              34.43357994715761
            ],
            [
              -119.1552125032446,
              34.43357580842803
            ],
            [
              -119.15522030698084,
              34.43357101281401
            ],
            [
              -119.15522750585151,
              34.43356560649991
            ],
            [
              -119.15523403052758,
              34.43355964155152
            ],
            [
              -119.15523981817282,
              34.43355317541454
            ],
            [
              -119.15524481304907,
              34.4335462703614
            ],
            [
              -119.15524896705291,
              34.433538992891535
            ],
            [
              -119.15525224017904,
              34.43353141309097
            ],
            [
              -119.15525460090545,
              34.43352360395732
            ],
            [
              -119.15525602649707,
              34.43351564069681
            ],
            [
              -119.15525650322465,
              34.4335076
            ],
            [
              -119.15525650322465,
              34.4333796
            ],
            [
              -119.15525602649707,
              34.43337155930319
            ]
          ]
        ]
      }
    },
    {
      "type": "Feature",
      "properties": {
        "structure_id": "wellness-facilities",
        "zone": "0",
        "area_m2": 241.5,
        "crowns_in_zone": 7,
        "canopy_pct": 62.2,
        "crosses_boundary": false,
        "outer_m": 1.5,
        "overhanging_crowns": [
          {
            "e": 398.93,
            "n": 291.63,
            "height_m": 7.1,
            "crown_r_m": 3.6
          },
          {
            "e": 402.23,
            "n": 286.81,
            "height_m": 8.7,
            "crown_r_m": 4.4
          },
          {
            "e": 404.73,
            "n": 289.42,
            "height_m": 7.4,
            "crown_r_m": 1.5
          },
          {
            "e": 406.33,
            "n": 279.08,
            "height_m": 13.6,
            "crown_r_m": 5.6
          },
          {
            "e": 409.94,
            "n": 274.87,
            "height_m": 14.9,
            "crown_r_m": 5.5
          },
          {
            "e": 413.94,
            "n": 279.48,
            "height_m": 10.0,
            "crown_r_m": 3.1
          }
        ]
      },
      "geometry": {
        "type": "Polygon",
        "coordinates": [
          [
            [
              -119.15513811921286,
              34.4329192
            ],
            [
              -119.15513811921286,
              34.433049
            ],
            [
              -119.15513804063139,
              34.43305032538958
            ],
            [
              -119.15513780564376,
              34.43305163801494
            ],
            [
              -119.15513741651303,
              34.43305292523477
            ],
            [
              -119.15513687698675,
              34.43305417465245
            ],
            [
              -119.15513619226084,
              34.433055374235394
            ],
            [
              -119.15513536892959,
              34.433056512430966
            ],
            [
              -119.15513441492213,
              34.43305757827772
            ],
            [
              -119.15513333942607,
              34.433058561510975
            ],
            [
              -119.15513215279904,
              34.433059452661645
            ],
            [
              -119.1551308664689,
              34.43306024314747
            ],
            [
              -119.15512949282369,
              34.43306092535565
            ],
            [
              -119.1551280450924,
              34.43306149271613
            ],
            [
              -119.15512653721744,
              34.43306193976492
            ],
            [
              -119.1551249837205,
              34.4330622621967
            ],
            [
              -119.15512339956258,
              34.43306245690628
            ],
            [
              -119.1551218,
              34.433062522018496
            ],
            [
              -119.1550022,
              34.433062522018496
            ],
            [
              -119.15500060043742,
              34.43306245690628
            ],
            [
              -119.1549990162795,
              34.4330622621967
            ],
            [
              -119.15499746278256,
              34.43306193976492
            ],
            [
              -119.1549959549076,
              34.43306149271613
            ],
            [
              -119.15499450717631,
              34.43306092535565
            ],
            [
              -119.15499313353111,
              34.43306024314747
            ],
            [
              -119.15499184720096,
              34.433059452661645
            ],
            [
              -119.15499066057393,
              34.433058561510975
            ],
            [
              -119.15498958507787,
              34.43305757827772
            ],
            [
              -119.15498863107041,
              34.433056512430966
            ],
            [
              -119.15498780773916,
              34.433055374235394
            ],
            [
              -119.15498712301326,
              34.43305417465245
            ],
            [
              -119.15498658348697,
              34.43305292523477
            ],
            [
              -119.15498619435624,
              34.43305163801494
            ],
            [
              -119.15498595936862,
              34.43305032538958
            ],
            [
              -119.15498588078714,
              34.433049
            ],
            [
              -119.15498588078714,
              34.4329192
            ],
            [
              -119.15498595936862,
              34.43291787461042
            ],
            [
              -119.15498619435624,
              34.43291656198506
            ],
            [
              -119.15498658348697,
              34.43291527476523
            ],
            [
              -119.15498712301326,
              34.43291402534755
            ],
            [
              -119.15498780773916,
              34.4329128257646
            ],
            [
              -119.15498863107041,
              34.43291168756903
            ],
            [
              -119.15498958507787,
              34.43291062172228
            ],
            [
              -119.15499066057393,
              34.43290963848902
            ],
            [
              -119.15499184720096,
              34.43290874733835
            ],
            [
              -119.15499313353111,
              34.432907956852524
            ],
            [
              -119.15499450717631,
              34.43290727464435
            ],
            [
              -119.1549959549076,
              34.43290670728387
            ],
            [
              -119.15499746278256,
              34.43290626023508
            ],
            [
              -119.1549990162795,
              34.4329059378033
            ],
            [
              -119.15500060043742,
              34.43290574309372
            ],
            [
              -119.1550022,
              34.4329056779815
            ],
            [
              -119.1551218,
              34.4329056779815
            ],
            [
              -119.15512339956258,
              34.43290574309372
            ],
            [
              -119.1551249837205,
              34.4329059378033
            ],
            [
              -119.15512653721744,
              34.43290626023508
            ],
            [
              -119.1551280450924,
              34.43290670728387
            ],
            [
              -119.15512949282369,
              34.43290727464435
            ],
            [
              -119.1551308664689,
              34.432907956852524
            ],
            [
              -119.15513215279904,
              34.43290874733835
            ],
            [
              -119.15513333942607,
              34.43290963848902
            ],
            [
              -119.15513441492213,
              34.43291062172228
            ],
            [
              -119.15513536892959,
              34.43291168756903
            ],
            [
              -119.15513619226084,
              34.4329128257646
            ],
            [
              -119.15513687698675,
              34.43291402534755
            ],
            [
              -119.15513741651303,
              34.43291527476523
            ],
            [
              -119.15513780564376,
              34.43291656198506
            ],
            [
              -119.15513804063139,
              34.43291787461042
            ],
            [
              -119.15513811921286,
              34.4329192
            ]
          ]
        ]
      }
    },
    {
      "type": "Feature",
      "properties": {
        "structure_id": "wellness-facilities",
        "zone": "1",
        "area_m2": 638.6,
        "crowns_in_zone": 13,
        "canopy_pct": 31.8,
        "crosses_boundary": true,
        "outer_m": 9.1
      },
      "geometry": {
        "type": "Polygon",
        "coordinates": [
          [
            [
              -119.15522080322465,
              34.433049
            ],
            [
              -119.15522032649707,
              34.43305704069681
            ],
            [
              -119.15521890090545,
              34.43306500395732
            ],
            [
              -119.15521654017904,
              34.433072813090966
            ],
            [
              -119.15521326705291,
              34.43308039289153
            ],
            [
              -119.15520911304907,
              34.433087670361395
            ],
            [
              -119.15520411817282,
              34.433094575414536
            ],
            [
              -119.15519833052758,
              34.43310104155152
            ],
            [
              -119.15519180585152,
              34.43310700649991
            ],
            [
              -119.15518460698084,
              34.433112412814005
            ],
            [
              -119.1551768032446,
              34.43311720842803
            ],
            [
              -119.15516846979705,
              34.43312134715761
            ],
            [
              -119.15515968689382,
              34.43312478914451
            ],
            [
              -119.15515053911912,
              34.43312750124052
            ],
            [
              -119.15514111457098,
              34.433129457326665
            ],
            [
              -119.15513150401297,
              34.433130638564776
            ],
            [
              -119.1551218,
              34.43313103357888
            ],
            [
              -119.1550022,
              34.43313103357888
            ],
            [
              -119.15499249598703,
              34.433130638564776
            ],
            [
              -119.15498288542902,
              34.433129457326665
            ],
            [
              -119.15497346088088,
              34.43312750124052
            ],
            [
              -119.15496431310618,
              34.43312478914451
            ],
            [
              -119.15495553020295,
              34.43312134715761
            ],
            [
              -119.1549471967554,
              34.43311720842803
            ],
            [
              -119.15493939301916,
              34.433112412814005
            ],
            [
              -119.15493219414849,
              34.43310700649991
            ],
            [
              -119.15492566947242,
              34.43310104155152
            ],
            [
              -119.15491988182718,
              34.433094575414536
            ],
            [
              -119.15491488695093,
              34.433087670361395
            ],
            [
              -119.15491073294709,
              34.43308039289153
            ],
            [
              -119.15490745982096,
              34.433072813090966
            ],
            [
              -119.15490509909455,
              34.43306500395732
            ],
            [
              -119.15490367350293,
              34.43305704069681
            ],
            [
              -119.15490319677535,
              34.433049
            ],
            [
              -119.15490319677535,
              34.4329192
            ],
            [
              -119.15490367350293,
              34.43291115930319
            ],
            [
              -119.15490509909455,
              34.43290319604268
            ],
            [
              -119.15490745982096,
              34.43289538690903
            ],
            [
              -119.15491073294709,
              34.432887807108465
            ],
            [
              -119.15491488695093,
              34.4328805296386
            ],
            [
              -119.15491988182718,
              34.43287362458546
            ],
            [
              -119.15492566947242,
              34.43286715844848
            ],
            [
              -119.15493219414849,
              34.43286119350009
            ],
            [
              -119.15493939301916,
              34.43285578718599
            ],
            [
              -119.1549471967554,
              34.43285099157197
            ],
            [
              -119.15495553020295,
              34.43284685284239
            ],
            [
              -119.15496431310618,
              34.43284341085549
            ],
            [
              -119.15497346088088,
              34.43284069875948
            ],
            [
              -119.15498288542902,
              34.43283874267333
            ],
            [
              -119.15499249598703,
              34.43283756143522
            ],
            [
              -119.1550022,
              34.432837166421116
            ],
            [
              -119.1551218,
              34.432837166421116
            ],
            [
              -119.15513150401297,
              34.43283756143522
            ],
            [
              -119.15514111457098,
              34.43283874267333
            ],
            [
              -119.15515053911912,
              34.43284069875948
            ],
            [
              -119.15515968689382,
              34.43284341085549
            ],
            [
              -119.15516846979705,
              34.43284685284239
            ],
            [
              -119.1551768032446,
              34.43285099157197
            ],
            [
              -119.15518460698084,
              34.43285578718599
            ],
            [
              -119.15519180585152,
              34.43286119350009
            ],
            [
              -119.15519833052758,
              34.43286715844848
            ],
            [
              -119.15520411817282,
              34.43287362458546
            ],
            [
              -119.15520911304907,
              34.4328805296386
            ],
            [
              -119.15521326705291,
              34.432887807108465
            ],
            [
              -119.15521654017904,
              34.43289538690903
            ],
            [
              -119.15521890090545,
              34.43290319604268
            ],
            [
              -119.15522032649707,
              34.43291115930319
            ],
            [
              -119.15522080322465,
              34.4329192
            ],
            [
              -119.15522080322465,
              34.433049
            ]
          ],
          [
            [
              -119.15513804063139,
              34.43291787461042
            ],
            [
              -119.15513780564376,
              34.43291656198506
            ],
            [
              -119.15513741651303,
              34.43291527476523
            ],
            [
              -119.15513687698675,
              34.43291402534755
            ],
            [
              -119.15513619226084,
              34.4329128257646
            ],
            [
              -119.15513536892959,
              34.43291168756903
            ],
            [
              -119.15513441492213,
              34.43291062172228
            ],
            [
              -119.15513333942607,
              34.43290963848902
            ],
            [
              -119.15513215279904,
              34.43290874733835
            ],
            [
              -119.1551308664689,
              34.432907956852524
            ],
            [
              -119.15512949282369,
              34.43290727464435
            ],
            [
              -119.1551280450924,
              34.43290670728387
            ],
            [
              -119.15512653721744,
              34.43290626023508
            ],
            [
              -119.1551249837205,
              34.4329059378033
            ],
            [
              -119.15512339956258,
              34.43290574309372
            ],
            [
              -119.1551218,
              34.4329056779815
            ],
            [
              -119.1550022,
              34.4329056779815
            ],
            [
              -119.15500060043742,
              34.43290574309372
            ],
            [
              -119.1549990162795,
              34.4329059378033
            ],
            [
              -119.15499746278256,
              34.43290626023508
            ],
            [
              -119.1549959549076,
              34.43290670728387
            ],
            [
              -119.15499450717631,
              34.43290727464435
            ],
            [
              -119.15499313353111,
              34.432907956852524
            ],
            [
              -119.15499184720096,
              34.43290874733835
            ],
            [
              -119.15499066057393,
              34.43290963848902
            ],
            [
              -119.15498958507787,
              34.43291062172228
            ],
            [
              -119.15498863107041,
              34.43291168756903
            ],
            [
              -119.15498780773916,
              34.4329128257646
            ],
            [
              -119.15498712301326,
              34.43291402534755
            ],
            [
              -119.15498658348697,
              34.43291527476523
            ],
            [
              -119.15498619435624,
              34.43291656198506
            ],
            [
              -119.15498595936862,
              34.43291787461042
            ],
            [
              -119.15498588078714,
              34.4329192
            ],
            [
              -119.15498588078714,
              34.433049
            ],
            [
              -119.15498595936862,
              34.43305032538958
            ],
            [
              -119.15498619435624,
              34.43305163801494
            ],
            [
              -119.15498658348697,
              34.43305292523477
            ],
            [
              -119.15498712301326,
              34.43305417465245
            ],
            [
              -119.15498780773916,
              34.433055374235394
            ],
            [
              -119.15498863107041,
              34.433056512430966
            ],
            [
              -119.15498958507787,
              34.43305757827772
            ],
            [
              -119.15499066057393,
              34.433058561510975
            ],
            [
              -119.15499184720096,
              34.433059452661645
            ],
            [
              -119.15499313353111,
              34.43306024314747
            ],
            [
              -119.15499450717631,
              34.43306092535565
            ],
            [
              -119.1549959549076,
              34.43306149271613
            ],
            [
              -119.15499746278256,
              34.43306193976492
            ],
            [
              -119.1549990162795,
              34.4330622621967
            ],
            [
              -119.15500060043742,
              34.43306245690628
            ],
            [
              -119.1550022,
              34.433062522018496
            ],
            [
              -119.1551218,
              34.433062522018496
            ],
            [
              -119.15512339956258,
              34.43306245690628
            ],
            [
              -119.1551249837205,
              34.4330622621967
            ],
            [
              -119.15512653721744,
              34.43306193976492
            ],
            [
              -119.1551280450924,
              34.43306149271613
            ],
            [
              -119.15512949282369,
              34.43306092535565
            ],
            [
              -119.1551308664689,
              34.43306024314747
            ],
            [
              -119.15513215279904,
              34.433059452661645
            ],
            [
              -119.15513333942607,
              34.433058561510975
            ],
            [
              -119.15513441492213,
              34.43305757827772
            ],
            [
              -119.15513536892959,
              34.433056512430966
            ],
            [
              -119.15513619226084,
              34.433055374235394
            ],
            [
              -119.15513687698675,
              34.43305417465245
            ],
            [
              -119.15513741651303,
              34.43305292523477
            ],
            [
              -119.15513780564376,
              34.43305163801494
            ],
            [
              -119.15513804063139,
              34.43305032538958
            ],
            [
              -119.15513811921286,
              34.433049
            ],
            [
              -119.15513811921286,
              34.4329192
            ],
            [
              -119.15513804063139,
              34.43291787461042
            ]
          ]
        ]
      }
    },
    {
      "type": "Feature",
      "properties": {
        "structure_id": "wellness-facilities",
        "zone": "2",
        "area_m2": 3744.8,
        "crowns_in_zone": 51,
        "canopy_pct": 47.8,
        "crosses_boundary": true,
        "outer_m": 30.5
      },
      "geometry": {
        "type": "Polygon",
        "coordinates": [
          [
            [
              -119.15545362399473,
              34.433049
            ],
            [
              -119.15545202617149,
              34.433075949588215
            ],
            [
              -119.15544724808971,
              34.43310263963717
            ],
            [
              -119.15543933576491,
              34.433128813107096
            ],
            [
              -119.15542836539713,
              34.43315421793317
            ],
            [
              -119.15541444263697,
              34.43317860945303
            ],
            [
              -119.15539770156825,
              34.433201752763004
            ],
            [
              -119.1553783034166,
              34.43322342498037
            ],
            [
              -119.15535643499683,
              34.433243417389825
            ],
            [
              -119.15533230691378,
              34.43326153745353
            ],
            [
              -119.15530615153408,
              34.43327761066538
            ],
            [
              -119.15527822074831,
              34.433291482231546
            ],
            [
              -119.15524878354525,
              34.43330301856127
            ],
            [
              -119.15521812342122,
              34.43331210855339
            ],
            [
              -119.15518653564999,
              34.43331866466631
            ],
            [
              -119.15515432443905,
              34.43332262376108
            ],
            [
              -119.1551218,
              34.43332394770945
            ],
            [
              -119.1550022,
              34.43332394770945
            ],
            [
              -119.15496967556095,
              34.43332262376108
            ],
            [
              -119.15493746435001,
              34.43331866466631
            ],
            [
              -119.15490587657878,
              34.43331210855339
            ],
            [
              -119.15487521645476,
              34.43330301856127
            ],
            [
              -119.15484577925169,
              34.433291482231546
            ],
            [
              -119.15481784846592,
              34.43327761066538
            ],
            [
              -119.15479169308622,
              34.43326153745353
            ],
            [
              -119.15476756500317,
              34.433243417389825
            ],
            [
              -119.1547456965834,
              34.43322342498037
            ],
            [
              -119.15472629843175,
              34.433201752763004
            ],
            [
              -119.15470955736303,
              34.43317860945303
            ],
            [
              -119.15469563460287,
              34.43315421793317
            ],
            [
              -119.15468466423509,
              34.433128813107096
            ],
            [
              -119.15467675191029,
              34.43310263963717
            ],
            [
              -119.15467197382851,
              34.433075949588215
            ],
            [
              -119.15467037600527,
              34.433049
            ],
            [
              -119.15467037600527,
              34.4329192
            ],
            [
              -119.15467197382851,
              34.43289225041178
            ],
            [
              -119.15467675191029,
              34.43286556036283
            ],
            [
              -119.15468466423509,
              34.4328393868929
            ],
            [
              -119.15469563460287,
              34.432813982066826
            ],
            [
              -119.15470955736303,
              34.43278959054697
            ],
            [
              -119.15472629843175,
              34.43276644723699
            ],
            [
              -119.1547456965834,
              34.43274477501963
            ],
            [
              -119.15476756500317,
              34.43272478261017
            ],
            [
              -119.15479169308622,
              34.432706662546465
            ],
            [
              -119.15481784846592,
              34.43269058933462
            ],
            [
              -119.15484577925169,
              34.43267671776845
            ],
            [
              -119.15487521645476,
              34.43266518143873
            ],
            [
              -119.15490587657878,
              34.43265609144661
            ],
            [
              -119.15493746435001,
              34.43264953533369
            ],
            [
              -119.15496967556095,
              34.43264557623892
            ],
            [
              -119.1550022,
              34.43264425229055
            ],
            [
              -119.1551218,
              34.43264425229055
            ],
            [
              -119.15515432443905,
              34.43264557623892
            ],
            [
              -119.15518653564999,
              34.43264953533369
            ],
            [
              -119.15521812342122,
              34.43265609144661
            ],
            [
              -119.15524878354525,
              34.43266518143873
            ],
            [
              -119.15527822074831,
              34.43267671776845
            ],
            [
              -119.15530615153408,
              34.43269058933462
            ],
            [
              -119.15533230691378,
              34.432706662546465
            ],
            [
              -119.15535643499683,
              34.43272478261017
            ],
            [
              -119.1553783034166,
              34.43274477501963
            ],
            [
              -119.15539770156825,
              34.43276644723699
            ],
            [
              -119.15541444263697,
              34.43278959054697
            ],
            [
              -119.15542836539713,
              34.432813982066826
            ],
            [
              -119.15543933576491,
              34.4328393868929
            ],
            [
              -119.15544724808971,
              34.43286556036283
            ],
            [
              -119.15545202617149,
              34.43289225041178
            ],
            [
              -119.15545362399473,
              34.4329192
            ],
            [
              -119.15545362399473,
              34.433049
            ]
          ],
          [
            [
              -119.15522032649707,
              34.43291115930319
            ],
            [
              -119.15521890090545,
              34.43290319604268
            ],
            [
              -119.15521654017904,
              34.43289538690903
            ],
            [
              -119.15521326705291,
              34.432887807108465
            ],
            [
              -119.15520911304907,
              34.4328805296386
            ],
            [
              -119.15520411817282,
              34.43287362458546
            ],
            [
              -119.15519833052758,
              34.43286715844848
            ],
            [
              -119.15519180585152,
              34.43286119350009
            ],
            [
              -119.15518460698084,
              34.43285578718599
            ],
            [
              -119.1551768032446,
              34.43285099157197
            ],
            [
              -119.15516846979705,
              34.43284685284239
            ],
            [
              -119.15515968689382,
              34.43284341085549
            ],
            [
              -119.15515053911912,
              34.43284069875948
            ],
            [
              -119.15514111457098,
              34.43283874267333
            ],
            [
              -119.15513150401297,
              34.43283756143522
            ],
            [
              -119.1551218,
              34.432837166421116
            ],
            [
              -119.1550022,
              34.432837166421116
            ],
            [
              -119.15499249598703,
              34.43283756143522
            ],
            [
              -119.15498288542902,
              34.43283874267333
            ],
            [
              -119.15497346088088,
              34.43284069875948
            ],
            [
              -119.15496431310618,
              34.43284341085549
            ],
            [
              -119.15495553020295,
              34.43284685284239
            ],
            [
              -119.1549471967554,
              34.43285099157197
            ],
            [
              -119.15493939301916,
              34.43285578718599
            ],
            [
              -119.15493219414849,
              34.43286119350009
            ],
            [
              -119.15492566947242,
              34.43286715844848
            ],
            [
              -119.15491988182718,
              34.43287362458546
            ],
            [
              -119.15491488695093,
              34.4328805296386
            ],
            [
              -119.15491073294709,
              34.432887807108465
            ],
            [
              -119.15490745982096,
              34.43289538690903
            ],
            [
              -119.15490509909455,
              34.43290319604268
            ],
            [
              -119.15490367350293,
              34.43291115930319
            ],
            [
              -119.15490319677535,
              34.4329192
            ],
            [
              -119.15490319677535,
              34.433049
            ],
            [
              -119.15490367350293,
              34.43305704069681
            ],
            [
              -119.15490509909455,
              34.43306500395732
            ],
            [
              -119.15490745982096,
              34.433072813090966
            ],
            [
              -119.15491073294709,
              34.43308039289153
            ],
            [
              -119.15491488695093,
              34.433087670361395
            ],
            [
              -119.15491988182718,
              34.433094575414536
            ],
            [
              -119.15492566947242,
              34.43310104155152
            ],
            [
              -119.15493219414849,
              34.43310700649991
            ],
            [
              -119.15493939301916,
              34.433112412814005
            ],
            [
              -119.1549471967554,
              34.43311720842803
            ],
            [
              -119.15495553020295,
              34.43312134715761
            ],
            [
              -119.15496431310618,
              34.43312478914451
            ],
            [
              -119.15497346088088,
              34.43312750124052
            ],
            [
              -119.15498288542902,
              34.433129457326665
            ],
            [
              -119.15499249598703,
              34.433130638564776
            ],
            [
              -119.1550022,
              34.43313103357888
            ],
            [
              -119.1551218,
              34.43313103357888
            ],
            [
              -119.15513150401297,
              34.433130638564776
            ],
            [
              -119.15514111457098,
              34.433129457326665
            ],
            [
              -119.15515053911912,
              34.43312750124052
            ],
            [
              -119.15515968689382,
              34.43312478914451
            ],
            [
              -119.15516846979705,
              34.43312134715761
            ],
            [
              -119.1551768032446,
              34.43311720842803
            ],
            [
              -119.15518460698084,
              34.433112412814005
            ],
            [
              -119.15519180585152,
              34.43310700649991
            ],
            [
              -119.15519833052758,
              34.43310104155152
            ],
            [
              -119.15520411817282,
              34.433094575414536
            ],
            [
              -119.15520911304907,
              34.433087670361395
            ],
            [
              -119.15521326705291,
              34.43308039289153
            ],
            [
              -119.15521654017904,
              34.433072813090966
            ],
            [
              -119.15521890090545,
              34.43306500395732
            ],
            [
              -119.15522032649707,
              34.43305704069681
            ],
            [
              -119.15522080322465,
              34.433049
            ],
            [
              -119.15522080322465,
              34.4329192
            ],
            [
              -119.15522032649707,
              34.43291115930319
            ]
          ]
        ]
      }
    },
    {
      "type": "Feature",
      "properties": {
        "structure_id": "livestock-dairy",
        "zone": "0",
        "area_m2": 327.4,
        "crowns_in_zone": 4,
        "canopy_pct": 23.8,
        "crosses_boundary": false,
        "outer_m": 1.5,
        "overhanging_crowns": [
          {
            "e": 297.12,
            "n": 269.25,
            "height_m": 15.0,
            "crown_r_m": 3.6
          },
          {
            "e": 300.22,
            "n": 277.68,
            "height_m": 14.3,
            "crown_r_m": 5.6
          },
          {
            "e": 303.72,
            "n": 273.96,
            "height_m": 13.2,
            "crown_r_m": 2.7
          },
          {
            "e": 310.33,
            "n": 270.45,
            "height_m": 13.6,
            "crown_r_m": 4.3
          }
        ]
      },
      "geometry": {
        "type": "Polygon",
        "coordinates": [
          [
            [
              -119.15623981921286,
              34.4327835
            ],
            [
              -119.15623981921286,
              34.4328908
            ],
            [
              -119.15623974063138,
              34.432892125389586
            ],
            [
              -119.15623950564375,
              34.43289343801494
            ],
            [
              -119.15623911651302,
              34.432894725234775
            ],
            [
              -119.15623857698674,
              34.43289597465245
            ],
            [
              -119.15623789226083,
              34.4328971742354
            ],
            [
              -119.15623706892958,
              34.43289831243097
            ],
            [
              -119.15623611492212,
              34.432899378277725
            ],
            [
              -119.15623503942606,
              34.43290036151098
            ],
            [
              -119.15623385279903,
              34.43290125266165
            ],
            [
              -119.15623256646889,
              34.43290204314748
            ],
            [
              -119.15623119282368,
              34.43290272535565
            ],
            [
              -119.15622974509239,
              34.432903292716134
            ],
            [
              -119.15622823721743,
              34.432903739764924
            ],
            [
              -119.15622668372049,
              34.432904062196705
            ],
            [
              -119.15622509956258,
              34.43290425690628
            ],
            [
              -119.1562235,
              34.4329043220185
            ],
            [
              -119.1560157,
              34.4329043220185
            ],
            [
              -119.15601410043742,
              34.43290425690628
            ],
            [
              -119.1560125162795,
              34.432904062196705
            ],
            [
              -119.15601096278256,
              34.432903739764924
            ],
            [
              -119.1560094549076,
              34.432903292716134
            ],
            [
              -119.15600800717631,
              34.43290272535565
            ],
            [
              -119.1560066335311,
              34.43290204314748
            ],
            [
              -119.15600534720096,
              34.43290125266165
            ],
            [
              -119.15600416057393,
              34.43290036151098
            ],
            [
              -119.15600308507787,
              34.432899378277725
            ],
            [
              -119.15600213107041,
              34.43289831243097
            ],
            [
              -119.15600130773916,
              34.4328971742354
            ],
            [
              -119.15600062301326,
              34.43289597465245
            ],
            [
              -119.15600008348697,
              34.432894725234775
            ],
            [
              -119.15599969435624,
              34.43289343801494
            ],
            [
              -119.15599945936862,
              34.432892125389586
            ],
            [
              -119.15599938078714,
              34.4328908
            ],
            [
              -119.15599938078714,
              34.4327835
            ],
            [
              -119.15599945936862,
              34.432782174610416
            ],
            [
              -119.15599969435624,
              34.43278086198506
            ],
            [
              -119.15600008348697,
              34.43277957476523
            ],
            [
              -119.15600062301326,
              34.43277832534755
            ],
            [
              -119.15600130773916,
              34.4327771257646
            ],
            [
              -119.15600213107041,
              34.43277598756903
            ],
            [
              -119.15600308507787,
              34.43277492172228
            ],
            [
              -119.15600416057393,
              34.43277393848902
            ],
            [
              -119.15600534720096,
              34.43277304733835
            ],
            [
              -119.1560066335311,
              34.43277225685252
            ],
            [
              -119.15600800717631,
              34.43277157464435
            ],
            [
              -119.1560094549076,
              34.43277100728387
            ],
            [
              -119.15601096278256,
              34.43277056023508
            ],
            [
              -119.1560125162795,
              34.4327702378033
            ],
            [
              -119.15601410043742,
              34.43277004309372
            ],
            [
              -119.1560157,
              34.4327699779815
            ],
            [
              -119.1562235,
              34.4327699779815
            ],
            [
              -119.15622509956258,
              34.43277004309372
            ],
            [
              -119.15622668372049,
              34.4327702378033
            ],
            [
              -119.15622823721743,
              34.43277056023508
            ],
            [
              -119.15622974509239,
              34.43277100728387
            ],
            [
              -119.15623119282368,
              34.43277157464435
            ],
            [
              -119.15623256646889,
              34.43277225685252
            ],
            [
              -119.15623385279903,
              34.43277304733835
            ],
            [
              -119.15623503942606,
              34.43277393848902
            ],
            [
              -119.15623611492212,
              34.43277492172228
            ],
            [
              -119.15623706892958,
              34.43277598756903
            ],
            [
              -119.15623789226083,
              34.4327771257646
            ],
            [
              -119.15623857698674,
              34.43277832534755
            ],
            [
              -119.15623911651302,
              34.43277957476523
            ],
            [
              -119.15623950564375,
              34.43278086198506
            ],
            [
              -119.15623974063138,
              34.432782174610416
            ],
            [
              -119.15623981921286,
              34.4327835
            ]
          ]
        ]
      }
    },
    {
      "type": "Feature",
      "properties": {
        "structure_id": "livestock-dairy",
        "zone": "1",
        "area_m2": 723.9,
        "crowns_in_zone": 11,
        "canopy_pct": 30.8,
        "crosses_boundary": false,
        "outer_m": 9.1
      },
      "geometry": {
        "type": "Polygon",
        "coordinates": [
          [
            [
              -119.15632250322464,
              34.4328908
            ],
            [
              -119.15632202649707,
              34.432898840696815
            ],
            [
              -119.15632060090545,
              34.43290680395732
            ],
            [
              -119.15631824017903,
              34.43291461309097
            ],
            [
              -119.15631496705291,
              34.43292219289154
            ],
            [
              -119.15631081304906,
              34.4329294703614
            ],
            [
              -119.15630581817281,
              34.43293637541454
            ],
            [
              -119.15630003052758,
              34.43294284155152
            ],
            [
              -119.15629350585151,
              34.432948806499915
            ],
            [
              -119.15628630698083,
              34.43295421281401
            ],
            [
              -119.1562785032446,
              34.432959008428035
            ],
            [
              -119.15627016979704,
              34.432963147157615
            ],
            [
              -119.15626138689382,
              34.43296658914451
            ],
            [
              -119.15625223911911,
              34.432969301240526
            ],
            [
              -119.15624281457097,
              34.43297125732667
            ],
            [
              -119.15623320401296,
              34.43297243856478
            ],
            [
              -119.1562235,
              34.43297283357889
            ],
            [
              -119.1560157,
              34.43297283357889
            ],
            [
              -119.15600599598703,
              34.43297243856478
            ],
            [
              -119.15599638542902,
              34.43297125732667
            ],
            [
              -119.15598696088088,
              34.432969301240526
            ],
            [
              -119.15597781310618,
              34.43296658914451
            ],
            [
              -119.15596903020295,
              34.432963147157615
            ],
            [
              -119.1559606967554,
              34.432959008428035
            ],
            [
              -119.15595289301916,
              34.43295421281401
            ],
            [
              -119.15594569414849,
              34.432948806499915
            ],
            [
              -119.15593916947242,
              34.43294284155152
            ],
            [
              -119.15593338182718,
              34.43293637541454
            ],
            [
              -119.15592838695093,
              34.4329294703614
            ],
            [
              -119.15592423294709,
              34.43292219289154
            ],
            [
              -119.15592095982096,
              34.43291461309097
            ],
            [
              -119.15591859909455,
              34.43290680395732
            ],
            [
              -119.15591717350293,
              34.432898840696815
            ],
            [
              -119.15591669677535,
              34.4328908
            ],
            [
              -119.15591669677535,
              34.4327835
            ],
            [
              -119.15591717350293,
              34.43277545930319
            ],
            [
              -119.15591859909455,
              34.43276749604268
            ],
            [
              -119.15592095982096,
              34.43275968690903
            ],
            [
              -119.15592423294709,
              34.43275210710846
            ],
            [
              -119.15592838695093,
              34.4327448296386
            ],
            [
              -119.15593338182718,
              34.43273792458546
            ],
            [
              -119.15593916947242,
              34.43273145844848
            ],
            [
              -119.15594569414849,
              34.43272549350009
            ],
            [
              -119.15595289301916,
              34.43272008718599
            ],
            [
              -119.1559606967554,
              34.43271529157197
            ],
            [
              -119.15596903020295,
              34.43271115284239
            ],
            [
              -119.15597781310618,
              34.43270771085549
            ],
            [
              -119.15598696088088,
              34.432704998759476
            ],
            [
              -119.15599638542902,
              34.43270304267333
            ],
            [
              -119.15600599598703,
              34.43270186143522
            ],
            [
              -119.1560157,
              34.432701466421115
            ],
            [
              -119.1562235,
              34.432701466421115
            ],
            [
              -119.15623320401296,
              34.43270186143522
            ],
            [
              -119.15624281457097,
              34.43270304267333
            ],
            [
              -119.15625223911911,
              34.432704998759476
            ],
            [
              -119.15626138689382,
              34.43270771085549
            ],
            [
              -119.15627016979704,
              34.43271115284239
            ],
            [
              -119.1562785032446,
              34.43271529157197
            ],
            [
              -119.15628630698083,
              34.43272008718599
            ],
            [
              -119.15629350585151,
              34.43272549350009
            ],
            [
              -119.15630003052758,
              34.43273145844848
            ],
            [
              -119.15630581817281,
              34.43273792458546
            ],
            [
              -119.15631081304906,
              34.4327448296386
            ],
            [
              -119.15631496705291,
              34.43275210710846
            ],
            [
              -119.15631824017903,
              34.43275968690903
            ],
            [
              -119.15632060090545,
              34.43276749604268
            ],
            [
              -119.15632202649707,
              34.43277545930319
            ],
            [
              -119.15632250322464,
              34.4327835
            ],
            [
              -119.15632250322464,
              34.4328908
            ]
          ],
          [
            [
              -119.15623974063138,
              34.432782174610416
            ],
            [
              -119.15623950564375,
              34.43278086198506
            ],
            [
              -119.15623911651302,
              34.43277957476523
            ],
            [
              -119.15623857698674,
              34.43277832534755
            ],
            [
              -119.15623789226083,
              34.4327771257646
            ],
            [
              -119.15623706892958,
              34.43277598756903
            ],
            [
              -119.15623611492212,
              34.43277492172228
            ],
            [
              -119.15623503942606,
              34.43277393848902
            ],
            [
              -119.15623385279903,
              34.43277304733835
            ],
            [
              -119.15623256646889,
              34.43277225685252
            ],
            [
              -119.15623119282368,
              34.43277157464435
            ],
            [
              -119.15622974509239,
              34.43277100728387
            ],
            [
              -119.15622823721743,
              34.43277056023508
            ],
            [
              -119.15622668372049,
              34.4327702378033
            ],
            [
              -119.15622509956258,
              34.43277004309372
            ],
            [
              -119.1562235,
              34.4327699779815
            ],
            [
              -119.1560157,
              34.4327699779815
            ],
            [
              -119.15601410043742,
              34.43277004309372
            ],
            [
              -119.1560125162795,
              34.4327702378033
            ],
            [
              -119.15601096278256,
              34.43277056023508
            ],
            [
              -119.1560094549076,
              34.43277100728387
            ],
            [
              -119.15600800717631,
              34.43277157464435
            ],
            [
              -119.1560066335311,
              34.43277225685252
            ],
            [
              -119.15600534720096,
              34.43277304733835
            ],
            [
              -119.15600416057393,
              34.43277393848902
            ],
            [
              -119.15600308507787,
              34.43277492172228
            ],
            [
              -119.15600213107041,
              34.43277598756903
            ],
            [
              -119.15600130773916,
              34.4327771257646
            ],
            [
              -119.15600062301326,
              34.43277832534755
            ],
            [
              -119.15600008348697,
              34.43277957476523
            ],
            [
              -119.15599969435624,
              34.43278086198506
            ],
            [
              -119.15599945936862,
              34.432782174610416
            ],
            [
              -119.15599938078714,
              34.4327835
            ],
            [
              -119.15599938078714,
              34.4328908
            ],
            [
              -119.15599945936862,
              34.432892125389586
            ],
            [
              -119.15599969435624,
              34.43289343801494
            ],
            [
              -119.15600008348697,
              34.432894725234775
            ],
            [
              -119.15600062301326,
              34.43289597465245
            ],
            [
              -119.15600130773916,
              34.4328971742354
            ],
            [
              -119.15600213107041,
              34.43289831243097
            ],
            [
              -119.15600308507787,
              34.432899378277725
            ],
            [
              -119.15600416057393,
              34.43290036151098
            ],
            [
              -119.15600534720096,
              34.43290125266165
            ],
            [
              -119.1560066335311,
              34.43290204314748
            ],
            [
              -119.15600800717631,
              34.43290272535565
            ],
            [
              -119.1560094549076,
              34.432903292716134
            ],
            [
              -119.15601096278256,
              34.432903739764924
            ],
            [
              -119.1560125162795,
              34.432904062196705
            ],
            [
              -119.15601410043742,
              34.43290425690628
            ],
            [
              -119.1560157,
              34.4329043220185
            ],
            [
              -119.1562235,
              34.4329043220185
            ],
            [
              -119.15622509956258,
              34.43290425690628
            ],
            [
              -119.15622668372049,
              34.432904062196705
            ],
            [
              -119.15622823721743,
              34.432903739764924
            ],
            [
              -119.15622974509239,
              34.432903292716134
            ],
            [
              -119.15623119282368,
              34.43290272535565
            ],
            [
              -119.15623256646889,
              34.43290204314748
            ],
            [
              -119.15623385279903,
              34.43290125266165
            ],
            [
              -119.15623503942606,
              34.43290036151098
            ],
            [
              -119.15623611492212,
              34.432899378277725
            ],
            [
              -119.15623706892958,
              34.43289831243097
            ],
            [
              -119.15623789226083,
              34.4328971742354
            ],
            [
              -119.15623857698674,
              34.43289597465245
            ],
            [
              -119.15623911651302,
              34.432894725234775
            ],
            [
              -119.15623950564375,
              34.43289343801494
            ],
            [
              -119.15623974063138,
              34.432892125389586
            ],
            [
              -119.15623981921286,
              34.4328908
            ],
            [
              -119.15623981921286,
              34.4327835
            ],
            [
              -119.15623974063138,
              34.432782174610416
            ]
          ]
        ]
      }
    },
    {
      "type": "Feature",
      "properties": {
        "structure_id": "livestock-dairy",
        "zone": "2",
        "area_m2": 3985.0,
        "crowns_in_zone": 37,
        "canopy_pct": 27.5,
        "crosses_boundary": false,
        "outer_m": 30.5
      },
      "geometry": {
        "type": "Polygon",
        "coordinates": [
          [
            [
              -119.15655532399472,
              34.4328908
            ],
            [
              -119.15655372617148,
              34.43291774958822
            ],
            [
              -119.1565489480897,
              34.432944439637176
            ],
            [
              -119.1565410357649,
              34.4329706131071
            ],
            [
              -119.15653006539712,
              34.43299601793318
            ],
            [
              -119.15651614263696,
              34.433020409453036
            ],
            [
              -119.15649940156824,
              34.43304355276301
            ],
            [
              -119.15648000341659,
              34.433065224980375
            ],
            [
              -119.15645813499683,
              34.43308521738983
            ],
            [
              -119.15643400691377,
              34.43310333745354
            ],
            [
              -119.15640785153407,
              34.433119410665384
            ],
            [
              -119.15637992074831,
              34.43313328223155
            ],
            [
              -119.15635048354524,
              34.433144818561274
            ],
            [
              -119.15631982342121,
              34.43315390855339
            ],
            [
              -119.15628823564998,
              34.433160464666315
            ],
            [
              -119.15625602443905,
              34.433164423761085
            ],
            [
              -119.1562235,
              34.43316574770945
            ],
            [
              -119.1560157,
              34.43316574770945
            ],
            [
              -119.15598317556095,
              34.433164423761085
            ],
            [
              -119.15595096435001,
              34.433160464666315
            ],
            [
              -119.15591937657878,
              34.43315390855339
            ],
            [
              -119.15588871645475,
              34.433144818561274
            ],
            [
              -119.15585927925169,
              34.43313328223155
            ],
            [
              -119.15583134846592,
              34.433119410665384
            ],
            [
              -119.15580519308622,
              34.43310333745354
            ],
            [
              -119.15578106500317,
              34.43308521738983
            ],
            [
              -119.1557591965834,
              34.433065224980375
            ],
            [
              -119.15573979843175,
              34.43304355276301
            ],
            [
              -119.15572305736303,
              34.433020409453036
            ],
            [
              -119.15570913460287,
              34.43299601793318
            ],
            [
              -119.15569816423509,
              34.4329706131071
            ],
            [
              -119.15569025191029,
              34.432944439637176
            ],
            [
              -119.15568547382851,
              34.43291774958822
            ],
            [
              -119.15568387600527,
              34.4328908
            ],
            [
              -119.15568387600527,
              34.4327835
            ],
            [
              -119.15568547382851,
              34.43275655041178
            ],
            [
              -119.15569025191029,
              34.43272986036283
            ],
            [
              -119.15569816423509,
              34.4327036868929
            ],
            [
              -119.15570913460287,
              34.432678282066824
            ],
            [
              -119.15572305736303,
              34.432653890546966
            ],
            [
              -119.15573979843175,
              34.43263074723699
            ],
            [
              -119.1557591965834,
              34.43260907501963
            ],
            [
              -119.15578106500317,
              34.43258908261017
            ],
            [
              -119.15580519308622,
              34.432570962546464
            ],
            [
              -119.15583134846592,
              34.43255488933462
            ],
            [
              -119.15585927925169,
              34.43254101776845
            ],
            [
              -119.15588871645475,
              34.43252948143873
            ],
            [
              -119.15591937657878,
              34.43252039144661
            ],
            [
              -119.15595096435001,
              34.43251383533369
            ],
            [
              -119.15598317556095,
              34.43250987623892
            ],
            [
              -119.1560157,
              34.43250855229055
            ],
            [
              -119.1562235,
              34.43250855229055
            ],
            [
              -119.15625602443905,
              34.43250987623892
            ],
            [
              -119.15628823564998,
              34.43251383533369
            ],
            [
              -119.15631982342121,
              34.43252039144661
            ],
            [
              -119.15635048354524,
              34.43252948143873
            ],
            [
              -119.15637992074831,
              34.43254101776845
            ],
            [
              -119.15640785153407,
              34.43255488933462
            ],
            [
              -119.15643400691377,
              34.432570962546464
            ],
            [
              -119.15645813499683,
              34.43258908261017
            ],
            [
              -119.15648000341659,
              34.43260907501963
            ],
            [
              -119.15649940156824,
              34.43263074723699
            ],
            [
              -119.15651614263696,
              34.432653890546966
            ],
            [
              -119.15653006539712,
              34.432678282066824
            ],
            [
              -119.1565410357649,
              34.4327036868929
            ],
            [
              -119.1565489480897,
              34.43272986036283
            ],
            [
              -119.15655372617148,
              34.43275655041178
            ],
            [
              -119.15655532399472,
              34.4327835
            ],
            [
              -119.15655532399472,
              34.4328908
            ]
          ],
          [
            [
              -119.15632202649707,
              34.43277545930319
            ],
            [
              -119.15632060090545,
              34.43276749604268
            ],
            [
              -119.15631824017903,
              34.43275968690903
            ],
            [
              -119.15631496705291,
              34.43275210710846
            ],
            [
              -119.15631081304906,
              34.4327448296386
            ],
            [
              -119.15630581817281,
              34.43273792458546
            ],
            [
              -119.15630003052758,
              34.43273145844848
            ],
            [
              -119.15629350585151,
              34.43272549350009
            ],
            [
              -119.15628630698083,
              34.43272008718599
            ],
            [
              -119.1562785032446,
              34.43271529157197
            ],
            [
              -119.15627016979704,
              34.43271115284239
            ],
            [
              -119.15626138689382,
              34.43270771085549
            ],
            [
              -119.15625223911911,
              34.432704998759476
            ],
            [
              -119.15624281457097,
              34.43270304267333
            ],
            [
              -119.15623320401296,
              34.43270186143522
            ],
            [
              -119.1562235,
              34.432701466421115
            ],
            [
              -119.1560157,
              34.432701466421115
            ],
            [
              -119.15600599598703,
              34.43270186143522
            ],
            [
              -119.15599638542902,
              34.43270304267333
            ],
            [
              -119.15598696088088,
              34.432704998759476
            ],
            [
              -119.15597781310618,
              34.43270771085549
            ],
            [
              -119.15596903020295,
              34.43271115284239
            ],
            [
              -119.1559606967554,
              34.43271529157197
            ],
            [
              -119.15595289301916,
              34.43272008718599
            ],
            [
              -119.15594569414849,
              34.43272549350009
            ],
            [
              -119.15593916947242,
              34.43273145844848
            ],
            [
              -119.15593338182718,
              34.43273792458546
            ],
            [
              -119.15592838695093,
              34.4327448296386
            ],
            [
              -119.15592423294709,
              34.43275210710846
            ],
            [
              -119.15592095982096,
              34.43275968690903
            ],
            [
              -119.15591859909455,
              34.43276749604268
            ],
            [
              -119.15591717350293,
              34.43277545930319
            ],
            [
              -119.15591669677535,
              34.4327835
            ],
            [
              -119.15591669677535,
              34.4328908
            ],
            [
              -119.15591717350293,
              34.432898840696815
            ],
            [
              -119.15591859909455,
              34.43290680395732
            ],
            [
              -119.15592095982096,
              34.43291461309097
            ],
            [
              -119.15592423294709,
              34.43292219289154
            ],
            [
              -119.15592838695093,
              34.4329294703614
            ],
            [
              -119.15593338182718,
              34.43293637541454
            ],
            [
              -119.15593916947242,
              34.43294284155152
            ],
            [
              -119.15594569414849,
              34.432948806499915
            ],
            [
              -119.15595289301916,
              34.43295421281401
            ],
            [
              -119.1559606967554,
              34.432959008428035
            ],
            [
              -119.15596903020295,
              34.432963147157615
            ],
            [
              -119.15597781310618,
              34.43296658914451
            ],
            [
              -119.15598696088088,
              34.432969301240526
            ],
            [
              -119.15599638542902,
              34.43297125732667
            ],
            [
              -119.15600599598703,
              34.43297243856478
            ],
            [
              -119.1560157,
              34.43297283357889
            ],
            [
              -119.1562235,
              34.43297283357889
            ],
            [
              -119.15623320401296,
              34.43297243856478
            ],
            [
              -119.15624281457097,
              34.43297125732667
            ],
            [
              -119.15625223911911,
              34.432969301240526
            ],
            [
              -119.15626138689382,
              34.43296658914451
            ],
            [
              -119.15627016979704,
              34.432963147157615
            ],
            [
              -119.1562785032446,
              34.432959008428035
            ],
            [
              -119.15628630698083,
              34.43295421281401
            ],
            [
              -119.15629350585151,
              34.432948806499915
            ],
            [
              -119.15630003052758,
              34.43294284155152
            ],
            [
              -119.15630581817281,
              34.43293637541454
            ],
            [
              -119.15631081304906,
              34.4329294703614
            ],
            [
              -119.15631496705291,
              34.43292219289154
            ],
            [
              -119.15631824017903,
              34.43291461309097
            ],
            [
              -119.15632060090545,
              34.43290680395732
            ],
            [
              -119.15632202649707,
              34.432898840696815
            ],
            [
              -119.15632250322464,
              34.4328908
            ],
            [
              -119.15632250322464,
              34.4327835
            ],
            [
              -119.15632202649707,
              34.43277545930319
            ]
          ]
        ]
      }
    },
    {
      "type": "Feature",
      "properties": {
        "structure_id": "mushroom-cultivation",
        "zone": "0",
        "area_m2": 117.6,
        "crowns_in_zone": 3,
        "canopy_pct": 83.8,
        "crosses_boundary": false,
        "outer_m": 1.5,
        "overhanging_crowns": [
          {
            "e": 292.41,
            "n": 345.31,
            "height_m": 33.2,
            "crown_r_m": 6.8
          },
          {
            "e": 302.42,
            "n": 340.6,
            "height_m": 26.8,
            "crown_r_m": 6.4
          }
        ]
      },
      "geometry": {
        "type": "Polygon",
        "coordinates": [
          [
            [
              -119.15628111921286,
              34.433465
            ],
            [
              -119.15628111921286,
              34.4335308
            ],
            [
              -119.15628104063138,
              34.43353212538958
            ],
            [
              -119.15628080564376,
              34.43353343801494
            ],
            [
              -119.15628041651303,
              34.43353472523477
            ],
            [
              -119.15627987698674,
              34.43353597465245
            ],
            [
              -119.15627919226084,
              34.4335371742354
            ],
            [
              -119.15627836892959,
              34.43353831243097
            ],
            [
              -119.15627741492213,
              34.43353937827772
            ],
            [
              -119.15627633942607,
              34.43354036151098
            ],
            [
              -119.15627515279904,
              34.43354125266165
            ],
            [
              -119.1562738664689,
              34.433542043147476
            ],
            [
              -119.15627249282369,
              34.43354272535565
            ],
            [
              -119.1562710450924,
              34.43354329271613
            ],
            [
              -119.15626953721744,
              34.43354373976492
            ],
            [
              -119.1562679837205,
              34.4335440621967
            ],
            [
              -119.15626639956258,
              34.43354425690628
            ],
            [
              -119.1562648,
              34.4335443220185
            ],
            [
              -119.1561712,
              34.4335443220185
            ],
            [
              -119.15616960043742,
              34.43354425690628
            ],
            [
              -119.15616801627951,
              34.4335440621967
            ],
            [
              -119.15616646278256,
              34.43354373976492
            ],
            [
              -119.15616495490761,
              34.43354329271613
            ],
            [
              -119.15616350717632,
              34.43354272535565
            ],
            [
              -119.15616213353111,
              34.433542043147476
            ],
            [
              -119.15616084720097,
              34.43354125266165
            ],
            [
              -119.15615966057393,
              34.43354036151098
            ],
            [
              -119.15615858507788,
              34.43353937827772
            ],
            [
              -119.15615763107041,
              34.43353831243097
            ],
            [
              -119.15615680773917,
              34.4335371742354
            ],
            [
              -119.15615612301326,
              34.43353597465245
            ],
            [
              -119.15615558348698,
              34.43353472523477
            ],
            [
              -119.15615519435624,
              34.43353343801494
            ],
            [
              -119.15615495936862,
              34.43353212538958
            ],
            [
              -119.15615488078714,
              34.4335308
            ],
            [
              -119.15615488078714,
              34.433465
            ],
            [
              -119.15615495936862,
              34.433463674610415
            ],
            [
              -119.15615519435624,
              34.43346236198506
            ],
            [
              -119.15615558348698,
              34.433461074765226
            ],
            [
              -119.15615612301326,
              34.43345982534755
            ],
            [
              -119.15615680773917,
              34.4334586257646
            ],
            [
              -119.15615763107041,
              34.43345748756903
            ],
            [
              -119.15615858507788,
              34.433456421722276
            ],
            [
              -119.15615966057393,
              34.43345543848902
            ],
            [
              -119.15616084720097,
              34.43345454733835
            ],
            [
              -119.15616213353111,
              34.43345375685252
            ],
            [
              -119.15616350717632,
              34.43345307464435
            ],
            [
              -119.15616495490761,
              34.43345250728387
            ],
            [
              -119.15616646278256,
              34.433452060235076
            ],
            [
              -119.15616801627951,
              34.433451737803296
            ],
            [
              -119.15616960043742,
              34.43345154309372
            ],
            [
              -119.1561712,
              34.4334514779815
            ],
            [
              -119.1562648,
              34.4334514779815
            ],
            [
              -119.15626639956258,
              34.43345154309372
            ],
            [
              -119.1562679837205,
              34.433451737803296
            ],
            [
              -119.15626953721744,
              34.433452060235076
            ],
            [
              -119.1562710450924,
              34.43345250728387
            ],
            [
              -119.15627249282369,
              34.43345307464435
            ],
            [
              -119.1562738664689,
              34.43345375685252
            ],
            [
              -119.15627515279904,
              34.43345454733835
            ],
            [
              -119.15627633942607,
              34.43345543848902
            ],
            [
              -119.15627741492213,
              34.433456421722276
            ],
            [
              -119.15627836892959,
              34.43345748756903
            ],
            [
              -119.15627919226084,
              34.4334586257646
            ],
            [
              -119.15627987698674,
              34.43345982534755
            ],
            [
              -119.15628041651303,
              34.433461074765226
            ],
            [
              -119.15628080564376,
              34.43346236198506
            ],
            [
              -119.15628104063138,
              34.433463674610415
            ],
            [
              -119.15628111921286,
              34.433465
            ]
          ]
        ]
      }
    },
    {
      "type": "Feature",
      "properties": {
        "structure_id": "mushroom-cultivation",
        "zone": "1",
        "area_m2": 494.4,
        "crowns_in_zone": 4,
        "canopy_pct": 54.5,
        "crosses_boundary": true,
        "outer_m": 9.1
      },
      "geometry": {
        "type": "Polygon",
        "coordinates": [
          [
            [
              -119.15636380322465,
              34.4335308
            ],
            [
              -119.15636332649707,
              34.43353884069681
            ],
            [
              -119.15636190090545,
              34.43354680395732
            ],
            [
              -119.15635954017904,
              34.43355461309097
            ],
            [
              -119.15635626705291,
              34.433562192891536
            ],
            [
              -119.15635211304907,
              34.4335694703614
            ],
            [
              -119.15634711817282,
              34.43357637541454
            ],
            [
              -119.15634133052758,
              34.43358284155152
            ],
            [
              -119.15633480585151,
              34.43358880649991
            ],
            [
              -119.15632760698084,
              34.43359421281401
            ],
            [
              -119.1563198032446,
              34.43359900842803
            ],
            [
              -119.15631146979705,
              34.43360314715761
            ],
            [
              -119.15630268689382,
              34.43360658914451
            ],
            [
              -119.15629353911912,
              34.43360930124052
            ],
            [
              -119.15628411457098,
              34.43361125732667
            ],
            [
              -119.15627450401297,
              34.43361243856478
            ],
            [
              -119.1562648,
              34.433612833578884
            ],
            [
              -119.1561712,
              34.433612833578884
            ],
            [
              -119.15616149598704,
              34.43361243856478
            ],
            [
              -119.15615188542903,
              34.43361125732667
            ],
            [
              -119.15614246088089,
              34.43360930124052
            ],
            [
              -119.15613331310618,
              34.43360658914451
            ],
            [
              -119.15612453020296,
              34.43360314715761
            ],
            [
              -119.1561161967554,
              34.43359900842803
            ],
            [
              -119.15610839301917,
              34.43359421281401
            ],
            [
              -119.15610119414849,
              34.43358880649991
            ],
            [
              -119.15609466947242,
              34.43358284155152
            ],
            [
              -119.15608888182719,
              34.43357637541454
            ],
            [
              -119.15608388695094,
              34.4335694703614
            ],
            [
              -119.15607973294709,
              34.433562192891536
            ],
            [
              -119.15607645982097,
              34.43355461309097
            ],
            [
              -119.15607409909455,
              34.43354680395732
            ],
            [
              -119.15607267350293,
              34.43353884069681
            ],
            [
              -119.15607219677536,
              34.4335308
            ],
            [
              -119.15607219677536,
              34.433465
            ],
            [
              -119.15607267350293,
              34.433456959303186
            ],
            [
              -119.15607409909455,
              34.43344899604268
            ],
            [
              -119.15607645982097,
              34.43344118690903
            ],
            [
              -119.15607973294709,
              34.43343360710846
            ],
            [
              -119.15608388695094,
              34.4334263296386
            ],
            [
              -119.15608888182719,
              34.43341942458546
            ],
            [
              -119.15609466947242,
              34.43341295844848
            ],
            [
              -119.15610119414849,
              34.433406993500085
            ],
            [
              -119.15610839301917,
              34.43340158718599
            ],
            [
              -119.1561161967554,
              34.433396791571965
            ],
            [
              -119.15612453020296,
              34.433392652842386
            ],
            [
              -119.15613331310618,
              34.43338921085549
            ],
            [
              -119.15614246088089,
              34.433386498759475
            ],
            [
              -119.15615188542903,
              34.43338454267333
            ],
            [
              -119.15616149598704,
              34.43338336143522
            ],
            [
              -119.1561712,
              34.433382966421114
            ],
            [
              -119.1562648,
              34.433382966421114
            ],
            [
              -119.15627450401297,
              34.43338336143522
            ],
            [
              -119.15628411457098,
              34.43338454267333
            ],
            [
              -119.15629353911912,
              34.433386498759475
            ],
            [
              -119.15630268689382,
              34.43338921085549
            ],
            [
              -119.15631146979705,
              34.433392652842386
            ],
            [
              -119.1563198032446,
              34.433396791571965
            ],
            [
              -119.15632760698084,
              34.43340158718599
            ],
            [
              -119.15633480585151,
              34.433406993500085
            ],
            [
              -119.15634133052758,
              34.43341295844848
            ],
            [
              -119.15634711817282,
              34.43341942458546
            ],
            [
              -119.15635211304907,
              34.4334263296386
            ],
            [
              -119.15635626705291,
              34.43343360710846
            ],
            [
              -119.15635954017904,
              34.43344118690903
            ],
            [
              -119.15636190090545,
              34.43344899604268
            ],
            [
              -119.15636332649707,
              34.433456959303186
            ],
            [
              -119.15636380322465,
              34.433465
            ],
            [
              -119.15636380322465,
              34.4335308
            ]
          ],
          [
            [
              -119.15628104063138,
              34.433463674610415
            ],
            [
              -119.15628080564376,
              34.43346236198506
            ],
            [
              -119.15628041651303,
              34.433461074765226
            ],
            [
              -119.15627987698674,
              34.43345982534755
            ],
            [
              -119.15627919226084,
              34.4334586257646
            ],
            [
              -119.15627836892959,
              34.43345748756903
            ],
            [
              -119.15627741492213,
              34.433456421722276
            ],
            [
              -119.15627633942607,
              34.43345543848902
            ],
            [
              -119.15627515279904,
              34.43345454733835
            ],
            [
              -119.1562738664689,
              34.43345375685252
            ],
            [
              -119.15627249282369,
              34.43345307464435
            ],
            [
              -119.1562710450924,
              34.43345250728387
            ],
            [
              -119.15626953721744,
              34.433452060235076
            ],
            [
              -119.1562679837205,
              34.433451737803296
            ],
            [
              -119.15626639956258,
              34.43345154309372
            ],
            [
              -119.1562648,
              34.4334514779815
            ],
            [
              -119.1561712,
              34.4334514779815
            ],
            [
              -119.15616960043742,
              34.43345154309372
            ],
            [
              -119.15616801627951,
              34.433451737803296
            ],
            [
              -119.15616646278256,
              34.433452060235076
            ],
            [
              -119.15616495490761,
              34.43345250728387
            ],
            [
              -119.15616350717632,
              34.43345307464435
            ],
            [
              -119.15616213353111,
              34.43345375685252
            ],
            [
              -119.15616084720097,
              34.43345454733835
            ],
            [
              -119.15615966057393,
              34.43345543848902
            ],
            [
              -119.15615858507788,
              34.433456421722276
            ],
            [
              -119.15615763107041,
              34.43345748756903
            ],
            [
              -119.15615680773917,
              34.4334586257646
            ],
            [
              -119.15615612301326,
              34.43345982534755
            ],
            [
              -119.15615558348698,
              34.433461074765226
            ],
            [
              -119.15615519435624,
              34.43346236198506
            ],
            [
              -119.15615495936862,
              34.433463674610415
            ],
            [
              -119.15615488078714,
              34.433465
            ],
            [
              -119.15615488078714,
              34.4335308
            ],
            [
              -119.15615495936862,
              34.43353212538958
            ],
            [
              -119.15615519435624,
              34.43353343801494
            ],
            [
              -119.15615558348698,
              34.43353472523477
            ],
            [
              -119.15615612301326,
              34.43353597465245
            ],
            [
              -119.15615680773917,
              34.4335371742354
            ],
            [
              -119.15615763107041,
              34.43353831243097
            ],
            [
              -119.15615858507788,
              34.43353937827772
            ],
            [
              -119.15615966057393,
              34.43354036151098
            ],
            [
              -119.15616084720097,
              34.43354125266165
            ],
            [
              -119.15616213353111,
              34.433542043147476
            ],
            [
              -119.15616350717632,
              34.43354272535565
            ],
            [
              -119.15616495490761,
              34.43354329271613
            ],
            [
              -119.15616646278256,
              34.43354373976492
            ],
            [
              -119.15616801627951,
              34.4335440621967
            ],
            [
              -119.15616960043742,
              34.43354425690628
            ],
            [
              -119.1561712,
              34.4335443220185
            ],
            [
              -119.1562648,
              34.4335443220185
            ],
            [
              -119.15626639956258,
              34.43354425690628
            ],
            [
              -119.1562679837205,
              34.4335440621967
            ],
            [
              -119.15626953721744,
              34.43354373976492
            ],
            [
              -119.1562710450924,
              34.43354329271613
            ],
            [
              -119.15627249282369,
              34.43354272535565
            ],
            [
              -119.1562738664689,
              34.433542043147476
            ],
            [
              -119.15627515279904,
              34.43354125266165
            ],
            [
              -119.15627633942607,
              34.43354036151098
            ],
            [
              -119.15627741492213,
              34.43353937827772
            ],
            [
              -119.15627836892959,
              34.43353831243097
            ],
            [
              -119.15627919226084,
              34.4335371742354
            ],
            [
              -119.15627987698674,
              34.43353597465245
            ],
            [
              -119.15628041651303,
              34.43353472523477
            ],
            [
              -119.15628080564376,
              34.43353343801494
            ],
            [
              -119.15628104063138,
              34.43353212538958
            ],
            [
              -119.15628111921286,
              34.4335308
            ],
            [
              -119.15628111921286,
              34.433465
            ],
            [
              -119.15628104063138,
              34.433463674610415
            ]
          ]
        ]
      }
    },
    {
      "type": "Feature",
      "properties": {
        "structure_id": "mushroom-cultivation",
        "zone": "2",
        "area_m2": 7470.9,
        "crowns_in_zone": 33,
        "canopy_pct": 17.0,
        "crosses_boundary": true,
        "outer_m": 45.75
      },
      "geometry": {
        "type": "Polygon",
        "coordinates": [
          [
            [
              -119.15676253599209,
              34.4335308
            ],
            [
              -119.15676013925724,
              34.433571224382334
            ],
            [
              -119.15675297213457,
              34.43361125945576
            ],
            [
              -119.15674110364738,
              34.43365051966065
            ],
            [
              -119.15672464809568,
              34.43368862689976
            ],
            [
              -119.15670376395545,
              34.43372521417955
            ],
            [
              -119.15667865235237,
              34.433759929144514
            ],
            [
              -119.1566495551249,
              34.43379243747056
            ],
            [
              -119.15661675249524,
              34.43382242608474
            ],
            [
              -119.15658056037067,
              34.4338496061803
            ],
            [
              -119.15654132730111,
              34.433873715998075
            ],
            [
              -119.15649943112247,
              34.43389452334733
            ],
            [
              -119.15645527531787,
              34.43391182784191
            ],
            [
              -119.15640928513182,
              34.43392546283009
            ],
            [
              -119.15636190347497,
              34.433935296999465
            ],
            [
              -119.15631358665858,
              34.43394123564162
            ],
            [
              -119.1562648,
              34.43394322156418
            ],
            [
              -119.1561712,
              34.43394322156418
            ],
            [
              -119.15612241334142,
              34.43394123564162
            ],
            [
              -119.15607409652503,
              34.433935296999465
            ],
            [
              -119.15602671486819,
              34.43392546283009
            ],
            [
              -119.15598072468214,
              34.43391182784191
            ],
            [
              -119.15593656887754,
              34.43389452334733
            ],
            [
              -119.15589467269889,
              34.433873715998075
            ],
            [
              -119.15585543962933,
              34.4338496061803
            ],
            [
              -119.15581924750477,
              34.43382242608474
            ],
            [
              -119.1557864448751,
              34.43379243747056
            ],
            [
              -119.15575734764764,
              34.433759929144514
            ],
            [
              -119.15573223604456,
              34.43372521417955
            ],
            [
              -119.15571135190433,
              34.43368862689976
            ],
            [
              -119.15569489635263,
              34.43365051966065
            ],
            [
              -119.15568302786544,
              34.43361125945576
            ],
            [
              -119.15567586074276,
              34.433571224382334
            ],
            [
              -119.15567346400792,
              34.4335308
            ],
            [
              -119.15567346400792,
              34.433465
            ],
            [
              -119.15567586074276,
              34.433424575617664
            ],
            [
              -119.15568302786544,
              34.43338454054424
            ],
            [
              -119.15569489635263,
              34.433345280339346
            ],
            [
              -119.15571135190433,
              34.43330717310024
            ],
            [
              -119.15573223604456,
              34.433270585820445
            ],
            [
              -119.15575734764764,
              34.43323587085548
            ],
            [
              -119.1557864448751,
              34.43320336252944
            ],
            [
              -119.15581924750477,
              34.43317337391526
            ],
            [
              -119.15585543962933,
              34.433146193819695
            ],
            [
              -119.15589467269889,
              34.43312208400192
            ],
            [
              -119.15593656887754,
              34.43310127665267
            ],
            [
              -119.15598072468214,
              34.43308397215809
            ],
            [
              -119.15602671486819,
              34.43307033716991
            ],
            [
              -119.15607409652503,
              34.43306050300053
            ],
            [
              -119.15612241334142,
              34.43305456435838
            ],
            [
              -119.1561712,
              34.43305257843582
            ],
            [
              -119.1562648,
              34.43305257843582
            ],
            [
              -119.15631358665858,
              34.43305456435838
            ],
            [
              -119.15636190347497,
              34.43306050300053
            ],
            [
              -119.15640928513182,
              34.43307033716991
            ],
            [
              -119.15645527531787,
              34.43308397215809
            ],
            [
              -119.15649943112247,
              34.43310127665267
            ],
            [
              -119.15654132730111,
              34.43312208400192
            ],
            [
              -119.15658056037067,
              34.433146193819695
            ],
            [
              -119.15661675249524,
              34.43317337391526
            ],
            [
              -119.1566495551249,
              34.43320336252944
            ],
            [
              -119.15667865235237,
              34.43323587085548
            ],
            [
              -119.15670376395545,
              34.433270585820445
            ],
            [
              -119.15672464809568,
              34.43330717310024
            ],
            [
              -119.15674110364738,
              34.433345280339346
            ],
            [
              -119.15675297213457,
              34.43338454054424
            ],
            [
              -119.15676013925724,
              34.433424575617664
            ],
            [
              -119.15676253599209,
              34.433465
            ],
            [
              -119.15676253599209,
              34.4335308
            ]
          ],
          [
            [
              -119.15636332649707,
              34.433456959303186
            ],
            [
              -119.15636190090545,
              34.43344899604268
            ],
            [
              -119.15635954017904,
              34.43344118690903
            ],
            [
              -119.15635626705291,
              34.43343360710846
            ],
            [
              -119.15635211304907,
              34.4334263296386
            ],
            [
              -119.15634711817282,
              34.43341942458546
            ],
            [
              -119.15634133052758,
              34.43341295844848
            ],
            [
              -119.15633480585151,
              34.433406993500085
            ],
            [
              -119.15632760698084,
              34.43340158718599
            ],
            [
              -119.1563198032446,
              34.433396791571965
            ],
            [
              -119.15631146979705,
              34.433392652842386
            ],
            [
              -119.15630268689382,
              34.43338921085549
            ],
            [
              -119.15629353911912,
              34.433386498759475
            ],
            [
              -119.15628411457098,
              34.43338454267333
            ],
            [
              -119.15627450401297,
              34.43338336143522
            ],
            [
              -119.1562648,
              34.433382966421114
            ],
            [
              -119.1561712,
              34.433382966421114
            ],
            [
              -119.15616149598704,
              34.43338336143522
            ],
            [
              -119.15615188542903,
              34.43338454267333
            ],
            [
              -119.15614246088089,
              34.433386498759475
            ],
            [
              -119.15613331310618,
              34.43338921085549
            ],
            [
              -119.15612453020296,
              34.433392652842386
            ],
            [
              -119.1561161967554,
              34.433396791571965
            ],
            [
              -119.15610839301917,
              34.43340158718599
            ],
            [
              -119.15610119414849,
              34.433406993500085
            ],
            [
              -119.15609466947242,
              34.43341295844848
            ],
            [
              -119.15608888182719,
              34.43341942458546
            ],
            [
              -119.15608388695094,
              34.4334263296386
            ],
            [
              -119.15607973294709,
              34.43343360710846
            ],
            [
              -119.15607645982097,
              34.43344118690903
            ],
            [
              -119.15607409909455,
              34.43344899604268
            ],
            [
              -119.15607267350293,
              34.433456959303186
            ],
            [
              -119.15607219677536,
              34.433465
            ],
            [
              -119.15607219677536,
              34.4335308
            ],
            [
              -119.15607267350293,
              34.43353884069681
            ],
            [
              -119.15607409909455,
              34.43354680395732
            ],
            [
              -119.15607645982097,
              34.43355461309097
            ],
            [
              -119.15607973294709,
              34.433562192891536
            ],
            [
              -119.15608388695094,
              34.4335694703614
            ],
            [
              -119.15608888182719,
              34.43357637541454
            ],
            [
              -119.15609466947242,
              34.43358284155152
            ],
            [
              -119.15610119414849,
              34.43358880649991
            ],
            [
              -119.15610839301917,
              34.43359421281401
            ],
            [
              -119.1561161967554,
              34.43359900842803
            ],
            [
              -119.15612453020296,
              34.43360314715761
            ],
            [
              -119.15613331310618,
              34.43360658914451
            ],
            [
              -119.15614246088089,
              34.43360930124052
            ],
            [
              -119.15615188542903,
              34.43361125732667
            ],
            [
              -119.15616149598704,
              34.43361243856478
            ],
            [
              -119.1561712,
              34.433612833578884
            ],
            [
              -119.1562648,
              34.433612833578884
            ],
            [
              -119.15627450401297,
              34.43361243856478
            ],
            [
              -119.15628411457098,
              34.43361125732667
            ],
            [
              -119.15629353911912,
              34.43360930124052
            ],
            [
              -119.15630268689382,
              34.43360658914451
            ],
            [
              -119.15631146979705,
              34.43360314715761
            ],
            [
              -119.1563198032446,
              34.43359900842803
            ],
            [
              -119.15632760698084,
              34.43359421281401
            ],
            [
              -119.15633480585151,
              34.43358880649991
            ],
            [
              -119.15634133052758,
              34.43358284155152
            ],
            [
              -119.15634711817282,
              34.43357637541454
            ],
            [
              -119.15635211304907,
              34.4335694703614
            ],
            [
              -119.15635626705291,
              34.433562192891536
            ],
            [
              -119.15635954017904,
              34.43355461309097
            ],
            [
              -119.15636190090545,
              34.43354680395732
            ],
            [
              -119.15636332649707,
              34.43353884069681
            ],
            [
              -119.15636380322465,
              34.4335308
            ],
            [
              -119.15636380322465,
              34.433465
            ],
            [
              -119.15636332649707,
              34.433456959303186
            ]
          ]
        ]
      }
    },
    {
      "type": "Feature",
      "properties": {
        "structure_id": "beekeeping-program",
        "zone": "0",
        "area_m2": 55.1,
        "crowns_in_zone": 2,
        "canopy_pct": 28.8,
        "crosses_boundary": true,
        "outer_m": 1.5,
        "overhanging_crowns": [
          {
            "e": 340.76,
            "n": 349.43,
            "height_m": 28.8,
            "crown_r_m": 6.8
          },
          {
            "e": 358.18,
            "n": 339.9,
            "height_m": 28.9,
            "crown_r_m": 8.8
          }
        ]
      },
      "geometry": {
        "type": "Polygon",
        "coordinates": [
          [
            [
              -119.15574131921286,
              34.4335128
            ],
            [
              -119.15574131921286,
              34.4335534
            ],
            [
              -119.15574124063139,
              34.433554725389584
            ],
            [
              -119.15574100564376,
              34.43355603801494
            ],
            [
              -119.15574061651303,
              34.43355732523477
            ],
            [
              -119.15574007698675,
              34.43355857465245
            ],
            [
              -119.15573939226084,
              34.4335597742354
            ],
            [
              -119.15573856892959,
              34.43356091243097
            ],
            [
              -119.15573761492213,
              34.43356197827772
            ],
            [
              -119.15573653942607,
              34.43356296151098
            ],
            [
              -119.15573535279904,
              34.43356385266165
            ],
            [
              -119.1557340664689,
              34.43356464314748
            ],
            [
              -119.15573269282369,
              34.43356532535565
            ],
            [
              -119.1557312450924,
              34.43356589271613
            ],
            [
              -119.15572973721744,
              34.43356633976492
            ],
            [
              -119.1557281837205,
              34.433566662196704
            ],
            [
              -119.15572659956258,
              34.43356685690628
            ],
            [
              -119.155725,
              34.4335669220185
            ],
            [
              -119.155675,
              34.4335669220185
            ],
            [
              -119.15567340043742,
              34.43356685690628
            ],
            [
              -119.15567181627951,
              34.433566662196704
            ],
            [
              -119.15567026278256,
              34.43356633976492
            ],
            [
              -119.15566875490761,
              34.43356589271613
            ],
            [
              -119.15566730717632,
              34.43356532535565
            ],
            [
              -119.15566593353111,
              34.43356464314748
            ],
            [
              -119.15566464720096,
              34.43356385266165
            ],
            [
              -119.15566346057393,
              34.43356296151098
            ],
            [
              -119.15566238507787,
              34.43356197827772
            ],
            [
              -119.15566143107041,
              34.43356091243097
            ],
            [
              -119.15566060773916,
              34.4335597742354
            ],
            [
              -119.15565992301326,
              34.43355857465245
            ],
            [
              -119.15565938348698,
              34.43355732523477
            ],
            [
              -119.15565899435624,
              34.43355603801494
            ],
            [
              -119.15565875936862,
              34.433554725389584
            ],
            [
              -119.15565868078714,
              34.4335534
            ],
            [
              -119.15565868078714,
              34.4335128
            ],
            [
              -119.15565875936862,
              34.43351147461042
            ],
            [
              -119.15565899435624,
              34.43351016198506
            ],
            [
              -119.15565938348698,
              34.43350887476523
            ],
            [
              -119.15565992301326,
              34.43350762534755
            ],
            [
              -119.15566060773916,
              34.433506425764605
            ],
            [
              -119.15566143107041,
              34.433505287569034
            ],
            [
              -119.15566238507787,
              34.43350422172228
            ],
            [
              -119.15566346057393,
              34.433503238489024
            ],
            [
              -119.15566464720096,
              34.433502347338354
            ],
            [
              -119.15566593353111,
              34.43350155685253
            ],
            [
              -119.15566730717632,
              34.43350087464435
            ],
            [
              -119.15566875490761,
              34.43350030728387
            ],
            [
              -119.15567026278256,
              34.43349986023508
            ],
            [
              -119.15567181627951,
              34.4334995378033
            ],
            [
              -119.15567340043742,
              34.43349934309372
            ],
            [
              -119.155675,
              34.433499277981504
            ],
            [
              -119.155725,
              34.433499277981504
            ],
            [
              -119.15572659956258,
              34.43349934309372
            ],
            [
              -119.1557281837205,
              34.4334995378033
            ],
            [
              -119.15572973721744,
              34.43349986023508
            ],
            [
              -119.1557312450924,
              34.43350030728387
            ],
            [
              -119.15573269282369,
              34.43350087464435
            ],
            [
              -119.1557340664689,
              34.43350155685253
            ],
            [
              -119.15573535279904,
              34.433502347338354
            ],
            [
              -119.15573653942607,
              34.433503238489024
            ],
            [
              -119.15573761492213,
              34.43350422172228
            ],
            [
              -119.15573856892959,
              34.433505287569034
            ],
            [
              -119.15573939226084,
              34.433506425764605
            ],
            [
              -119.15574007698675,
              34.43350762534755
            ],
            [
              -119.15574061651303,
              34.43350887476523
            ],
            [
              -119.15574100564376,
              34.43351016198506
            ],
            [
              -119.15574124063139,
              34.43351147461042
            ],
            [
              -119.15574131921286,
              34.4335128
            ]
          ]
        ]
      }
    },
    {
      "type": "Feature",
      "properties": {
        "structure_id": "beekeeping-program",
        "zone": "1",
        "area_m2": 391.0,
        "crowns_in_zone": 3,
        "canopy_pct": 53.0,
        "crosses_boundary": true,
        "outer_m": 9.1
      },
      "geometry": {
        "type": "Polygon",
        "coordinates": [
          [
            [
              -119.15582400322465,
              34.4335534
            ],
            [
              -119.15582352649707,
              34.43356144069681
            ],
            [
              -119.15582210090545,
              34.43356940395732
            ],
            [
              -119.15581974017904,
              34.43357721309097
            ],
            [
              -119.15581646705292,
              34.43358479289154
            ],
            [
              -119.15581231304907,
              34.4335920703614
            ],
            [
              -119.15580731817282,
              34.43359897541454
            ],
            [
              -119.15580153052758,
              34.43360544155152
            ],
            [
              -119.15579500585152,
              34.433611406499914
            ],
            [
              -119.15578780698084,
              34.43361681281401
            ],
            [
              -119.1557800032446,
              34.433621608428034
            ],
            [
              -119.15577166979705,
              34.43362574715761
            ],
            [
              -119.15576288689383,
              34.43362918914451
            ],
            [
              -119.15575373911912,
              34.433631901240524
            ],
            [
              -119.15574431457098,
              34.43363385732667
            ],
            [
              -119.15573470401297,
              34.43363503856478
            ],
            [
              -119.155725,
              34.433635433578885
            ],
            [
              -119.155675,
              34.433635433578885
            ],
            [
              -119.15566529598703,
              34.43363503856478
            ],
            [
              -119.15565568542902,
              34.43363385732667
            ],
            [
              -119.15564626088089,
              34.433631901240524
            ],
            [
              -119.15563711310618,
              34.43362918914451
            ],
            [
              -119.15562833020296,
              34.43362574715761
            ],
            [
              -119.1556199967554,
              34.433621608428034
            ],
            [
              -119.15561219301917,
              34.43361681281401
            ],
            [
              -119.15560499414849,
              34.433611406499914
            ],
            [
              -119.15559846947242,
              34.43360544155152
            ],
            [
              -119.15559268182719,
              34.43359897541454
            ],
            [
              -119.15558768695094,
              34.4335920703614
            ],
            [
              -119.15558353294709,
              34.43358479289154
            ],
            [
              -119.15558025982097,
              34.43357721309097
            ],
            [
              -119.15557789909455,
              34.43356940395732
            ],
            [
              -119.15557647350293,
              34.43356144069681
            ],
            [
              -119.15557599677535,
              34.4335534
            ],
            [
              -119.15557599677535,
              34.4335128
            ],
            [
              -119.15557647350293,
              34.43350475930319
            ],
            [
              -119.15557789909455,
              34.43349679604268
            ],
            [
              -119.15558025982097,
              34.43348898690903
            ],
            [
              -119.15558353294709,
              34.43348140710847
            ],
            [
              -119.15558768695094,
              34.433474129638604
            ],
            [
              -119.15559268182719,
              34.43346722458546
            ],
            [
              -119.15559846947242,
              34.43346075844848
            ],
            [
              -119.15560499414849,
              34.43345479350009
            ],
            [
              -119.15561219301917,
              34.433449387185995
            ],
            [
              -119.1556199967554,
              34.43344459157197
            ],
            [
              -119.15562833020296,
              34.43344045284239
            ],
            [
              -119.15563711310618,
              34.43343701085549
            ],
            [
              -119.15564626088089,
              34.43343429875948
            ],
            [
              -119.15565568542902,
              34.433432342673335
            ],
            [
              -119.15566529598703,
              34.43343116143522
            ],
            [
              -119.155675,
              34.43343076642112
            ],
            [
              -119.155725,
              34.43343076642112
            ],
            [
              -119.15573470401297,
              34.43343116143522
            ],
            [
              -119.15574431457098,
              34.433432342673335
            ],
            [
              -119.15575373911912,
              34.43343429875948
            ],
            [
              -119.15576288689383,
              34.43343701085549
            ],
            [
              -119.15577166979705,
              34.43344045284239
            ],
            [
              -119.1557800032446,
              34.43344459157197
            ],
            [
              -119.15578780698084,
              34.433449387185995
            ],
            [
              -119.15579500585152,
              34.43345479350009
            ],
            [
              -119.15580153052758,
              34.43346075844848
            ],
            [
              -119.15580731817282,
              34.43346722458546
            ],
            [
              -119.15581231304907,
              34.433474129638604
            ],
            [
              -119.15581646705292,
              34.43348140710847
            ],
            [
              -119.15581974017904,
              34.43348898690903
            ],
            [
              -119.15582210090545,
              34.43349679604268
            ],
            [
              -119.15582352649707,
              34.43350475930319
            ],
            [
              -119.15582400322465,
              34.4335128
            ],
            [
              -119.15582400322465,
              34.4335534
            ]
          ],
          [
            [
              -119.15574124063139,
              34.43351147461042
            ],
            [
              -119.15574100564376,
              34.43351016198506
            ],
            [
              -119.15574061651303,
              34.43350887476523
            ],
            [
              -119.15574007698675,
              34.43350762534755
            ],
            [
              -119.15573939226084,
              34.433506425764605
            ],
            [
              -119.15573856892959,
              34.433505287569034
            ],
            [
              -119.15573761492213,
              34.43350422172228
            ],
            [
              -119.15573653942607,
              34.433503238489024
            ],
            [
              -119.15573535279904,
              34.433502347338354
            ],
            [
              -119.1557340664689,
              34.43350155685253
            ],
            [
              -119.15573269282369,
              34.43350087464435
            ],
            [
              -119.1557312450924,
              34.43350030728387
            ],
            [
              -119.15572973721744,
              34.43349986023508
            ],
            [
              -119.1557281837205,
              34.4334995378033
            ],
            [
              -119.15572659956258,
              34.43349934309372
            ],
            [
              -119.155725,
              34.433499277981504
            ],
            [
              -119.155675,
              34.433499277981504
            ],
            [
              -119.15567340043742,
              34.43349934309372
            ],
            [
              -119.15567181627951,
              34.4334995378033
            ],
            [
              -119.15567026278256,
              34.43349986023508
            ],
            [
              -119.15566875490761,
              34.43350030728387
            ],
            [
              -119.15566730717632,
              34.43350087464435
            ],
            [
              -119.15566593353111,
              34.43350155685253
            ],
            [
              -119.15566464720096,
              34.433502347338354
            ],
            [
              -119.15566346057393,
              34.433503238489024
            ],
            [
              -119.15566238507787,
              34.43350422172228
            ],
            [
              -119.15566143107041,
              34.433505287569034
            ],
            [
              -119.15566060773916,
              34.433506425764605
            ],
            [
              -119.15565992301326,
              34.43350762534755
            ],
            [
              -119.15565938348698,
              34.43350887476523
            ],
            [
              -119.15565899435624,
              34.43351016198506
            ],
            [
              -119.15565875936862,
              34.43351147461042
            ],
            [
              -119.15565868078714,
              34.4335128
            ],
            [
              -119.15565868078714,
              34.4335534
            ],
            [
              -119.15565875936862,
              34.433554725389584
            ],
            [
              -119.15565899435624,
              34.43355603801494
            ],
            [
              -119.15565938348698,
              34.43355732523477
            ],
            [
              -119.15565992301326,
              34.43355857465245
            ],
            [
              -119.15566060773916,
              34.4335597742354
            ],
            [
              -119.15566143107041,
              34.43356091243097
            ],
            [
              -119.15566238507787,
              34.43356197827772
            ],
            [
              -119.15566346057393,
              34.43356296151098
            ],
            [
              -119.15566464720096,
              34.43356385266165
            ],
            [
              -119.15566593353111,
              34.43356464314748
            ],
            [
              -119.15566730717632,
              34.43356532535565
            ],
            [
              -119.15566875490761,
              34.43356589271613
            ],
            [
              -119.15567026278256,
              34.43356633976492
            ],
            [
              -119.15567181627951,
              34.433566662196704
            ],
            [
              -119.15567340043742,
              34.43356685690628
            ],
            [
              -119.155675,
              34.4335669220185
            ],
            [
              -119.155725,
              34.4335669220185
            ],
            [
              -119.15572659956258,
              34.43356685690628
            ],
            [
              -119.1557281837205,
              34.433566662196704
            ],
            [
              -119.15572973721744,
              34.43356633976492
            ],
            [
              -119.1557312450924,
              34.43356589271613
            ],
            [
              -119.15573269282369,
              34.43356532535565
            ],
            [
              -119.1557340664689,
              34.43356464314748
            ],
            [
              -119.15573535279904,
              34.43356385266165
            ],
            [
              -119.15573653942607,
              34.43356296151098
            ],
            [
              -119.15573761492213,
              34.43356197827772
            ],
            [
              -119.15573856892959,
              34.43356091243097
            ],
            [
              -119.15573939226084,
              34.4335597742354
            ],
            [
              -119.15574007698675,
              34.43355857465245
            ],
            [
              -119.15574061651303,
              34.43355732523477
            ],
            [
              -119.15574100564376,
              34.43355603801494
            ],
            [
              -119.15574124063139,
              34.433554725389584
            ],
            [
              -119.15574131921286,
              34.4335534
            ],
            [
              -119.15574131921286,
              34.4335128
            ],
            [
              -119.15574124063139,
              34.43351147461042
            ]
          ]
        ]
      }
    },
    {
      "type": "Feature",
      "properties": {
        "structure_id": "beekeeping-program",
        "zone": "2",
        "area_m2": 3047.5,
        "crowns_in_zone": 14,
        "canopy_pct": 19.5,
        "crosses_boundary": true,
        "outer_m": 30.5
      },
      "geometry": {
        "type": "Polygon",
        "coordinates": [
          [
            [
              -119.15605682399473,
              34.4335534
            ],
            [
              -119.15605522617149,
              34.43358034958822
            ],
            [
              -119.15605044808972,
              34.433607039637174
            ],
            [
              -119.15604253576491,
              34.4336332131071
            ],
            [
              -119.15603156539713,
              34.433658617933176
            ],
            [
              -119.15601764263697,
              34.433683009453034
            ],
            [
              -119.15600090156825,
              34.43370615276301
            ],
            [
              -119.1559815034166,
              34.43372782498037
            ],
            [
              -119.15595963499683,
              34.43374781738983
            ],
            [
              -119.15593550691378,
              34.433765937453536
            ],
            [
              -119.15590935153408,
              34.43378201066538
            ],
            [
              -119.15588142074832,
              34.43379588223155
            ],
            [
              -119.15585198354525,
              34.43380741856127
            ],
            [
              -119.15582132342122,
              34.43381650855339
            ],
            [
              -119.15578973564999,
              34.43382306466631
            ],
            [
              -119.15575752443905,
              34.43382702376108
            ],
            [
              -119.155725,
              34.43382834770945
            ],
            [
              -119.155675,
              34.43382834770945
            ],
            [
              -119.15564247556095,
              34.43382702376108
            ],
            [
              -119.15561026435002,
              34.43382306466631
            ],
            [
              -119.15557867657878,
              34.43381650855339
            ],
            [
              -119.15554801645476,
              34.43380741856127
            ],
            [
              -119.15551857925169,
              34.43379588223155
            ],
            [
              -119.15549064846593,
              34.43378201066538
            ],
            [
              -119.15546449308623,
              34.433765937453536
            ],
            [
              -119.15544036500317,
              34.43374781738983
            ],
            [
              -119.15541849658341,
              34.43372782498037
            ],
            [
              -119.15539909843176,
              34.43370615276301
            ],
            [
              -119.15538235736304,
              34.433683009453034
            ],
            [
              -119.15536843460288,
              34.433658617933176
            ],
            [
              -119.1553574642351,
              34.4336332131071
            ],
            [
              -119.15534955191029,
              34.433607039637174
            ],
            [
              -119.15534477382852,
              34.43358034958822
            ],
            [
              -119.15534317600527,
              34.4335534
            ],
            [
              -119.15534317600527,
              34.4335128
            ],
            [
              -119.15534477382852,
              34.433485850411785
            ],
            [
              -119.15534955191029,
              34.43345916036283
            ],
            [
              -119.1553574642351,
              34.4334329868929
            ],
            [
              -119.15536843460288,
              34.43340758206683
            ],
            [
              -119.15538235736304,
              34.43338319054697
            ],
            [
              -119.15539909843176,
              34.433360047236995
            ],
            [
              -119.15541849658341,
              34.43333837501963
            ],
            [
              -119.15544036500317,
              34.433318382610175
            ],
            [
              -119.15546449308623,
              34.43330026254647
            ],
            [
              -119.15549064846593,
              34.43328418933462
            ],
            [
              -119.15551857925169,
              34.433270317768454
            ],
            [
              -119.15554801645476,
              34.43325878143873
            ],
            [
              -119.15557867657878,
              34.43324969144661
            ],
            [
              -119.15561026435002,
              34.43324313533369
            ],
            [
              -119.15564247556095,
              34.43323917623892
            ],
            [
              -119.155675,
              34.43323785229055
            ],
            [
              -119.155725,
              34.43323785229055
            ],
            [
              -119.15575752443905,
              34.43323917623892
            ],
            [
              -119.15578973564999,
              34.43324313533369
            ],
            [
              -119.15582132342122,
              34.43324969144661
            ],
            [
              -119.15585198354525,
              34.43325878143873
            ],
            [
              -119.15588142074832,
              34.433270317768454
            ],
            [
              -119.15590935153408,
              34.43328418933462
            ],
            [
              -119.15593550691378,
              34.43330026254647
            ],
            [
              -119.15595963499683,
              34.433318382610175
            ],
            [
              -119.1559815034166,
              34.43333837501963
            ],
            [
              -119.15600090156825,
              34.433360047236995
            ],
            [
              -119.15601764263697,
              34.43338319054697
            ],
            [
              -119.15603156539713,
              34.43340758206683
            ],
            [
              -119.15604253576491,
              34.4334329868929
            ],
            [
              -119.15605044808972,
              34.43345916036283
            ],
            [
              -119.15605522617149,
              34.433485850411785
            ],
            [
              -119.15605682399473,
              34.4335128
            ],
            [
              -119.15605682399473,
              34.4335534
            ]
          ],
          [
            [
              -119.15582352649707,
              34.43350475930319
            ],
            [
              -119.15582210090545,
              34.43349679604268
            ],
            [
              -119.15581974017904,
              34.43348898690903
            ],
            [
              -119.15581646705292,
              34.43348140710847
            ],
            [
              -119.15581231304907,
              34.433474129638604
            ],
            [
              -119.15580731817282,
              34.43346722458546
            ],
            [
              -119.15580153052758,
              34.43346075844848
            ],
            [
              -119.15579500585152,
              34.43345479350009
            ],
            [
              -119.15578780698084,
              34.433449387185995
            ],
            [
              -119.1557800032446,
              34.43344459157197
            ],
            [
              -119.15577166979705,
              34.43344045284239
            ],
            [
              -119.15576288689383,
              34.43343701085549
            ],
            [
              -119.15575373911912,
              34.43343429875948
            ],
            [
              -119.15574431457098,
              34.433432342673335
            ],
            [
              -119.15573470401297,
              34.43343116143522
            ],
            [
              -119.155725,
              34.43343076642112
            ],
            [
              -119.155675,
              34.43343076642112
            ],
            [
              -119.15566529598703,
              34.43343116143522
            ],
            [
              -119.15565568542902,
              34.433432342673335
            ],
            [
              -119.15564626088089,
              34.43343429875948
            ],
            [
              -119.15563711310618,
              34.43343701085549
            ],
            [
              -119.15562833020296,
              34.43344045284239
            ],
            [
              -119.1556199967554,
              34.43344459157197
            ],
            [
              -119.15561219301917,
              34.433449387185995
            ],
            [
              -119.15560499414849,
              34.43345479350009
            ],
            [
              -119.15559846947242,
              34.43346075844848
            ],
            [
              -119.15559268182719,
              34.43346722458546
            ],
            [
              -119.15558768695094,
              34.433474129638604
            ],
            [
              -119.15558353294709,
              34.43348140710847
            ],
            [
              -119.15558025982097,
              34.43348898690903
            ],
            [
              -119.15557789909455,
              34.43349679604268
            ],
            [
              -119.15557647350293,
              34.43350475930319
            ],
            [
              -119.15557599677535,
              34.4335128
            ],
            [
              -119.15557599677535,
              34.4335534
            ],
            [
              -119.15557647350293,
              34.43356144069681
            ],
            [
              -119.15557789909455,
              34.43356940395732
            ],
            [
              -119.15558025982097,
              34.43357721309097
            ],
            [
              -119.15558353294709,
              34.43358479289154
            ],
            [
              -119.15558768695094,
              34.4335920703614
            ],
            [
              -119.15559268182719,
              34.43359897541454
            ],
            [
              -119.15559846947242,
              34.43360544155152
            ],
            [
              -119.15560499414849,
              34.433611406499914
            ],
            [
              -119.15561219301917,
              34.43361681281401
            ],
            [
              -119.1556199967554,
              34.433621608428034
            ],
            [
              -119.15562833020296,
              34.43362574715761
            ],
            [
              -119.15563711310618,
              34.43362918914451
            ],
            [
              -119.15564626088089,
              34.433631901240524
            ],
            [
              -119.15565568542902,
              34.43363385732667
            ],
            [
              -119.15566529598703,
              34.43363503856478
            ],
            [
              -119.155675,
              34.433635433578885
            ],
            [
              -119.155725,
              34.433635433578885
            ],
            [
              -119.15573470401297,
              34.43363503856478
            ],
            [
              -119.15574431457098,
              34.43363385732667
            ],
            [
              -119.15575373911912,
              34.433631901240524
            ],
            [
              -119.15576288689383,
              34.43362918914451
            ],
            [
              -119.15577166979705,
              34.43362574715761
            ],
            [
              -119.1557800032446,
              34.433621608428034
            ],
            [
              -119.15578780698084,
              34.43361681281401
            ],
            [
              -119.15579500585152,
              34.433611406499914
            ],
            [
              -119.15580153052758,
              34.43360544155152
            ],
            [
              -119.15580731817282,
              34.43359897541454
            ],
            [
              -119.15581231304907,
              34.4335920703614
            ],
            [
              -119.15581646705292,
              34.43358479289154
            ],
            [
              -119.15581974017904,
              34.43357721309097
            ],
            [
              -119.15582210090545,
              34.43356940395732
            ],
            [
              -119.15582352649707,
              34.43356144069681
            ],
            [
              -119.15582400322465,
              34.4335534
            ],
            [
              -119.15582400322465,
              34.4335128
            ],
            [
              -119.15582352649707,
              34.43350475930319
            ]
          ]
        ]
      }
    },
    {
      "type": "Feature",
      "properties": {
        "structure_id": "farmstead-produce-stand",
        "zone": "0",
        "area_m2": 73.4,
        "crowns_in_zone": 3,
        "canopy_pct": 53.8,
        "crosses_boundary": false,
        "outer_m": 1.5,
        "overhanging_crowns": [
          {
            "e": 200.11,
            "n": 213.35,
            "height_m": 17.1,
            "crown_r_m": 5.6
          },
          {
            "e": 202.72,
            "n": 221.68,
            "height_m": 6.0,
            "crown_r_m": 2.1
          },
          {
            "e": 210.72,
            "n": 214.45,
            "height_m": 13.1,
            "crown_r_m": 4.8
          }
        ]
      },
      "geometry": {
        "type": "Polygon",
        "coordinates": [
          [
            [
              -119.15730001921285,
              34.4323838
            ],
            [
              -119.15730001921285,
              34.4324306
            ],
            [
              -119.15729994063138,
              34.43243192538959
            ],
            [
              -119.15729970564375,
              34.432433238014944
            ],
            [
              -119.15729931651302,
              34.432434525234775
            ],
            [
              -119.15729877698674,
              34.432435774652454
            ],
            [
              -119.15729809226083,
              34.4324369742354
            ],
            [
              -119.15729726892958,
              34.43243811243097
            ],
            [
              -119.15729631492212,
              34.432439178277725
            ],
            [
              -119.15729523942606,
              34.43244016151098
            ],
            [
              -119.15729405279903,
              34.43244105266165
            ],
            [
              -119.15729276646888,
              34.43244184314748
            ],
            [
              -119.15729139282368,
              34.432442525355654
            ],
            [
              -119.15728994509239,
              34.432443092716134
            ],
            [
              -119.15728843721743,
              34.432443539764925
            ],
            [
              -119.15728688372049,
              34.432443862196706
            ],
            [
              -119.15728529956257,
              34.432444056906284
            ],
            [
              -119.1572837,
              34.4324441220185
            ],
            [
              -119.1572163,
              34.4324441220185
            ],
            [
              -119.15721470043742,
              34.432444056906284
            ],
            [
              -119.15721311627951,
              34.432443862196706
            ],
            [
              -119.15721156278256,
              34.432443539764925
            ],
            [
              -119.15721005490761,
              34.432443092716134
            ],
            [
              -119.15720860717632,
              34.432442525355654
            ],
            [
              -119.15720723353111,
              34.43244184314748
            ],
            [
              -119.15720594720096,
              34.43244105266165
            ],
            [
              -119.15720476057393,
              34.43244016151098
            ],
            [
              -119.15720368507787,
              34.432439178277725
            ],
            [
              -119.15720273107041,
              34.43243811243097
            ],
            [
              -119.15720190773916,
              34.4324369742354
            ],
            [
              -119.15720122301326,
              34.432435774652454
            ],
            [
              -119.15720068348698,
              34.432434525234775
            ],
            [
              -119.15720029435624,
              34.432433238014944
            ],
            [
              -119.15720005936862,
              34.43243192538959
            ],
            [
              -119.15719998078714,
              34.4324306
            ],
            [
              -119.15719998078714,
              34.4323838
            ],
            [
              -119.15720005936862,
              34.432382474610414
            ],
            [
              -119.15720029435624,
              34.432381161985056
            ],
            [
              -119.15720068348698,
              34.432379874765225
            ],
            [
              -119.15720122301326,
              34.432378625347546
            ],
            [
              -119.15720190773916,
              34.4323774257646
            ],
            [
              -119.15720273107041,
              34.43237628756903
            ],
            [
              -119.15720368507787,
              34.432375221722275
            ],
            [
              -119.15720476057393,
              34.43237423848902
            ],
            [
              -119.15720594720096,
              34.43237334733835
            ],
            [
              -119.15720723353111,
              34.43237255685252
            ],
            [
              -119.15720860717632,
              34.432371874644346
            ],
            [
              -119.15721005490761,
              34.432371307283866
            ],
            [
              -119.15721156278256,
              34.432370860235075
            ],
            [
              -119.15721311627951,
              34.432370537803294
            ],
            [
              -119.15721470043742,
              34.432370343093716
            ],
            [
              -119.1572163,
              34.4323702779815
            ],
            [
              -119.1572837,
              34.4323702779815
            ],
            [
              -119.15728529956257,
              34.432370343093716
            ],
            [
              -119.15728688372049,
              34.432370537803294
            ],
            [
              -119.15728843721743,
              34.432370860235075
            ],
            [
              -119.15728994509239,
              34.432371307283866
            ],
            [
              -119.15729139282368,
              34.432371874644346
            ],
            [
              -119.15729276646888,
              34.43237255685252
            ],
            [
              -119.15729405279903,
              34.43237334733835
            ],
            [
              -119.15729523942606,
              34.43237423848902
            ],
            [
              -119.15729631492212,
              34.432375221722275
            ],
            [
              -119.15729726892958,
              34.43237628756903
            ],
            [
              -119.15729809226083,
              34.4323774257646
            ],
            [
              -119.15729877698674,
              34.432378625347546
            ],
            [
              -119.15729931651302,
              34.432379874765225
            ],
            [
              -119.15729970564375,
              34.432381161985056
            ],
            [
              -119.15729994063138,
              34.432382474610414
            ],
            [
              -119.15730001921285,
              34.4323838
            ]
          ]
        ]
      }
    },
    {
      "type": "Feature",
      "properties": {
        "structure_id": "farmstead-produce-stand",
        "zone": "1",
        "area_m2": 425.8,
        "crowns_in_zone": 8,
        "canopy_pct": 44.0,
        "crosses_boundary": true,
        "outer_m": 9.1
      },
      "geometry": {
        "type": "Polygon",
        "coordinates": [
          [
            [
              -119.15738270322464,
              34.4324306
            ],
            [
              -119.15738222649706,
              34.432438640696816
            ],
            [
              -119.15738080090544,
              34.432446603957324
            ],
            [
              -119.15737844017903,
              34.43245441309097
            ],
            [
              -119.1573751670529,
              34.43246199289154
            ],
            [
              -119.15737101304906,
              34.4324692703614
            ],
            [
              -119.15736601817281,
              34.43247617541454
            ],
            [
              -119.15736023052757,
              34.43248264155152
            ],
            [
              -119.1573537058515,
              34.432488606499916
            ],
            [
              -119.15734650698083,
              34.43249401281401
            ],
            [
              -119.15733870324459,
              34.432498808428036
            ],
            [
              -119.15733036979704,
              34.432502947157616
            ],
            [
              -119.15732158689381,
              34.432506389144514
            ],
            [
              -119.15731243911911,
              34.43250910124053
            ],
            [
              -119.15730301457097,
              34.43251105732667
            ],
            [
              -119.15729340401296,
              34.43251223856478
            ],
            [
              -119.1572837,
              34.43251263357889
            ],
            [
              -119.1572163,
              34.43251263357889
            ],
            [
              -119.15720659598703,
              34.43251223856478
            ],
            [
              -119.15719698542902,
              34.43251105732667
            ],
            [
              -119.15718756088089,
              34.43250910124053
            ],
            [
              -119.15717841310618,
              34.432506389144514
            ],
            [
              -119.15716963020296,
              34.432502947157616
            ],
            [
              -119.1571612967554,
              34.432498808428036
            ],
            [
              -119.15715349301917,
              34.43249401281401
            ],
            [
              -119.15714629414849,
              34.432488606499916
            ],
            [
              -119.15713976947242,
              34.43248264155152
            ],
            [
              -119.15713398182719,
              34.43247617541454
            ],
            [
              -119.15712898695094,
              34.4324692703614
            ],
            [
              -119.15712483294709,
              34.43246199289154
            ],
            [
              -119.15712155982096,
              34.43245441309097
            ],
            [
              -119.15711919909455,
              34.432446603957324
            ],
            [
              -119.15711777350293,
              34.432438640696816
            ],
            [
              -119.15711729677535,
              34.4324306
            ],
            [
              -119.15711729677535,
              34.4323838
            ],
            [
              -119.15711777350293,
              34.432375759303184
            ],
            [
              -119.15711919909455,
              34.432367796042676
            ],
            [
              -119.15712155982096,
              34.43235998690903
            ],
            [
              -119.15712483294709,
              34.43235240710846
            ],
            [
              -119.15712898695094,
              34.4323451296386
            ],
            [
              -119.15713398182719,
              34.43233822458546
            ],
            [
              -119.15713976947242,
              34.43233175844848
            ],
            [
              -119.15714629414849,
              34.432325793500084
            ],
            [
              -119.15715349301917,
              34.43232038718599
            ],
            [
              -119.1571612967554,
              34.432315591571964
            ],
            [
              -119.15716963020296,
              34.432311452842384
            ],
            [
              -119.15717841310618,
              34.432308010855486
            ],
            [
              -119.15718756088089,
              34.43230529875947
            ],
            [
              -119.15719698542902,
              34.43230334267333
            ],
            [
              -119.15720659598703,
              34.43230216143522
            ],
            [
              -119.1572163,
              34.43230176642111
            ],
            [
              -119.1572837,
              34.43230176642111
            ],
            [
              -119.15729340401296,
              34.43230216143522
            ],
            [
              -119.15730301457097,
              34.43230334267333
            ],
            [
              -119.15731243911911,
              34.43230529875947
            ],
            [
              -119.15732158689381,
              34.432308010855486
            ],
            [
              -119.15733036979704,
              34.432311452842384
            ],
            [
              -119.15733870324459,
              34.432315591571964
            ],
            [
              -119.15734650698083,
              34.43232038718599
            ],
            [
              -119.1573537058515,
              34.432325793500084
            ],
            [
              -119.15736023052757,
              34.43233175844848
            ],
            [
              -119.15736601817281,
              34.43233822458546
            ],
            [
              -119.15737101304906,
              34.4323451296386
            ],
            [
              -119.1573751670529,
              34.43235240710846
            ],
            [
              -119.15737844017903,
              34.43235998690903
            ],
            [
              -119.15738080090544,
              34.432367796042676
            ],
            [
              -119.15738222649706,
              34.432375759303184
            ],
            [
              -119.15738270322464,
              34.4323838
            ],
            [
              -119.15738270322464,
              34.4324306
            ]
          ],
          [
            [
              -119.15729994063138,
              34.432382474610414
            ],
            [
              -119.15729970564375,
              34.432381161985056
            ],
            [
              -119.15729931651302,
              34.432379874765225
            ],
            [
              -119.15729877698674,
              34.432378625347546
            ],
            [
              -119.15729809226083,
              34.4323774257646
            ],
            [
              -119.15729726892958,
              34.43237628756903
            ],
            [
              -119.15729631492212,
              34.432375221722275
            ],
            [
              -119.15729523942606,
              34.43237423848902
            ],
            [
              -119.15729405279903,
              34.43237334733835
            ],
            [
              -119.15729276646888,
              34.43237255685252
            ],
            [
              -119.15729139282368,
              34.432371874644346
            ],
            [
              -119.15728994509239,
              34.432371307283866
            ],
            [
              -119.15728843721743,
              34.432370860235075
            ],
            [
              -119.15728688372049,
              34.432370537803294
            ],
            [
              -119.15728529956257,
              34.432370343093716
            ],
            [
              -119.1572837,
              34.4323702779815
            ],
            [
              -119.1572163,
              34.4323702779815
            ],
            [
              -119.15721470043742,
              34.432370343093716
            ],
            [
              -119.15721311627951,
              34.432370537803294
            ],
            [
              -119.15721156278256,
              34.432370860235075
            ],
            [
              -119.15721005490761,
              34.432371307283866
            ],
            [
              -119.15720860717632,
              34.432371874644346
            ],
            [
              -119.15720723353111,
              34.43237255685252
            ],
            [
              -119.15720594720096,
              34.43237334733835
            ],
            [
              -119.15720476057393,
              34.43237423848902
            ],
            [
              -119.15720368507787,
              34.432375221722275
            ],
            [
              -119.15720273107041,
              34.43237628756903
            ],
            [
              -119.15720190773916,
              34.4323774257646
            ],
            [
              -119.15720122301326,
              34.432378625347546
            ],
            [
              -119.15720068348698,
              34.432379874765225
            ],
            [
              -119.15720029435624,
              34.432381161985056
            ],
            [
              -119.15720005936862,
              34.432382474610414
            ],
            [
              -119.15719998078714,
              34.4323838
            ],
            [
              -119.15719998078714,
              34.4324306
            ],
            [
              -119.15720005936862,
              34.43243192538959
            ],
            [
              -119.15720029435624,
              34.432433238014944
            ],
            [
              -119.15720068348698,
              34.432434525234775
            ],
            [
              -119.15720122301326,
              34.432435774652454
            ],
            [
              -119.15720190773916,
              34.4324369742354
            ],
            [
              -119.15720273107041,
              34.43243811243097
            ],
            [
              -119.15720368507787,
              34.432439178277725
            ],
            [
              -119.15720476057393,
              34.43244016151098
            ],
            [
              -119.15720594720096,
              34.43244105266165
            ],
            [
              -119.15720723353111,
              34.43244184314748
            ],
            [
              -119.15720860717632,
              34.432442525355654
            ],
            [
              -119.15721005490761,
              34.432443092716134
            ],
            [
              -119.15721156278256,
              34.432443539764925
            ],
            [
              -119.15721311627951,
              34.432443862196706
            ],
            [
              -119.15721470043742,
              34.432444056906284
            ],
            [
              -119.1572163,
              34.4324441220185
            ],
            [
              -119.1572837,
              34.4324441220185
            ],
            [
              -119.15728529956257,
              34.432444056906284
            ],
            [
              -119.15728688372049,
              34.432443862196706
            ],
            [
              -119.15728843721743,
              34.432443539764925
            ],
            [
              -119.15728994509239,
              34.432443092716134
            ],
            [
              -119.15729139282368,
              34.432442525355654
            ],
            [
              -119.15729276646888,
              34.43244184314748
            ],
            [
              -119.15729405279903,
              34.43244105266165
            ],
            [
              -119.15729523942606,
              34.43244016151098
            ],
            [
              -119.15729631492212,
              34.432439178277725
            ],
            [
              -119.15729726892958,
              34.43243811243097
            ],
            [
              -119.15729809226083,
              34.4324369742354
            ],
            [
              -119.15729877698674,
              34.432435774652454
            ],
            [
              -119.15729931651302,
              34.432434525234775
            ],
            [
              -119.15729970564375,
              34.432433238014944
            ],
            [
              -119.15729994063138,
              34.43243192538959
            ],
            [
              -119.15730001921285,
              34.4324306
            ],
            [
              -119.15730001921285,
              34.4323838
            ],
            [
              -119.15729994063138,
              34.432382474610414
            ]
          ]
        ]
      }
    },
    {
      "type": "Feature",
      "properties": {
        "structure_id": "farmstead-produce-stand",
        "zone": "2",
        "area_m2": 7139.9,
        "crowns_in_zone": 81,
        "canopy_pct": 55.2,
        "crosses_boundary": true,
        "outer_m": 45.75
      },
      "geometry": {
        "type": "Polygon",
        "coordinates": [
          [
            [
              -119.15778143599208,
              34.4324306
            ],
            [
              -119.15777903925724,
              34.43247102438234
            ],
            [
              -119.15777187213456,
              34.43251105945576
            ],
            [
              -119.15776000364737,
              34.432550319660656
            ],
            [
              -119.15774354809567,
              34.43258842689976
            ],
            [
              -119.15772266395544,
              34.43262501417956
            ],
            [
              -119.15769755235236,
              34.43265972914452
            ],
            [
              -119.15766845512489,
              34.43269223747056
            ],
            [
              -119.15763565249523,
              34.43272222608474
            ],
            [
              -119.15759946037066,
              34.43274940618031
            ],
            [
              -119.1575602273011,
              34.43277351599808
            ],
            [
              -119.15751833112246,
              34.43279432334733
            ],
            [
              -119.15747417531786,
              34.432811627841915
            ],
            [
              -119.1574281851318,
              34.43282526283009
            ],
            [
              -119.15738080347496,
              34.43283509699947
            ],
            [
              -119.15733248665858,
              34.43284103564162
            ],
            [
              -119.1572837,
              34.43284302156418
            ],
            [
              -119.1572163,
              34.43284302156418
            ],
            [
              -119.15716751334142,
              34.43284103564162
            ],
            [
              -119.15711919652503,
              34.43283509699947
            ],
            [
              -119.15707181486819,
              34.43282526283009
            ],
            [
              -119.15702582468214,
              34.432811627841915
            ],
            [
              -119.15698166887753,
              34.43279432334733
            ],
            [
              -119.15693977269889,
              34.43277351599808
            ],
            [
              -119.15690053962933,
              34.43274940618031
            ],
            [
              -119.15686434750477,
              34.43272222608474
            ],
            [
              -119.1568315448751,
              34.43269223747056
            ],
            [
              -119.15680244764764,
              34.43265972914452
            ],
            [
              -119.15677733604456,
              34.43262501417956
            ],
            [
              -119.15675645190433,
              34.43258842689976
            ],
            [
              -119.15673999635263,
              34.432550319660656
            ],
            [
              -119.15672812786543,
              34.43251105945576
            ],
            [
              -119.15672096074276,
              34.43247102438234
            ],
            [
              -119.15671856400792,
              34.4324306
            ],
            [
              -119.15671856400792,
              34.4323838
            ],
            [
              -119.15672096074276,
              34.43234337561766
            ],
            [
              -119.15672812786543,
              34.43230334054424
            ],
            [
              -119.15673999635263,
              34.432264080339344
            ],
            [
              -119.15675645190433,
              34.43222597310024
            ],
            [
              -119.15677733604456,
              34.43218938582044
            ],
            [
              -119.15680244764764,
              34.43215467085548
            ],
            [
              -119.1568315448751,
              34.43212216252944
            ],
            [
              -119.15686434750477,
              34.43209217391526
            ],
            [
              -119.15690053962933,
              34.432064993819694
            ],
            [
              -119.15693977269889,
              34.43204088400192
            ],
            [
              -119.15698166887753,
              34.43202007665267
            ],
            [
              -119.15702582468214,
              34.432002772158086
            ],
            [
              -119.15707181486819,
              34.43198913716991
            ],
            [
              -119.15711919652503,
              34.43197930300053
            ],
            [
              -119.15716751334142,
              34.43197336435838
            ],
            [
              -119.1572163,
              34.43197137843582
            ],
            [
              -119.1572837,
              34.43197137843582
            ],
            [
              -119.15733248665858,
              34.43197336435838
            ],
            [
              -119.15738080347496,
              34.43197930300053
            ],
            [
              -119.1574281851318,
              34.43198913716991
            ],
            [
              -119.15747417531786,
              34.432002772158086
            ],
            [
              -119.15751833112246,
              34.43202007665267
            ],
            [
              -119.1575602273011,
              34.43204088400192
            ],
            [
              -119.15759946037066,
              34.432064993819694
            ],
            [
              -119.15763565249523,
              34.43209217391526
            ],
            [
              -119.15766845512489,
              34.43212216252944
            ],
            [
              -119.15769755235236,
              34.43215467085548
            ],
            [
              -119.15772266395544,
              34.43218938582044
            ],
            [
              -119.15774354809567,
              34.43222597310024
            ],
            [
              -119.15776000364737,
              34.432264080339344
            ],
            [
              -119.15777187213456,
              34.43230334054424
            ],
            [
              -119.15777903925724,
              34.43234337561766
            ],
            [
              -119.15778143599208,
              34.4323838
            ],
            [
              -119.15778143599208,
              34.4324306
            ]
          ],
          [
            [
              -119.15738222649706,
              34.432375759303184
            ],
            [
              -119.15738080090544,
              34.432367796042676
            ],
            [
              -119.15737844017903,
              34.43235998690903
            ],
            [
              -119.1573751670529,
              34.43235240710846
            ],
            [
              -119.15737101304906,
              34.4323451296386
            ],
            [
              -119.15736601817281,
              34.43233822458546
            ],
            [
              -119.15736023052757,
              34.43233175844848
            ],
            [
              -119.1573537058515,
              34.432325793500084
            ],
            [
              -119.15734650698083,
              34.43232038718599
            ],
            [
              -119.15733870324459,
              34.432315591571964
            ],
            [
              -119.15733036979704,
              34.432311452842384
            ],
            [
              -119.15732158689381,
              34.432308010855486
            ],
            [
              -119.15731243911911,
              34.43230529875947
            ],
            [
              -119.15730301457097,
              34.43230334267333
            ],
            [
              -119.15729340401296,
              34.43230216143522
            ],
            [
              -119.1572837,
              34.43230176642111
            ],
            [
              -119.1572163,
              34.43230176642111
            ],
            [
              -119.15720659598703,
              34.43230216143522
            ],
            [
              -119.15719698542902,
              34.43230334267333
            ],
            [
              -119.15718756088089,
              34.43230529875947
            ],
            [
              -119.15717841310618,
              34.432308010855486
            ],
            [
              -119.15716963020296,
              34.432311452842384
            ],
            [
              -119.1571612967554,
              34.432315591571964
            ],
            [
              -119.15715349301917,
              34.43232038718599
            ],
            [
              -119.15714629414849,
              34.432325793500084
            ],
            [
              -119.15713976947242,
              34.43233175844848
            ],
            [
              -119.15713398182719,
              34.43233822458546
            ],
            [
              -119.15712898695094,
              34.4323451296386
            ],
            [
              -119.15712483294709,
              34.43235240710846
            ],
            [
              -119.15712155982096,
              34.43235998690903
            ],
            [
              -119.15711919909455,
              34.432367796042676
            ],
            [
              -119.15711777350293,
              34.432375759303184
            ],
            [
              -119.15711729677535,
              34.4323838
            ],
            [
              -119.15711729677535,
              34.4324306
            ],
            [
              -119.15711777350293,
              34.432438640696816
            ],
            [
              -119.15711919909455,
              34.432446603957324
            ],
            [
              -119.15712155982096,
              34.43245441309097
            ],
            [
              -119.15712483294709,
              34.43246199289154
            ],
            [
              -119.15712898695094,
              34.4324692703614
            ],
            [
              -119.15713398182719,
              34.43247617541454
            ],
            [
              -119.15713976947242,
              34.43248264155152
            ],
            [
              -119.15714629414849,
              34.432488606499916
            ],
            [
              -119.15715349301917,
              34.43249401281401
            ],
            [
              -119.1571612967554,
              34.432498808428036
            ],
            [
              -119.15716963020296,
              34.432502947157616
            ],
            [
              -119.15717841310618,
              34.432506389144514
            ],
            [
              -119.15718756088089,
              34.43250910124053
            ],
            [
              -119.15719698542902,
              34.43251105732667
            ],
            [
              -119.15720659598703,
              34.43251223856478
            ],
            [
              -119.1572163,
              34.43251263357889
            ],
            [
              -119.1572837,
              34.43251263357889
            ],
            [
              -119.15729340401296,
              34.43251223856478
            ],
            [
              -119.15730301457097,
              34.43251105732667
            ],
            [
              -119.15731243911911,
              34.43250910124053
            ],
            [
              -119.15732158689381,
              34.432506389144514
            ],
            [
              -119.15733036979704,
              34.432502947157616
            ],
            [
              -119.15733870324459,
              34.432498808428036
            ],
            [
              -119.15734650698083,
              34.43249401281401
            ],
            [
              -119.1573537058515,
              34.432488606499916
            ],
            [
              -119.15736023052757,
              34.43248264155152
            ],
            [
              -119.15736601817281,
              34.43247617541454
            ],
            [
              -119.15737101304906,
              34.4324692703614
            ],
            [
              -119.1573751670529,
              34.43246199289154
            ],
            [
              -119.15737844017903,
              34.43245441309097
            ],
            [
              -119.15738080090544,
              34.432446603957324
            ],
            [
              -119.15738222649706,
              34.432438640696816
            ],
            [
              -119.15738270322464,
              34.4324306
            ],
            [
              -119.15738270322464,
              34.4323838
            ],
            [
              -119.15738222649706,
              34.432375759303184
            ]
          ]
        ]
      }
    },
    {
      "type": "Feature",
      "properties": {
        "structure_id": "infrastructure",
        "zone": "0",
        "area_m2": 884.2,
        "crowns_in_zone": 15,
        "canopy_pct": 64.8,
        "crosses_boundary": false,
        "outer_m": 1.5,
        "overhanging_crowns": [
          {
            "e": 315.24,
            "n": 224.09,
            "height_m": 17.2,
            "crown_r_m": 6.5
          },
          {
            "e": 317.84,
            "n": 214.05,
            "height_m": 10.6,
            "crown_r_m": 2.0
          },
          {
            "e": 322.74,
            "n": 235.63,
            "height_m": 10.4,
            "crown_r_m": 5.2
          },
          {
            "e": 322.94,
            "n": 220.38,
            "height_m": 11.5,
            "crown_r_m": 3.5
          },
          {
            "e": 323.85,
            "n": 210.84,
            "height_m": 18.4,
            "crown_r_m": 5.0
          },
          {
            "e": 323.95,
            "n": 241.05,
            "height_m": 14.5,
            "crown_r_m": 2.2
          },
          {
            "e": 328.85,
            "n": 248.37,
            "height_m": 24.8,
            "crown_r_m": 7.6
          },
          {
            "e": 330.25,
            "n": 224.19,
            "height_m": 16.5,
            "crown_r_m": 4.1
          },
          {
            "e": 331.15,
            "n": 216.76,
            "height_m": 12.5,
            "crown_r_m": 4.4
          },
          {
            "e": 336.26,
            "n": 214.96,
            "height_m": 13.7,
            "crown_r_m": 4.3
          },
          {
            "e": 337.26,
            "n": 225.39,
            "height_m": 13.8,
            "crown_r_m": 3.3
          },
          {
            "e": 339.46,
            "n": 220.88,
            "height_m": 14.0,
            "crown_r_m": 3.5
          },
          {
            "e": 346.87,
            "n": 253.29,
            "height_m": 24.1,
            "crown_r_m": 6.5
          },
          {
            "e": 357.38,
            "n": 248.78,
            "height_m": 21.0,
            "crown_r_m": 6.6
          }
        ]
      },
      "geometry": {
        "type": "Polygon",
        "coordinates": [
          [
            [
              -119.15609111921286,
              34.432377
            ],
            [
              -119.15609111921286,
              34.4324807
            ],
            [
              -119.15609104063138,
              34.43248202538958
            ],
            [
              -119.15609080564376,
              34.43248333801494
            ],
            [
              -119.15609041651302,
              34.43248462523477
            ],
            [
              -119.15608987698674,
              34.43248587465245
            ],
            [
              -119.15608919226084,
              34.4324870742354
            ],
            [
              -119.15608836892959,
              34.43248821243097
            ],
            [
              -119.15608741492213,
              34.43248927827772
            ],
            [
              -119.15608633942607,
              34.43249026151098
            ],
            [
              -119.15608515279904,
              34.43249115266165
            ],
            [
              -119.15608386646889,
              34.432491943147475
            ],
            [
              -119.15608249282369,
              34.43249262535565
            ],
            [
              -119.15608104509239,
              34.43249319271613
            ],
            [
              -119.15607953721744,
              34.43249363976492
            ],
            [
              -119.1560779837205,
              34.4324939621967
            ],
            [
              -119.15607639956258,
              34.43249415690628
            ],
            [
              -119.1560748,
              34.4324942220185
            ],
            [
              -119.15599321921286,
              34.4324942220185
            ],
            [
              -119.15599321921286,
              34.4327331
            ],
            [
              -119.15599314063138,
              34.43273442538958
            ],
            [
              -119.15599290564376,
              34.43273573801494
            ],
            [
              -119.15599251651302,
              34.43273702523477
            ],
            [
              -119.15599197698674,
              34.43273827465245
            ],
            [
              -119.15599129226084,
              34.4327394742354
            ],
            [
              -119.15599046892959,
              34.43274061243097
            ],
            [
              -119.15598951492213,
              34.43274167827772
            ],
            [
              -119.15598843942607,
              34.43274266151098
            ],
            [
              -119.15598725279904,
              34.43274355266165
            ],
            [
              -119.15598596646889,
              34.432744343147476
            ],
            [
              -119.15598459282369,
              34.43274502535565
            ],
            [
              -119.15598314509239,
              34.43274559271613
            ],
            [
              -119.15598163721744,
              34.43274603976492
            ],
            [
              -119.1559800837205,
              34.4327463621967
            ],
            [
              -119.15597849956258,
              34.43274655690628
            ],
            [
              -119.1559769,
              34.4327466220185
            ],
            [
              -119.15577021921285,
              34.4327466220185
            ],
            [
              -119.15577021921285,
              34.4328232
            ],
            [
              -119.15577014063138,
              34.432824525389584
            ],
            [
              -119.15576990564375,
              34.43282583801494
            ],
            [
              -119.15576951651302,
              34.43282712523477
            ],
            [
              -119.15576897698674,
              34.43282837465245
            ],
            [
              -119.15576829226083,
              34.4328295742354
            ],
            [
              -119.15576746892958,
              34.43283071243097
            ],
            [
              -119.15576651492212,
              34.43283177827772
            ],
            [
              -119.15576543942606,
              34.43283276151098
            ],
            [
              -119.15576425279903,
              34.43283365266165
            ],
            [
              -119.15576296646888,
              34.43283444314748
            ],
            [
              -119.15576159282368,
              34.43283512535565
            ],
            [
              -119.15576014509239,
              34.43283569271613
            ],
            [
              -119.15575863721743,
              34.43283613976492
            ],
            [
              -119.15575708372049,
              34.432836462196704
            ],
            [
              -119.15575549956257,
              34.43283665690628
            ],
            [
              -119.1557539,
              34.4328367220185
            ],
            [
              -119.1556124,
              34.4328367220185
            ],
            [
              -119.15561080043742,
              34.43283665690628
            ],
            [
              -119.1556092162795,
              34.432836462196704
            ],
            [
              -119.15560766278256,
              34.43283613976492
            ],
            [
              -119.1556061549076,
              34.43283569271613
            ],
            [
              -119.15560470717631,
              34.43283512535565
            ],
            [
              -119.1556033335311,
              34.43283444314748
            ],
            [
              -119.15560204720096,
              34.43283365266165
            ],
            [
              -119.15560086057393,
              34.43283276151098
            ],
            [
              -119.15559978507787,
              34.43283177827772
            ],
            [
              -119.1555988310704,
              34.43283071243097
            ],
            [
              -119.15559800773916,
              34.4328295742354
            ],
            [
              -119.15559732301325,
              34.43282837465245
            ],
            [
              -119.15559678348697,
              34.43282712523477
            ],
            [
              -119.15559639435624,
              34.43282583801494
            ],
            [
              -119.15559615936861,
              34.432824525389584
            ],
            [
              -119.15559608078713,
              34.4328232
            ],
            [
              -119.15559608078713,
              34.432715
            ],
            [
              -119.15559615936861,
              34.43271367461042
            ],
            [
              -119.15559639435624,
              34.43271236198506
            ],
            [
              -119.15559678348697,
              34.43271107476523
            ],
            [
              -119.15559732301325,
              34.43270982534755
            ],
            [
              -119.15559800773916,
              34.432708625764604
            ],
            [
              -119.1555988310704,
              34.43270748756903
            ],
            [
              -119.15559978507787,
              34.43270642172228
            ],
            [
              -119.15560086057393,
              34.43270543848902
            ],
            [
              -119.15560204720096,
              34.43270454733835
            ],
            [
              -119.1556033335311,
              34.432703756852526
            ],
            [
              -119.15560470717631,
              34.43270307464435
            ],
            [
              -119.1556061549076,
              34.43270250728387
            ],
            [
              -119.15560766278256,
              34.43270206023508
            ],
            [
              -119.1556092162795,
              34.4327017378033
            ],
            [
              -119.15561080043742,
              34.43270154309372
            ],
            [
              -119.1556124,
              34.4327014779815
            ],
            [
              -119.15591708078713,
              34.4327014779815
            ],
            [
              -119.15591708078713,
              34.4324942220185
            ],
            [
              -119.1558191,
              34.4324942220185
            ],
            [
              -119.15581750043742,
              34.43249415690628
            ],
            [
              -119.15581591627951,
              34.4324939621967
            ],
            [
              -119.15581436278256,
              34.43249363976492
            ],
            [
              -119.15581285490761,
              34.43249319271613
            ],
            [
              -119.15581140717632,
              34.43249262535565
            ],
            [
              -119.15581003353111,
              34.432491943147475
            ],
            [
              -119.15580874720096,
              34.43249115266165
            ],
            [
              -119.15580756057393,
              34.43249026151098
            ],
            [
              -119.15580648507787,
              34.43248927827772
            ],
            [
              -119.15580553107041,
              34.43248821243097
            ],
            [
              -119.15580470773916,
              34.4324870742354
            ],
            [
              -119.15580402301326,
              34.43248587465245
            ],
            [
              -119.15580348348698,
              34.43248462523477
            ],
            [
              -119.15580309435624,
              34.43248333801494
            ],
            [
              -119.15580285936862,
              34.43248202538958
            ],
            [
              -119.15580278078714,
              34.4324807
            ],
            [
              -119.15580278078714,
              34.432377
            ],
            [
              -119.15580285936862,
              34.43237567461042
            ],
            [
              -119.15580309435624,
              34.43237436198506
            ],
            [
              -119.15580348348698,
              34.43237307476523
            ],
            [
              -119.15580402301326,
              34.43237182534755
            ],
            [
              -119.15580470773916,
              34.432370625764605
            ],
            [
              -119.15580553107041,
              34.432369487569034
            ],
            [
              -119.15580648507787,
              34.43236842172228
            ],
            [
              -119.15580756057393,
              34.432367438489024
            ],
            [
              -119.15580874720096,
              34.432366547338354
            ],
            [
              -119.15581003353111,
              34.432365756852526
            ],
            [
              -119.15581140717632,
              34.43236507464435
            ],
            [
              -119.15581285490761,
              34.43236450728387
            ],
            [
              -119.15581436278256,
              34.43236406023508
            ],
            [
              -119.15581591627951,
              34.4323637378033
            ],
            [
              -119.15581750043742,
              34.43236354309372
            ],
            [
              -119.1558191,
              34.432363477981504
            ],
            [
              -119.1560748,
              34.432363477981504
            ],
            [
              -119.15607639956258,
              34.43236354309372
            ],
            [
              -119.1560779837205,
              34.4323637378033
            ],
            [
              -119.15607953721744,
              34.43236406023508
            ],
            [
              -119.15608104509239,
              34.43236450728387
            ],
            [
              -119.15608249282369,
              34.43236507464435
            ],
            [
              -119.15608386646889,
              34.432365756852526
            ],
            [
              -119.15608515279904,
              34.432366547338354
            ],
            [
              -119.15608633942607,
              34.432367438489024
            ],
            [
              -119.15608741492213,
              34.43236842172228
            ],
            [
              -119.15608836892959,
              34.432369487569034
            ],
            [
              -119.15608919226084,
              34.432370625764605
            ],
            [
              -119.15608987698674,
              34.43237182534755
            ],
            [
              -119.15609041651302,
              34.43237307476523
            ],
            [
              -119.15609080564376,
              34.43237436198506
            ],
            [
              -119.15609104063138,
              34.43237567461042
            ],
            [
              -119.15609111921286,
              34.432377
            ]
          ]
        ]
      }
    },
    {
      "type": "Feature",
      "properties": {
        "structure_id": "infrastructure",
        "zone": "1",
        "area_m2": 1741.2,
        "crowns_in_zone": 31,
        "canopy_pct": 46.0,
        "crosses_boundary": false,
        "outer_m": 9.1
      },
      "geometry": {
        "type": "Polygon",
        "coordinates": [
          [
            [
              -119.15617380322465,
              34.4324807
            ],
            [
              -119.15617332649707,
              34.43248874069681
            ],
            [
              -119.15617190090545,
              34.43249670395732
            ],
            [
              -119.15616954017904,
              34.43250451309097
            ],
            [
              -119.15616626705291,
              34.432512092891535
            ],
            [
              -119.15616211304906,
              34.4325193703614
            ],
            [
              -119.15615711817281,
              34.43252627541454
            ],
            [
              -119.15615133052758,
              34.43253274155152
            ],
            [
              -119.15614480585151,
              34.43253870649991
            ],
            [
              -119.15613760698083,
              34.43254411281401
            ],
            [
              -119.1561298032446,
              34.43254890842803
            ],
            [
              -119.15612146979704,
              34.43255304715761
            ],
            [
              -119.15611268689382,
              34.43255648914451
            ],
            [
              -119.15610353911912,
              34.43255920124052
            ],
            [
              -119.15609411457098,
              34.43256115732667
            ],
            [
              -119.15608450401297,
              34.43256233856478
            ],
            [
              -119.15607590322465,
              34.432562688670735
            ],
            [
              -119.15607590322465,
              34.4327331
            ],
            [
              -119.15607542649707,
              34.43274114069681
            ],
            [
              -119.15607400090545,
              34.43274910395732
            ],
            [
              -119.15607164017904,
              34.43275691309097
            ],
            [
              -119.15606836705291,
              34.432764492891536
            ],
            [
              -119.15606421304906,
              34.4327717703614
            ],
            [
              -119.15605921817281,
              34.43277867541454
            ],
            [
              -119.15605343052758,
              34.43278514155152
            ],
            [
              -119.15604690585151,
              34.43279110649991
            ],
            [
              -119.15603970698083,
              34.43279651281401
            ],
            [
              -119.1560319032446,
              34.43280130842803
            ],
            [
              -119.15602356979704,
              34.43280544715761
            ],
            [
              -119.15601478689382,
              34.43280888914451
            ],
            [
              -119.15600563911912,
              34.43281160124052
            ],
            [
              -119.15599621457098,
              34.43281355732667
            ],
            [
              -119.15598660401297,
              34.43281473856478
            ],
            [
              -119.1559769,
              34.432815133578885
            ],
            [
              -119.15585290322464,
              34.432815133578885
            ],
            [
              -119.15585290322464,
              34.4328232
            ],
            [
              -119.15585242649706,
              34.432831240696814
            ],
            [
              -119.15585100090544,
              34.43283920395732
            ],
            [
              -119.15584864017903,
              34.43284701309097
            ],
            [
              -119.1558453670529,
              34.43285459289154
            ],
            [
              -119.15584121304906,
              34.4328618703614
            ],
            [
              -119.15583621817281,
              34.43286877541454
            ],
            [
              -119.15583043052757,
              34.43287524155152
            ],
            [
              -119.1558239058515,
              34.432881206499914
            ],
            [
              -119.15581670698083,
              34.43288661281401
            ],
            [
              -119.15580890324459,
              34.432891408428034
            ],
            [
              -119.15580056979704,
              34.432895547157614
            ],
            [
              -119.15579178689381,
              34.43289898914451
            ],
            [
              -119.15578263911911,
              34.432901701240525
            ],
            [
              -119.15577321457097,
              34.43290365732667
            ],
            [
              -119.15576360401296,
              34.43290483856478
            ],
            [
              -119.1557539,
              34.432905233578886
            ],
            [
              -119.1556124,
              34.432905233578886
            ],
            [
              -119.15560269598703,
              34.43290483856478
            ],
            [
              -119.15559308542902,
              34.43290365732667
            ],
            [
              -119.15558366088088,
              34.432901701240525
            ],
            [
              -119.15557451310617,
              34.43289898914451
            ],
            [
              -119.15556573020295,
              34.432895547157614
            ],
            [
              -119.1555573967554,
              34.432891408428034
            ],
            [
              -119.15554959301916,
              34.43288661281401
            ],
            [
              -119.15554239414848,
              34.432881206499914
            ],
            [
              -119.15553586947242,
              34.43287524155152
            ],
            [
              -119.15553008182718,
              34.43286877541454
            ],
            [
              -119.15552508695093,
              34.4328618703614
            ],
            [
              -119.15552093294708,
              34.43285459289154
            ],
            [
              -119.15551765982096,
              34.43284701309097
            ],
            [
              -119.15551529909455,
              34.43283920395732
            ],
            [
              -119.15551387350293,
              34.432831240696814
            ],
            [
              -119.15551339677535,
              34.4328232
            ],
            [
              -119.15551339677535,
              34.432715
            ],
            [
              -119.15551387350293,
              34.43270695930319
            ],
            [
              -119.15551529909455,
              34.43269899604268
            ],
            [
              -119.15551765982096,
              34.43269118690903
            ],
            [
              -119.15552093294708,
              34.432683607108466
            ],
            [
              -119.15552508695093,
              34.4326763296386
            ],
            [
              -119.15553008182718,
              34.43266942458546
            ],
            [
              -119.15553586947242,
              34.43266295844848
            ],
            [
              -119.15554239414848,
              34.43265699350009
            ],
            [
              -119.15554959301916,
              34.432651587185994
            ],
            [
              -119.1555573967554,
              34.43264679157197
            ],
            [
              -119.15556573020295,
              34.43264265284239
            ],
            [
              -119.15557451310617,
              34.43263921085549
            ],
            [
              -119.15558366088088,
              34.43263649875948
            ],
            [
              -119.15559308542902,
              34.432634542673334
            ],
            [
              -119.15560269598703,
              34.43263336143522
            ],
            [
              -119.1556124,
              34.43263296642112
            ],
            [
              -119.15583439677535,
              34.43263296642112
            ],
            [
              -119.15583439677535,
              34.432562733578884
            ],
            [
              -119.1558191,
              34.432562733578884
            ],
            [
              -119.15580939598703,
              34.43256233856478
            ],
            [
              -119.15579978542902,
              34.43256115732667
            ],
            [
              -119.15579036088089,
              34.43255920124052
            ],
            [
              -119.15578121310618,
              34.43255648914451
            ],
            [
              -119.15577243020296,
              34.43255304715761
            ],
            [
              -119.1557640967554,
              34.43254890842803
            ],
            [
              -119.15575629301917,
              34.43254411281401
            ],
            [
              -119.15574909414849,
              34.43253870649991
            ],
            [
              -119.15574256947242,
              34.43253274155152
            ],
            [
              -119.15573678182719,
              34.43252627541454
            ],
            [
              -119.15573178695094,
              34.4325193703614
            ],
            [
              -119.15572763294709,
              34.432512092891535
            ],
            [
              -119.15572435982097,
              34.43250451309097
            ],
            [
              -119.15572199909455,
              34.43249670395732
            ],
            [
              -119.15572057350293,
              34.43248874069681
            ],
            [
              -119.15572009677535,
              34.4324807
            ],
            [
              -119.15572009677535,
              34.432377
            ],
            [
              -119.15572057350293,
              34.43236895930319
            ],
            [
              -119.15572199909455,
              34.43236099604268
            ],
            [
              -119.15572435982097,
              34.43235318690903
            ],
            [
              -119.15572763294709,
              34.432345607108466
            ],
            [
              -119.15573178695094,
              34.432338329638604
            ],
            [
              -119.15573678182719,
              34.43233142458546
            ],
            [
              -119.15574256947242,
              34.43232495844848
            ],
            [
              -119.15574909414849,
              34.43231899350009
            ],
            [
              -119.15575629301917,
              34.432313587185995
            ],
            [
              -119.1557640967554,
              34.43230879157197
            ],
            [
              -119.15577243020296,
              34.43230465284239
            ],
            [
              -119.15578121310618,
              34.43230121085549
            ],
            [
              -119.15579036088089,
              34.43229849875948
            ],
            [
              -119.15579978542902,
              34.432296542673335
            ],
            [
              -119.15580939598703,
              34.43229536143522
            ],
            [
              -119.1558191,
              34.43229496642112
            ],
            [
              -119.1560748,
              34.43229496642112
            ],
            [
              -119.15608450401297,
              34.43229536143522
            ],
            [
              -119.15609411457098,
              34.432296542673335
            ],
            [
              -119.15610353911912,
              34.43229849875948
            ],
            [
              -119.15611268689382,
              34.43230121085549
            ],
            [
              -119.15612146979704,
              34.43230465284239
            ],
            [
              -119.1561298032446,
              34.43230879157197
            ],
            [
              -119.15613760698083,
              34.432313587185995
            ],
            [
              -119.15614480585151,
              34.43231899350009
            ],
            [
              -119.15615133052758,
              34.43232495844848
            ],
            [
              -119.15615711817281,
              34.43233142458546
            ],
            [
              -119.15616211304906,
              34.432338329638604
            ],
            [
              -119.15616626705291,
              34.432345607108466
            ],
            [
              -119.15616954017904,
              34.43235318690903
            ],
            [
              -119.15617190090545,
              34.43236099604268
            ],
            [
              -119.15617332649707,
              34.43236895930319
            ],
            [
              -119.15617380322465,
              34.432377
            ],
            [
              -119.15617380322465,
              34.4324807
            ]
          ],
          [
            [
              -119.15609104063138,
              34.43237567461042
            ],
            [
              -119.15609080564376,
              34.43237436198506
            ],
            [
              -119.15609041651302,
              34.43237307476523
            ],
            [
              -119.15608987698674,
              34.43237182534755
            ],
            [
              -119.15608919226084,
              34.432370625764605
            ],
            [
              -119.15608836892959,
              34.432369487569034
            ],
            [
              -119.15608741492213,
              34.43236842172228
            ],
            [
              -119.15608633942607,
              34.432367438489024
            ],
            [
              -119.15608515279904,
              34.432366547338354
            ],
            [
              -119.15608386646889,
              34.432365756852526
            ],
            [
              -119.15608249282369,
              34.43236507464435
            ],
            [
              -119.15608104509239,
              34.43236450728387
            ],
            [
              -119.15607953721744,
              34.43236406023508
            ],
            [
              -119.1560779837205,
              34.4323637378033
            ],
            [
              -119.15607639956258,
              34.43236354309372
            ],
            [
              -119.1560748,
              34.432363477981504
            ],
            [
              -119.1558191,
              34.432363477981504
            ],
            [
              -119.15581750043742,
              34.43236354309372
            ],
            [
              -119.15581591627951,
              34.4323637378033
            ],
            [
              -119.15581436278256,
              34.43236406023508
            ],
            [
              -119.15581285490761,
              34.43236450728387
            ],
            [
              -119.15581140717632,
              34.43236507464435
            ],
            [
              -119.15581003353111,
              34.432365756852526
            ],
            [
              -119.15580874720096,
              34.432366547338354
            ],
            [
              -119.15580756057393,
              34.432367438489024
            ],
            [
              -119.15580648507787,
              34.43236842172228
            ],
            [
              -119.15580553107041,
              34.432369487569034
            ],
            [
              -119.15580470773916,
              34.432370625764605
            ],
            [
              -119.15580402301326,
              34.43237182534755
            ],
            [
              -119.15580348348698,
              34.43237307476523
            ],
            [
              -119.15580309435624,
              34.43237436198506
            ],
            [
              -119.15580285936862,
              34.43237567461042
            ],
            [
              -119.15580278078714,
              34.432377
            ],
            [
              -119.15580278078714,
              34.4324807
            ],
            [
              -119.15580285936862,
              34.43248202538958
            ],
            [
              -119.15580309435624,
              34.43248333801494
            ],
            [
              -119.15580348348698,
              34.43248462523477
            ],
            [
              -119.15580402301326,
              34.43248587465245
            ],
            [
              -119.15580470773916,
              34.4324870742354
            ],
            [
              -119.15580553107041,
              34.43248821243097
            ],
            [
              -119.15580648507787,
              34.43248927827772
            ],
            [
              -119.15580756057393,
              34.43249026151098
            ],
            [
              -119.15580874720096,
              34.43249115266165
            ],
            [
              -119.15581003353111,
              34.432491943147475
            ],
            [
              -119.15581140717632,
              34.43249262535565
            ],
            [
              -119.15581285490761,
              34.43249319271613
            ],
            [
              -119.15581436278256,
              34.43249363976492
            ],
            [
              -119.15581591627951,
              34.4324939621967
            ],
            [
              -119.15581750043742,
              34.43249415690628
            ],
            [
              -119.1558191,
              34.4324942220185
            ],
            [
              -119.15591708078713,
              34.4324942220185
            ],
            [
              -119.15591708078713,
              34.4327014779815
            ],
            [
              -119.1556124,
              34.4327014779815
            ],
            [
              -119.15561080043742,
              34.43270154309372
            ],
            [
              -119.1556092162795,
              34.4327017378033
            ],
            [
              -119.15560766278256,
              34.43270206023508
            ],
            [
              -119.1556061549076,
              34.43270250728387
            ],
            [
              -119.15560470717631,
              34.43270307464435
            ],
            [
              -119.1556033335311,
              34.432703756852526
            ],
            [
              -119.15560204720096,
              34.43270454733835
            ],
            [
              -119.15560086057393,
              34.43270543848902
            ],
            [
              -119.15559978507787,
              34.43270642172228
            ],
            [
              -119.1555988310704,
              34.43270748756903
            ],
            [
              -119.15559800773916,
              34.432708625764604
            ],
            [
              -119.15559732301325,
              34.43270982534755
            ],
            [
              -119.15559678348697,
              34.43271107476523
            ],
            [
              -119.15559639435624,
              34.43271236198506
            ],
            [
              -119.15559615936861,
              34.43271367461042
            ],
            [
              -119.15559608078713,
              34.432715
            ],
            [
              -119.15559608078713,
              34.4328232
            ],
            [
              -119.15559615936861,
              34.432824525389584
            ],
            [
              -119.15559639435624,
              34.43282583801494
            ],
            [
              -119.15559678348697,
              34.43282712523477
            ],
            [
              -119.15559732301325,
              34.43282837465245
            ],
            [
              -119.15559800773916,
              34.4328295742354
            ],
            [
              -119.1555988310704,
              34.43283071243097
            ],
            [
              -119.15559978507787,
              34.43283177827772
            ],
            [
              -119.15560086057393,
              34.43283276151098
            ],
            [
              -119.15560204720096,
              34.43283365266165
            ],
            [
              -119.1556033335311,
              34.43283444314748
            ],
            [
              -119.15560470717631,
              34.43283512535565
            ],
            [
              -119.1556061549076,
              34.43283569271613
            ],
            [
              -119.15560766278256,
              34.43283613976492
            ],
            [
              -119.1556092162795,
              34.432836462196704
            ],
            [
              -119.15561080043742,
              34.43283665690628
            ],
            [
              -119.1556124,
              34.4328367220185
            ],
            [
              -119.1557539,
              34.4328367220185
            ],
            [
              -119.15575549956257,
              34.43283665690628
            ],
            [
              -119.15575708372049,
              34.432836462196704
            ],
            [
              -119.15575863721743,
              34.43283613976492
            ],
            [
              -119.15576014509239,
              34.43283569271613
            ],
            [
              -119.15576159282368,
              34.43283512535565
            ],
            [
              -119.15576296646888,
              34.43283444314748
            ],
            [
              -119.15576425279903,
              34.43283365266165
            ],
            [
              -119.15576543942606,
              34.43283276151098
            ],
            [
              -119.15576651492212,
              34.43283177827772
            ],
            [
              -119.15576746892958,
              34.43283071243097
            ],
            [
              -119.15576829226083,
              34.4328295742354
            ],
            [
              -119.15576897698674,
              34.43282837465245
            ],
            [
              -119.15576951651302,
              34.43282712523477
            ],
            [
              -119.15576990564375,
              34.43282583801494
            ],
            [
              -119.15577014063138,
              34.432824525389584
            ],
            [
              -119.15577021921285,
              34.4328232
            ],
            [
              -119.15577021921285,
              34.4327466220185
            ],
            [
              -119.1559769,
              34.4327466220185
            ],
            [
              -119.15597849956258,
              34.43274655690628
            ],
            [
              -119.1559800837205,
              34.4327463621967
            ],
            [
              -119.15598163721744,
              34.43274603976492
            ],
            [
              -119.15598314509239,
              34.43274559271613
            ],
            [
              -119.15598459282369,
              34.43274502535565
            ],
            [
              -119.15598596646889,
              34.432744343147476
            ],
            [
              -119.15598725279904,
              34.43274355266165
            ],
            [
              -119.15598843942607,
              34.43274266151098
            ],
            [
              -119.15598951492213,
              34.43274167827772
            ],
            [
              -119.15599046892959,
              34.43274061243097
            ],
            [
              -119.15599129226084,
              34.4327394742354
            ],
            [
              -119.15599197698674,
              34.43273827465245
            ],
            [
              -119.15599251651302,
              34.43273702523477
            ],
            [
              -119.15599290564376,
              34.43273573801494
            ],
            [
              -119.15599314063138,
              34.43273442538958
            ],
            [
              -119.15599321921286,
              34.4327331
            ],
            [
              -119.15599321921286,
              34.4324942220185
            ],
            [
              -119.1560748,
              34.4324942220185
            ],
            [
              -119.15607639956258,
              34.43249415690628
            ],
            [
              -119.1560779837205,
              34.4324939621967
            ],
            [
              -119.15607953721744,
              34.43249363976492
            ],
            [
              -119.15608104509239,
              34.43249319271613
            ],
            [
              -119.15608249282369,
              34.43249262535565
            ],
            [
              -119.15608386646889,
              34.432491943147475
            ],
            [
              -119.15608515279904,
              34.43249115266165
            ],
            [
              -119.15608633942607,
              34.43249026151098
            ],
            [
              -119.15608741492213,
              34.43248927827772
            ],
            [
              -119.15608836892959,
              34.43248821243097
            ],
            [
              -119.15608919226084,
              34.4324870742354
            ],
            [
              -119.15608987698674,
              34.43248587465245
            ],
            [
              -119.15609041651302,
              34.43248462523477
            ],
            [
              -119.15609080564376,
              34.43248333801494
            ],
            [
              -119.15609104063138,
              34.43248202538958
            ],
            [
              -119.15609111921286,
              34.4324807
            ],
            [
              -119.15609111921286,
              34.432377
            ],
            [
              -119.15609104063138,
              34.43237567461042
            ]
          ]
        ]
      }
    },
    {
      "type": "Feature",
      "properties": {
        "structure_id": "infrastructure",
        "zone": "2",
        "area_m2": 6266.9,
        "crowns_in_zone": 94,
        "canopy_pct": 52.2,
        "crosses_boundary": false,
        "outer_m": 30.5
      },
      "geometry": {
        "type": "Polygon",
        "coordinates": [
          [
            [
              -119.15640662399473,
              34.4324807
            ],
            [
              -119.15640502617148,
              34.43250764958822
            ],
            [
              -119.15640024808971,
              34.43253433963717
            ],
            [
              -119.1563923357649,
              34.4325605131071
            ],
            [
              -119.15638136539712,
              34.432585917933174
            ],
            [
              -119.15636744263696,
              34.43261030945303
            ],
            [
              -119.15635070156824,
              34.43263345276301
            ],
            [
              -119.1563313034166,
              34.43265512498037
            ],
            [
              -119.15630943499683,
              34.43267511738983
            ],
            [
              -119.15630872399473,
              34.432675651348674
            ],
            [
              -119.15630872399473,
              34.4327331
            ],
            [
              -119.15630712617148,
              34.43276004958822
            ],
            [
              -119.15630234808971,
              34.43278673963717
            ],
            [
              -119.1562944357649,
              34.4328129131071
            ],
            [
              -119.15628346539712,
              34.432838317933175
            ],
            [
              -119.15626954263696,
              34.43286270945303
            ],
            [
              -119.15625280156824,
              34.43288585276301
            ],
            [
              -119.15623340341659,
              34.43290752498037
            ],
            [
              -119.15621153499683,
              34.43292751738983
            ],
            [
              -119.15618740691377,
              34.432945637453535
            ],
            [
              -119.15616125153407,
              34.43296171066538
            ],
            [
              -119.15613332074831,
              34.43297558223155
            ],
            [
              -119.15610388354524,
              34.43298711856127
            ],
            [
              -119.15607322342122,
              34.43299620855339
            ],
            [
              -119.15604163564998,
              34.43300276466631
            ],
            [
              -119.15600942443905,
              34.43300672376108
            ],
            [
              -119.1560000326635,
              34.43300710606517
            ],
            [
              -119.15598853499682,
              34.43301761738983
            ],
            [
              -119.15596440691377,
              34.43303573745354
            ],
            [
              -119.15593825153407,
              34.43305181066538
            ],
            [
              -119.1559103207483,
              34.43306568223155
            ],
            [
              -119.15588088354524,
              34.43307721856127
            ],
            [
              -119.15585022342121,
              34.43308630855339
            ],
            [
              -119.15581863564998,
              34.433092864666314
            ],
            [
              -119.15578642443904,
              34.43309682376108
            ],
            [
              -119.1557539,
              34.43309814770945
            ],
            [
              -119.1556124,
              34.43309814770945
            ],
            [
              -119.15557987556095,
              34.43309682376108
            ],
            [
              -119.15554766435001,
              34.433092864666314
            ],
            [
              -119.15551607657878,
              34.43308630855339
            ],
            [
              -119.15548541645475,
              34.43307721856127
            ],
            [
              -119.15545597925168,
              34.43306568223155
            ],
            [
              -119.15542804846592,
              34.43305181066538
            ],
            [
              -119.15540189308622,
              34.43303573745354
            ],
            [
              -119.15537776500317,
              34.43301761738983
            ],
            [
              -119.1553558965834,
              34.43299762498037
            ],
            [
              -119.15533649843175,
              34.43297595276301
            ],
            [
              -119.15531975736303,
              34.432952809453035
            ],
            [
              -119.15530583460287,
              34.43292841793318
            ],
            [
              -119.15529486423509,
              34.4329030131071
            ],
            [
              -119.15528695191028,
              34.432876839637174
            ],
            [
              -119.15528217382851,
              34.43285014958822
            ],
            [
              -119.15528057600527,
              34.4328232
            ],
            [
              -119.15528057600527,
              34.432715
            ],
            [
              -119.15528217382851,
              34.432688050411784
            ],
            [
              -119.15528695191028,
              34.43266136036283
            ],
            [
              -119.15529486423509,
              34.4326351868929
            ],
            [
              -119.15530583460287,
              34.43260978206683
            ],
            [
              -119.15531975736303,
              34.43258539054697
            ],
            [
              -119.15533649843175,
              34.432562247236994
            ],
            [
              -119.1553558965834,
              34.43254057501963
            ],
            [
              -119.15537776500317,
              34.432520582610174
            ],
            [
              -119.15540189308622,
              34.432502462546466
            ],
            [
              -119.15542804846592,
              34.43248638933462
            ],
            [
              -119.15545597925168,
              34.43247251776845
            ],
            [
              -119.15548541645475,
              34.43246098143873
            ],
            [
              -119.15548727600527,
              34.432460430126554
            ],
            [
              -119.15548727600527,
              34.432377
            ],
            [
              -119.15548887382852,
              34.432350050411785
            ],
            [
              -119.15549365191029,
              34.43232336036283
            ],
            [
              -119.1555015642351,
              34.4322971868929
            ],
            [
              -119.15551253460288,
              34.43227178206683
            ],
            [
              -119.15552645736304,
              34.43224739054697
            ],
            [
              -119.15554319843176,
              34.432224247236995
            ],
            [
              -119.15556259658341,
              34.43220257501963
            ],
            [
              -119.15558446500317,
              34.432182582610174
            ],
            [
              -119.15560859308623,
              34.43216446254647
            ],
            [
              -119.15563474846593,
              34.43214838933462
            ],
            [
              -119.15566267925169,
              34.43213451776845
            ],
            [
              -119.15569211645476,
              34.43212298143873
            ],
            [
              -119.15572277657878,
              34.43211389144661
            ],
            [
              -119.15575436435002,
              34.43210733533369
            ],
            [
              -119.15578657556095,
              34.43210337623892
            ],
            [
              -119.1558191,
              34.43210205229055
            ],
            [
              -119.1560748,
              34.43210205229055
            ],
            [
              -119.15610732443905,
              34.43210337623892
            ],
            [
              -119.15613953564998,
              34.43210733533369
            ],
            [
              -119.15617112342122,
              34.43211389144661
            ],
            [
              -119.15620178354524,
              34.43212298143873
            ],
            [
              -119.15623122074831,
              34.43213451776845
            ],
            [
              -119.15625915153407,
              34.43214838933462
            ],
            [
              -119.15628530691377,
              34.43216446254647
            ],
            [
              -119.15630943499683,
              34.432182582610174
            ],
            [
              -119.1563313034166,
              34.43220257501963
            ],
            [
              -119.15635070156824,
              34.432224247236995
            ],
            [
              -119.15636744263696,
              34.43224739054697
            ],
            [
              -119.15638136539712,
              34.43227178206683
            ],
            [
              -119.1563923357649,
              34.4322971868929
            ],
            [
              -119.15640024808971,
              34.43232336036283
            ],
            [
              -119.15640502617148,
              34.432350050411785
            ],
            [
              -119.15640662399473,
              34.432377
            ],
            [
              -119.15640662399473,
              34.4324807
            ]
          ],
          [
            [
              -119.15617332649707,
              34.43236895930319
            ],
            [
              -119.15617190090545,
              34.43236099604268
            ],
            [
              -119.15616954017904,
              34.43235318690903
            ],
            [
              -119.15616626705291,
              34.432345607108466
            ],
            [
              -119.15616211304906,
              34.432338329638604
            ],
            [
              -119.15615711817281,
              34.43233142458546
            ],
            [
              -119.15615133052758,
              34.43232495844848
            ],
            [
              -119.15614480585151,
              34.43231899350009
            ],
            [
              -119.15613760698083,
              34.432313587185995
            ],
            [
              -119.1561298032446,
              34.43230879157197
            ],
            [
              -119.15612146979704,
              34.43230465284239
            ],
            [
              -119.15611268689382,
              34.43230121085549
            ],
            [
              -119.15610353911912,
              34.43229849875948
            ],
            [
              -119.15609411457098,
              34.432296542673335
            ],
            [
              -119.15608450401297,
              34.43229536143522
            ],
            [
              -119.1560748,
              34.43229496642112
            ],
            [
              -119.1558191,
              34.43229496642112
            ],
            [
              -119.15580939598703,
              34.43229536143522
            ],
            [
              -119.15579978542902,
              34.432296542673335
            ],
            [
              -119.15579036088089,
              34.43229849875948
            ],
            [
              -119.15578121310618,
              34.43230121085549
            ],
            [
              -119.15577243020296,
              34.43230465284239
            ],
            [
              -119.1557640967554,
              34.43230879157197
            ],
            [
              -119.15575629301917,
              34.432313587185995
            ],
            [
              -119.15574909414849,
              34.43231899350009
            ],
            [
              -119.15574256947242,
              34.43232495844848
            ],
            [
              -119.15573678182719,
              34.43233142458546
            ],
            [
              -119.15573178695094,
              34.432338329638604
            ],
            [
              -119.15572763294709,
              34.432345607108466
            ],
            [
              -119.15572435982097,
              34.43235318690903
            ],
            [
              -119.15572199909455,
              34.43236099604268
            ],
            [
              -119.15572057350293,
              34.43236895930319
            ],
            [
              -119.15572009677535,
              34.432377
            ],
            [
              -119.15572009677535,
              34.4324807
            ],
            [
              -119.15572057350293,
              34.43248874069681
            ],
            [
              -119.15572199909455,
              34.43249670395732
            ],
            [
              -119.15572435982097,
              34.43250451309097
            ],
            [
              -119.15572763294709,
              34.432512092891535
            ],
            [
              -119.15573178695094,
              34.4325193703614
            ],
            [
              -119.15573678182719,
              34.43252627541454
            ],
            [
              -119.15574256947242,
              34.43253274155152
            ],
            [
              -119.15574909414849,
              34.43253870649991
            ],
            [
              -119.15575629301917,
              34.43254411281401
            ],
            [
              -119.1557640967554,
              34.43254890842803
            ],
            [
              -119.15577243020296,
              34.43255304715761
            ],
            [
              -119.15578121310618,
              34.43255648914451
            ],
            [
              -119.15579036088089,
              34.43255920124052
            ],
            [
              -119.15579978542902,
              34.43256115732667
            ],
            [
              -119.15580939598703,
              34.43256233856478
            ],
            [
              -119.1558191,
              34.432562733578884
            ],
            [
              -119.15583439677535,
              34.432562733578884
            ],
            [
              -119.15583439677535,
              34.43263296642112
            ],
            [
              -119.1556124,
              34.43263296642112
            ],
            [
              -119.15560269598703,
              34.43263336143522
            ],
            [
              -119.15559308542902,
              34.432634542673334
            ],
            [
              -119.15558366088088,
              34.43263649875948
            ],
            [
              -119.15557451310617,
              34.43263921085549
            ],
            [
              -119.15556573020295,
              34.43264265284239
            ],
            [
              -119.1555573967554,
              34.43264679157197
            ],
            [
              -119.15554959301916,
              34.432651587185994
            ],
            [
              -119.15554239414848,
              34.43265699350009
            ],
            [
              -119.15553586947242,
              34.43266295844848
            ],
            [
              -119.15553008182718,
              34.43266942458546
            ],
            [
              -119.15552508695093,
              34.4326763296386
            ],
            [
              -119.15552093294708,
              34.432683607108466
            ],
            [
              -119.15551765982096,
              34.43269118690903
            ],
            [
              -119.15551529909455,
              34.43269899604268
            ],
            [
              -119.15551387350293,
              34.43270695930319
            ],
            [
              -119.15551339677535,
              34.432715
            ],
            [
              -119.15551339677535,
              34.4328232
            ],
            [
              -119.15551387350293,
              34.432831240696814
            ],
            [
              -119.15551529909455,
              34.43283920395732
            ],
            [
              -119.15551765982096,
              34.43284701309097
            ],
            [
              -119.15552093294708,
              34.43285459289154
            ],
            [
              -119.15552508695093,
              34.4328618703614
            ],
            [
              -119.15553008182718,
              34.43286877541454
            ],
            [
              -119.15553586947242,
              34.43287524155152
            ],
            [
              -119.15554239414848,
              34.432881206499914
            ],
            [
              -119.15554959301916,
              34.43288661281401
            ],
            [
              -119.1555573967554,
              34.432891408428034
            ],
            [
              -119.15556573020295,
              34.432895547157614
            ],
            [
              -119.15557451310617,
              34.43289898914451
            ],
            [
              -119.15558366088088,
              34.432901701240525
            ],
            [
              -119.15559308542902,
              34.43290365732667
            ],
            [
              -119.15560269598703,
              34.43290483856478
            ],
            [
              -119.1556124,
              34.432905233578886
            ],
            [
              -119.1557539,
              34.432905233578886
            ],
            [
              -119.15576360401296,
              34.43290483856478
            ],
            [
              -119.15577321457097,
              34.43290365732667
            ],
            [
              -119.15578263911911,
              34.432901701240525
            ],
            [
              -119.15579178689381,
              34.43289898914451
            ],
            [
              -119.15580056979704,
              34.432895547157614
            ],
            [
              -119.15580890324459,
              34.432891408428034
            ],
            [
              -119.15581670698083,
              34.43288661281401
            ],
            [
              -119.1558239058515,
              34.432881206499914
            ],
            [
              -119.15583043052757,
              34.43287524155152
            ],
            [
              -119.15583621817281,
              34.43286877541454
            ],
            [
              -119.15584121304906,
              34.4328618703614
            ],
            [
              -119.1558453670529,
              34.43285459289154
            ],
            [
              -119.15584864017903,
              34.43284701309097
            ],
            [
              -119.15585100090544,
              34.43283920395732
            ],
            [
              -119.15585242649706,
              34.432831240696814
            ],
            [
              -119.15585290322464,
              34.4328232
            ],
            [
              -119.15585290322464,
              34.432815133578885
            ],
            [
              -119.1559769,
              34.432815133578885
            ],
            [
              -119.15598660401297,
              34.43281473856478
            ],
            [
              -119.15599621457098,
              34.43281355732667
            ],
            [
              -119.15600563911912,
              34.43281160124052
            ],
            [
              -119.15601478689382,
              34.43280888914451
            ],
            [
              -119.15602356979704,
              34.43280544715761
            ],
            [
              -119.1560319032446,
              34.43280130842803
            ],
            [
              -119.15603970698083,
              34.43279651281401
            ],
            [
              -119.15604690585151,
              34.43279110649991
            ],
            [
              -119.15605343052758,
              34.43278514155152
            ],
            [
              -119.15605921817281,
              34.43277867541454
            ],
            [
              -119.15606421304906,
              34.4327717703614
            ],
            [
              -119.15606836705291,
              34.432764492891536
            ],
            [
              -119.15607164017904,
              34.43275691309097
            ],
            [
              -119.15607400090545,
              34.43274910395732
            ],
            [
              -119.15607542649707,
              34.43274114069681
            ],
            [
              -119.15607590322465,
              34.4327331
            ],
            [
              -119.15607590322465,
              34.432562688670735
            ],
            [
              -119.15608450401297,
              34.43256233856478
            ],
            [
              -119.15609411457098,
              34.43256115732667
            ],
            [
              -119.15610353911912,
              34.43255920124052
            ],
            [
              -119.15611268689382,
              34.43255648914451
            ],
            [
              -119.15612146979704,
              34.43255304715761
            ],
            [
              -119.1561298032446,
              34.43254890842803
            ],
            [
              -119.15613760698083,
              34.43254411281401
            ],
            [
              -119.15614480585151,
              34.43253870649991
            ],
            [
              -119.15615133052758,
              34.43253274155152
            ],
            [
              -119.15615711817281,
              34.43252627541454
            ],
            [
              -119.15616211304906,
              34.4325193703614
            ],
            [
              -119.15616626705291,
              34.432512092891535
            ],
            [
              -119.15616954017904,
              34.43250451309097
            ],
            [
              -119.15617190090545,
              34.43249670395732
            ],
            [
              -119.15617332649707,
              34.43248874069681
            ],
            [
              -119.15617380322465,
              34.4324807
            ],
            [
              -119.15617380322465,
              34.432377
            ],
            [
              -119.15617332649707,
              34.43236895930319
            ]
          ]
        ]
      }
    },
    {
      "type": "Feature",
      "properties": {
        "structure_id": "ceremonial-infrastructure",
        "zone": "0",
        "area_m2": 254.0,
        "crowns_in_zone": 5,
        "canopy_pct": 15.8,
        "crosses_boundary": false,
        "outer_m": 1.5,
        "overhanging_crowns": [
          {
            "e": 350.17,
            "n": 221.48,
            "height_m": 7.6,
            "crown_r_m": 2.6
          },
          {
            "e": 361.29,
            "n": 233.32,
            "height_m": 6.9,
            "crown_r_m": 1.1
          },
          {
            "e": 361.79,
            "n": 222.78,
            "height_m": 9.3,
            "crown_r_m": 2.9
          },
          {
            "e": 363.69,
            "n": 238.04,
            "height_m": 11.8,
            "crown_r_m": 2.7
          },
          {
            "e": 363.99,
            "n": 218.17,
            "height_m": 12.6,
            "crown_r_m": 5.1
          }
        ]
      },
      "geometry": {
        "type": "Polygon",
        "coordinates": [
          [
            [
              -119.15566901921287,
              34.4324424
            ],
            [
              -119.15566901921287,
              34.4325596
            ],
            [
              -119.15566894063139,
              34.43256092538958
            ],
            [
              -119.15566870564376,
              34.43256223801494
            ],
            [
              -119.15566831651303,
              34.43256352523477
            ],
            [
              -119.15566777698675,
              34.43256477465245
            ],
            [
              -119.15566709226084,
              34.432565974235395
            ],
            [
              -119.1556662689296,
              34.43256711243097
            ],
            [
              -119.15566531492213,
              34.43256817827772
            ],
            [
              -119.15566423942607,
              34.432569161510976
            ],
            [
              -119.15566305279904,
              34.432570052661646
            ],
            [
              -119.1556617664689,
              34.432570843147474
            ],
            [
              -119.15566039282369,
              34.43257152535565
            ],
            [
              -119.1556589450924,
              34.43257209271613
            ],
            [
              -119.15565743721744,
              34.43257253976492
            ],
            [
              -119.1556558837205,
              34.4325728621967
            ],
            [
              -119.15565429956258,
              34.43257305690628
            ],
            [
              -119.1556527,
              34.432573122018496
            ],
            [
              -119.1555113,
              34.432573122018496
            ],
            [
              -119.15550970043742,
              34.43257305690628
            ],
            [
              -119.1555081162795,
              34.4325728621967
            ],
            [
              -119.15550656278256,
              34.43257253976492
            ],
            [
              -119.15550505490761,
              34.43257209271613
            ],
            [
              -119.15550360717631,
              34.43257152535565
            ],
            [
              -119.15550223353111,
              34.432570843147474
            ],
            [
              -119.15550094720096,
              34.432570052661646
            ],
            [
              -119.15549976057393,
              34.432569161510976
            ],
            [
              -119.15549868507787,
              34.43256817827772
            ],
            [
              -119.15549773107041,
              34.43256711243097
            ],
            [
              -119.15549690773916,
              34.432565974235395
            ],
            [
              -119.15549622301326,
              34.43256477465245
            ],
            [
              -119.15549568348698,
              34.43256352523477
            ],
            [
              -119.15549529435624,
              34.43256223801494
            ],
            [
              -119.15549505936862,
              34.43256092538958
            ],
            [
              -119.15549498078714,
              34.4325596
            ],
            [
              -119.15549498078714,
              34.4324424
            ],
            [
              -119.15549505936862,
              34.432441074610416
            ],
            [
              -119.15549529435624,
              34.43243976198506
            ],
            [
              -119.15549568348698,
              34.43243847476523
            ],
            [
              -119.15549622301326,
              34.43243722534755
            ],
            [
              -119.15549690773916,
              34.4324360257646
            ],
            [
              -119.15549773107041,
              34.43243488756903
            ],
            [
              -119.15549868507787,
              34.43243382172228
            ],
            [
              -119.15549976057393,
              34.43243283848902
            ],
            [
              -119.15550094720096,
              34.43243194733835
            ],
            [
              -119.15550223353111,
              34.43243115685252
            ],
            [
              -119.15550360717631,
              34.43243047464435
            ],
            [
              -119.15550505490761,
              34.43242990728387
            ],
            [
              -119.15550656278256,
              34.43242946023508
            ],
            [
              -119.1555081162795,
              34.4324291378033
            ],
            [
              -119.15550970043742,
              34.43242894309372
            ],
            [
              -119.1555113,
              34.4324288779815
            ],
            [
              -119.1556527,
              34.4324288779815
            ],
            [
              -119.15565429956258,
              34.43242894309372
            ],
            [
              -119.1556558837205,
              34.4324291378033
            ],
            [
              -119.15565743721744,
              34.43242946023508
            ],
            [
              -119.1556589450924,
              34.43242990728387
            ],
            [
              -119.15566039282369,
              34.43243047464435
            ],
            [
              -119.1556617664689,
              34.43243115685252
            ],
            [
              -119.15566305279904,
              34.43243194733835
            ],
            [
              -119.15566423942607,
              34.43243283848902
            ],
            [
              -119.15566531492213,
              34.43243382172228
            ],
            [
              -119.1556662689296,
              34.43243488756903
            ],
            [
              -119.15566709226084,
              34.4324360257646
            ],
            [
              -119.15566777698675,
              34.43243722534755
            ],
            [
              -119.15566831651303,
              34.43243847476523
            ],
            [
              -119.15566870564376,
              34.43243976198506
            ],
            [
              -119.15566894063139,
              34.432441074610416
            ],
            [
              -119.15566901921287,
              34.4324424
            ]
          ]
        ]
      }
    },
    {
      "type": "Feature",
      "properties": {
        "structure_id": "ceremonial-infrastructure",
        "zone": "1",
        "area_m2": 647.8,
        "crowns_in_zone": 15,
        "canopy_pct": 36.5,
        "crosses_boundary": false,
        "outer_m": 9.1
      },
      "geometry": {
        "type": "Polygon",
        "coordinates": [
          [
            [
              -119.15575170322465,
              34.4325596
            ],
            [
              -119.15575122649707,
              34.43256764069681
            ],
            [
              -119.15574980090545,
              34.43257560395732
            ],
            [
              -119.15574744017904,
              34.43258341309097
            ],
            [
              -119.15574416705292,
              34.432590992891534
            ],
            [
              -119.15574001304907,
              34.432598270361396
            ],
            [
              -119.15573501817282,
              34.43260517541454
            ],
            [
              -119.15572923052758,
              34.43261164155152
            ],
            [
              -119.15572270585152,
              34.43261760649991
            ],
            [
              -119.15571550698084,
              34.432623012814005
            ],
            [
              -119.1557077032446,
              34.43262780842803
            ],
            [
              -119.15569936979705,
              34.43263194715761
            ],
            [
              -119.15569058689383,
              34.43263538914451
            ],
            [
              -119.15568143911912,
              34.43263810124052
            ],
            [
              -119.15567201457098,
              34.432640057326665
            ],
            [
              -119.15566240401297,
              34.43264123856478
            ],
            [
              -119.1556527,
              34.43264163357888
            ],
            [
              -119.1555113,
              34.43264163357888
            ],
            [
              -119.15550159598703,
              34.43264123856478
            ],
            [
              -119.15549198542902,
              34.432640057326665
            ],
            [
              -119.15548256088088,
              34.43263810124052
            ],
            [
              -119.15547341310618,
              34.43263538914451
            ],
            [
              -119.15546463020296,
              34.43263194715761
            ],
            [
              -119.1554562967554,
              34.43262780842803
            ],
            [
              -119.15544849301916,
              34.432623012814005
            ],
            [
              -119.15544129414849,
              34.43261760649991
            ],
            [
              -119.15543476947242,
              34.43261164155152
            ],
            [
              -119.15542898182719,
              34.43260517541454
            ],
            [
              -119.15542398695094,
              34.432598270361396
            ],
            [
              -119.15541983294709,
              34.432590992891534
            ],
            [
              -119.15541655982096,
              34.43258341309097
            ],
            [
              -119.15541419909455,
              34.43257560395732
            ],
            [
              -119.15541277350293,
              34.43256764069681
            ],
            [
              -119.15541229677535,
              34.4325596
            ],
            [
              -119.15541229677535,
              34.4324424
            ],
            [
              -119.15541277350293,
              34.43243435930319
            ],
            [
              -119.15541419909455,
              34.43242639604268
            ],
            [
              -119.15541655982096,
              34.43241858690903
            ],
            [
              -119.15541983294709,
              34.43241100710846
            ],
            [
              -119.15542398695094,
              34.4324037296386
            ],
            [
              -119.15542898182719,
              34.43239682458546
            ],
            [
              -119.15543476947242,
              34.43239035844848
            ],
            [
              -119.15544129414849,
              34.43238439350009
            ],
            [
              -119.15544849301916,
              34.43237898718599
            ],
            [
              -119.1554562967554,
              34.43237419157197
            ],
            [
              -119.15546463020296,
              34.43237005284239
            ],
            [
              -119.15547341310618,
              34.43236661085549
            ],
            [
              -119.15548256088088,
              34.432363898759476
            ],
            [
              -119.15549198542902,
              34.43236194267333
            ],
            [
              -119.15550159598703,
              34.43236076143522
            ],
            [
              -119.1555113,
              34.432360366421115
            ],
            [
              -119.1556527,
              34.432360366421115
            ],
            [
              -119.15566240401297,
              34.43236076143522
            ],
            [
              -119.15567201457098,
              34.43236194267333
            ],
            [
              -119.15568143911912,
              34.432363898759476
            ],
            [
              -119.15569058689383,
              34.43236661085549
            ],
            [
              -119.15569936979705,
              34.43237005284239
            ],
            [
              -119.1557077032446,
              34.43237419157197
            ],
            [
              -119.15571550698084,
              34.43237898718599
            ],
            [
              -119.15572270585152,
              34.43238439350009
            ],
            [
              -119.15572923052758,
              34.43239035844848
            ],
            [
              -119.15573501817282,
              34.43239682458546
            ],
            [
              -119.15574001304907,
              34.4324037296386
            ],
            [
              -119.15574416705292,
              34.43241100710846
            ],
            [
              -119.15574744017904,
              34.43241858690903
            ],
            [
              -119.15574980090545,
              34.43242639604268
            ],
            [
              -119.15575122649707,
              34.43243435930319
            ],
            [
              -119.15575170322465,
              34.4324424
            ],
            [
              -119.15575170322465,
              34.4325596
            ]
          ],
          [
            [
              -119.15566894063139,
              34.432441074610416
            ],
            [
              -119.15566870564376,
              34.43243976198506
            ],
            [
              -119.15566831651303,
              34.43243847476523
            ],
            [
              -119.15566777698675,
              34.43243722534755
            ],
            [
              -119.15566709226084,
              34.4324360257646
            ],
            [
              -119.1556662689296,
              34.43243488756903
            ],
            [
              -119.15566531492213,
              34.43243382172228
            ],
            [
              -119.15566423942607,
              34.43243283848902
            ],
            [
              -119.15566305279904,
              34.43243194733835
            ],
            [
              -119.1556617664689,
              34.43243115685252
            ],
            [
              -119.15566039282369,
              34.43243047464435
            ],
            [
              -119.1556589450924,
              34.43242990728387
            ],
            [
              -119.15565743721744,
              34.43242946023508
            ],
            [
              -119.1556558837205,
              34.4324291378033
            ],
            [
              -119.15565429956258,
              34.43242894309372
            ],
            [
              -119.1556527,
              34.4324288779815
            ],
            [
              -119.1555113,
              34.4324288779815
            ],
            [
              -119.15550970043742,
              34.43242894309372
            ],
            [
              -119.1555081162795,
              34.4324291378033
            ],
            [
              -119.15550656278256,
              34.43242946023508
            ],
            [
              -119.15550505490761,
              34.43242990728387
            ],
            [
              -119.15550360717631,
              34.43243047464435
            ],
            [
              -119.15550223353111,
              34.43243115685252
            ],
            [
              -119.15550094720096,
              34.43243194733835
            ],
            [
              -119.15549976057393,
              34.43243283848902
            ],
            [
              -119.15549868507787,
              34.43243382172228
            ],
            [
              -119.15549773107041,
              34.43243488756903
            ],
            [
              -119.15549690773916,
              34.4324360257646
            ],
            [
              -119.15549622301326,
              34.43243722534755
            ],
            [
              -119.15549568348698,
              34.43243847476523
            ],
            [
              -119.15549529435624,
              34.43243976198506
            ],
            [
              -119.15549505936862,
              34.432441074610416
            ],
            [
              -119.15549498078714,
              34.4324424
            ],
            [
              -119.15549498078714,
              34.4325596
            ],
            [
              -119.15549505936862,
              34.43256092538958
            ],
            [
              -119.15549529435624,
              34.43256223801494
            ],
            [
              -119.15549568348698,
              34.43256352523477
            ],
            [
              -119.15549622301326,
              34.43256477465245
            ],
            [
              -119.15549690773916,
              34.432565974235395
            ],
            [
              -119.15549773107041,
              34.43256711243097
            ],
            [
              -119.15549868507787,
              34.43256817827772
            ],
            [
              -119.15549976057393,
              34.432569161510976
            ],
            [
              -119.15550094720096,
              34.432570052661646
            ],
            [
              -119.15550223353111,
              34.432570843147474
            ],
            [
              -119.15550360717631,
              34.43257152535565
            ],
            [
              -119.15550505490761,
              34.43257209271613
            ],
            [
              -119.15550656278256,
              34.43257253976492
            ],
            [
              -119.1555081162795,
              34.4325728621967
            ],
            [
              -119.15550970043742,
              34.43257305690628
            ],
            [
              -119.1555113,
              34.432573122018496
            ],
            [
              -119.1556527,
              34.432573122018496
            ],
            [
              -119.15565429956258,
              34.43257305690628
            ],
            [
              -119.1556558837205,
              34.4325728621967
            ],
            [
              -119.15565743721744,
              34.43257253976492
            ],
            [
              -119.1556589450924,
              34.43257209271613
            ],
            [
              -119.15566039282369,
              34.43257152535565
            ],
            [
              -119.1556617664689,
              34.432570843147474
            ],
            [
              -119.15566305279904,
              34.432570052661646
            ],
            [
              -119.15566423942607,
              34.432569161510976
            ],
            [
              -119.15566531492213,
              34.43256817827772
            ],
            [
              -119.1556662689296,
              34.43256711243097
            ],
            [
              -119.15566709226084,
              34.432565974235395
            ],
            [
              -119.15566777698675,
              34.43256477465245
            ],
            [
              -119.15566831651303,
              34.43256352523477
            ],
            [
              -119.15566870564376,
              34.43256223801494
            ],
            [
              -119.15566894063139,
              34.43256092538958
            ],
            [
              -119.15566901921287,
              34.4325596
            ],
            [
              -119.15566901921287,
              34.4324424
            ],
            [
              -119.15566894063139,
              34.432441074610416
            ]
          ]
        ]
      }
    },
    {
      "type": "Feature",
      "properties": {
        "structure_id": "ceremonial-infrastructure",
        "zone": "2",
        "area_m2": 3770.7,
        "crowns_in_zone": 62,
        "canopy_pct": 57.5,
        "crosses_boundary": false,
        "outer_m": 30.5
      },
      "geometry": {
        "type": "Polygon",
        "coordinates": [
          [
            [
              -119.15598452399473,
              34.4325596
            ],
            [
              -119.15598292617149,
              34.432586549588216
            ],
            [
              -119.15597814808972,
              34.43261323963717
            ],
            [
              -119.15597023576491,
              34.4326394131071
            ],
            [
              -119.15595926539713,
              34.43266481793317
            ],
            [
              -119.15594534263697,
              34.43268920945303
            ],
            [
              -119.15592860156825,
              34.432712352763005
            ],
            [
              -119.1559092034166,
              34.43273402498037
            ],
            [
              -119.15588733499683,
              34.432754017389826
            ],
            [
              -119.15586320691378,
              34.43277213745353
            ],
            [
              -119.15583705153408,
              34.43278821066538
            ],
            [
              -119.15580912074832,
              34.43280208223155
            ],
            [
              -119.15577968354525,
              34.43281361856127
            ],
            [
              -119.15574902342122,
              34.43282270855339
            ],
            [
              -119.15571743564999,
              34.43282926466631
            ],
            [
              -119.15568522443905,
              34.43283322376108
            ],
            [
              -119.1556527,
              34.43283454770945
            ],
            [
              -119.1555113,
              34.43283454770945
            ],
            [
              -119.15547877556095,
              34.43283322376108
            ],
            [
              -119.15544656435002,
              34.43282926466631
            ],
            [
              -119.15541497657878,
              34.43282270855339
            ],
            [
              -119.15538431645476,
              34.43281361856127
            ],
            [
              -119.15535487925169,
              34.43280208223155
            ],
            [
              -119.15532694846593,
              34.43278821066538
            ],
            [
              -119.15530079308623,
              34.43277213745353
            ],
            [
              -119.15527666500317,
              34.432754017389826
            ],
            [
              -119.1552547965834,
              34.43273402498037
            ],
            [
              -119.15523539843176,
              34.432712352763005
            ],
            [
              -119.15521865736304,
              34.43268920945303
            ],
            [
              -119.15520473460288,
              34.43266481793317
            ],
            [
              -119.1551937642351,
              34.4326394131071
            ],
            [
              -119.15518585191029,
              34.43261323963717
            ],
            [
              -119.15518107382852,
              34.432586549588216
            ],
            [
              -119.15517947600527,
              34.4325596
            ],
            [
              -119.15517947600527,
              34.4324424
            ],
            [
              -119.15518107382852,
              34.43241545041178
            ],
            [
              -119.15518585191029,
              34.43238876036283
            ],
            [
              -119.1551937642351,
              34.4323625868929
            ],
            [
              -119.15520473460288,
              34.432337182066824
            ],
            [
              -119.15521865736304,
              34.432312790546966
            ],
            [
              -119.15523539843176,
              34.43228964723699
            ],
            [
              -119.1552547965834,
              34.43226797501963
            ],
            [
              -119.15527666500317,
              34.43224798261017
            ],
            [
              -119.15530079308623,
              34.432229862546464
            ],
            [
              -119.15532694846593,
              34.43221378933462
            ],
            [
              -119.15535487925169,
              34.43219991776845
            ],
            [
              -119.15538431645476,
              34.43218838143873
            ],
            [
              -119.15541497657878,
              34.43217929144661
            ],
            [
              -119.15544656435002,
              34.43217273533369
            ],
            [
              -119.15547877556095,
              34.43216877623892
            ],
            [
              -119.1555113,
              34.43216745229055
            ],
            [
              -119.1556527,
              34.43216745229055
            ],
            [
              -119.15568522443905,
              34.43216877623892
            ],
            [
              -119.15571743564999,
              34.43217273533369
            ],
            [
              -119.15574902342122,
              34.43217929144661
            ],
            [
              -119.15577968354525,
              34.43218838143873
            ],
            [
              -119.15580912074832,
              34.43219991776845
            ],
            [
              -119.15583705153408,
              34.43221378933462
            ],
            [
              -119.15586320691378,
              34.432229862546464
            ],
            [
              -119.15588733499683,
              34.43224798261017
            ],
            [
              -119.1559092034166,
              34.43226797501963
            ],
            [
              -119.15592860156825,
              34.43228964723699
            ],
            [
              -119.15594534263697,
              34.432312790546966
            ],
            [
              -119.15595926539713,
              34.432337182066824
            ],
            [
              -119.15597023576491,
              34.4323625868929
            ],
            [
              -119.15597814808972,
              34.43238876036283
            ],
            [
              -119.15598292617149,
              34.43241545041178
            ],
            [
              -119.15598452399473,
              34.4324424
            ],
            [
              -119.15598452399473,
              34.4325596
            ]
          ],
          [
            [
              -119.15575122649707,
              34.43243435930319
            ],
            [
              -119.15574980090545,
              34.43242639604268
            ],
            [
              -119.15574744017904,
              34.43241858690903
            ],
            [
              -119.15574416705292,
              34.43241100710846
            ],
            [
              -119.15574001304907,
              34.4324037296386
            ],
            [
              -119.15573501817282,
              34.43239682458546
            ],
            [
              -119.15572923052758,
              34.43239035844848
            ],
            [
              -119.15572270585152,
              34.43238439350009
            ],
            [
              -119.15571550698084,
              34.43237898718599
            ],
            [
              -119.1557077032446,
              34.43237419157197
            ],
            [
              -119.15569936979705,
              34.43237005284239
            ],
            [
              -119.15569058689383,
              34.43236661085549
            ],
            [
              -119.15568143911912,
              34.432363898759476
            ],
            [
              -119.15567201457098,
              34.43236194267333
            ],
            [
              -119.15566240401297,
              34.43236076143522
            ],
            [
              -119.1556527,
              34.432360366421115
            ],
            [
              -119.1555113,
              34.432360366421115
            ],
            [
              -119.15550159598703,
              34.43236076143522
            ],
            [
              -119.15549198542902,
              34.43236194267333
            ],
            [
              -119.15548256088088,
              34.432363898759476
            ],
            [
              -119.15547341310618,
              34.43236661085549
            ],
            [
              -119.15546463020296,
              34.43237005284239
            ],
            [
              -119.1554562967554,
              34.43237419157197
            ],
            [
              -119.15544849301916,
              34.43237898718599
            ],
            [
              -119.15544129414849,
              34.43238439350009
            ],
            [
              -119.15543476947242,
              34.43239035844848
            ],
            [
              -119.15542898182719,
              34.43239682458546
            ],
            [
              -119.15542398695094,
              34.4324037296386
            ],
            [
              -119.15541983294709,
              34.43241100710846
            ],
            [
              -119.15541655982096,
              34.43241858690903
            ],
            [
              -119.15541419909455,
              34.43242639604268
            ],
            [
              -119.15541277350293,
              34.43243435930319
            ],
            [
              -119.15541229677535,
              34.4324424
            ],
            [
              -119.15541229677535,
              34.4325596
            ],
            [
              -119.15541277350293,
              34.43256764069681
            ],
            [
              -119.15541419909455,
              34.43257560395732
            ],
            [
              -119.15541655982096,
              34.43258341309097
            ],
            [
              -119.15541983294709,
              34.432590992891534
            ],
            [
              -119.15542398695094,
              34.432598270361396
            ],
            [
              -119.15542898182719,
              34.43260517541454
            ],
            [
              -119.15543476947242,
              34.43261164155152
            ],
            [
              -119.15544129414849,
              34.43261760649991
            ],
            [
              -119.15544849301916,
              34.432623012814005
            ],
            [
              -119.1554562967554,
              34.43262780842803
            ],
            [
              -119.15546463020296,
              34.43263194715761
            ],
            [
              -119.15547341310618,
              34.43263538914451
            ],
            [
              -119.15548256088088,
              34.43263810124052
            ],
            [
              -119.15549198542902,
              34.432640057326665
            ],
            [
              -119.15550159598703,
              34.43264123856478
            ],
            [
              -119.1555113,
              34.43264163357888
            ],
            [
              -119.1556527,
              34.43264163357888
            ],
            [
              -119.15566240401297,
              34.43264123856478
            ],
            [
              -119.15567201457098,
              34.432640057326665
            ],
            [
              -119.15568143911912,
              34.43263810124052
            ],
            [
              -119.15569058689383,
              34.43263538914451
            ],
            [
              -119.15569936979705,
              34.43263194715761
            ],
            [
              -119.1557077032446,
              34.43262780842803
            ],
            [
              -119.15571550698084,
              34.432623012814005
            ],
            [
              -119.15572270585152,
              34.43261760649991
            ],
            [
              -119.15572923052758,
              34.43261164155152
            ],
            [
              -119.15573501817282,
              34.43260517541454
            ],
            [
              -119.15574001304907,
              34.432598270361396
            ],
            [
              -119.15574416705292,
              34.432590992891534
            ],
            [
              -119.15574744017904,
              34.43258341309097
            ],
            [
              -119.15574980090545,
              34.43257560395732
            ],
            [
              -119.15575122649707,
              34.43256764069681
            ],
            [
              -119.15575170322465,
              34.4325596
            ],
            [
              -119.15575170322465,
              34.4324424
            ],
            [
              -119.15575122649707,
              34.43243435930319
            ]
          ]
        ]
      }
    }
  ]
}
