{
  "type": "FeatureCollection",
  "properties": {
    "authority": "derived",
    "evidence": "modelled",
    "weights": {
      "sun_hours_annual": 0.12,
      "sun_hours_dec": 0.1,
      "cold_air_inv": 0.1,
      "thermal_belt": 0.06,
      "twi_inv": 0.08,
      "stormwater_inv": 0.06,
      "wind_santa_ana_inv": 0.08,
      "wind_sea_breeze": 0.04,
      "slope": 0.1,
      "landform": 0.06,
      "shade": 0.2
    },
    "bands": {
      "best": ">=0.67",
      "good": ">=0.33",
      "workable": ">=0.05"
    },
    "generator": "scripts/surfaces.py"
  },
  "features": [
    {
      "type": "Feature",
      "properties": {
        "rank": 1,
        "band": "best",
        "score": 0.929,
        "area_m2": 115.0,
        "reasons": [
          "under the oaks with summer shade",
          "sunny through the year",
          "holds December sun"
        ]
      },
      "geometry": {
        "type": "Polygon",
        "coordinates": [
          [
            [
              -119.15620225950163,
              34.433459522954216
            ],
            [
              -119.15619138002639,
              34.433459522954216
            ],
            [
              -119.15618050055114,
              34.433459522954216
            ],
            [
              -119.15618050055114,
              34.43346853763322
            ],
            [
              -119.15616962107592,
              34.43346853763322
            ],
            [
              -119.15616962107592,
              34.43347755231221
            ],
            [
              -119.15616962107592,
              34.43348656699121
            ],
            [
              -119.15616962107592,
              34.433495581670215
            ],
            [
              -119.15616962107592,
              34.43350459634921
            ],
            [
              -119.15616962107592,
              34.43351361102821
            ],
            [
              -119.15615874160068,
              34.43351361102821
            ],
            [
              -119.15614786212544,
              34.43351361102821
            ],
            [
              -119.1561369826502,
              34.43351361102821
            ],
            [
              -119.15612610317497,
              34.43351361102821
            ],
            [
              -119.15611522369973,
              34.43351361102821
            ],
            [
              -119.15610434422449,
              34.43351361102821
            ],
            [
              -119.15609346474926,
              34.43351361102821
            ],
            [
              -119.15608258527402,
              34.43351361102821
            ],
            [
              -119.15607170579878,
              34.43351361102821
            ],
            [
              -119.15607170579878,
              34.43350459634921
            ],
            [
              -119.15607170579878,
              34.433495581670215
            ],
            [
              -119.15607170579878,
              34.43348656699121
            ],
            [
              -119.15608258527402,
              34.43348656699121
            ],
            [
              -119.15608258527402,
              34.43347755231221
            ],
            [
              -119.15607170579878,
              34.43347755231221
            ],
            [
              -119.15607170579878,
              34.43346853763322
            ],
            [
              -119.15606082632354,
              34.43346853763322
            ],
            [
              -119.15604994684831,
              34.43346853763322
            ],
            [
              -119.15604994684831,
              34.43347755231221
            ],
            [
              -119.15603906737307,
              34.43347755231221
            ],
            [
              -119.15602818789783,
              34.43347755231221
            ],
            [
              -119.15601730842259,
              34.43347755231221
            ],
            [
              -119.15600642894736,
              34.43347755231221
            ],
            [
              -119.15599554947212,
              34.43347755231221
            ],
            [
              -119.15598466999688,
              34.43347755231221
            ],
            [
              -119.15597379052166,
              34.43347755231221
            ],
            [
              -119.15596291104642,
              34.43347755231221
            ],
            [
              -119.15595203157118,
              34.43347755231221
            ],
            [
              -119.15594115209593,
              34.43347755231221
            ],
            [
              -119.15594115209593,
              34.43346853763322
            ],
            [
              -119.15595203157118,
              34.43346853763322
            ],
            [
              -119.15596291104642,
              34.43346853763322
            ],
            [
              -119.15597379052166,
              34.43346853763322
            ],
            [
              -119.15598466999688,
              34.43346853763322
            ],
            [
              -119.15599554947212,
              34.43346853763322
            ],
            [
              -119.15599554947212,
              34.433459522954216
            ],
            [
              -119.15599554947212,
              34.43345050827522
            ],
            [
              -119.15600642894736,
              34.43345050827522
            ],
            [
              -119.15600642894736,
              34.43344149359622
            ],
            [
              -119.15601730842259,
              34.43344149359622
            ],
            [
              -119.15601730842259,
              34.433432478917226
            ],
            [
              -119.15602818789783,
              34.433432478917226
            ],
            [
              -119.15602818789783,
              34.433423464238224
            ],
            [
              -119.15603906737307,
              34.433423464238224
            ],
            [
              -119.15604994684831,
              34.433423464238224
            ],
            [
              -119.15606082632354,
              34.433423464238224
            ],
            [
              -119.15607170579878,
              34.433423464238224
            ],
            [
              -119.15608258527402,
              34.433423464238224
            ],
            [
              -119.15609346474926,
              34.433423464238224
            ],
            [
              -119.15609346474926,
              34.433432478917226
            ],
            [
              -119.15610434422449,
              34.433432478917226
            ],
            [
              -119.15610434422449,
              34.43344149359622
            ],
            [
              -119.15611522369973,
              34.43344149359622
            ],
            [
              -119.15611522369973,
              34.43345050827522
            ],
            [
              -119.15612610317497,
              34.43345050827522
            ],
            [
              -119.15612610317497,
              34.433459522954216
            ],
            [
              -119.1561369826502,
              34.433459522954216
            ],
            [
              -119.15614786212544,
              34.433459522954216
            ],
            [
              -119.15615874160068,
              34.433459522954216
            ],
            [
              -119.15615874160068,
              34.43345050827522
            ],
            [
              -119.15616962107592,
              34.43345050827522
            ],
            [
              -119.15618050055114,
              34.43345050827522
            ],
            [
              -119.15619138002639,
              34.43345050827522
            ],
            [
              -119.15620225950163,
              34.43345050827522
            ],
            [
              -119.15621313897687,
              34.43345050827522
            ],
            [
              -119.1562240184521,
              34.43345050827522
            ],
            [
              -119.1562240184521,
              34.433459522954216
            ],
            [
              -119.1562240184521,
              34.43346853763322
            ],
            [
              -119.15621313897687,
              34.43346853763322
            ],
            [
              -119.15620225950163,
              34.43346853763322
            ],
            [
              -119.15620225950163,
              34.433459522954216
            ]
          ]
        ]
      }
    },
    {
      "type": "Feature",
      "properties": {
        "rank": 2,
        "band": "best",
        "score": 0.9205,
        "area_m2": 182.0,
        "reasons": [
          "under the oaks with summer shade",
          "sunny through the year",
          "holds December sun"
        ]
      },
      "geometry": {
        "type": "Polygon",
        "coordinates": [
          [
            [
              -119.15564740626455,
              34.43339642020123
            ],
            [
              -119.15563652678931,
              34.43339642020123
            ],
            [
              -119.15562564731407,
              34.43339642020123
            ],
            [
              -119.15561476783884,
              34.43339642020123
            ],
            [
              -119.15561476783884,
              34.43340543488023
            ],
            [
              -119.15561476783884,
              34.43341444955922
            ],
            [
              -119.15561476783884,
              34.433423464238224
            ],
            [
              -119.15561476783884,
              34.433432478917226
            ],
            [
              -119.15562564731407,
              34.433432478917226
            ],
            [
              -119.15563652678931,
              34.433432478917226
            ],
            [
              -119.15563652678931,
              34.43344149359622
            ],
            [
              -119.15564740626455,
              34.43344149359622
            ],
            [
              -119.15564740626455,
              34.43345050827522
            ],
            [
              -119.15565828573979,
              34.43345050827522
            ],
            [
              -119.15565828573979,
              34.433459522954216
            ],
            [
              -119.15566916521502,
              34.433459522954216
            ],
            [
              -119.15566916521502,
              34.43346853763322
            ],
            [
              -119.15566916521502,
              34.43347755231221
            ],
            [
              -119.15568004469026,
              34.43347755231221
            ],
            [
              -119.15568004469026,
              34.43348656699121
            ],
            [
              -119.15568004469026,
              34.433495581670215
            ],
            [
              -119.15568004469026,
              34.43350459634921
            ],
            [
              -119.15568004469026,
              34.43351361102821
            ],
            [
              -119.15566916521502,
              34.43351361102821
            ],
            [
              -119.15565828573979,
              34.43351361102821
            ],
            [
              -119.15564740626455,
              34.43351361102821
            ],
            [
              -119.15563652678931,
              34.43351361102821
            ],
            [
              -119.15562564731407,
              34.43351361102821
            ],
            [
              -119.15561476783884,
              34.43351361102821
            ],
            [
              -119.1556038883636,
              34.43351361102821
            ],
            [
              -119.15559300888836,
              34.43351361102821
            ],
            [
              -119.15559300888836,
              34.43350459634921
            ],
            [
              -119.1556038883636,
              34.43350459634921
            ],
            [
              -119.1556038883636,
              34.433495581670215
            ],
            [
              -119.15559300888836,
              34.433495581670215
            ],
            [
              -119.15559300888836,
              34.43348656699121
            ],
            [
              -119.15558212941312,
              34.43348656699121
            ],
            [
              -119.15557124993789,
              34.43348656699121
            ],
            [
              -119.15557124993789,
              34.433495581670215
            ],
            [
              -119.15557124993789,
              34.43350459634921
            ],
            [
              -119.15557124993789,
              34.43351361102821
            ],
            [
              -119.15556037046265,
              34.43351361102821
            ],
            [
              -119.15554949098741,
              34.43351361102821
            ],
            [
              -119.15553861151218,
              34.43351361102821
            ],
            [
              -119.15552773203694,
              34.43351361102821
            ],
            [
              -119.1555168525617,
              34.43351361102821
            ],
            [
              -119.15550597308646,
              34.43351361102821
            ],
            [
              -119.15549509361124,
              34.43351361102821
            ],
            [
              -119.155484214136,
              34.43351361102821
            ],
            [
              -119.155484214136,
              34.43350459634921
            ],
            [
              -119.155484214136,
              34.433495581670215
            ],
            [
              -119.155484214136,
              34.43348656699121
            ],
            [
              -119.15549509361124,
              34.43348656699121
            ],
            [
              -119.15549509361124,
              34.43347755231221
            ],
            [
              -119.15549509361124,
              34.43346853763322
            ],
            [
              -119.15549509361124,
              34.433459522954216
            ],
            [
              -119.155484214136,
              34.433459522954216
            ],
            [
              -119.15547333466075,
              34.433459522954216
            ],
            [
              -119.15547333466075,
              34.43345050827522
            ],
            [
              -119.155484214136,
              34.43345050827522
            ],
            [
              -119.15549509361124,
              34.43345050827522
            ],
            [
              -119.15550597308646,
              34.43345050827522
            ],
            [
              -119.1555168525617,
              34.43345050827522
            ],
            [
              -119.1555168525617,
              34.43344149359622
            ],
            [
              -119.15552773203694,
              34.43344149359622
            ],
            [
              -119.15552773203694,
              34.433432478917226
            ],
            [
              -119.15552773203694,
              34.433423464238224
            ],
            [
              -119.15552773203694,
              34.43341444955922
            ],
            [
              -119.15552773203694,
              34.43340543488023
            ],
            [
              -119.15553861151218,
              34.43340543488023
            ],
            [
              -119.15554949098741,
              34.43340543488023
            ],
            [
              -119.15556037046265,
              34.43340543488023
            ],
            [
              -119.15556037046265,
              34.43339642020123
            ],
            [
              -119.15557124993789,
              34.43339642020123
            ],
            [
              -119.15557124993789,
              34.43338740552223
            ],
            [
              -119.15557124993789,
              34.43337839084323
            ],
            [
              -119.15558212941312,
              34.43337839084323
            ],
            [
              -119.15559300888836,
              34.43337839084323
            ],
            [
              -119.1556038883636,
              34.43337839084323
            ],
            [
              -119.15561476783884,
              34.43337839084323
            ],
            [
              -119.15561476783884,
              34.43336937616424
            ],
            [
              -119.15561476783884,
              34.433360361485235
            ],
            [
              -119.15562564731407,
              34.433360361485235
            ],
            [
              -119.15563652678931,
              34.433360361485235
            ],
            [
              -119.15563652678931,
              34.43336937616424
            ],
            [
              -119.15563652678931,
              34.43337839084323
            ],
            [
              -119.15564740626455,
              34.43337839084323
            ],
            [
              -119.15564740626455,
              34.43338740552223
            ],
            [
              -119.15564740626455,
              34.43339642020123
            ]
          ]
        ]
      }
    },
    {
      "type": "Feature",
      "properties": {
        "rank": 3,
        "band": "best",
        "score": 0.914,
        "area_m2": 387.0,
        "reasons": [
          "sunny through the year",
          "holds December sun",
          "out of the frost pools"
        ]
      },
      "geometry": {
        "type": "Polygon",
        "coordinates": [
          [
            [
              -119.15687678696631,
              34.43281948074533
            ],
            [
              -119.15687678696631,
              34.432828495424324
            ],
            [
              -119.15687678696631,
              34.432837510103326
            ],
            [
              -119.15687678696631,
              34.43284652478232
            ],
            [
              -119.15687678696631,
              34.43285553946132
            ],
            [
              -119.15687678696631,
              34.432864554140316
            ],
            [
              -119.15686590749107,
              34.432864554140316
            ],
            [
              -119.15686590749107,
              34.43287356881932
            ],
            [
              -119.15686590749107,
              34.43288258349832
            ],
            [
              -119.15686590749107,
              34.432891598177314
            ],
            [
              -119.15687678696631,
              34.432891598177314
            ],
            [
              -119.15687678696631,
              34.432900612856315
            ],
            [
              -119.15687678696631,
              34.43290962753531
            ],
            [
              -119.15687678696631,
              34.43291864221431
            ],
            [
              -119.15687678696631,
              34.432927656893305
            ],
            [
              -119.15687678696631,
              34.43293667157231
            ],
            [
              -119.15687678696631,
              34.43294568625131
            ],
            [
              -119.15687678696631,
              34.4329547009303
            ],
            [
              -119.15687678696631,
              34.432963715609304
            ],
            [
              -119.15687678696631,
              34.4329727302883
            ],
            [
              -119.15687678696631,
              34.4329817449673
            ],
            [
              -119.15687678696631,
              34.432990759646295
            ],
            [
              -119.15687678696631,
              34.432999774325296
            ],
            [
              -119.15687678696631,
              34.4330087890043
            ],
            [
              -119.15687678696631,
              34.43301780368329
            ],
            [
              -119.15687678696631,
              34.43302681836229
            ],
            [
              -119.15687678696631,
              34.43303583304129
            ],
            [
              -119.15687678696631,
              34.43304484772029
            ],
            [
              -119.15687678696631,
              34.433053862399284
            ],
            [
              -119.15687678696631,
              34.433062877078285
            ],
            [
              -119.15686590749107,
              34.433062877078285
            ],
            [
              -119.15686590749107,
              34.43307189175729
            ],
            [
              -119.15685502801583,
              34.43307189175729
            ],
            [
              -119.1568441485406,
              34.43307189175729
            ],
            [
              -119.15683326906536,
              34.43307189175729
            ],
            [
              -119.15683326906536,
              34.433062877078285
            ],
            [
              -119.15682238959012,
              34.433062877078285
            ],
            [
              -119.15682238959012,
              34.433053862399284
            ],
            [
              -119.15681151011488,
              34.433053862399284
            ],
            [
              -119.15681151011488,
              34.43304484772029
            ],
            [
              -119.15680063063965,
              34.43304484772029
            ],
            [
              -119.15680063063965,
              34.43303583304129
            ],
            [
              -119.15680063063965,
              34.43302681836229
            ],
            [
              -119.15680063063965,
              34.43301780368329
            ],
            [
              -119.15680063063965,
              34.4330087890043
            ],
            [
              -119.15681151011488,
              34.4330087890043
            ],
            [
              -119.15681151011488,
              34.432999774325296
            ],
            [
              -119.15681151011488,
              34.432990759646295
            ],
            [
              -119.15682238959012,
              34.432990759646295
            ],
            [
              -119.15682238959012,
              34.4329817449673
            ],
            [
              -119.15682238959012,
              34.4329727302883
            ],
            [
              -119.15682238959012,
              34.432963715609304
            ],
            [
              -119.15682238959012,
              34.4329547009303
            ],
            [
              -119.15682238959012,
              34.43294568625131
            ],
            [
              -119.15682238959012,
              34.43293667157231
            ],
            [
              -119.15682238959012,
              34.432927656893305
            ],
            [
              -119.15682238959012,
              34.43291864221431
            ],
            [
              -119.15682238959012,
              34.43290962753531
            ],
            [
              -119.15682238959012,
              34.432900612856315
            ],
            [
              -119.15682238959012,
              34.432891598177314
            ],
            [
              -119.15682238959012,
              34.43288258349832
            ],
            [
              -119.15682238959012,
              34.43287356881932
            ],
            [
              -119.15681151011488,
              34.43287356881932
            ],
            [
              -119.15681151011488,
              34.432864554140316
            ],
            [
              -119.15681151011488,
              34.43285553946132
            ],
            [
              -119.15681151011488,
              34.43284652478232
            ],
            [
              -119.15680063063965,
              34.43284652478232
            ],
            [
              -119.15680063063965,
              34.432837510103326
            ],
            [
              -119.15678975116441,
              34.432837510103326
            ],
            [
              -119.15678975116441,
              34.432828495424324
            ],
            [
              -119.15677887168917,
              34.432828495424324
            ],
            [
              -119.15677887168917,
              34.432837510103326
            ],
            [
              -119.15676799221393,
              34.432837510103326
            ],
            [
              -119.15676799221393,
              34.432828495424324
            ],
            [
              -119.15676799221393,
              34.43281948074533
            ],
            [
              -119.15676799221393,
              34.43281046606633
            ],
            [
              -119.1567571127387,
              34.43281046606633
            ],
            [
              -119.15674623326346,
              34.43281046606633
            ],
            [
              -119.15674623326346,
              34.43281948074533
            ],
            [
              -119.15673535378822,
              34.43281948074533
            ],
            [
              -119.15673535378822,
              34.432828495424324
            ],
            [
              -119.15674623326346,
              34.432828495424324
            ],
            [
              -119.15674623326346,
              34.432837510103326
            ],
            [
              -119.1567571127387,
              34.432837510103326
            ],
            [
              -119.1567571127387,
              34.43284652478232
            ],
            [
              -119.1567571127387,
              34.43285553946132
            ],
            [
              -119.15674623326346,
              34.43285553946132
            ],
            [
              -119.15673535378822,
              34.43285553946132
            ],
            [
              -119.15673535378822,
              34.432864554140316
            ],
            [
              -119.156724474313,
              34.432864554140316
            ],
            [
              -119.156724474313,
              34.43287356881932
            ],
            [
              -119.156724474313,
              34.43288258349832
            ],
            [
              -119.15671359483775,
              34.43288258349832
            ],
            [
              -119.15670271536251,
              34.43288258349832
            ],
            [
              -119.15670271536251,
              34.432891598177314
            ],
            [
              -119.15670271536251,
              34.432900612856315
            ],
            [
              -119.15669183588727,
              34.432900612856315
            ],
            [
              -119.15669183588727,
              34.43290962753531
            ],
            [
              -119.15669183588727,
              34.43291864221431
            ],
            [
              -119.15668095641205,
              34.43291864221431
            ],
            [
              -119.15668095641205,
              34.432927656893305
            ],
            [
              -119.1566700769368,
              34.432927656893305
            ],
            [
              -119.1566700769368,
              34.43291864221431
            ],
            [
              -119.1566700769368,
              34.43290962753531
            ],
            [
              -119.1566700769368,
              34.432900612856315
            ],
            [
              -119.15665919746156,
              34.432900612856315
            ],
            [
              -119.15664831798632,
              34.432900612856315
            ],
            [
              -119.1566374385111,
              34.432900612856315
            ],
            [
              -119.1566374385111,
              34.43290962753531
            ],
            [
              -119.1566374385111,
              34.43291864221431
            ],
            [
              -119.15662655903586,
              34.43291864221431
            ],
            [
              -119.15662655903586,
              34.432927656893305
            ],
            [
              -119.15661567956062,
              34.432927656893305
            ],
            [
              -119.15660480008539,
              34.432927656893305
            ],
            [
              -119.15659392061015,
              34.432927656893305
            ],
            [
              -119.15658304113491,
              34.432927656893305
            ],
            [
              -119.15658304113491,
              34.43291864221431
            ],
            [
              -119.15658304113491,
              34.43290962753531
            ],
            [
              -119.15657216165967,
              34.43290962753531
            ],
            [
              -119.15657216165967,
              34.432900612856315
            ],
            [
              -119.15657216165967,
              34.432891598177314
            ],
            [
              -119.15658304113491,
              34.432891598177314
            ],
            [
              -119.15658304113491,
              34.43288258349832
            ],
            [
              -119.15658304113491,
              34.43287356881932
            ],
            [
              -119.15658304113491,
              34.432864554140316
            ],
            [
              -119.15658304113491,
              34.43285553946132
            ],
            [
              -119.15657216165967,
              34.43285553946132
            ],
            [
              -119.15657216165967,
              34.43284652478232
            ],
            [
              -119.15656128218444,
              34.43284652478232
            ],
            [
              -119.15656128218444,
              34.432837510103326
            ],
            [
              -119.15656128218444,
              34.432828495424324
            ],
            [
              -119.1565504027092,
              34.432828495424324
            ],
            [
              -119.1565504027092,
              34.43281948074533
            ],
            [
              -119.15656128218444,
              34.43281948074533
            ],
            [
              -119.15657216165967,
              34.43281948074533
            ],
            [
              -119.15657216165967,
              34.43281046606633
            ],
            [
              -119.15658304113491,
              34.43281046606633
            ],
            [
              -119.15659392061015,
              34.43281046606633
            ],
            [
              -119.15659392061015,
              34.43280145138733
            ],
            [
              -119.15660480008539,
              34.43280145138733
            ],
            [
              -119.15660480008539,
              34.43281046606633
            ],
            [
              -119.15660480008539,
              34.43281948074533
            ],
            [
              -119.15661567956062,
              34.43281948074533
            ],
            [
              -119.15661567956062,
              34.432828495424324
            ],
            [
              -119.15662655903586,
              34.432828495424324
            ],
            [
              -119.15662655903586,
              34.43281948074533
            ],
            [
              -119.1566374385111,
              34.43281948074533
            ],
            [
              -119.1566374385111,
              34.43281046606633
            ],
            [
              -119.1566374385111,
              34.43280145138733
            ],
            [
              -119.15662655903586,
              34.43280145138733
            ],
            [
              -119.15661567956062,
              34.43280145138733
            ],
            [
              -119.15661567956062,
              34.43279243670833
            ],
            [
              -119.15662655903586,
              34.43279243670833
            ],
            [
              -119.15662655903586,
              34.43278342202933
            ],
            [
              -119.15662655903586,
              34.43277440735034
            ],
            [
              -119.1566374385111,
              34.43277440735034
            ],
            [
              -119.15664831798632,
              34.43277440735034
            ],
            [
              -119.15665919746156,
              34.43277440735034
            ],
            [
              -119.1566700769368,
              34.43277440735034
            ],
            [
              -119.15668095641205,
              34.43277440735034
            ],
            [
              -119.15669183588727,
              34.43277440735034
            ],
            [
              -119.15670271536251,
              34.43277440735034
            ],
            [
              -119.15671359483775,
              34.43277440735034
            ],
            [
              -119.156724474313,
              34.43277440735034
            ],
            [
              -119.15673535378822,
              34.43277440735034
            ],
            [
              -119.15674623326346,
              34.43277440735034
            ],
            [
              -119.1567571127387,
              34.43277440735034
            ],
            [
              -119.15676799221393,
              34.43277440735034
            ],
            [
              -119.15677887168917,
              34.43277440735034
            ],
            [
              -119.15677887168917,
              34.43278342202933
            ],
            [
              -119.15678975116441,
              34.43278342202933
            ],
            [
              -119.15680063063965,
              34.43278342202933
            ],
            [
              -119.15681151011488,
              34.43278342202933
            ],
            [
              -119.15681151011488,
              34.43277440735034
            ],
            [
              -119.15682238959012,
              34.43277440735034
            ],
            [
              -119.15683326906536,
              34.43277440735034
            ],
            [
              -119.1568441485406,
              34.43277440735034
            ],
            [
              -119.15685502801583,
              34.43277440735034
            ],
            [
              -119.15686590749107,
              34.43277440735034
            ],
            [
              -119.15686590749107,
              34.43278342202933
            ],
            [
              -119.15687678696631,
              34.43278342202933
            ],
            [
              -119.15687678696631,
              34.43279243670833
            ],
            [
              -119.15687678696631,
              34.43280145138733
            ],
            [
              -119.15687678696631,
              34.43281046606633
            ],
            [
              -119.15687678696631,
              34.43281948074533
            ]
          ]
        ]
      }
    },
    {
      "type": "Feature",
      "properties": {
        "rank": 4,
        "band": "best",
        "score": 0.911,
        "area_m2": 532.0,
        "reasons": [
          "sunny through the year",
          "holds December sun",
          "out of the frost pools"
        ]
      },
      "geometry": {
        "type": "Polygon",
        "coordinates": [
          [
            [
              -119.15681151011488,
              34.433297258732246
            ],
            [
              -119.15682238959012,
              34.433297258732246
            ],
            [
              -119.15683326906536,
              34.433297258732246
            ],
            [
              -119.15683326906536,
              34.43330627341124
            ],
            [
              -119.15683326906536,
              34.43331528809024
            ],
            [
              -119.1568441485406,
              34.43331528809024
            ],
            [
              -119.1568441485406,
              34.43332430276924
            ],
            [
              -119.1568441485406,
              34.43333331744824
            ],
            [
              -119.1568441485406,
              34.43334233212724
            ],
            [
              -119.15683326906536,
              34.43334233212724
            ],
            [
              -119.15683326906536,
              34.43335134680623
            ],
            [
              -119.15683326906536,
              34.433360361485235
            ],
            [
              -119.15682238959012,
              34.433360361485235
            ],
            [
              -119.15682238959012,
              34.43336937616424
            ],
            [
              -119.15681151011488,
              34.43336937616424
            ],
            [
              -119.15680063063965,
              34.43336937616424
            ],
            [
              -119.15678975116441,
              34.43336937616424
            ],
            [
              -119.15677887168917,
              34.43336937616424
            ],
            [
              -119.15676799221393,
              34.43336937616424
            ],
            [
              -119.1567571127387,
              34.43336937616424
            ],
            [
              -119.1567571127387,
              34.43337839084323
            ],
            [
              -119.1567571127387,
              34.43338740552223
            ],
            [
              -119.1567571127387,
              34.43339642020123
            ],
            [
              -119.15676799221393,
              34.43339642020123
            ],
            [
              -119.15676799221393,
              34.43340543488023
            ],
            [
              -119.15676799221393,
              34.43341444955922
            ],
            [
              -119.15676799221393,
              34.433423464238224
            ],
            [
              -119.15676799221393,
              34.433432478917226
            ],
            [
              -119.1567571127387,
              34.433432478917226
            ],
            [
              -119.1567571127387,
              34.43344149359622
            ],
            [
              -119.1567571127387,
              34.43345050827522
            ],
            [
              -119.15674623326346,
              34.43345050827522
            ],
            [
              -119.15674623326346,
              34.433459522954216
            ],
            [
              -119.15673535378822,
              34.433459522954216
            ],
            [
              -119.15673535378822,
              34.43346853763322
            ],
            [
              -119.156724474313,
              34.43346853763322
            ],
            [
              -119.15671359483775,
              34.43346853763322
            ],
            [
              -119.15670271536251,
              34.43346853763322
            ],
            [
              -119.15669183588727,
              34.43346853763322
            ],
            [
              -119.15668095641205,
              34.43346853763322
            ],
            [
              -119.1566700769368,
              34.43346853763322
            ],
            [
              -119.15665919746156,
              34.43346853763322
            ],
            [
              -119.15664831798632,
              34.43346853763322
            ],
            [
              -119.1566374385111,
              34.43346853763322
            ],
            [
              -119.15662655903586,
              34.43346853763322
            ],
            [
              -119.15661567956062,
              34.43346853763322
            ],
            [
              -119.15661567956062,
              34.43347755231221
            ],
            [
              -119.15660480008539,
              34.43347755231221
            ],
            [
              -119.15659392061015,
              34.43347755231221
            ],
            [
              -119.15659392061015,
              34.43346853763322
            ],
            [
              -119.15658304113491,
              34.43346853763322
            ],
            [
              -119.15657216165967,
              34.43346853763322
            ],
            [
              -119.15657216165967,
              34.433459522954216
            ],
            [
              -119.15657216165967,
              34.43345050827522
            ],
            [
              -119.15656128218444,
              34.43345050827522
            ],
            [
              -119.15656128218444,
              34.43344149359622
            ],
            [
              -119.15656128218444,
              34.433432478917226
            ],
            [
              -119.15656128218444,
              34.433423464238224
            ],
            [
              -119.1565504027092,
              34.433423464238224
            ],
            [
              -119.15653952323396,
              34.433423464238224
            ],
            [
              -119.15652864375873,
              34.433423464238224
            ],
            [
              -119.15652864375873,
              34.43341444955922
            ],
            [
              -119.15652864375873,
              34.43340543488023
            ],
            [
              -119.15652864375873,
              34.43339642020123
            ],
            [
              -119.15652864375873,
              34.43338740552223
            ],
            [
              -119.15651776428349,
              34.43338740552223
            ],
            [
              -119.15650688480825,
              34.43338740552223
            ],
            [
              -119.15649600533301,
              34.43338740552223
            ],
            [
              -119.15649600533301,
              34.43339642020123
            ],
            [
              -119.15649600533301,
              34.43340543488023
            ],
            [
              -119.15649600533301,
              34.43341444955922
            ],
            [
              -119.15650688480825,
              34.43341444955922
            ],
            [
              -119.15651776428349,
              34.43341444955922
            ],
            [
              -119.15651776428349,
              34.433423464238224
            ],
            [
              -119.15650688480825,
              34.433423464238224
            ],
            [
              -119.15650688480825,
              34.433432478917226
            ],
            [
              -119.15649600533301,
              34.433432478917226
            ],
            [
              -119.15648512585778,
              34.433432478917226
            ],
            [
              -119.15648512585778,
              34.433423464238224
            ],
            [
              -119.15647424638254,
              34.433423464238224
            ],
            [
              -119.15647424638254,
              34.43341444955922
            ],
            [
              -119.1564633669073,
              34.43341444955922
            ],
            [
              -119.15645248743206,
              34.43341444955922
            ],
            [
              -119.15645248743206,
              34.43340543488023
            ],
            [
              -119.1564633669073,
              34.43340543488023
            ],
            [
              -119.1564633669073,
              34.43339642020123
            ],
            [
              -119.1564633669073,
              34.43338740552223
            ],
            [
              -119.1564633669073,
              34.43337839084323
            ],
            [
              -119.1564633669073,
              34.43336937616424
            ],
            [
              -119.1564633669073,
              34.433360361485235
            ],
            [
              -119.15647424638254,
              34.433360361485235
            ],
            [
              -119.15647424638254,
              34.43336937616424
            ],
            [
              -119.15648512585778,
              34.43336937616424
            ],
            [
              -119.15649600533301,
              34.43336937616424
            ],
            [
              -119.15649600533301,
              34.433360361485235
            ],
            [
              -119.15649600533301,
              34.43335134680623
            ],
            [
              -119.15649600533301,
              34.43334233212724
            ],
            [
              -119.15650688480825,
              34.43334233212724
            ],
            [
              -119.15651776428349,
              34.43334233212724
            ],
            [
              -119.15652864375873,
              34.43334233212724
            ],
            [
              -119.15653952323396,
              34.43334233212724
            ],
            [
              -119.1565504027092,
              34.43334233212724
            ],
            [
              -119.15656128218444,
              34.43334233212724
            ],
            [
              -119.15657216165967,
              34.43334233212724
            ],
            [
              -119.15657216165967,
              34.43335134680623
            ],
            [
              -119.15657216165967,
              34.433360361485235
            ],
            [
              -119.15658304113491,
              34.433360361485235
            ],
            [
              -119.15658304113491,
              34.43336937616424
            ],
            [
              -119.15657216165967,
              34.43336937616424
            ],
            [
              -119.15657216165967,
              34.43337839084323
            ],
            [
              -119.15657216165967,
              34.43338740552223
            ],
            [
              -119.15656128218444,
              34.43338740552223
            ],
            [
              -119.1565504027092,
              34.43338740552223
            ],
            [
              -119.1565504027092,
              34.43339642020123
            ],
            [
              -119.1565504027092,
              34.43340543488023
            ],
            [
              -119.1565504027092,
              34.43341444955922
            ],
            [
              -119.15656128218444,
              34.43341444955922
            ],
            [
              -119.15657216165967,
              34.43341444955922
            ],
            [
              -119.15658304113491,
              34.43341444955922
            ],
            [
              -119.15659392061015,
              34.43341444955922
            ],
            [
              -119.15659392061015,
              34.43340543488023
            ],
            [
              -119.15660480008539,
              34.43340543488023
            ],
            [
              -119.15661567956062,
              34.43340543488023
            ],
            [
              -119.15662655903586,
              34.43340543488023
            ],
            [
              -119.15662655903586,
              34.43339642020123
            ],
            [
              -119.1566374385111,
              34.43339642020123
            ],
            [
              -119.1566374385111,
              34.43338740552223
            ],
            [
              -119.1566374385111,
              34.43337839084323
            ],
            [
              -119.15664831798632,
              34.43337839084323
            ],
            [
              -119.15664831798632,
              34.43336937616424
            ],
            [
              -119.15665919746156,
              34.43336937616424
            ],
            [
              -119.15665919746156,
              34.433360361485235
            ],
            [
              -119.15665919746156,
              34.43335134680623
            ],
            [
              -119.15665919746156,
              34.43334233212724
            ],
            [
              -119.15665919746156,
              34.43333331744824
            ],
            [
              -119.15664831798632,
              34.43333331744824
            ],
            [
              -119.15664831798632,
              34.43332430276924
            ],
            [
              -119.1566374385111,
              34.43332430276924
            ],
            [
              -119.1566374385111,
              34.43331528809024
            ],
            [
              -119.1566374385111,
              34.43330627341124
            ],
            [
              -119.1566374385111,
              34.433297258732246
            ],
            [
              -119.15664831798632,
              34.433297258732246
            ],
            [
              -119.15665919746156,
              34.433297258732246
            ],
            [
              -119.15665919746156,
              34.433288244053244
            ],
            [
              -119.15665919746156,
              34.43327922937425
            ],
            [
              -119.15664831798632,
              34.43327922937425
            ],
            [
              -119.1566374385111,
              34.43327922937425
            ],
            [
              -119.1566374385111,
              34.433288244053244
            ],
            [
              -119.15662655903586,
              34.433288244053244
            ],
            [
              -119.15661567956062,
              34.433288244053244
            ],
            [
              -119.15660480008539,
              34.433288244053244
            ],
            [
              -119.15659392061015,
              34.433288244053244
            ],
            [
              -119.15658304113491,
              34.433288244053244
            ],
            [
              -119.15658304113491,
              34.43327922937425
            ],
            [
              -119.15657216165967,
              34.43327922937425
            ],
            [
              -119.15657216165967,
              34.43327021469525
            ],
            [
              -119.15656128218444,
              34.43327021469525
            ],
            [
              -119.1565504027092,
              34.43327021469525
            ],
            [
              -119.15653952323396,
              34.43327021469525
            ],
            [
              -119.15653952323396,
              34.43327922937425
            ],
            [
              -119.15652864375873,
              34.43327922937425
            ],
            [
              -119.15652864375873,
              34.43327021469525
            ],
            [
              -119.15651776428349,
              34.43327021469525
            ],
            [
              -119.15651776428349,
              34.433261200016254
            ],
            [
              -119.15650688480825,
              34.433261200016254
            ],
            [
              -119.15649600533301,
              34.433261200016254
            ],
            [
              -119.15649600533301,
              34.43327021469525
            ],
            [
              -119.15649600533301,
              34.43327922937425
            ],
            [
              -119.15649600533301,
              34.433288244053244
            ],
            [
              -119.15648512585778,
              34.433288244053244
            ],
            [
              -119.15648512585778,
              34.43327922937425
            ],
            [
              -119.15648512585778,
              34.43327021469525
            ],
            [
              -119.15648512585778,
              34.433261200016254
            ],
            [
              -119.15648512585778,
              34.43325218533725
            ],
            [
              -119.15649600533301,
              34.43325218533725
            ],
            [
              -119.15650688480825,
              34.43325218533725
            ],
            [
              -119.15651776428349,
              34.43325218533725
            ],
            [
              -119.15652864375873,
              34.43325218533725
            ],
            [
              -119.15652864375873,
              34.43324317065825
            ],
            [
              -119.15652864375873,
              34.43323415597926
            ],
            [
              -119.15652864375873,
              34.433225141300255
            ],
            [
              -119.15651776428349,
              34.433225141300255
            ],
            [
              -119.15650688480825,
              34.433225141300255
            ],
            [
              -119.15650688480825,
              34.43321612662126
            ],
            [
              -119.15649600533301,
              34.43321612662126
            ],
            [
              -119.15649600533301,
              34.43320711194226
            ],
            [
              -119.15648512585778,
              34.43320711194226
            ],
            [
              -119.15647424638254,
              34.43320711194226
            ],
            [
              -119.15647424638254,
              34.433198097263265
            ],
            [
              -119.1564633669073,
              34.433198097263265
            ],
            [
              -119.15645248743206,
              34.433198097263265
            ],
            [
              -119.15644160795684,
              34.433198097263265
            ],
            [
              -119.1564307284816,
              34.433198097263265
            ],
            [
              -119.15641984900635,
              34.433198097263265
            ],
            [
              -119.15640896953113,
              34.433198097263265
            ],
            [
              -119.15639809005589,
              34.433198097263265
            ],
            [
              -119.15639809005589,
              34.43318908258426
            ],
            [
              -119.15638721058065,
              34.43318908258426
            ],
            [
              -119.15638721058065,
              34.43318006790526
            ],
            [
              -119.1563763311054,
              34.43318006790526
            ],
            [
              -119.1563763311054,
              34.43317105322627
            ],
            [
              -119.1563763311054,
              34.433162038547266
            ],
            [
              -119.1563763311054,
              34.43315302386827
            ],
            [
              -119.15638721058065,
              34.43315302386827
            ],
            [
              -119.15638721058065,
              34.43314400918927
            ],
            [
              -119.15639809005589,
              34.43314400918927
            ],
            [
              -119.15639809005589,
              34.433134994510276
            ],
            [
              -119.15640896953113,
              34.433134994510276
            ],
            [
              -119.15641984900635,
              34.433134994510276
            ],
            [
              -119.1564307284816,
              34.433134994510276
            ],
            [
              -119.15644160795684,
              34.433134994510276
            ],
            [
              -119.15645248743206,
              34.433134994510276
            ],
            [
              -119.1564633669073,
              34.433134994510276
            ],
            [
              -119.15647424638254,
              34.433134994510276
            ],
            [
              -119.15648512585778,
              34.433134994510276
            ],
            [
              -119.15649600533301,
              34.433134994510276
            ],
            [
              -119.15649600533301,
              34.43314400918927
            ],
            [
              -119.15650688480825,
              34.43314400918927
            ],
            [
              -119.15650688480825,
              34.43315302386827
            ],
            [
              -119.15651776428349,
              34.43315302386827
            ],
            [
              -119.15651776428349,
              34.433162038547266
            ],
            [
              -119.15651776428349,
              34.43317105322627
            ],
            [
              -119.15652864375873,
              34.43317105322627
            ],
            [
              -119.15653952323396,
              34.43317105322627
            ],
            [
              -119.1565504027092,
              34.43317105322627
            ],
            [
              -119.1565504027092,
              34.43318006790526
            ],
            [
              -119.15656128218444,
              34.43318006790526
            ],
            [
              -119.15657216165967,
              34.43318006790526
            ],
            [
              -119.15658304113491,
              34.43318006790526
            ],
            [
              -119.15658304113491,
              34.43318908258426
            ],
            [
              -119.15659392061015,
              34.43318908258426
            ],
            [
              -119.15659392061015,
              34.433198097263265
            ],
            [
              -119.15660480008539,
              34.433198097263265
            ],
            [
              -119.15661567956062,
              34.433198097263265
            ],
            [
              -119.15662655903586,
              34.433198097263265
            ],
            [
              -119.1566374385111,
              34.433198097263265
            ],
            [
              -119.1566374385111,
              34.43320711194226
            ],
            [
              -119.15664831798632,
              34.43320711194226
            ],
            [
              -119.15664831798632,
              34.43321612662126
            ],
            [
              -119.15665919746156,
              34.43321612662126
            ],
            [
              -119.15665919746156,
              34.433225141300255
            ],
            [
              -119.15665919746156,
              34.43323415597926
            ],
            [
              -119.15665919746156,
              34.43324317065825
            ],
            [
              -119.1566700769368,
              34.43324317065825
            ],
            [
              -119.1566700769368,
              34.43325218533725
            ],
            [
              -119.1566700769368,
              34.433261200016254
            ],
            [
              -119.1566700769368,
              34.43327021469525
            ],
            [
              -119.15668095641205,
              34.43327021469525
            ],
            [
              -119.15669183588727,
              34.43327021469525
            ],
            [
              -119.15669183588727,
              34.43327922937425
            ],
            [
              -119.15670271536251,
              34.43327922937425
            ],
            [
              -119.15671359483775,
              34.43327922937425
            ],
            [
              -119.156724474313,
              34.43327922937425
            ],
            [
              -119.156724474313,
              34.43327021469525
            ],
            [
              -119.156724474313,
              34.433261200016254
            ],
            [
              -119.15673535378822,
              34.433261200016254
            ],
            [
              -119.15673535378822,
              34.43327021469525
            ],
            [
              -119.15673535378822,
              34.43327922937425
            ],
            [
              -119.15674623326346,
              34.43327922937425
            ],
            [
              -119.1567571127387,
              34.43327922937425
            ],
            [
              -119.15676799221393,
              34.43327922937425
            ],
            [
              -119.15676799221393,
              34.433288244053244
            ],
            [
              -119.15677887168917,
              34.433288244053244
            ],
            [
              -119.15678975116441,
              34.433288244053244
            ],
            [
              -119.15680063063965,
              34.433288244053244
            ],
            [
              -119.15681151011488,
              34.433288244053244
            ],
            [
              -119.15681151011488,
              34.433297258732246
            ]
          ]
        ]
      }
    },
    {
      "type": "Feature",
      "properties": {
        "rank": 5,
        "band": "best",
        "score": 0.8857,
        "area_m2": 199.0,
        "reasons": [
          "under the oaks with summer shade",
          "sunny through the year",
          "holds December sun"
        ]
      },
      "geometry": {
        "type": "Polygon",
        "coordinates": [
          [
            [
              -119.15516870935413,
              34.43262115780736
            ],
            [
              -119.15516870935413,
              34.43263017248636
            ],
            [
              -119.15515782987889,
              34.43263017248636
            ],
            [
              -119.15514695040366,
              34.43263017248636
            ],
            [
              -119.15513607092842,
              34.43263017248636
            ],
            [
              -119.15512519145318,
              34.43263017248636
            ],
            [
              -119.15512519145318,
              34.43263918716536
            ],
            [
              -119.15512519145318,
              34.43264820184436
            ],
            [
              -119.15512519145318,
              34.43265721652335
            ],
            [
              -119.15512519145318,
              34.432666231202354
            ],
            [
              -119.15513607092842,
              34.432666231202354
            ],
            [
              -119.15513607092842,
              34.43267524588135
            ],
            [
              -119.15514695040366,
              34.43267524588135
            ],
            [
              -119.15514695040366,
              34.43268426056035
            ],
            [
              -119.15514695040366,
              34.43269327523935
            ],
            [
              -119.15515782987889,
              34.43269327523935
            ],
            [
              -119.15515782987889,
              34.432702289918346
            ],
            [
              -119.15515782987889,
              34.43271130459735
            ],
            [
              -119.15515782987889,
              34.43272031927634
            ],
            [
              -119.15514695040366,
              34.43272031927634
            ],
            [
              -119.15514695040366,
              34.43272933395534
            ],
            [
              -119.15514695040366,
              34.43273834863434
            ],
            [
              -119.15513607092842,
              34.43273834863434
            ],
            [
              -119.15513607092842,
              34.43274736331334
            ],
            [
              -119.15513607092842,
              34.43275637799234
            ],
            [
              -119.15513607092842,
              34.432765392671335
            ],
            [
              -119.15513607092842,
              34.43277440735034
            ],
            [
              -119.15513607092842,
              34.43278342202933
            ],
            [
              -119.15513607092842,
              34.43279243670833
            ],
            [
              -119.15512519145318,
              34.43279243670833
            ],
            [
              -119.15512519145318,
              34.43280145138733
            ],
            [
              -119.15511431197794,
              34.43280145138733
            ],
            [
              -119.15510343250271,
              34.43280145138733
            ],
            [
              -119.15509255302747,
              34.43280145138733
            ],
            [
              -119.15509255302747,
              34.43279243670833
            ],
            [
              -119.15508167355223,
              34.43279243670833
            ],
            [
              -119.15508167355223,
              34.43278342202933
            ],
            [
              -119.15508167355223,
              34.43277440735034
            ],
            [
              -119.15507079407699,
              34.43277440735034
            ],
            [
              -119.15505991460176,
              34.43277440735034
            ],
            [
              -119.15505991460176,
              34.432765392671335
            ],
            [
              -119.15507079407699,
              34.432765392671335
            ],
            [
              -119.15507079407699,
              34.43275637799234
            ],
            [
              -119.15508167355223,
              34.43275637799234
            ],
            [
              -119.15508167355223,
              34.43274736331334
            ],
            [
              -119.15508167355223,
              34.43273834863434
            ],
            [
              -119.15507079407699,
              34.43273834863434
            ],
            [
              -119.15505991460176,
              34.43273834863434
            ],
            [
              -119.15504903512652,
              34.43273834863434
            ],
            [
              -119.15504903512652,
              34.43274736331334
            ],
            [
              -119.15504903512652,
              34.43275637799234
            ],
            [
              -119.15503815565128,
              34.43275637799234
            ],
            [
              -119.15503815565128,
              34.43274736331334
            ],
            [
              -119.15503815565128,
              34.43273834863434
            ],
            [
              -119.15503815565128,
              34.43272933395534
            ],
            [
              -119.15504903512652,
              34.43272933395534
            ],
            [
              -119.15505991460176,
              34.43272933395534
            ],
            [
              -119.15507079407699,
              34.43272933395534
            ],
            [
              -119.15507079407699,
              34.43272031927634
            ],
            [
              -119.15505991460176,
              34.43272031927634
            ],
            [
              -119.15504903512652,
              34.43272031927634
            ],
            [
              -119.15503815565128,
              34.43272031927634
            ],
            [
              -119.15503815565128,
              34.43271130459735
            ],
            [
              -119.15504903512652,
              34.43271130459735
            ],
            [
              -119.15504903512652,
              34.432702289918346
            ],
            [
              -119.15504903512652,
              34.43269327523935
            ],
            [
              -119.15504903512652,
              34.43268426056035
            ],
            [
              -119.15504903512652,
              34.43267524588135
            ],
            [
              -119.15504903512652,
              34.432666231202354
            ],
            [
              -119.15504903512652,
              34.43265721652335
            ],
            [
              -119.15505991460176,
              34.43265721652335
            ],
            [
              -119.15505991460176,
              34.43264820184436
            ],
            [
              -119.15505991460176,
              34.43263918716536
            ],
            [
              -119.15505991460176,
              34.43263017248636
            ],
            [
              -119.15505991460176,
              34.43262115780736
            ],
            [
              -119.15504903512652,
              34.43262115780736
            ],
            [
              -119.15504903512652,
              34.43261214312836
            ],
            [
              -119.15504903512652,
              34.432603128449365
            ],
            [
              -119.15504903512652,
              34.432594113770364
            ],
            [
              -119.15504903512652,
              34.43258509909137
            ],
            [
              -119.15504903512652,
              34.43257608441237
            ],
            [
              -119.15504903512652,
              34.43256706973337
            ],
            [
              -119.15505991460176,
              34.43256706973337
            ],
            [
              -119.15505991460176,
              34.43255805505437
            ],
            [
              -119.15505991460176,
              34.43254904037537
            ],
            [
              -119.15504903512652,
              34.43254904037537
            ],
            [
              -119.15504903512652,
              34.432540025696376
            ],
            [
              -119.15504903512652,
              34.432531011017375
            ],
            [
              -119.15504903512652,
              34.43252199633838
            ],
            [
              -119.15504903512652,
              34.43251298165938
            ],
            [
              -119.15504903512652,
              34.432503966980384
            ],
            [
              -119.15505991460176,
              34.432503966980384
            ],
            [
              -119.15507079407699,
              34.432503966980384
            ],
            [
              -119.15508167355223,
              34.432503966980384
            ],
            [
              -119.15508167355223,
              34.43251298165938
            ],
            [
              -119.15509255302747,
              34.43251298165938
            ],
            [
              -119.15509255302747,
              34.43252199633838
            ],
            [
              -119.15510343250271,
              34.43252199633838
            ],
            [
              -119.15510343250271,
              34.432531011017375
            ],
            [
              -119.15510343250271,
              34.432540025696376
            ],
            [
              -119.15511431197794,
              34.432540025696376
            ],
            [
              -119.15511431197794,
              34.43254904037537
            ],
            [
              -119.15511431197794,
              34.43255805505437
            ],
            [
              -119.15511431197794,
              34.43256706973337
            ],
            [
              -119.15511431197794,
              34.43257608441237
            ],
            [
              -119.15511431197794,
              34.43258509909137
            ],
            [
              -119.15511431197794,
              34.432594113770364
            ],
            [
              -119.15511431197794,
              34.432603128449365
            ],
            [
              -119.15512519145318,
              34.432603128449365
            ],
            [
              -119.15513607092842,
              34.432603128449365
            ],
            [
              -119.15514695040366,
              34.432603128449365
            ],
            [
              -119.15514695040366,
              34.43261214312836
            ],
            [
              -119.15515782987889,
              34.43261214312836
            ],
            [
              -119.15516870935413,
              34.43261214312836
            ],
            [
              -119.15517958882937,
              34.43261214312836
            ],
            [
              -119.15517958882937,
              34.43262115780736
            ],
            [
              -119.15516870935413,
              34.43262115780736
            ]
          ]
        ]
      }
    },
    {
      "type": "Feature",
      "properties": {
        "rank": 6,
        "band": "best",
        "score": 0.8712,
        "area_m2": 398.0,
        "reasons": [
          "under the oaks with summer shade",
          "sunny through the year",
          "holds December sun"
        ]
      },
      "geometry": {
        "type": "Polygon",
        "coordinates": [
          [
            [
              -119.15588675471976,
              34.43264820184436
            ],
            [
              -119.155897634195,
              34.43264820184436
            ],
            [
              -119.155897634195,
              34.43265721652335
            ],
            [
              -119.15590851367023,
              34.43265721652335
            ],
            [
              -119.15590851367023,
              34.43264820184436
            ],
            [
              -119.15591939314547,
              34.43264820184436
            ],
            [
              -119.15591939314547,
              34.43263918716536
            ],
            [
              -119.15593027262071,
              34.43263918716536
            ],
            [
              -119.15593027262071,
              34.43264820184436
            ],
            [
              -119.15593027262071,
              34.43265721652335
            ],
            [
              -119.15593027262071,
              34.432666231202354
            ],
            [
              -119.15593027262071,
              34.43267524588135
            ],
            [
              -119.15593027262071,
              34.43268426056035
            ],
            [
              -119.15593027262071,
              34.43269327523935
            ],
            [
              -119.15593027262071,
              34.432702289918346
            ],
            [
              -119.15593027262071,
              34.43271130459735
            ],
            [
              -119.15591939314547,
              34.43271130459735
            ],
            [
              -119.15590851367023,
              34.43271130459735
            ],
            [
              -119.155897634195,
              34.43271130459735
            ],
            [
              -119.15588675471976,
              34.43271130459735
            ],
            [
              -119.15587587524452,
              34.43271130459735
            ],
            [
              -119.15586499576928,
              34.43271130459735
            ],
            [
              -119.15585411629405,
              34.43271130459735
            ],
            [
              -119.15584323681881,
              34.43271130459735
            ],
            [
              -119.15583235734357,
              34.43271130459735
            ],
            [
              -119.15583235734357,
              34.432702289918346
            ],
            [
              -119.15582147786833,
              34.432702289918346
            ],
            [
              -119.15582147786833,
              34.43269327523935
            ],
            [
              -119.15582147786833,
              34.43268426056035
            ],
            [
              -119.1558105983931,
              34.43268426056035
            ],
            [
              -119.15579971891786,
              34.43268426056035
            ],
            [
              -119.15578883944262,
              34.43268426056035
            ],
            [
              -119.1557779599674,
              34.43268426056035
            ],
            [
              -119.1557779599674,
              34.43269327523935
            ],
            [
              -119.1557779599674,
              34.432702289918346
            ],
            [
              -119.1557779599674,
              34.43271130459735
            ],
            [
              -119.15576708049215,
              34.43271130459735
            ],
            [
              -119.15575620101691,
              34.43271130459735
            ],
            [
              -119.15574532154167,
              34.43271130459735
            ],
            [
              -119.15573444206645,
              34.43271130459735
            ],
            [
              -119.1557235625912,
              34.43271130459735
            ],
            [
              -119.15571268311596,
              34.43271130459735
            ],
            [
              -119.15570180364072,
              34.43271130459735
            ],
            [
              -119.1556909241655,
              34.43271130459735
            ],
            [
              -119.15568004469026,
              34.43271130459735
            ],
            [
              -119.15566916521502,
              34.43271130459735
            ],
            [
              -119.15565828573979,
              34.43271130459735
            ],
            [
              -119.15565828573979,
              34.432702289918346
            ],
            [
              -119.15564740626455,
              34.432702289918346
            ],
            [
              -119.15564740626455,
              34.43269327523935
            ],
            [
              -119.15564740626455,
              34.43268426056035
            ],
            [
              -119.15564740626455,
              34.43267524588135
            ],
            [
              -119.15564740626455,
              34.432666231202354
            ],
            [
              -119.15563652678931,
              34.432666231202354
            ],
            [
              -119.15563652678931,
              34.43267524588135
            ],
            [
              -119.15563652678931,
              34.43268426056035
            ],
            [
              -119.15563652678931,
              34.43269327523935
            ],
            [
              -119.15563652678931,
              34.432702289918346
            ],
            [
              -119.15563652678931,
              34.43271130459735
            ],
            [
              -119.15562564731407,
              34.43271130459735
            ],
            [
              -119.15561476783884,
              34.43271130459735
            ],
            [
              -119.15561476783884,
              34.43272031927634
            ],
            [
              -119.15561476783884,
              34.43272933395534
            ],
            [
              -119.15561476783884,
              34.43273834863434
            ],
            [
              -119.1556038883636,
              34.43273834863434
            ],
            [
              -119.15559300888836,
              34.43273834863434
            ],
            [
              -119.15558212941312,
              34.43273834863434
            ],
            [
              -119.15557124993789,
              34.43273834863434
            ],
            [
              -119.15556037046265,
              34.43273834863434
            ],
            [
              -119.15556037046265,
              34.43272933395534
            ],
            [
              -119.15554949098741,
              34.43272933395534
            ],
            [
              -119.15553861151218,
              34.43272933395534
            ],
            [
              -119.15552773203694,
              34.43272933395534
            ],
            [
              -119.1555168525617,
              34.43272933395534
            ],
            [
              -119.1555168525617,
              34.43273834863434
            ],
            [
              -119.1555168525617,
              34.43274736331334
            ],
            [
              -119.15550597308646,
              34.43274736331334
            ],
            [
              -119.15550597308646,
              34.43275637799234
            ],
            [
              -119.15549509361124,
              34.43275637799234
            ],
            [
              -119.15549509361124,
              34.432765392671335
            ],
            [
              -119.15549509361124,
              34.43277440735034
            ],
            [
              -119.15549509361124,
              34.43278342202933
            ],
            [
              -119.15549509361124,
              34.43279243670833
            ],
            [
              -119.15549509361124,
              34.43280145138733
            ],
            [
              -119.155484214136,
              34.43280145138733
            ],
            [
              -119.15547333466075,
              34.43280145138733
            ],
            [
              -119.15547333466075,
              34.43279243670833
            ],
            [
              -119.15547333466075,
              34.43278342202933
            ],
            [
              -119.15547333466075,
              34.43277440735034
            ],
            [
              -119.15547333466075,
              34.432765392671335
            ],
            [
              -119.15547333466075,
              34.43275637799234
            ],
            [
              -119.15546245518553,
              34.43275637799234
            ],
            [
              -119.15545157571029,
              34.43275637799234
            ],
            [
              -119.15544069623505,
              34.43275637799234
            ],
            [
              -119.1554298167598,
              34.43275637799234
            ],
            [
              -119.15541893728458,
              34.43275637799234
            ],
            [
              -119.15540805780934,
              34.43275637799234
            ],
            [
              -119.1553971783341,
              34.43275637799234
            ],
            [
              -119.15538629885886,
              34.43275637799234
            ],
            [
              -119.15537541938363,
              34.43275637799234
            ],
            [
              -119.15537541938363,
              34.43274736331334
            ],
            [
              -119.15538629885886,
              34.43274736331334
            ],
            [
              -119.1553971783341,
              34.43274736331334
            ],
            [
              -119.15540805780934,
              34.43274736331334
            ],
            [
              -119.15540805780934,
              34.43273834863434
            ],
            [
              -119.15540805780934,
              34.43272933395534
            ],
            [
              -119.15540805780934,
              34.43272031927634
            ],
            [
              -119.15541893728458,
              34.43272031927634
            ],
            [
              -119.1554298167598,
              34.43272031927634
            ],
            [
              -119.1554298167598,
              34.43271130459735
            ],
            [
              -119.15544069623505,
              34.43271130459735
            ],
            [
              -119.15545157571029,
              34.43271130459735
            ],
            [
              -119.15546245518553,
              34.43271130459735
            ],
            [
              -119.15547333466075,
              34.43271130459735
            ],
            [
              -119.155484214136,
              34.43271130459735
            ],
            [
              -119.155484214136,
              34.432702289918346
            ],
            [
              -119.15549509361124,
              34.432702289918346
            ],
            [
              -119.15550597308646,
              34.432702289918346
            ],
            [
              -119.1555168525617,
              34.432702289918346
            ],
            [
              -119.15552773203694,
              34.432702289918346
            ],
            [
              -119.15553861151218,
              34.432702289918346
            ],
            [
              -119.15553861151218,
              34.43269327523935
            ],
            [
              -119.15554949098741,
              34.43269327523935
            ],
            [
              -119.15554949098741,
              34.43268426056035
            ],
            [
              -119.15553861151218,
              34.43268426056035
            ],
            [
              -119.15552773203694,
              34.43268426056035
            ],
            [
              -119.1555168525617,
              34.43268426056035
            ],
            [
              -119.15550597308646,
              34.43268426056035
            ],
            [
              -119.15550597308646,
              34.43267524588135
            ],
            [
              -119.15550597308646,
              34.432666231202354
            ],
            [
              -119.1555168525617,
              34.432666231202354
            ],
            [
              -119.1555168525617,
              34.43265721652335
            ],
            [
              -119.15550597308646,
              34.43265721652335
            ],
            [
              -119.15550597308646,
              34.43264820184436
            ],
            [
              -119.15549509361124,
              34.43264820184436
            ],
            [
              -119.155484214136,
              34.43264820184436
            ],
            [
              -119.155484214136,
              34.43265721652335
            ],
            [
              -119.15547333466075,
              34.43265721652335
            ],
            [
              -119.15546245518553,
              34.43265721652335
            ],
            [
              -119.15546245518553,
              34.43264820184436
            ],
            [
              -119.15545157571029,
              34.43264820184436
            ],
            [
              -119.15545157571029,
              34.43263918716536
            ],
            [
              -119.15546245518553,
              34.43263918716536
            ],
            [
              -119.15547333466075,
              34.43263918716536
            ],
            [
              -119.155484214136,
              34.43263918716536
            ],
            [
              -119.155484214136,
              34.43263017248636
            ],
            [
              -119.15549509361124,
              34.43263017248636
            ],
            [
              -119.15549509361124,
              34.43262115780736
            ],
            [
              -119.15549509361124,
              34.43261214312836
            ],
            [
              -119.155484214136,
              34.43261214312836
            ],
            [
              -119.15547333466075,
              34.43261214312836
            ],
            [
              -119.15547333466075,
              34.43262115780736
            ],
            [
              -119.15546245518553,
              34.43262115780736
            ],
            [
              -119.15545157571029,
              34.43262115780736
            ],
            [
              -119.15544069623505,
              34.43262115780736
            ],
            [
              -119.15544069623505,
              34.43261214312836
            ],
            [
              -119.15545157571029,
              34.43261214312836
            ],
            [
              -119.15545157571029,
              34.432603128449365
            ],
            [
              -119.15546245518553,
              34.432603128449365
            ],
            [
              -119.15546245518553,
              34.432594113770364
            ],
            [
              -119.15547333466075,
              34.432594113770364
            ],
            [
              -119.155484214136,
              34.432594113770364
            ],
            [
              -119.15549509361124,
              34.432594113770364
            ],
            [
              -119.15549509361124,
              34.43258509909137
            ],
            [
              -119.15549509361124,
              34.43257608441237
            ],
            [
              -119.15549509361124,
              34.43256706973337
            ],
            [
              -119.15550597308646,
              34.43256706973337
            ],
            [
              -119.15550597308646,
              34.43255805505437
            ],
            [
              -119.1555168525617,
              34.43255805505437
            ],
            [
              -119.15552773203694,
              34.43255805505437
            ],
            [
              -119.15553861151218,
              34.43255805505437
            ],
            [
              -119.15553861151218,
              34.43256706973337
            ],
            [
              -119.15554949098741,
              34.43256706973337
            ],
            [
              -119.15554949098741,
              34.43257608441237
            ],
            [
              -119.15554949098741,
              34.43258509909137
            ],
            [
              -119.15554949098741,
              34.432594113770364
            ],
            [
              -119.15554949098741,
              34.432603128449365
            ],
            [
              -119.15554949098741,
              34.43261214312836
            ],
            [
              -119.15553861151218,
              34.43261214312836
            ],
            [
              -119.15553861151218,
              34.43262115780736
            ],
            [
              -119.15554949098741,
              34.43262115780736
            ],
            [
              -119.15556037046265,
              34.43262115780736
            ],
            [
              -119.15557124993789,
              34.43262115780736
            ],
            [
              -119.15558212941312,
              34.43262115780736
            ],
            [
              -119.15559300888836,
              34.43262115780736
            ],
            [
              -119.1556038883636,
              34.43262115780736
            ],
            [
              -119.1556038883636,
              34.43263017248636
            ],
            [
              -119.15561476783884,
              34.43263017248636
            ],
            [
              -119.15562564731407,
              34.43263017248636
            ],
            [
              -119.15563652678931,
              34.43263017248636
            ],
            [
              -119.15563652678931,
              34.43263918716536
            ],
            [
              -119.15564740626455,
              34.43263918716536
            ],
            [
              -119.15564740626455,
              34.43264820184436
            ],
            [
              -119.15565828573979,
              34.43264820184436
            ],
            [
              -119.15565828573979,
              34.43265721652335
            ],
            [
              -119.15565828573979,
              34.432666231202354
            ],
            [
              -119.15566916521502,
              34.432666231202354
            ],
            [
              -119.15568004469026,
              34.432666231202354
            ],
            [
              -119.1556909241655,
              34.432666231202354
            ],
            [
              -119.15570180364072,
              34.432666231202354
            ],
            [
              -119.15571268311596,
              34.432666231202354
            ],
            [
              -119.1557235625912,
              34.432666231202354
            ],
            [
              -119.15573444206645,
              34.432666231202354
            ],
            [
              -119.15574532154167,
              34.432666231202354
            ],
            [
              -119.15574532154167,
              34.43265721652335
            ],
            [
              -119.15574532154167,
              34.43264820184436
            ],
            [
              -119.15575620101691,
              34.43264820184436
            ],
            [
              -119.15575620101691,
              34.43263918716536
            ],
            [
              -119.15575620101691,
              34.43263017248636
            ],
            [
              -119.15576708049215,
              34.43263017248636
            ],
            [
              -119.15576708049215,
              34.43263918716536
            ],
            [
              -119.1557779599674,
              34.43263918716536
            ],
            [
              -119.1557779599674,
              34.43264820184436
            ],
            [
              -119.15576708049215,
              34.43264820184436
            ],
            [
              -119.15576708049215,
              34.43265721652335
            ],
            [
              -119.1557779599674,
              34.43265721652335
            ],
            [
              -119.1557779599674,
              34.432666231202354
            ],
            [
              -119.15578883944262,
              34.432666231202354
            ],
            [
              -119.15579971891786,
              34.432666231202354
            ],
            [
              -119.15579971891786,
              34.43265721652335
            ],
            [
              -119.15579971891786,
              34.43264820184436
            ],
            [
              -119.15579971891786,
              34.43263918716536
            ],
            [
              -119.15579971891786,
              34.43263017248636
            ],
            [
              -119.15579971891786,
              34.43262115780736
            ],
            [
              -119.1558105983931,
              34.43262115780736
            ],
            [
              -119.1558105983931,
              34.43261214312836
            ],
            [
              -119.15582147786833,
              34.43261214312836
            ],
            [
              -119.15583235734357,
              34.43261214312836
            ],
            [
              -119.15584323681881,
              34.43261214312836
            ],
            [
              -119.15585411629405,
              34.43261214312836
            ],
            [
              -119.15586499576928,
              34.43261214312836
            ],
            [
              -119.15587587524452,
              34.43261214312836
            ],
            [
              -119.15588675471976,
              34.43261214312836
            ],
            [
              -119.155897634195,
              34.43261214312836
            ],
            [
              -119.15590851367023,
              34.43261214312836
            ],
            [
              -119.15591939314547,
              34.43261214312836
            ],
            [
              -119.15591939314547,
              34.43262115780736
            ],
            [
              -119.15590851367023,
              34.43262115780736
            ],
            [
              -119.155897634195,
              34.43262115780736
            ],
            [
              -119.155897634195,
              34.43263017248636
            ],
            [
              -119.15588675471976,
              34.43263017248636
            ],
            [
              -119.15588675471976,
              34.43263918716536
            ],
            [
              -119.15588675471976,
              34.43264820184436
            ]
          ]
        ]
      }
    },
    {
      "type": "Feature",
      "properties": {
        "rank": 7,
        "band": "best",
        "score": 0.8681,
        "area_m2": 136.0,
        "reasons": [
          "under the oaks with summer shade",
          "holds December sun",
          "gentle ground"
        ]
      },
      "geometry": {
        "type": "Polygon",
        "coordinates": [
          [
            [
              -119.15532102200744,
              34.43273834863434
            ],
            [
              -119.15532102200744,
              34.43274736331334
            ],
            [
              -119.15533190148268,
              34.43274736331334
            ],
            [
              -119.15533190148268,
              34.43275637799234
            ],
            [
              -119.15532102200744,
              34.43275637799234
            ],
            [
              -119.1553101425322,
              34.43275637799234
            ],
            [
              -119.15529926305697,
              34.43275637799234
            ],
            [
              -119.15528838358173,
              34.43275637799234
            ],
            [
              -119.1552775041065,
              34.43275637799234
            ],
            [
              -119.1552775041065,
              34.432765392671335
            ],
            [
              -119.1552775041065,
              34.43277440735034
            ],
            [
              -119.1552775041065,
              34.43278342202933
            ],
            [
              -119.1552775041065,
              34.43279243670833
            ],
            [
              -119.1552775041065,
              34.43280145138733
            ],
            [
              -119.1552775041065,
              34.43281046606633
            ],
            [
              -119.1552775041065,
              34.43281948074533
            ],
            [
              -119.1552775041065,
              34.432828495424324
            ],
            [
              -119.15528838358173,
              34.432828495424324
            ],
            [
              -119.15529926305697,
              34.432828495424324
            ],
            [
              -119.1553101425322,
              34.432828495424324
            ],
            [
              -119.15532102200744,
              34.432828495424324
            ],
            [
              -119.15533190148268,
              34.432828495424324
            ],
            [
              -119.15533190148268,
              34.432837510103326
            ],
            [
              -119.15533190148268,
              34.43284652478232
            ],
            [
              -119.15533190148268,
              34.43285553946132
            ],
            [
              -119.15533190148268,
              34.432864554140316
            ],
            [
              -119.15533190148268,
              34.43287356881932
            ],
            [
              -119.15532102200744,
              34.43287356881932
            ],
            [
              -119.15532102200744,
              34.43288258349832
            ],
            [
              -119.1553101425322,
              34.43288258349832
            ],
            [
              -119.1553101425322,
              34.432891598177314
            ],
            [
              -119.15529926305697,
              34.432891598177314
            ],
            [
              -119.15528838358173,
              34.432891598177314
            ],
            [
              -119.15528838358173,
              34.432900612856315
            ],
            [
              -119.1552775041065,
              34.432900612856315
            ],
            [
              -119.15526662463125,
              34.432900612856315
            ],
            [
              -119.15525574515603,
              34.432900612856315
            ],
            [
              -119.15524486568079,
              34.432900612856315
            ],
            [
              -119.15523398620554,
              34.432900612856315
            ],
            [
              -119.15523398620554,
              34.432891598177314
            ],
            [
              -119.15522310673032,
              34.432891598177314
            ],
            [
              -119.15521222725508,
              34.432891598177314
            ],
            [
              -119.15521222725508,
              34.432900612856315
            ],
            [
              -119.15521222725508,
              34.43290962753531
            ],
            [
              -119.15520134777984,
              34.43290962753531
            ],
            [
              -119.15520134777984,
              34.432900612856315
            ],
            [
              -119.15520134777984,
              34.432891598177314
            ],
            [
              -119.15520134777984,
              34.43288258349832
            ],
            [
              -119.15521222725508,
              34.43288258349832
            ],
            [
              -119.15521222725508,
              34.43287356881932
            ],
            [
              -119.15521222725508,
              34.432864554140316
            ],
            [
              -119.15521222725508,
              34.43285553946132
            ],
            [
              -119.15521222725508,
              34.43284652478232
            ],
            [
              -119.15521222725508,
              34.432837510103326
            ],
            [
              -119.15520134777984,
              34.432837510103326
            ],
            [
              -119.15520134777984,
              34.432828495424324
            ],
            [
              -119.1551904683046,
              34.432828495424324
            ],
            [
              -119.1551904683046,
              34.43281948074533
            ],
            [
              -119.15517958882937,
              34.43281948074533
            ],
            [
              -119.15517958882937,
              34.43281046606633
            ],
            [
              -119.15517958882937,
              34.43280145138733
            ],
            [
              -119.15517958882937,
              34.43279243670833
            ],
            [
              -119.15517958882937,
              34.43278342202933
            ],
            [
              -119.15517958882937,
              34.43277440735034
            ],
            [
              -119.1551904683046,
              34.43277440735034
            ],
            [
              -119.1551904683046,
              34.432765392671335
            ],
            [
              -119.15520134777984,
              34.432765392671335
            ],
            [
              -119.15521222725508,
              34.432765392671335
            ],
            [
              -119.15522310673032,
              34.432765392671335
            ],
            [
              -119.15523398620554,
              34.432765392671335
            ],
            [
              -119.15523398620554,
              34.43275637799234
            ],
            [
              -119.15523398620554,
              34.43274736331334
            ],
            [
              -119.15523398620554,
              34.43273834863434
            ],
            [
              -119.15524486568079,
              34.43273834863434
            ],
            [
              -119.15524486568079,
              34.43274736331334
            ],
            [
              -119.15524486568079,
              34.43275637799234
            ],
            [
              -119.15525574515603,
              34.43275637799234
            ],
            [
              -119.15526662463125,
              34.43275637799234
            ],
            [
              -119.15526662463125,
              34.43274736331334
            ],
            [
              -119.1552775041065,
              34.43274736331334
            ],
            [
              -119.1552775041065,
              34.43273834863434
            ],
            [
              -119.15528838358173,
              34.43273834863434
            ],
            [
              -119.15529926305697,
              34.43273834863434
            ],
            [
              -119.1553101425322,
              34.43273834863434
            ],
            [
              -119.15532102200744,
              34.43273834863434
            ]
          ]
        ]
      }
    },
    {
      "type": "Feature",
      "properties": {
        "rank": 8,
        "band": "best",
        "score": 0.8589,
        "area_m2": 190.0,
        "reasons": [
          "under the oaks with summer shade",
          "sunny through the year",
          "holds December sun"
        ]
      },
      "geometry": {
        "type": "Polygon",
        "coordinates": [
          [
            [
              -119.15628929530352,
              34.43288258349832
            ],
            [
              -119.15628929530352,
              34.432891598177314
            ],
            [
              -119.15630017477875,
              34.432891598177314
            ],
            [
              -119.15630017477875,
              34.432900612856315
            ],
            [
              -119.15631105425399,
              34.432900612856315
            ],
            [
              -119.15631105425399,
              34.43290962753531
            ],
            [
              -119.15631105425399,
              34.43291864221431
            ],
            [
              -119.15631105425399,
              34.432927656893305
            ],
            [
              -119.15631105425399,
              34.43293667157231
            ],
            [
              -119.15630017477875,
              34.43293667157231
            ],
            [
              -119.15630017477875,
              34.43294568625131
            ],
            [
              -119.15628929530352,
              34.43294568625131
            ],
            [
              -119.15628929530352,
              34.4329547009303
            ],
            [
              -119.15627841582828,
              34.4329547009303
            ],
            [
              -119.15626753635304,
              34.4329547009303
            ],
            [
              -119.15626753635304,
              34.432963715609304
            ],
            [
              -119.15626753635304,
              34.4329727302883
            ],
            [
              -119.1562566568778,
              34.4329727302883
            ],
            [
              -119.1562566568778,
              34.4329817449673
            ],
            [
              -119.15624577740257,
              34.4329817449673
            ],
            [
              -119.15623489792733,
              34.4329817449673
            ],
            [
              -119.15623489792733,
              34.432990759646295
            ],
            [
              -119.1562240184521,
              34.432990759646295
            ],
            [
              -119.1562240184521,
              34.432999774325296
            ],
            [
              -119.1562240184521,
              34.4330087890043
            ],
            [
              -119.1562240184521,
              34.43301780368329
            ],
            [
              -119.15621313897687,
              34.43301780368329
            ],
            [
              -119.15621313897687,
              34.4330087890043
            ],
            [
              -119.15621313897687,
              34.432999774325296
            ],
            [
              -119.15621313897687,
              34.432990759646295
            ],
            [
              -119.15620225950163,
              34.432990759646295
            ],
            [
              -119.15619138002639,
              34.432990759646295
            ],
            [
              -119.15619138002639,
              34.4329817449673
            ],
            [
              -119.15618050055114,
              34.4329817449673
            ],
            [
              -119.15616962107592,
              34.4329817449673
            ],
            [
              -119.15615874160068,
              34.4329817449673
            ],
            [
              -119.15614786212544,
              34.4329817449673
            ],
            [
              -119.1561369826502,
              34.4329817449673
            ],
            [
              -119.15612610317497,
              34.4329817449673
            ],
            [
              -119.15612610317497,
              34.4329727302883
            ],
            [
              -119.15611522369973,
              34.4329727302883
            ],
            [
              -119.15611522369973,
              34.432963715609304
            ],
            [
              -119.15610434422449,
              34.432963715609304
            ],
            [
              -119.15610434422449,
              34.4329547009303
            ],
            [
              -119.15609346474926,
              34.4329547009303
            ],
            [
              -119.15609346474926,
              34.43294568625131
            ],
            [
              -119.15609346474926,
              34.43293667157231
            ],
            [
              -119.15609346474926,
              34.432927656893305
            ],
            [
              -119.15609346474926,
              34.43291864221431
            ],
            [
              -119.15609346474926,
              34.43290962753531
            ],
            [
              -119.15608258527402,
              34.43290962753531
            ],
            [
              -119.15607170579878,
              34.43290962753531
            ],
            [
              -119.15607170579878,
              34.432900612856315
            ],
            [
              -119.15606082632354,
              34.432900612856315
            ],
            [
              -119.15606082632354,
              34.432891598177314
            ],
            [
              -119.15607170579878,
              34.432891598177314
            ],
            [
              -119.15608258527402,
              34.432891598177314
            ],
            [
              -119.15609346474926,
              34.432891598177314
            ],
            [
              -119.15610434422449,
              34.432891598177314
            ],
            [
              -119.15611522369973,
              34.432891598177314
            ],
            [
              -119.15612610317497,
              34.432891598177314
            ],
            [
              -119.1561369826502,
              34.432891598177314
            ],
            [
              -119.15614786212544,
              34.432891598177314
            ],
            [
              -119.15615874160068,
              34.432891598177314
            ],
            [
              -119.15616962107592,
              34.432891598177314
            ],
            [
              -119.15616962107592,
              34.432900612856315
            ],
            [
              -119.15615874160068,
              34.432900612856315
            ],
            [
              -119.15615874160068,
              34.43290962753531
            ],
            [
              -119.15615874160068,
              34.43291864221431
            ],
            [
              -119.15616962107592,
              34.43291864221431
            ],
            [
              -119.15618050055114,
              34.43291864221431
            ],
            [
              -119.15619138002639,
              34.43291864221431
            ],
            [
              -119.15619138002639,
              34.43290962753531
            ],
            [
              -119.15619138002639,
              34.432900612856315
            ],
            [
              -119.15618050055114,
              34.432900612856315
            ],
            [
              -119.15618050055114,
              34.432891598177314
            ],
            [
              -119.15619138002639,
              34.432891598177314
            ],
            [
              -119.15620225950163,
              34.432891598177314
            ],
            [
              -119.15621313897687,
              34.432891598177314
            ],
            [
              -119.1562240184521,
              34.432891598177314
            ],
            [
              -119.1562240184521,
              34.43288258349832
            ],
            [
              -119.1562240184521,
              34.43287356881932
            ],
            [
              -119.1562240184521,
              34.432864554140316
            ],
            [
              -119.1562240184521,
              34.43285553946132
            ],
            [
              -119.1562240184521,
              34.43284652478232
            ],
            [
              -119.1562240184521,
              34.432837510103326
            ],
            [
              -119.15623489792733,
              34.432837510103326
            ],
            [
              -119.15623489792733,
              34.432828495424324
            ],
            [
              -119.15624577740257,
              34.432828495424324
            ],
            [
              -119.1562566568778,
              34.432828495424324
            ],
            [
              -119.1562566568778,
              34.432837510103326
            ],
            [
              -119.15626753635304,
              34.432837510103326
            ],
            [
              -119.15627841582828,
              34.432837510103326
            ],
            [
              -119.15627841582828,
              34.43284652478232
            ],
            [
              -119.15627841582828,
              34.43285553946132
            ],
            [
              -119.15628929530352,
              34.43285553946132
            ],
            [
              -119.15628929530352,
              34.432864554140316
            ],
            [
              -119.15628929530352,
              34.43287356881932
            ],
            [
              -119.15628929530352,
              34.43288258349832
            ]
          ]
        ]
      }
    },
    {
      "type": "Feature",
      "properties": {
        "rank": 9,
        "band": "best",
        "score": 0.8103,
        "area_m2": 147.0,
        "reasons": [
          "under the oaks with summer shade",
          "sunny through the year",
          "holds December sun"
        ]
      },
      "geometry": {
        "type": "Polygon",
        "coordinates": [
          [
            [
              -119.15564740626455,
              34.4329727302883
            ],
            [
              -119.15565828573979,
              34.4329727302883
            ],
            [
              -119.15565828573979,
              34.4329817449673
            ],
            [
              -119.15565828573979,
              34.432990759646295
            ],
            [
              -119.15565828573979,
              34.432999774325296
            ],
            [
              -119.15564740626455,
              34.432999774325296
            ],
            [
              -119.15564740626455,
              34.4330087890043
            ],
            [
              -119.15564740626455,
              34.43301780368329
            ],
            [
              -119.15564740626455,
              34.43302681836229
            ],
            [
              -119.15564740626455,
              34.43303583304129
            ],
            [
              -119.15564740626455,
              34.43304484772029
            ],
            [
              -119.15564740626455,
              34.433053862399284
            ],
            [
              -119.15564740626455,
              34.433062877078285
            ],
            [
              -119.15564740626455,
              34.43307189175729
            ],
            [
              -119.15565828573979,
              34.43307189175729
            ],
            [
              -119.15566916521502,
              34.43307189175729
            ],
            [
              -119.15566916521502,
              34.43308090643628
            ],
            [
              -119.15568004469026,
              34.43308090643628
            ],
            [
              -119.15568004469026,
              34.43308992111528
            ],
            [
              -119.15568004469026,
              34.43309893579428
            ],
            [
              -119.15568004469026,
              34.43310795047328
            ],
            [
              -119.1556909241655,
              34.43310795047328
            ],
            [
              -119.1556909241655,
              34.43311696515227
            ],
            [
              -119.15568004469026,
              34.43311696515227
            ],
            [
              -119.15566916521502,
              34.43311696515227
            ],
            [
              -119.15566916521502,
              34.433125979831274
            ],
            [
              -119.15565828573979,
              34.433125979831274
            ],
            [
              -119.15564740626455,
              34.433125979831274
            ],
            [
              -119.15563652678931,
              34.433125979831274
            ],
            [
              -119.15562564731407,
              34.433125979831274
            ],
            [
              -119.15561476783884,
              34.433125979831274
            ],
            [
              -119.15561476783884,
              34.43311696515227
            ],
            [
              -119.1556038883636,
              34.43311696515227
            ],
            [
              -119.1556038883636,
              34.43310795047328
            ],
            [
              -119.1556038883636,
              34.43309893579428
            ],
            [
              -119.1556038883636,
              34.43308992111528
            ],
            [
              -119.1556038883636,
              34.43308090643628
            ],
            [
              -119.15559300888836,
              34.43308090643628
            ],
            [
              -119.15558212941312,
              34.43308090643628
            ],
            [
              -119.15557124993789,
              34.43308090643628
            ],
            [
              -119.15556037046265,
              34.43308090643628
            ],
            [
              -119.15556037046265,
              34.43307189175729
            ],
            [
              -119.15554949098741,
              34.43307189175729
            ],
            [
              -119.15553861151218,
              34.43307189175729
            ],
            [
              -119.15553861151218,
              34.433062877078285
            ],
            [
              -119.15552773203694,
              34.433062877078285
            ],
            [
              -119.15552773203694,
              34.433053862399284
            ],
            [
              -119.1555168525617,
              34.433053862399284
            ],
            [
              -119.1555168525617,
              34.43304484772029
            ],
            [
              -119.1555168525617,
              34.43303583304129
            ],
            [
              -119.1555168525617,
              34.43302681836229
            ],
            [
              -119.1555168525617,
              34.43301780368329
            ],
            [
              -119.1555168525617,
              34.4330087890043
            ],
            [
              -119.15552773203694,
              34.4330087890043
            ],
            [
              -119.15552773203694,
              34.432999774325296
            ],
            [
              -119.15552773203694,
              34.432990759646295
            ],
            [
              -119.15553861151218,
              34.432990759646295
            ],
            [
              -119.15553861151218,
              34.4329817449673
            ],
            [
              -119.15554949098741,
              34.4329817449673
            ],
            [
              -119.15554949098741,
              34.4329727302883
            ],
            [
              -119.15554949098741,
              34.432963715609304
            ],
            [
              -119.15556037046265,
              34.432963715609304
            ],
            [
              -119.15556037046265,
              34.4329727302883
            ],
            [
              -119.15556037046265,
              34.4329817449673
            ],
            [
              -119.15557124993789,
              34.4329817449673
            ],
            [
              -119.15557124993789,
              34.432990759646295
            ],
            [
              -119.15558212941312,
              34.432990759646295
            ],
            [
              -119.15558212941312,
              34.4329817449673
            ],
            [
              -119.15559300888836,
              34.4329817449673
            ],
            [
              -119.15559300888836,
              34.4329727302883
            ],
            [
              -119.15559300888836,
              34.432963715609304
            ],
            [
              -119.1556038883636,
              34.432963715609304
            ],
            [
              -119.15561476783884,
              34.432963715609304
            ],
            [
              -119.15562564731407,
              34.432963715609304
            ],
            [
              -119.15563652678931,
              34.432963715609304
            ],
            [
              -119.15564740626455,
              34.432963715609304
            ],
            [
              -119.15564740626455,
              34.4329727302883
            ]
          ]
        ]
      }
    },
    {
      "type": "Feature",
      "properties": {
        "rank": 10,
        "band": "best",
        "score": 0.7053,
        "area_m2": 117.0,
        "reasons": [
          "under the oaks with summer shade",
          "sunny through the year",
          "holds December sun"
        ]
      },
      "geometry": {
        "type": "Polygon",
        "coordinates": [
          [
            [
              -119.15614786212544,
              34.43185491009249
            ],
            [
              -119.15615874160068,
              34.43185491009249
            ],
            [
              -119.15616962107592,
              34.43185491009249
            ],
            [
              -119.15616962107592,
              34.43186392477149
            ],
            [
              -119.15616962107592,
              34.431872939450486
            ],
            [
              -119.15615874160068,
              34.431872939450486
            ],
            [
              -119.15615874160068,
              34.43186392477149
            ],
            [
              -119.15614786212544,
              34.43186392477149
            ],
            [
              -119.1561369826502,
              34.43186392477149
            ],
            [
              -119.1561369826502,
              34.431872939450486
            ],
            [
              -119.1561369826502,
              34.43188195412949
            ],
            [
              -119.1561369826502,
              34.43189096880849
            ],
            [
              -119.15614786212544,
              34.43189096880849
            ],
            [
              -119.15615874160068,
              34.43189096880849
            ],
            [
              -119.15615874160068,
              34.43188195412949
            ],
            [
              -119.15616962107592,
              34.43188195412949
            ],
            [
              -119.15616962107592,
              34.43189096880849
            ],
            [
              -119.15616962107592,
              34.43189998348748
            ],
            [
              -119.15616962107592,
              34.431908998166485
            ],
            [
              -119.15618050055114,
              34.431908998166485
            ],
            [
              -119.15618050055114,
              34.43191801284548
            ],
            [
              -119.15616962107592,
              34.43191801284548
            ],
            [
              -119.15616962107592,
              34.43192702752448
            ],
            [
              -119.15615874160068,
              34.43192702752448
            ],
            [
              -119.15615874160068,
              34.43191801284548
            ],
            [
              -119.15614786212544,
              34.43191801284548
            ],
            [
              -119.1561369826502,
              34.43191801284548
            ],
            [
              -119.1561369826502,
              34.431908998166485
            ],
            [
              -119.15612610317497,
              34.431908998166485
            ],
            [
              -119.15612610317497,
              34.43191801284548
            ],
            [
              -119.15612610317497,
              34.43192702752448
            ],
            [
              -119.15611522369973,
              34.43192702752448
            ],
            [
              -119.15611522369973,
              34.431936042203475
            ],
            [
              -119.15611522369973,
              34.431945056882476
            ],
            [
              -119.15611522369973,
              34.43195407156148
            ],
            [
              -119.15612610317497,
              34.43195407156148
            ],
            [
              -119.15612610317497,
              34.43196308624047
            ],
            [
              -119.15612610317497,
              34.431972100919474
            ],
            [
              -119.15611522369973,
              34.431972100919474
            ],
            [
              -119.15611522369973,
              34.43198111559847
            ],
            [
              -119.15610434422449,
              34.43198111559847
            ],
            [
              -119.15609346474926,
              34.43198111559847
            ],
            [
              -119.15608258527402,
              34.43198111559847
            ],
            [
              -119.15607170579878,
              34.43198111559847
            ],
            [
              -119.15607170579878,
              34.431972100919474
            ],
            [
              -119.15606082632354,
              34.431972100919474
            ],
            [
              -119.15606082632354,
              34.43198111559847
            ],
            [
              -119.15604994684831,
              34.43198111559847
            ],
            [
              -119.15604994684831,
              34.431972100919474
            ],
            [
              -119.15604994684831,
              34.43196308624047
            ],
            [
              -119.15606082632354,
              34.43196308624047
            ],
            [
              -119.15607170579878,
              34.43196308624047
            ],
            [
              -119.15607170579878,
              34.43195407156148
            ],
            [
              -119.15607170579878,
              34.431945056882476
            ],
            [
              -119.15607170579878,
              34.431936042203475
            ],
            [
              -119.15607170579878,
              34.43192702752448
            ],
            [
              -119.15606082632354,
              34.43192702752448
            ],
            [
              -119.15604994684831,
              34.43192702752448
            ],
            [
              -119.15603906737307,
              34.43192702752448
            ],
            [
              -119.15602818789783,
              34.43192702752448
            ],
            [
              -119.15601730842259,
              34.43192702752448
            ],
            [
              -119.15601730842259,
              34.431936042203475
            ],
            [
              -119.15600642894736,
              34.431936042203475
            ],
            [
              -119.15600642894736,
              34.431945056882476
            ],
            [
              -119.15600642894736,
              34.43195407156148
            ],
            [
              -119.15599554947212,
              34.43195407156148
            ],
            [
              -119.15599554947212,
              34.431945056882476
            ],
            [
              -119.15599554947212,
              34.431936042203475
            ],
            [
              -119.15598466999688,
              34.431936042203475
            ],
            [
              -119.15598466999688,
              34.43192702752448
            ],
            [
              -119.15598466999688,
              34.43191801284548
            ],
            [
              -119.15598466999688,
              34.431908998166485
            ],
            [
              -119.15598466999688,
              34.43189998348748
            ],
            [
              -119.15598466999688,
              34.43189096880849
            ],
            [
              -119.15599554947212,
              34.43189096880849
            ],
            [
              -119.15600642894736,
              34.43189096880849
            ],
            [
              -119.15601730842259,
              34.43189096880849
            ],
            [
              -119.15602818789783,
              34.43189096880849
            ],
            [
              -119.15603906737307,
              34.43189096880849
            ],
            [
              -119.15603906737307,
              34.43188195412949
            ],
            [
              -119.15603906737307,
              34.431872939450486
            ],
            [
              -119.15603906737307,
              34.43186392477149
            ],
            [
              -119.15604994684831,
              34.43186392477149
            ],
            [
              -119.15604994684831,
              34.43185491009249
            ],
            [
              -119.15606082632354,
              34.43185491009249
            ],
            [
              -119.15607170579878,
              34.43185491009249
            ],
            [
              -119.15608258527402,
              34.43185491009249
            ],
            [
              -119.15609346474926,
              34.43185491009249
            ],
            [
              -119.15609346474926,
              34.431845895413495
            ],
            [
              -119.15610434422449,
              34.431845895413495
            ],
            [
              -119.15611522369973,
              34.431845895413495
            ],
            [
              -119.15612610317497,
              34.431845895413495
            ],
            [
              -119.15612610317497,
              34.43185491009249
            ],
            [
              -119.1561369826502,
              34.43185491009249
            ],
            [
              -119.15614786212544,
              34.43185491009249
            ]
          ]
        ]
      }
    },
    {
      "type": "Feature",
      "properties": {
        "rank": 11,
        "band": "good",
        "score": 0.6024,
        "area_m2": 9437.0,
        "reasons": [
          "sunny through the year",
          "holds December sun",
          "gentle ground"
        ]
      },
      "geometry": {
        "type": "Polygon",
        "coordinates": [
          [
            [
              -119.15680063063965,
              34.43302681836229
            ],
            [
              -119.15680063063965,
              34.43303583304129
            ],
            [
              -119.15680063063965,
              34.43304484772029
            ],
            [
              -119.15681151011488,
              34.43304484772029
            ],
            [
              -119.15681151011488,
              34.433053862399284
            ],
            [
              -119.15682238959012,
              34.433053862399284
            ],
            [
              -119.15682238959012,
              34.433062877078285
            ],
            [
              -119.15683326906536,
              34.433062877078285
            ],
            [
              -119.15683326906536,
              34.43307189175729
            ],
            [
              -119.1568441485406,
              34.43307189175729
            ],
            [
              -119.15685502801583,
              34.43307189175729
            ],
            [
              -119.15686590749107,
              34.43307189175729
            ],
            [
              -119.15686590749107,
              34.433062877078285
            ],
            [
              -119.15687678696631,
              34.433062877078285
            ],
            [
              -119.15687678696631,
              34.43307189175729
            ],
            [
              -119.15687678696631,
              34.43308090643628
            ],
            [
              -119.15687678696631,
              34.43308992111528
            ],
            [
              -119.15687678696631,
              34.43309893579428
            ],
            [
              -119.15687678696631,
              34.43310795047328
            ],
            [
              -119.15687678696631,
              34.43311696515227
            ],
            [
              -119.15687678696631,
              34.433125979831274
            ],
            [
              -119.15687678696631,
              34.433134994510276
            ],
            [
              -119.15687678696631,
              34.43314400918927
            ],
            [
              -119.15687678696631,
              34.43315302386827
            ],
            [
              -119.15687678696631,
              34.433162038547266
            ],
            [
              -119.15687678696631,
              34.43317105322627
            ],
            [
              -119.15687678696631,
              34.43318006790526
            ],
            [
              -119.15687678696631,
              34.43318908258426
            ],
            [
              -119.15687678696631,
              34.433198097263265
            ],
            [
              -119.15687678696631,
              34.43320711194226
            ],
            [
              -119.15687678696631,
              34.43321612662126
            ],
            [
              -119.15687678696631,
              34.433225141300255
            ],
            [
              -119.15687678696631,
              34.43323415597926
            ],
            [
              -119.15687678696631,
              34.43324317065825
            ],
            [
              -119.15687678696631,
              34.43325218533725
            ],
            [
              -119.15687678696631,
              34.433261200016254
            ],
            [
              -119.15687678696631,
              34.43327021469525
            ],
            [
              -119.15687678696631,
              34.43327922937425
            ],
            [
              -119.15687678696631,
              34.433288244053244
            ],
            [
              -119.15687678696631,
              34.433297258732246
            ],
            [
              -119.15687678696631,
              34.43330627341124
            ],
            [
              -119.15687678696631,
              34.43331528809024
            ],
            [
              -119.15687678696631,
              34.43332430276924
            ],
            [
              -119.15687678696631,
              34.43333331744824
            ],
            [
              -119.15687678696631,
              34.43334233212724
            ],
            [
              -119.15687678696631,
              34.43335134680623
            ],
            [
              -119.15687678696631,
              34.433360361485235
            ],
            [
              -119.15687678696631,
              34.43336937616424
            ],
            [
              -119.15687678696631,
              34.43337839084323
            ],
            [
              -119.15687678696631,
              34.43338740552223
            ],
            [
              -119.15687678696631,
              34.43339642020123
            ],
            [
              -119.15687678696631,
              34.43340543488023
            ],
            [
              -119.15687678696631,
              34.43341444955922
            ],
            [
              -119.15687678696631,
              34.433423464238224
            ],
            [
              -119.15687678696631,
              34.433432478917226
            ],
            [
              -119.15687678696631,
              34.43344149359622
            ],
            [
              -119.15687678696631,
              34.43345050827522
            ],
            [
              -119.15687678696631,
              34.433459522954216
            ],
            [
              -119.15687678696631,
              34.43346853763322
            ],
            [
              -119.15687678696631,
              34.43347755231221
            ],
            [
              -119.15687678696631,
              34.43348656699121
            ],
            [
              -119.15687678696631,
              34.433495581670215
            ],
            [
              -119.15687678696631,
              34.43350459634921
            ],
            [
              -119.15687678696631,
              34.43351361102821
            ],
            [
              -119.15686590749107,
              34.43351361102821
            ],
            [
              -119.15685502801583,
              34.43351361102821
            ],
            [
              -119.1568441485406,
              34.43351361102821
            ],
            [
              -119.15683326906536,
              34.43351361102821
            ],
            [
              -119.15682238959012,
              34.43351361102821
            ],
            [
              -119.15681151011488,
              34.43351361102821
            ],
            [
              -119.15680063063965,
              34.43351361102821
            ],
            [
              -119.15678975116441,
              34.43351361102821
            ],
            [
              -119.15677887168917,
              34.43351361102821
            ],
            [
              -119.15676799221393,
              34.43351361102821
            ],
            [
              -119.1567571127387,
              34.43351361102821
            ],
            [
              -119.15674623326346,
              34.43351361102821
            ],
            [
              -119.15673535378822,
              34.43351361102821
            ],
            [
              -119.156724474313,
              34.43351361102821
            ],
            [
              -119.15671359483775,
              34.43351361102821
            ],
            [
              -119.15670271536251,
              34.43351361102821
            ],
            [
              -119.15669183588727,
              34.43351361102821
            ],
            [
              -119.15668095641205,
              34.43351361102821
            ],
            [
              -119.1566700769368,
              34.43351361102821
            ],
            [
              -119.15665919746156,
              34.43351361102821
            ],
            [
              -119.15664831798632,
              34.43351361102821
            ],
            [
              -119.1566374385111,
              34.43351361102821
            ],
            [
              -119.15662655903586,
              34.43351361102821
            ],
            [
              -119.15661567956062,
              34.43351361102821
            ],
            [
              -119.15660480008539,
              34.43351361102821
            ],
            [
              -119.15659392061015,
              34.43351361102821
            ],
            [
              -119.15658304113491,
              34.43351361102821
            ],
            [
              -119.15657216165967,
              34.43351361102821
            ],
            [
              -119.15656128218444,
              34.43351361102821
            ],
            [
              -119.1565504027092,
              34.43351361102821
            ],
            [
              -119.15653952323396,
              34.43351361102821
            ],
            [
              -119.15652864375873,
              34.43351361102821
            ],
            [
              -119.15651776428349,
              34.43351361102821
            ],
            [
              -119.15650688480825,
              34.43351361102821
            ],
            [
              -119.15649600533301,
              34.43351361102821
            ],
            [
              -119.15648512585778,
              34.43351361102821
            ],
            [
              -119.15647424638254,
              34.43351361102821
            ],
            [
              -119.1564633669073,
              34.43351361102821
            ],
            [
              -119.15645248743206,
              34.43351361102821
            ],
            [
              -119.15644160795684,
              34.43351361102821
            ],
            [
              -119.1564307284816,
              34.43351361102821
            ],
            [
              -119.15641984900635,
              34.43351361102821
            ],
            [
              -119.15640896953113,
              34.43351361102821
            ],
            [
              -119.15639809005589,
              34.43351361102821
            ],
            [
              -119.15638721058065,
              34.43351361102821
            ],
            [
              -119.1563763311054,
              34.43351361102821
            ],
            [
              -119.15636545163018,
              34.43351361102821
            ],
            [
              -119.15635457215494,
              34.43351361102821
            ],
            [
              -119.15635457215494,
              34.43350459634921
            ],
            [
              -119.1563436926797,
              34.43350459634921
            ],
            [
              -119.1563436926797,
              34.433495581670215
            ],
            [
              -119.15633281320446,
              34.433495581670215
            ],
            [
              -119.15632193372923,
              34.433495581670215
            ],
            [
              -119.15632193372923,
              34.43348656699121
            ],
            [
              -119.15631105425399,
              34.43348656699121
            ],
            [
              -119.15630017477875,
              34.43348656699121
            ],
            [
              -119.15628929530352,
              34.43348656699121
            ],
            [
              -119.15627841582828,
              34.43348656699121
            ],
            [
              -119.15627841582828,
              34.433495581670215
            ],
            [
              -119.15626753635304,
              34.433495581670215
            ],
            [
              -119.15626753635304,
              34.43348656699121
            ],
            [
              -119.15626753635304,
              34.43347755231221
            ],
            [
              -119.15626753635304,
              34.43346853763322
            ],
            [
              -119.1562566568778,
              34.43346853763322
            ],
            [
              -119.15624577740257,
              34.43346853763322
            ],
            [
              -119.15623489792733,
              34.43346853763322
            ],
            [
              -119.15623489792733,
              34.433459522954216
            ],
            [
              -119.15624577740257,
              34.433459522954216
            ],
            [
              -119.15624577740257,
              34.43345050827522
            ],
            [
              -119.15624577740257,
              34.43344149359622
            ],
            [
              -119.15624577740257,
              34.433432478917226
            ],
            [
              -119.15624577740257,
              34.433423464238224
            ],
            [
              -119.15623489792733,
              34.433423464238224
            ],
            [
              -119.15623489792733,
              34.433432478917226
            ],
            [
              -119.1562240184521,
              34.433432478917226
            ],
            [
              -119.1562240184521,
              34.43344149359622
            ],
            [
              -119.1562240184521,
              34.43345050827522
            ],
            [
              -119.15621313897687,
              34.43345050827522
            ],
            [
              -119.15620225950163,
              34.43345050827522
            ],
            [
              -119.15619138002639,
              34.43345050827522
            ],
            [
              -119.15618050055114,
              34.43345050827522
            ],
            [
              -119.15616962107592,
              34.43345050827522
            ],
            [
              -119.15615874160068,
              34.43345050827522
            ],
            [
              -119.15615874160068,
              34.433459522954216
            ],
            [
              -119.15614786212544,
              34.433459522954216
            ],
            [
              -119.15614786212544,
              34.43346853763322
            ],
            [
              -119.1561369826502,
              34.43346853763322
            ],
            [
              -119.1561369826502,
              34.43347755231221
            ],
            [
              -119.15612610317497,
              34.43347755231221
            ],
            [
              -119.15612610317497,
              34.43346853763322
            ],
            [
              -119.15612610317497,
              34.433459522954216
            ],
            [
              -119.15612610317497,
              34.43345050827522
            ],
            [
              -119.15611522369973,
              34.43345050827522
            ],
            [
              -119.15611522369973,
              34.43344149359622
            ],
            [
              -119.15610434422449,
              34.43344149359622
            ],
            [
              -119.15610434422449,
              34.433432478917226
            ],
            [
              -119.15609346474926,
              34.433432478917226
            ],
            [
              -119.15609346474926,
              34.433423464238224
            ],
            [
              -119.15608258527402,
              34.433423464238224
            ],
            [
              -119.15607170579878,
              34.433423464238224
            ],
            [
              -119.15606082632354,
              34.433423464238224
            ],
            [
              -119.15604994684831,
              34.433423464238224
            ],
            [
              -119.15603906737307,
              34.433423464238224
            ],
            [
              -119.15602818789783,
              34.433423464238224
            ],
            [
              -119.15602818789783,
              34.433432478917226
            ],
            [
              -119.15601730842259,
              34.433432478917226
            ],
            [
              -119.15601730842259,
              34.43344149359622
            ],
            [
              -119.15600642894736,
              34.43344149359622
            ],
            [
              -119.15600642894736,
              34.43345050827522
            ],
            [
              -119.15599554947212,
              34.43345050827522
            ],
            [
              -119.15599554947212,
              34.433459522954216
            ],
            [
              -119.15599554947212,
              34.43346853763322
            ],
            [
              -119.15598466999688,
              34.43346853763322
            ],
            [
              -119.15597379052166,
              34.43346853763322
            ],
            [
              -119.15596291104642,
              34.43346853763322
            ],
            [
              -119.15595203157118,
              34.43346853763322
            ],
            [
              -119.15594115209593,
              34.43346853763322
            ],
            [
              -119.15594115209593,
              34.43347755231221
            ],
            [
              -119.15593027262071,
              34.43347755231221
            ],
            [
              -119.15591939314547,
              34.43347755231221
            ],
            [
              -119.15590851367023,
              34.43347755231221
            ],
            [
              -119.155897634195,
              34.43347755231221
            ],
            [
              -119.15588675471976,
              34.43347755231221
            ],
            [
              -119.15587587524452,
              34.43347755231221
            ],
            [
              -119.15587587524452,
              34.43346853763322
            ],
            [
              -119.15586499576928,
              34.43346853763322
            ],
            [
              -119.15586499576928,
              34.433459522954216
            ],
            [
              -119.15585411629405,
              34.433459522954216
            ],
            [
              -119.15584323681881,
              34.433459522954216
            ],
            [
              -119.15583235734357,
              34.433459522954216
            ],
            [
              -119.15582147786833,
              34.433459522954216
            ],
            [
              -119.15582147786833,
              34.43346853763322
            ],
            [
              -119.15582147786833,
              34.43347755231221
            ],
            [
              -119.1558105983931,
              34.43347755231221
            ],
            [
              -119.1558105983931,
              34.43348656699121
            ],
            [
              -119.1558105983931,
              34.433495581670215
            ],
            [
              -119.1558105983931,
              34.43350459634921
            ],
            [
              -119.1558105983931,
              34.43351361102821
            ],
            [
              -119.15579971891786,
              34.43351361102821
            ],
            [
              -119.15578883944262,
              34.43351361102821
            ],
            [
              -119.1557779599674,
              34.43351361102821
            ],
            [
              -119.15576708049215,
              34.43351361102821
            ],
            [
              -119.15575620101691,
              34.43351361102821
            ],
            [
              -119.15574532154167,
              34.43351361102821
            ],
            [
              -119.15573444206645,
              34.43351361102821
            ],
            [
              -119.1557235625912,
              34.43351361102821
            ],
            [
              -119.15571268311596,
              34.43351361102821
            ],
            [
              -119.15570180364072,
              34.43351361102821
            ],
            [
              -119.1556909241655,
              34.43351361102821
            ],
            [
              -119.15568004469026,
              34.43351361102821
            ],
            [
              -119.15568004469026,
              34.43350459634921
            ],
            [
              -119.15568004469026,
              34.433495581670215
            ],
            [
              -119.15568004469026,
              34.43348656699121
            ],
            [
              -119.15568004469026,
              34.43347755231221
            ],
            [
              -119.15566916521502,
              34.43347755231221
            ],
            [
              -119.15566916521502,
              34.43346853763322
            ],
            [
              -119.15566916521502,
              34.433459522954216
            ],
            [
              -119.15565828573979,
              34.433459522954216
            ],
            [
              -119.15565828573979,
              34.43345050827522
            ],
            [
              -119.15564740626455,
              34.43345050827522
            ],
            [
              -119.15564740626455,
              34.43344149359622
            ],
            [
              -119.15563652678931,
              34.43344149359622
            ],
            [
              -119.15563652678931,
              34.433432478917226
            ],
            [
              -119.15562564731407,
              34.433432478917226
            ],
            [
              -119.15561476783884,
              34.433432478917226
            ],
            [
              -119.15561476783884,
              34.433423464238224
            ],
            [
              -119.1556038883636,
              34.433423464238224
            ],
            [
              -119.15559300888836,
              34.433423464238224
            ],
            [
              -119.15558212941312,
              34.433423464238224
            ],
            [
              -119.15557124993789,
              34.433423464238224
            ],
            [
              -119.15556037046265,
              34.433423464238224
            ],
            [
              -119.15554949098741,
              34.433423464238224
            ],
            [
              -119.15554949098741,
              34.433432478917226
            ],
            [
              -119.15553861151218,
              34.433432478917226
            ],
            [
              -119.15552773203694,
              34.433432478917226
            ],
            [
              -119.15552773203694,
              34.43344149359622
            ],
            [
              -119.1555168525617,
              34.43344149359622
            ],
            [
              -119.1555168525617,
              34.43345050827522
            ],
            [
              -119.15550597308646,
              34.43345050827522
            ],
            [
              -119.15550597308646,
              34.433459522954216
            ],
            [
              -119.15549509361124,
              34.433459522954216
            ],
            [
              -119.15549509361124,
              34.43346853763322
            ],
            [
              -119.15549509361124,
              34.43347755231221
            ],
            [
              -119.15549509361124,
              34.43348656699121
            ],
            [
              -119.155484214136,
              34.43348656699121
            ],
            [
              -119.155484214136,
              34.433495581670215
            ],
            [
              -119.155484214136,
              34.43350459634921
            ],
            [
              -119.155484214136,
              34.43351361102821
            ],
            [
              -119.15547333466075,
              34.43351361102821
            ],
            [
              -119.15546245518553,
              34.43351361102821
            ],
            [
              -119.15545157571029,
              34.43351361102821
            ],
            [
              -119.15544069623505,
              34.43351361102821
            ],
            [
              -119.1554298167598,
              34.43351361102821
            ],
            [
              -119.15541893728458,
              34.43351361102821
            ],
            [
              -119.15540805780934,
              34.43351361102821
            ],
            [
              -119.1553971783341,
              34.43351361102821
            ],
            [
              -119.15538629885886,
              34.43351361102821
            ],
            [
              -119.15537541938363,
              34.43351361102821
            ],
            [
              -119.15536453990839,
              34.43351361102821
            ],
            [
              -119.15535366043315,
              34.43351361102821
            ],
            [
              -119.15534278095792,
              34.43351361102821
            ],
            [
              -119.15533190148268,
              34.43351361102821
            ],
            [
              -119.15532102200744,
              34.43351361102821
            ],
            [
              -119.1553101425322,
              34.43351361102821
            ],
            [
              -119.15529926305697,
              34.43351361102821
            ],
            [
              -119.15528838358173,
              34.43351361102821
            ],
            [
              -119.1552775041065,
              34.43351361102821
            ],
            [
              -119.15526662463125,
              34.43351361102821
            ],
            [
              -119.15525574515603,
              34.43351361102821
            ],
            [
              -119.15524486568079,
              34.43351361102821
            ],
            [
              -119.15523398620554,
              34.43351361102821
            ],
            [
              -119.15522310673032,
              34.43351361102821
            ],
            [
              -119.15521222725508,
              34.43351361102821
            ],
            [
              -119.15521222725508,
              34.43350459634921
            ],
            [
              -119.15520134777984,
              34.43350459634921
            ],
            [
              -119.1551904683046,
              34.43350459634921
            ],
            [
              -119.15517958882937,
              34.43350459634921
            ],
            [
              -119.15516870935413,
              34.43350459634921
            ],
            [
              -119.15515782987889,
              34.43350459634921
            ],
            [
              -119.15515782987889,
              34.433495581670215
            ],
            [
              -119.15515782987889,
              34.43348656699121
            ],
            [
              -119.15515782987889,
              34.43347755231221
            ],
            [
              -119.15515782987889,
              34.43346853763322
            ],
            [
              -119.15515782987889,
              34.433459522954216
            ],
            [
              -119.15515782987889,
              34.43345050827522
            ],
            [
              -119.15515782987889,
              34.43344149359622
            ],
            [
              -119.15515782987889,
              34.433432478917226
            ],
            [
              -119.15515782987889,
              34.433423464238224
            ],
            [
              -119.15515782987889,
              34.43341444955922
            ],
            [
              -119.15515782987889,
              34.43340543488023
            ],
            [
              -119.15515782987889,
              34.43339642020123
            ],
            [
              -119.15515782987889,
              34.43338740552223
            ],
            [
              -119.15515782987889,
              34.43337839084323
            ],
            [
              -119.15514695040366,
              34.43337839084323
            ],
            [
              -119.15513607092842,
              34.43337839084323
            ],
            [
              -119.15512519145318,
              34.43337839084323
            ],
            [
              -119.15511431197794,
              34.43337839084323
            ],
            [
              -119.15510343250271,
              34.43337839084323
            ],
            [
              -119.15509255302747,
              34.43337839084323
            ],
            [
              -119.15508167355223,
              34.43337839084323
            ],
            [
              -119.15507079407699,
              34.43337839084323
            ],
            [
              -119.15505991460176,
              34.43337839084323
            ],
            [
              -119.15504903512652,
              34.43337839084323
            ],
            [
              -119.15503815565128,
              34.43337839084323
            ],
            [
              -119.15502727617606,
              34.43337839084323
            ],
            [
              -119.15501639670082,
              34.43337839084323
            ],
            [
              -119.15500551722558,
              34.43337839084323
            ],
            [
              -119.15499463775033,
              34.43337839084323
            ],
            [
              -119.15498375827511,
              34.43337839084323
            ],
            [
              -119.15497287879987,
              34.43337839084323
            ],
            [
              -119.15497287879987,
              34.43338740552223
            ],
            [
              -119.15497287879987,
              34.43339642020123
            ],
            [
              -119.15497287879987,
              34.43340543488023
            ],
            [
              -119.15497287879987,
              34.43341444955922
            ],
            [
              -119.15497287879987,
              34.433423464238224
            ],
            [
              -119.15497287879987,
              34.433432478917226
            ],
            [
              -119.15497287879987,
              34.43344149359622
            ],
            [
              -119.15497287879987,
              34.43345050827522
            ],
            [
              -119.15497287879987,
              34.433459522954216
            ],
            [
              -119.15497287879987,
              34.43346853763322
            ],
            [
              -119.15497287879987,
              34.43347755231221
            ],
            [
              -119.15497287879987,
              34.43348656699121
            ],
            [
              -119.15497287879987,
              34.433495581670215
            ],
            [
              -119.15497287879987,
              34.43350459634921
            ],
            [
              -119.15496199932463,
              34.43350459634921
            ],
            [
              -119.15496199932463,
              34.433495581670215
            ],
            [
              -119.15495111984939,
              34.433495581670215
            ],
            [
              -119.15495111984939,
              34.43348656699121
            ],
            [
              -119.15494024037416,
              34.43348656699121
            ],
            [
              -119.15494024037416,
              34.43347755231221
            ],
            [
              -119.15492936089892,
              34.43347755231221
            ],
            [
              -119.15492936089892,
              34.43348656699121
            ],
            [
              -119.15491848142368,
              34.43348656699121
            ],
            [
              -119.15491848142368,
              34.433495581670215
            ],
            [
              -119.15491848142368,
              34.43350459634921
            ],
            [
              -119.15490760194845,
              34.43350459634921
            ],
            [
              -119.15489672247321,
              34.43350459634921
            ],
            [
              -119.15489672247321,
              34.433495581670215
            ],
            [
              -119.15489672247321,
              34.43348656699121
            ],
            [
              -119.15489672247321,
              34.43347755231221
            ],
            [
              -119.15489672247321,
              34.43346853763322
            ],
            [
              -119.15489672247321,
              34.433459522954216
            ],
            [
              -119.15489672247321,
              34.43345050827522
            ],
            [
              -119.15489672247321,
              34.43344149359622
            ],
            [
              -119.15489672247321,
              34.433432478917226
            ],
            [
              -119.15489672247321,
              34.433423464238224
            ],
            [
              -119.15489672247321,
              34.43341444955922
            ],
            [
              -119.15489672247321,
              34.43340543488023
            ],
            [
              -119.15489672247321,
              34.43339642020123
            ],
            [
              -119.15489672247321,
              34.43338740552223
            ],
            [
              -119.15489672247321,
              34.43337839084323
            ],
            [
              -119.15489672247321,
              34.43336937616424
            ],
            [
              -119.15489672247321,
              34.433360361485235
            ],
            [
              -119.15489672247321,
              34.43335134680623
            ],
            [
              -119.15489672247321,
              34.43334233212724
            ],
            [
              -119.15489672247321,
              34.43333331744824
            ],
            [
              -119.15489672247321,
              34.43332430276924
            ],
            [
              -119.15489672247321,
              34.43331528809024
            ],
            [
              -119.15489672247321,
              34.43330627341124
            ],
            [
              -119.15489672247321,
              34.433297258732246
            ],
            [
              -119.15489672247321,
              34.433288244053244
            ],
            [
              -119.15489672247321,
              34.43327922937425
            ],
            [
              -119.15489672247321,
              34.43327021469525
            ],
            [
              -119.15489672247321,
              34.433261200016254
            ],
            [
              -119.15489672247321,
              34.43325218533725
            ],
            [
              -119.15489672247321,
              34.43324317065825
            ],
            [
              -119.15489672247321,
              34.43323415597926
            ],
            [
              -119.15489672247321,
              34.433225141300255
            ],
            [
              -119.15489672247321,
              34.43321612662126
            ],
            [
              -119.15489672247321,
              34.43320711194226
            ],
            [
              -119.15489672247321,
              34.433198097263265
            ],
            [
              -119.15489672247321,
              34.43318908258426
            ],
            [
              -119.15489672247321,
              34.43318006790526
            ],
            [
              -119.15489672247321,
              34.43317105322627
            ],
            [
              -119.15489672247321,
              34.433162038547266
            ],
            [
              -119.15489672247321,
              34.43315302386827
            ],
            [
              -119.15489672247321,
              34.43314400918927
            ],
            [
              -119.15489672247321,
              34.433134994510276
            ],
            [
              -119.15489672247321,
              34.433125979831274
            ],
            [
              -119.15489672247321,
              34.43311696515227
            ],
            [
              -119.15489672247321,
              34.43310795047328
            ],
            [
              -119.15489672247321,
              34.43309893579428
            ],
            [
              -119.15489672247321,
              34.43308992111528
            ],
            [
              -119.15489672247321,
              34.43308090643628
            ],
            [
              -119.15489672247321,
              34.43307189175729
            ],
            [
              -119.15489672247321,
              34.433062877078285
            ],
            [
              -119.15489672247321,
              34.433053862399284
            ],
            [
              -119.15489672247321,
              34.43304484772029
            ],
            [
              -119.15489672247321,
              34.43303583304129
            ],
            [
              -119.15489672247321,
              34.43302681836229
            ],
            [
              -119.15489672247321,
              34.43301780368329
            ],
            [
              -119.15489672247321,
              34.4330087890043
            ],
            [
              -119.15489672247321,
              34.432999774325296
            ],
            [
              -119.15489672247321,
              34.432990759646295
            ],
            [
              -119.15489672247321,
              34.4329817449673
            ],
            [
              -119.15489672247321,
              34.4329727302883
            ],
            [
              -119.15489672247321,
              34.432963715609304
            ],
            [
              -119.15489672247321,
              34.4329547009303
            ],
            [
              -119.15489672247321,
              34.43294568625131
            ],
            [
              -119.15489672247321,
              34.43293667157231
            ],
            [
              -119.15489672247321,
              34.432927656893305
            ],
            [
              -119.15489672247321,
              34.43291864221431
            ],
            [
              -119.15489672247321,
              34.43290962753531
            ],
            [
              -119.15489672247321,
              34.432900612856315
            ],
            [
              -119.15490760194845,
              34.432900612856315
            ],
            [
              -119.15491848142368,
              34.432900612856315
            ],
            [
              -119.15492936089892,
              34.432900612856315
            ],
            [
              -119.15494024037416,
              34.432900612856315
            ],
            [
              -119.15495111984939,
              34.432900612856315
            ],
            [
              -119.15496199932463,
              34.432900612856315
            ],
            [
              -119.15496199932463,
              34.43290962753531
            ],
            [
              -119.15496199932463,
              34.43291864221431
            ],
            [
              -119.15496199932463,
              34.432927656893305
            ],
            [
              -119.15496199932463,
              34.43293667157231
            ],
            [
              -119.15495111984939,
              34.43293667157231
            ],
            [
              -119.15495111984939,
              34.43294568625131
            ],
            [
              -119.15495111984939,
              34.4329547009303
            ],
            [
              -119.15495111984939,
              34.432963715609304
            ],
            [
              -119.15495111984939,
              34.4329727302883
            ],
            [
              -119.15495111984939,
              34.4329817449673
            ],
            [
              -119.15496199932463,
              34.4329817449673
            ],
            [
              -119.15497287879987,
              34.4329817449673
            ],
            [
              -119.15498375827511,
              34.4329817449673
            ],
            [
              -119.15499463775033,
              34.4329817449673
            ],
            [
              -119.15499463775033,
              34.4329727302883
            ],
            [
              -119.15500551722558,
              34.4329727302883
            ],
            [
              -119.15500551722558,
              34.4329817449673
            ],
            [
              -119.15500551722558,
              34.432990759646295
            ],
            [
              -119.15500551722558,
              34.432999774325296
            ],
            [
              -119.15500551722558,
              34.4330087890043
            ],
            [
              -119.15500551722558,
              34.43301780368329
            ],
            [
              -119.15500551722558,
              34.43302681836229
            ],
            [
              -119.15500551722558,
              34.43303583304129
            ],
            [
              -119.15500551722558,
              34.43304484772029
            ],
            [
              -119.15501639670082,
              34.43304484772029
            ],
            [
              -119.15502727617606,
              34.43304484772029
            ],
            [
              -119.15503815565128,
              34.43304484772029
            ],
            [
              -119.15504903512652,
              34.43304484772029
            ],
            [
              -119.15505991460176,
              34.43304484772029
            ],
            [
              -119.15505991460176,
              34.433053862399284
            ],
            [
              -119.15507079407699,
              34.433053862399284
            ],
            [
              -119.15507079407699,
              34.433062877078285
            ],
            [
              -119.15508167355223,
              34.433062877078285
            ],
            [
              -119.15509255302747,
              34.433062877078285
            ],
            [
              -119.15510343250271,
              34.433062877078285
            ],
            [
              -119.15510343250271,
              34.43307189175729
            ],
            [
              -119.15510343250271,
              34.43308090643628
            ],
            [
              -119.15510343250271,
              34.43308992111528
            ],
            [
              -119.15511431197794,
              34.43308992111528
            ],
            [
              -119.15512519145318,
              34.43308992111528
            ],
            [
              -119.15512519145318,
              34.43309893579428
            ],
            [
              -119.15513607092842,
              34.43309893579428
            ],
            [
              -119.15514695040366,
              34.43309893579428
            ],
            [
              -119.15515782987889,
              34.43309893579428
            ],
            [
              -119.15515782987889,
              34.43310795047328
            ],
            [
              -119.15515782987889,
              34.43311696515227
            ],
            [
              -119.15515782987889,
              34.433125979831274
            ],
            [
              -119.15515782987889,
              34.433134994510276
            ],
            [
              -119.15515782987889,
              34.43314400918927
            ],
            [
              -119.15514695040366,
              34.43314400918927
            ],
            [
              -119.15513607092842,
              34.43314400918927
            ],
            [
              -119.15513607092842,
              34.43315302386827
            ],
            [
              -119.15512519145318,
              34.43315302386827
            ],
            [
              -119.15512519145318,
              34.433162038547266
            ],
            [
              -119.15512519145318,
              34.43317105322627
            ],
            [
              -119.15512519145318,
              34.43318006790526
            ],
            [
              -119.15512519145318,
              34.43318908258426
            ],
            [
              -119.15512519145318,
              34.433198097263265
            ],
            [
              -119.15513607092842,
              34.433198097263265
            ],
            [
              -119.15513607092842,
              34.43320711194226
            ],
            [
              -119.15514695040366,
              34.43320711194226
            ],
            [
              -119.15515782987889,
              34.43320711194226
            ],
            [
              -119.15515782987889,
              34.43321612662126
            ],
            [
              -119.15515782987889,
              34.433225141300255
            ],
            [
              -119.15516870935413,
              34.433225141300255
            ],
            [
              -119.15516870935413,
              34.43323415597926
            ],
            [
              -119.15517958882937,
              34.43323415597926
            ],
            [
              -119.15517958882937,
              34.43324317065825
            ],
            [
              -119.1551904683046,
              34.43324317065825
            ],
            [
              -119.1551904683046,
              34.43325218533725
            ],
            [
              -119.15520134777984,
              34.43325218533725
            ],
            [
              -119.15521222725508,
              34.43325218533725
            ],
            [
              -119.15521222725508,
              34.433261200016254
            ],
            [
              -119.15522310673032,
              34.433261200016254
            ],
            [
              -119.15522310673032,
              34.43327021469525
            ],
            [
              -119.15522310673032,
              34.43327922937425
            ],
            [
              -119.15523398620554,
              34.43327922937425
            ],
            [
              -119.15523398620554,
              34.433288244053244
            ],
            [
              -119.15523398620554,
              34.433297258732246
            ],
            [
              -119.15524486568079,
              34.433297258732246
            ],
            [
              -119.15524486568079,
              34.43330627341124
            ],
            [
              -119.15525574515603,
              34.43330627341124
            ],
            [
              -119.15525574515603,
              34.43331528809024
            ],
            [
              -119.15525574515603,
              34.43332430276924
            ],
            [
              -119.15526662463125,
              34.43332430276924
            ],
            [
              -119.15526662463125,
              34.43333331744824
            ],
            [
              -119.1552775041065,
              34.43333331744824
            ],
            [
              -119.15528838358173,
              34.43333331744824
            ],
            [
              -119.15529926305697,
              34.43333331744824
            ],
            [
              -119.1553101425322,
              34.43333331744824
            ],
            [
              -119.15532102200744,
              34.43333331744824
            ],
            [
              -119.15533190148268,
              34.43333331744824
            ],
            [
              -119.15534278095792,
              34.43333331744824
            ],
            [
              -119.15535366043315,
              34.43333331744824
            ],
            [
              -119.15536453990839,
              34.43333331744824
            ],
            [
              -119.15537541938363,
              34.43333331744824
            ],
            [
              -119.15538629885886,
              34.43333331744824
            ],
            [
              -119.1553971783341,
              34.43333331744824
            ],
            [
              -119.1553971783341,
              34.43332430276924
            ],
            [
              -119.15540805780934,
              34.43332430276924
            ],
            [
              -119.15541893728458,
              34.43332430276924
            ],
            [
              -119.1554298167598,
              34.43332430276924
            ],
            [
              -119.15544069623505,
              34.43332430276924
            ],
            [
              -119.15545157571029,
              34.43332430276924
            ],
            [
              -119.15546245518553,
              34.43332430276924
            ],
            [
              -119.15547333466075,
              34.43332430276924
            ],
            [
              -119.155484214136,
              34.43332430276924
            ],
            [
              -119.15549509361124,
              34.43332430276924
            ],
            [
              -119.15549509361124,
              34.43331528809024
            ],
            [
              -119.15550597308646,
              34.43331528809024
            ],
            [
              -119.1555168525617,
              34.43331528809024
            ],
            [
              -119.15552773203694,
              34.43331528809024
            ],
            [
              -119.15553861151218,
              34.43331528809024
            ],
            [
              -119.15554949098741,
              34.43331528809024
            ],
            [
              -119.15554949098741,
              34.43330627341124
            ],
            [
              -119.15556037046265,
              34.43330627341124
            ],
            [
              -119.15556037046265,
              34.433297258732246
            ],
            [
              -119.15557124993789,
              34.433297258732246
            ],
            [
              -119.15557124993789,
              34.433288244053244
            ],
            [
              -119.15557124993789,
              34.43327922937425
            ],
            [
              -119.15557124993789,
              34.43327021469525
            ],
            [
              -119.15556037046265,
              34.43327021469525
            ],
            [
              -119.15556037046265,
              34.433261200016254
            ],
            [
              -119.15556037046265,
              34.43325218533725
            ],
            [
              -119.15556037046265,
              34.43324317065825
            ],
            [
              -119.15556037046265,
              34.43323415597926
            ],
            [
              -119.15556037046265,
              34.433225141300255
            ],
            [
              -119.15554949098741,
              34.433225141300255
            ],
            [
              -119.15554949098741,
              34.43321612662126
            ],
            [
              -119.15554949098741,
              34.43320711194226
            ],
            [
              -119.15554949098741,
              34.433198097263265
            ],
            [
              -119.15554949098741,
              34.43318908258426
            ],
            [
              -119.15553861151218,
              34.43318908258426
            ],
            [
              -119.15553861151218,
              34.43318006790526
            ],
            [
              -119.15553861151218,
              34.43317105322627
            ],
            [
              -119.15553861151218,
              34.433162038547266
            ],
            [
              -119.15553861151218,
              34.43315302386827
            ],
            [
              -119.15553861151218,
              34.43314400918927
            ],
            [
              -119.15552773203694,
              34.43314400918927
            ],
            [
              -119.15552773203694,
              34.433134994510276
            ],
            [
              -119.15552773203694,
              34.433125979831274
            ],
            [
              -119.15552773203694,
              34.43311696515227
            ],
            [
              -119.15552773203694,
              34.43310795047328
            ],
            [
              -119.1555168525617,
              34.43310795047328
            ],
            [
              -119.1555168525617,
              34.43309893579428
            ],
            [
              -119.1555168525617,
              34.43308992111528
            ],
            [
              -119.1555168525617,
              34.43308090643628
            ],
            [
              -119.1555168525617,
              34.43307189175729
            ],
            [
              -119.1555168525617,
              34.433062877078285
            ],
            [
              -119.15550597308646,
              34.433062877078285
            ],
            [
              -119.15550597308646,
              34.433053862399284
            ],
            [
              -119.15550597308646,
              34.43304484772029
            ],
            [
              -119.15550597308646,
              34.43303583304129
            ],
            [
              -119.15550597308646,
              34.43302681836229
            ],
            [
              -119.15550597308646,
              34.43301780368329
            ],
            [
              -119.15549509361124,
              34.43301780368329
            ],
            [
              -119.15549509361124,
              34.4330087890043
            ],
            [
              -119.155484214136,
              34.4330087890043
            ],
            [
              -119.15547333466075,
              34.4330087890043
            ],
            [
              -119.15546245518553,
              34.4330087890043
            ],
            [
              -119.15546245518553,
              34.432999774325296
            ],
            [
              -119.15545157571029,
              34.432999774325296
            ],
            [
              -119.15545157571029,
              34.432990759646295
            ],
            [
              -119.15545157571029,
              34.4329817449673
            ],
            [
              -119.15545157571029,
              34.4329727302883
            ],
            [
              -119.15545157571029,
              34.432963715609304
            ],
            [
              -119.15544069623505,
              34.432963715609304
            ],
            [
              -119.15544069623505,
              34.4329547009303
            ],
            [
              -119.15544069623505,
              34.43294568625131
            ],
            [
              -119.1554298167598,
              34.43294568625131
            ],
            [
              -119.15541893728458,
              34.43294568625131
            ],
            [
              -119.15540805780934,
              34.43294568625131
            ],
            [
              -119.15540805780934,
              34.4329547009303
            ],
            [
              -119.1553971783341,
              34.4329547009303
            ],
            [
              -119.15538629885886,
              34.4329547009303
            ],
            [
              -119.15538629885886,
              34.43294568625131
            ],
            [
              -119.15538629885886,
              34.43293667157231
            ],
            [
              -119.15538629885886,
              34.432927656893305
            ],
            [
              -119.15537541938363,
              34.432927656893305
            ],
            [
              -119.15537541938363,
              34.43291864221431
            ],
            [
              -119.15537541938363,
              34.43290962753531
            ],
            [
              -119.15536453990839,
              34.43290962753531
            ],
            [
              -119.15535366043315,
              34.43290962753531
            ],
            [
              -119.15534278095792,
              34.43290962753531
            ],
            [
              -119.15533190148268,
              34.43290962753531
            ],
            [
              -119.15532102200744,
              34.43290962753531
            ],
            [
              -119.15532102200744,
              34.432900612856315
            ],
            [
              -119.1553101425322,
              34.432900612856315
            ],
            [
              -119.15529926305697,
              34.432900612856315
            ],
            [
              -119.15528838358173,
              34.432900612856315
            ],
            [
              -119.15528838358173,
              34.43290962753531
            ],
            [
              -119.1552775041065,
              34.43290962753531
            ],
            [
              -119.15526662463125,
              34.43290962753531
            ],
            [
              -119.15525574515603,
              34.43290962753531
            ],
            [
              -119.15524486568079,
              34.43290962753531
            ],
            [
              -119.15524486568079,
              34.432900612856315
            ],
            [
              -119.15525574515603,
              34.432900612856315
            ],
            [
              -119.15525574515603,
              34.432891598177314
            ],
            [
              -119.15526662463125,
              34.432891598177314
            ],
            [
              -119.1552775041065,
              34.432891598177314
            ],
            [
              -119.15528838358173,
              34.432891598177314
            ],
            [
              -119.15529926305697,
              34.432891598177314
            ],
            [
              -119.1553101425322,
              34.432891598177314
            ],
            [
              -119.1553101425322,
              34.43288258349832
            ],
            [
              -119.15532102200744,
              34.43288258349832
            ],
            [
              -119.15532102200744,
              34.43287356881932
            ],
            [
              -119.15533190148268,
              34.43287356881932
            ],
            [
              -119.15533190148268,
              34.432864554140316
            ],
            [
              -119.15533190148268,
              34.43285553946132
            ],
            [
              -119.15533190148268,
              34.43284652478232
            ],
            [
              -119.15533190148268,
              34.432837510103326
            ],
            [
              -119.15533190148268,
              34.432828495424324
            ],
            [
              -119.15534278095792,
              34.432828495424324
            ],
            [
              -119.15535366043315,
              34.432828495424324
            ],
            [
              -119.15536453990839,
              34.432828495424324
            ],
            [
              -119.15537541938363,
              34.432828495424324
            ],
            [
              -119.15537541938363,
              34.432837510103326
            ],
            [
              -119.15537541938363,
              34.43284652478232
            ],
            [
              -119.15538629885886,
              34.43284652478232
            ],
            [
              -119.15538629885886,
              34.43285553946132
            ],
            [
              -119.15538629885886,
              34.432864554140316
            ],
            [
              -119.1553971783341,
              34.432864554140316
            ],
            [
              -119.1553971783341,
              34.43287356881932
            ],
            [
              -119.15540805780934,
              34.43287356881932
            ],
            [
              -119.15541893728458,
              34.43287356881932
            ],
            [
              -119.1554298167598,
              34.43287356881932
            ],
            [
              -119.15544069623505,
              34.43287356881932
            ],
            [
              -119.15545157571029,
              34.43287356881932
            ],
            [
              -119.15546245518553,
              34.43287356881932
            ],
            [
              -119.15546245518553,
              34.432864554140316
            ],
            [
              -119.15547333466075,
              34.432864554140316
            ],
            [
              -119.15547333466075,
              34.43285553946132
            ],
            [
              -119.15547333466075,
              34.43284652478232
            ],
            [
              -119.155484214136,
              34.43284652478232
            ],
            [
              -119.155484214136,
              34.432837510103326
            ],
            [
              -119.155484214136,
              34.432828495424324
            ],
            [
              -119.15549509361124,
              34.432828495424324
            ],
            [
              -119.15549509361124,
              34.43281948074533
            ],
            [
              -119.15549509361124,
              34.43281046606633
            ],
            [
              -119.15549509361124,
              34.43280145138733
            ],
            [
              -119.15549509361124,
              34.43279243670833
            ],
            [
              -119.15549509361124,
              34.43278342202933
            ],
            [
              -119.15549509361124,
              34.43277440735034
            ],
            [
              -119.15549509361124,
              34.432765392671335
            ],
            [
              -119.155484214136,
              34.432765392671335
            ],
            [
              -119.155484214136,
              34.43275637799234
            ],
            [
              -119.15549509361124,
              34.43275637799234
            ],
            [
              -119.15550597308646,
              34.43275637799234
            ],
            [
              -119.15550597308646,
              34.43274736331334
            ],
            [
              -119.1555168525617,
              34.43274736331334
            ],
            [
              -119.1555168525617,
              34.43273834863434
            ],
            [
              -119.1555168525617,
              34.43272933395534
            ],
            [
              -119.15552773203694,
              34.43272933395534
            ],
            [
              -119.15552773203694,
              34.43272031927634
            ],
            [
              -119.15553861151218,
              34.43272031927634
            ],
            [
              -119.15554949098741,
              34.43272031927634
            ],
            [
              -119.15554949098741,
              34.43272933395534
            ],
            [
              -119.15556037046265,
              34.43272933395534
            ],
            [
              -119.15556037046265,
              34.43273834863434
            ],
            [
              -119.15557124993789,
              34.43273834863434
            ],
            [
              -119.15558212941312,
              34.43273834863434
            ],
            [
              -119.15559300888836,
              34.43273834863434
            ],
            [
              -119.1556038883636,
              34.43273834863434
            ],
            [
              -119.15561476783884,
              34.43273834863434
            ],
            [
              -119.15561476783884,
              34.43274736331334
            ],
            [
              -119.15561476783884,
              34.43275637799234
            ],
            [
              -119.15561476783884,
              34.432765392671335
            ],
            [
              -119.15561476783884,
              34.43277440735034
            ],
            [
              -119.15561476783884,
              34.43278342202933
            ],
            [
              -119.15561476783884,
              34.43279243670833
            ],
            [
              -119.15561476783884,
              34.43280145138733
            ],
            [
              -119.15561476783884,
              34.43281046606633
            ],
            [
              -119.15561476783884,
              34.43281948074533
            ],
            [
              -119.15562564731407,
              34.43281948074533
            ],
            [
              -119.15563652678931,
              34.43281948074533
            ],
            [
              -119.15564740626455,
              34.43281948074533
            ],
            [
              -119.15565828573979,
              34.43281948074533
            ],
            [
              -119.15566916521502,
              34.43281948074533
            ],
            [
              -119.15568004469026,
              34.43281948074533
            ],
            [
              -119.1556909241655,
              34.43281948074533
            ],
            [
              -119.15570180364072,
              34.43281948074533
            ],
            [
              -119.15571268311596,
              34.43281948074533
            ],
            [
              -119.1557235625912,
              34.43281948074533
            ],
            [
              -119.15573444206645,
              34.43281948074533
            ],
            [
              -119.15574532154167,
              34.43281948074533
            ],
            [
              -119.15575620101691,
              34.43281948074533
            ],
            [
              -119.15575620101691,
              34.43281046606633
            ],
            [
              -119.15575620101691,
              34.43280145138733
            ],
            [
              -119.15575620101691,
              34.43279243670833
            ],
            [
              -119.15575620101691,
              34.43278342202933
            ],
            [
              -119.15575620101691,
              34.43277440735034
            ],
            [
              -119.15575620101691,
              34.432765392671335
            ],
            [
              -119.15575620101691,
              34.43275637799234
            ],
            [
              -119.15576708049215,
              34.43275637799234
            ],
            [
              -119.15576708049215,
              34.43274736331334
            ],
            [
              -119.15576708049215,
              34.43273834863434
            ],
            [
              -119.1557779599674,
              34.43273834863434
            ],
            [
              -119.1557779599674,
              34.43272933395534
            ],
            [
              -119.15578883944262,
              34.43272933395534
            ],
            [
              -119.15579971891786,
              34.43272933395534
            ],
            [
              -119.1558105983931,
              34.43272933395534
            ],
            [
              -119.15582147786833,
              34.43272933395534
            ],
            [
              -119.15583235734357,
              34.43272933395534
            ],
            [
              -119.15584323681881,
              34.43272933395534
            ],
            [
              -119.15585411629405,
              34.43272933395534
            ],
            [
              -119.15585411629405,
              34.43273834863434
            ],
            [
              -119.15586499576928,
              34.43273834863434
            ],
            [
              -119.15587587524452,
              34.43273834863434
            ],
            [
              -119.15588675471976,
              34.43273834863434
            ],
            [
              -119.15588675471976,
              34.43274736331334
            ],
            [
              -119.155897634195,
              34.43274736331334
            ],
            [
              -119.15590851367023,
              34.43274736331334
            ],
            [
              -119.15591939314547,
              34.43274736331334
            ],
            [
              -119.15591939314547,
              34.43273834863434
            ],
            [
              -119.15593027262071,
              34.43273834863434
            ],
            [
              -119.15594115209593,
              34.43273834863434
            ],
            [
              -119.15595203157118,
              34.43273834863434
            ],
            [
              -119.15596291104642,
              34.43273834863434
            ],
            [
              -119.15596291104642,
              34.43272933395534
            ],
            [
              -119.15597379052166,
              34.43272933395534
            ],
            [
              -119.15597379052166,
              34.43273834863434
            ],
            [
              -119.15598466999688,
              34.43273834863434
            ],
            [
              -119.15598466999688,
              34.43274736331334
            ],
            [
              -119.15599554947212,
              34.43274736331334
            ],
            [
              -119.15599554947212,
              34.43275637799234
            ],
            [
              -119.15600642894736,
              34.43275637799234
            ],
            [
              -119.15601730842259,
              34.43275637799234
            ],
            [
              -119.15601730842259,
              34.432765392671335
            ],
            [
              -119.15602818789783,
              34.432765392671335
            ],
            [
              -119.15603906737307,
              34.432765392671335
            ],
            [
              -119.15604994684831,
              34.432765392671335
            ],
            [
              -119.15604994684831,
              34.43277440735034
            ],
            [
              -119.15606082632354,
              34.43277440735034
            ],
            [
              -119.15607170579878,
              34.43277440735034
            ],
            [
              -119.15608258527402,
              34.43277440735034
            ],
            [
              -119.15609346474926,
              34.43277440735034
            ],
            [
              -119.15610434422449,
              34.43277440735034
            ],
            [
              -119.15611522369973,
              34.43277440735034
            ],
            [
              -119.15612610317497,
              34.43277440735034
            ],
            [
              -119.1561369826502,
              34.43277440735034
            ],
            [
              -119.15614786212544,
              34.43277440735034
            ],
            [
              -119.15615874160068,
              34.43277440735034
            ],
            [
              -119.15616962107592,
              34.43277440735034
            ],
            [
              -119.15618050055114,
              34.43277440735034
            ],
            [
              -119.15619138002639,
              34.43277440735034
            ],
            [
              -119.15620225950163,
              34.43277440735034
            ],
            [
              -119.15621313897687,
              34.43277440735034
            ],
            [
              -119.1562240184521,
              34.43277440735034
            ],
            [
              -119.15623489792733,
              34.43277440735034
            ],
            [
              -119.15624577740257,
              34.43277440735034
            ],
            [
              -119.1562566568778,
              34.43277440735034
            ],
            [
              -119.15626753635304,
              34.43277440735034
            ],
            [
              -119.15627841582828,
              34.43277440735034
            ],
            [
              -119.15628929530352,
              34.43277440735034
            ],
            [
              -119.15630017477875,
              34.43277440735034
            ],
            [
              -119.15631105425399,
              34.43277440735034
            ],
            [
              -119.15632193372923,
              34.43277440735034
            ],
            [
              -119.15633281320446,
              34.43277440735034
            ],
            [
              -119.1563436926797,
              34.43277440735034
            ],
            [
              -119.1563436926797,
              34.43278342202933
            ],
            [
              -119.15635457215494,
              34.43278342202933
            ],
            [
              -119.15635457215494,
              34.43279243670833
            ],
            [
              -119.15636545163018,
              34.43279243670833
            ],
            [
              -119.1563763311054,
              34.43279243670833
            ],
            [
              -119.1563763311054,
              34.43280145138733
            ],
            [
              -119.15638721058065,
              34.43280145138733
            ],
            [
              -119.15639809005589,
              34.43280145138733
            ],
            [
              -119.15640896953113,
              34.43280145138733
            ],
            [
              -119.15641984900635,
              34.43280145138733
            ],
            [
              -119.15641984900635,
              34.43279243670833
            ],
            [
              -119.1564307284816,
              34.43279243670833
            ],
            [
              -119.1564307284816,
              34.43278342202933
            ],
            [
              -119.15644160795684,
              34.43278342202933
            ],
            [
              -119.15645248743206,
              34.43278342202933
            ],
            [
              -119.15645248743206,
              34.43279243670833
            ],
            [
              -119.15645248743206,
              34.43280145138733
            ],
            [
              -119.1564633669073,
              34.43280145138733
            ],
            [
              -119.1564633669073,
              34.43281046606633
            ],
            [
              -119.15647424638254,
              34.43281046606633
            ],
            [
              -119.15648512585778,
              34.43281046606633
            ],
            [
              -119.15649600533301,
              34.43281046606633
            ],
            [
              -119.15649600533301,
              34.43280145138733
            ],
            [
              -119.15650688480825,
              34.43280145138733
            ],
            [
              -119.15651776428349,
              34.43280145138733
            ],
            [
              -119.15651776428349,
              34.43279243670833
            ],
            [
              -119.15652864375873,
              34.43279243670833
            ],
            [
              -119.15652864375873,
              34.43280145138733
            ],
            [
              -119.15653952323396,
              34.43280145138733
            ],
            [
              -119.15653952323396,
              34.43281046606633
            ],
            [
              -119.1565504027092,
              34.43281046606633
            ],
            [
              -119.1565504027092,
              34.43281948074533
            ],
            [
              -119.1565504027092,
              34.432828495424324
            ],
            [
              -119.15656128218444,
              34.432828495424324
            ],
            [
              -119.15656128218444,
              34.432837510103326
            ],
            [
              -119.15656128218444,
              34.43284652478232
            ],
            [
              -119.15657216165967,
              34.43284652478232
            ],
            [
              -119.15657216165967,
              34.43285553946132
            ],
            [
              -119.15658304113491,
              34.43285553946132
            ],
            [
              -119.15658304113491,
              34.432864554140316
            ],
            [
              -119.15659392061015,
              34.432864554140316
            ],
            [
              -119.15660480008539,
              34.432864554140316
            ],
            [
              -119.15661567956062,
              34.432864554140316
            ],
            [
              -119.15662655903586,
              34.432864554140316
            ],
            [
              -119.15662655903586,
              34.43287356881932
            ],
            [
              -119.15662655903586,
              34.43288258349832
            ],
            [
              -119.15661567956062,
              34.43288258349832
            ],
            [
              -119.15660480008539,
              34.43288258349832
            ],
            [
              -119.15659392061015,
              34.43288258349832
            ],
            [
              -119.15658304113491,
              34.43288258349832
            ],
            [
              -119.15658304113491,
              34.432891598177314
            ],
            [
              -119.15658304113491,
              34.432900612856315
            ],
            [
              -119.15658304113491,
              34.43290962753531
            ],
            [
              -119.15658304113491,
              34.43291864221431
            ],
            [
              -119.15658304113491,
              34.432927656893305
            ],
            [
              -119.15659392061015,
              34.432927656893305
            ],
            [
              -119.15660480008539,
              34.432927656893305
            ],
            [
              -119.15661567956062,
              34.432927656893305
            ],
            [
              -119.15662655903586,
              34.432927656893305
            ],
            [
              -119.15662655903586,
              34.43291864221431
            ],
            [
              -119.1566374385111,
              34.43291864221431
            ],
            [
              -119.1566374385111,
              34.43290962753531
            ],
            [
              -119.1566374385111,
              34.432900612856315
            ],
            [
              -119.15664831798632,
              34.432900612856315
            ],
            [
              -119.15665919746156,
              34.432900612856315
            ],
            [
              -119.1566700769368,
              34.432900612856315
            ],
            [
              -119.15668095641205,
              34.432900612856315
            ],
            [
              -119.15669183588727,
              34.432900612856315
            ],
            [
              -119.15670271536251,
              34.432900612856315
            ],
            [
              -119.15670271536251,
              34.43290962753531
            ],
            [
              -119.15670271536251,
              34.43291864221431
            ],
            [
              -119.15670271536251,
              34.432927656893305
            ],
            [
              -119.15670271536251,
              34.43293667157231
            ],
            [
              -119.15670271536251,
              34.43294568625131
            ],
            [
              -119.15670271536251,
              34.4329547009303
            ],
            [
              -119.15670271536251,
              34.432963715609304
            ],
            [
              -119.15670271536251,
              34.4329727302883
            ],
            [
              -119.15670271536251,
              34.4329817449673
            ],
            [
              -119.15670271536251,
              34.432990759646295
            ],
            [
              -119.15671359483775,
              34.432990759646295
            ],
            [
              -119.156724474313,
              34.432990759646295
            ],
            [
              -119.15673535378822,
              34.432990759646295
            ],
            [
              -119.15674623326346,
              34.432990759646295
            ],
            [
              -119.1567571127387,
              34.432990759646295
            ],
            [
              -119.15676799221393,
              34.432990759646295
            ],
            [
              -119.15677887168917,
              34.432990759646295
            ],
            [
              -119.15678975116441,
              34.432990759646295
            ],
            [
              -119.15680063063965,
              34.432990759646295
            ],
            [
              -119.15681151011488,
              34.432990759646295
            ],
            [
              -119.15681151011488,
              34.432999774325296
            ],
            [
              -119.15681151011488,
              34.4330087890043
            ],
            [
              -119.15680063063965,
              34.4330087890043
            ],
            [
              -119.15680063063965,
              34.43301780368329
            ],
            [
              -119.15680063063965,
              34.43302681836229
            ]
          ]
        ]
      }
    },
    {
      "type": "Feature",
      "properties": {
        "rank": 12,
        "band": "good",
        "score": 0.5817,
        "area_m2": 576.0,
        "reasons": [
          "sunny through the year",
          "holds December sun",
          "out of the frost pools"
        ]
      },
      "geometry": {
        "type": "Polygon",
        "coordinates": [
          [
            [
              -119.15537541938363,
              34.432540025696376
            ],
            [
              -119.15537541938363,
              34.43254904037537
            ],
            [
              -119.15537541938363,
              34.43255805505437
            ],
            [
              -119.15536453990839,
              34.43255805505437
            ],
            [
              -119.15536453990839,
              34.43256706973337
            ],
            [
              -119.15535366043315,
              34.43256706973337
            ],
            [
              -119.15535366043315,
              34.43257608441237
            ],
            [
              -119.15535366043315,
              34.43258509909137
            ],
            [
              -119.15535366043315,
              34.432594113770364
            ],
            [
              -119.15536453990839,
              34.432594113770364
            ],
            [
              -119.15536453990839,
              34.432603128449365
            ],
            [
              -119.15537541938363,
              34.432603128449365
            ],
            [
              -119.15538629885886,
              34.432603128449365
            ],
            [
              -119.15538629885886,
              34.43261214312836
            ],
            [
              -119.1553971783341,
              34.43261214312836
            ],
            [
              -119.1553971783341,
              34.43262115780736
            ],
            [
              -119.15540805780934,
              34.43262115780736
            ],
            [
              -119.15541893728458,
              34.43262115780736
            ],
            [
              -119.15541893728458,
              34.43263017248636
            ],
            [
              -119.15540805780934,
              34.43263017248636
            ],
            [
              -119.15540805780934,
              34.43263918716536
            ],
            [
              -119.1553971783341,
              34.43263918716536
            ],
            [
              -119.15538629885886,
              34.43263918716536
            ],
            [
              -119.15537541938363,
              34.43263918716536
            ],
            [
              -119.15537541938363,
              34.43264820184436
            ],
            [
              -119.15536453990839,
              34.43264820184436
            ],
            [
              -119.15535366043315,
              34.43264820184436
            ],
            [
              -119.15535366043315,
              34.43265721652335
            ],
            [
              -119.15534278095792,
              34.43265721652335
            ],
            [
              -119.15533190148268,
              34.43265721652335
            ],
            [
              -119.15532102200744,
              34.43265721652335
            ],
            [
              -119.1553101425322,
              34.43265721652335
            ],
            [
              -119.1553101425322,
              34.432666231202354
            ],
            [
              -119.15529926305697,
              34.432666231202354
            ],
            [
              -119.15528838358173,
              34.432666231202354
            ],
            [
              -119.1552775041065,
              34.432666231202354
            ],
            [
              -119.15526662463125,
              34.432666231202354
            ],
            [
              -119.15525574515603,
              34.432666231202354
            ],
            [
              -119.15524486568079,
              34.432666231202354
            ],
            [
              -119.15524486568079,
              34.43267524588135
            ],
            [
              -119.15523398620554,
              34.43267524588135
            ],
            [
              -119.15522310673032,
              34.43267524588135
            ],
            [
              -119.15522310673032,
              34.43268426056035
            ],
            [
              -119.15523398620554,
              34.43268426056035
            ],
            [
              -119.15524486568079,
              34.43268426056035
            ],
            [
              -119.15525574515603,
              34.43268426056035
            ],
            [
              -119.15526662463125,
              34.43268426056035
            ],
            [
              -119.1552775041065,
              34.43268426056035
            ],
            [
              -119.15528838358173,
              34.43268426056035
            ],
            [
              -119.15529926305697,
              34.43268426056035
            ],
            [
              -119.1553101425322,
              34.43268426056035
            ],
            [
              -119.15532102200744,
              34.43268426056035
            ],
            [
              -119.15533190148268,
              34.43268426056035
            ],
            [
              -119.15533190148268,
              34.43267524588135
            ],
            [
              -119.15534278095792,
              34.43267524588135
            ],
            [
              -119.15535366043315,
              34.43267524588135
            ],
            [
              -119.15535366043315,
              34.43268426056035
            ],
            [
              -119.15535366043315,
              34.43269327523935
            ],
            [
              -119.15534278095792,
              34.43269327523935
            ],
            [
              -119.15533190148268,
              34.43269327523935
            ],
            [
              -119.15533190148268,
              34.432702289918346
            ],
            [
              -119.15533190148268,
              34.43271130459735
            ],
            [
              -119.15532102200744,
              34.43271130459735
            ],
            [
              -119.1553101425322,
              34.43271130459735
            ],
            [
              -119.15529926305697,
              34.43271130459735
            ],
            [
              -119.15528838358173,
              34.43271130459735
            ],
            [
              -119.15528838358173,
              34.43272031927634
            ],
            [
              -119.1552775041065,
              34.43272031927634
            ],
            [
              -119.15526662463125,
              34.43272031927634
            ],
            [
              -119.15525574515603,
              34.43272031927634
            ],
            [
              -119.15524486568079,
              34.43272031927634
            ],
            [
              -119.15524486568079,
              34.43272933395534
            ],
            [
              -119.15523398620554,
              34.43272933395534
            ],
            [
              -119.15522310673032,
              34.43272933395534
            ],
            [
              -119.15521222725508,
              34.43272933395534
            ],
            [
              -119.15520134777984,
              34.43272933395534
            ],
            [
              -119.1551904683046,
              34.43272933395534
            ],
            [
              -119.15517958882937,
              34.43272933395534
            ],
            [
              -119.15516870935413,
              34.43272933395534
            ],
            [
              -119.15515782987889,
              34.43272933395534
            ],
            [
              -119.15514695040366,
              34.43272933395534
            ],
            [
              -119.15514695040366,
              34.43272031927634
            ],
            [
              -119.15514695040366,
              34.43271130459735
            ],
            [
              -119.15513607092842,
              34.43271130459735
            ],
            [
              -119.15512519145318,
              34.43271130459735
            ],
            [
              -119.15511431197794,
              34.43271130459735
            ],
            [
              -119.15511431197794,
              34.432702289918346
            ],
            [
              -119.15512519145318,
              34.432702289918346
            ],
            [
              -119.15513607092842,
              34.432702289918346
            ],
            [
              -119.15514695040366,
              34.432702289918346
            ],
            [
              -119.15514695040366,
              34.43269327523935
            ],
            [
              -119.15514695040366,
              34.43268426056035
            ],
            [
              -119.15514695040366,
              34.43267524588135
            ],
            [
              -119.15513607092842,
              34.43267524588135
            ],
            [
              -119.15513607092842,
              34.432666231202354
            ],
            [
              -119.15512519145318,
              34.432666231202354
            ],
            [
              -119.15511431197794,
              34.432666231202354
            ],
            [
              -119.15511431197794,
              34.43265721652335
            ],
            [
              -119.15510343250271,
              34.43265721652335
            ],
            [
              -119.15509255302747,
              34.43265721652335
            ],
            [
              -119.15508167355223,
              34.43265721652335
            ],
            [
              -119.15508167355223,
              34.432666231202354
            ],
            [
              -119.15507079407699,
              34.432666231202354
            ],
            [
              -119.15507079407699,
              34.43265721652335
            ],
            [
              -119.15505991460176,
              34.43265721652335
            ],
            [
              -119.15504903512652,
              34.43265721652335
            ],
            [
              -119.15504903512652,
              34.43264820184436
            ],
            [
              -119.15504903512652,
              34.43263918716536
            ],
            [
              -119.15504903512652,
              34.43263017248636
            ],
            [
              -119.15504903512652,
              34.43262115780736
            ],
            [
              -119.15505991460176,
              34.43262115780736
            ],
            [
              -119.15505991460176,
              34.43263017248636
            ],
            [
              -119.15505991460176,
              34.43263918716536
            ],
            [
              -119.15507079407699,
              34.43263918716536
            ],
            [
              -119.15507079407699,
              34.43264820184436
            ],
            [
              -119.15508167355223,
              34.43264820184436
            ],
            [
              -119.15509255302747,
              34.43264820184436
            ],
            [
              -119.15510343250271,
              34.43264820184436
            ],
            [
              -119.15511431197794,
              34.43264820184436
            ],
            [
              -119.15512519145318,
              34.43264820184436
            ],
            [
              -119.15512519145318,
              34.43263918716536
            ],
            [
              -119.15512519145318,
              34.43263017248636
            ],
            [
              -119.15512519145318,
              34.43262115780736
            ],
            [
              -119.15512519145318,
              34.43261214312836
            ],
            [
              -119.15512519145318,
              34.432603128449365
            ],
            [
              -119.15511431197794,
              34.432603128449365
            ],
            [
              -119.15511431197794,
              34.432594113770364
            ],
            [
              -119.15510343250271,
              34.432594113770364
            ],
            [
              -119.15510343250271,
              34.43258509909137
            ],
            [
              -119.15511431197794,
              34.43258509909137
            ],
            [
              -119.15511431197794,
              34.43257608441237
            ],
            [
              -119.15511431197794,
              34.43256706973337
            ],
            [
              -119.15511431197794,
              34.43255805505437
            ],
            [
              -119.15511431197794,
              34.43254904037537
            ],
            [
              -119.15511431197794,
              34.432540025696376
            ],
            [
              -119.15510343250271,
              34.432540025696376
            ],
            [
              -119.15510343250271,
              34.432531011017375
            ],
            [
              -119.15510343250271,
              34.43252199633838
            ],
            [
              -119.15509255302747,
              34.43252199633838
            ],
            [
              -119.15509255302747,
              34.43251298165938
            ],
            [
              -119.15508167355223,
              34.43251298165938
            ],
            [
              -119.15508167355223,
              34.432503966980384
            ],
            [
              -119.15507079407699,
              34.432503966980384
            ],
            [
              -119.15505991460176,
              34.432503966980384
            ],
            [
              -119.15504903512652,
              34.432503966980384
            ],
            [
              -119.15504903512652,
              34.43249495230138
            ],
            [
              -119.15504903512652,
              34.43248593762238
            ],
            [
              -119.15504903512652,
              34.43247692294339
            ],
            [
              -119.15504903512652,
              34.432467908264385
            ],
            [
              -119.15505991460176,
              34.432467908264385
            ],
            [
              -119.15507079407699,
              34.432467908264385
            ],
            [
              -119.15507079407699,
              34.43245889358539
            ],
            [
              -119.15508167355223,
              34.43245889358539
            ],
            [
              -119.15508167355223,
              34.43244987890639
            ],
            [
              -119.15508167355223,
              34.432440864227395
            ],
            [
              -119.15508167355223,
              34.432431849548394
            ],
            [
              -119.15508167355223,
              34.43242283486939
            ],
            [
              -119.15507079407699,
              34.43242283486939
            ],
            [
              -119.15507079407699,
              34.4324138201904
            ],
            [
              -119.15508167355223,
              34.4324138201904
            ],
            [
              -119.15509255302747,
              34.4324138201904
            ],
            [
              -119.15509255302747,
              34.43242283486939
            ],
            [
              -119.15509255302747,
              34.432431849548394
            ],
            [
              -119.15510343250271,
              34.432431849548394
            ],
            [
              -119.15511431197794,
              34.432431849548394
            ],
            [
              -119.15512519145318,
              34.432431849548394
            ],
            [
              -119.15512519145318,
              34.43242283486939
            ],
            [
              -119.15513607092842,
              34.43242283486939
            ],
            [
              -119.15513607092842,
              34.432431849548394
            ],
            [
              -119.15514695040366,
              34.432431849548394
            ],
            [
              -119.15514695040366,
              34.432440864227395
            ],
            [
              -119.15513607092842,
              34.432440864227395
            ],
            [
              -119.15512519145318,
              34.432440864227395
            ],
            [
              -119.15511431197794,
              34.432440864227395
            ],
            [
              -119.15511431197794,
              34.43244987890639
            ],
            [
              -119.15511431197794,
              34.43245889358539
            ],
            [
              -119.15511431197794,
              34.432467908264385
            ],
            [
              -119.15512519145318,
              34.432467908264385
            ],
            [
              -119.15513607092842,
              34.432467908264385
            ],
            [
              -119.15514695040366,
              34.432467908264385
            ],
            [
              -119.15514695040366,
              34.43247692294339
            ],
            [
              -119.15515782987889,
              34.43247692294339
            ],
            [
              -119.15516870935413,
              34.43247692294339
            ],
            [
              -119.15517958882937,
              34.43247692294339
            ],
            [
              -119.15517958882937,
              34.432467908264385
            ],
            [
              -119.1551904683046,
              34.432467908264385
            ],
            [
              -119.15520134777984,
              34.432467908264385
            ],
            [
              -119.15520134777984,
              34.43247692294339
            ],
            [
              -119.1551904683046,
              34.43247692294339
            ],
            [
              -119.1551904683046,
              34.43248593762238
            ],
            [
              -119.1551904683046,
              34.43249495230138
            ],
            [
              -119.1551904683046,
              34.432503966980384
            ],
            [
              -119.15520134777984,
              34.432503966980384
            ],
            [
              -119.15520134777984,
              34.43251298165938
            ],
            [
              -119.15521222725508,
              34.43251298165938
            ],
            [
              -119.15522310673032,
              34.43251298165938
            ],
            [
              -119.15523398620554,
              34.43251298165938
            ],
            [
              -119.15524486568079,
              34.43251298165938
            ],
            [
              -119.15525574515603,
              34.43251298165938
            ],
            [
              -119.15526662463125,
              34.43251298165938
            ],
            [
              -119.1552775041065,
              34.43251298165938
            ],
            [
              -119.15528838358173,
              34.43251298165938
            ],
            [
              -119.15529926305697,
              34.43251298165938
            ],
            [
              -119.1553101425322,
              34.43251298165938
            ],
            [
              -119.15532102200744,
              34.43251298165938
            ],
            [
              -119.15533190148268,
              34.43251298165938
            ],
            [
              -119.15534278095792,
              34.43251298165938
            ],
            [
              -119.15535366043315,
              34.43251298165938
            ],
            [
              -119.15535366043315,
              34.43252199633838
            ],
            [
              -119.15536453990839,
              34.43252199633838
            ],
            [
              -119.15537541938363,
              34.43252199633838
            ],
            [
              -119.15537541938363,
              34.432531011017375
            ],
            [
              -119.15537541938363,
              34.432540025696376
            ]
          ]
        ]
      }
    },
    {
      "type": "Feature",
      "properties": {
        "rank": 13,
        "band": "good",
        "score": 0.5796,
        "area_m2": 126.0,
        "reasons": [
          "sunny through the year",
          "holds December sun",
          "gentle ground"
        ]
      },
      "geometry": {
        "type": "Polygon",
        "coordinates": [
          [
            [
              -119.15571268311596,
              34.43254904037537
            ],
            [
              -119.15571268311596,
              34.43255805505437
            ],
            [
              -119.1557235625912,
              34.43255805505437
            ],
            [
              -119.1557235625912,
              34.43256706973337
            ],
            [
              -119.15573444206645,
              34.43256706973337
            ],
            [
              -119.15573444206645,
              34.43257608441237
            ],
            [
              -119.15574532154167,
              34.43257608441237
            ],
            [
              -119.15574532154167,
              34.43258509909137
            ],
            [
              -119.15575620101691,
              34.43258509909137
            ],
            [
              -119.15575620101691,
              34.432594113770364
            ],
            [
              -119.15576708049215,
              34.432594113770364
            ],
            [
              -119.15576708049215,
              34.432603128449365
            ],
            [
              -119.15575620101691,
              34.432603128449365
            ],
            [
              -119.15574532154167,
              34.432603128449365
            ],
            [
              -119.15573444206645,
              34.432603128449365
            ],
            [
              -119.15573444206645,
              34.432594113770364
            ],
            [
              -119.1557235625912,
              34.432594113770364
            ],
            [
              -119.15571268311596,
              34.432594113770364
            ],
            [
              -119.15571268311596,
              34.432603128449365
            ],
            [
              -119.15570180364072,
              34.432603128449365
            ],
            [
              -119.1556909241655,
              34.432603128449365
            ],
            [
              -119.1556909241655,
              34.43261214312836
            ],
            [
              -119.15568004469026,
              34.43261214312836
            ],
            [
              -119.15566916521502,
              34.43261214312836
            ],
            [
              -119.15565828573979,
              34.43261214312836
            ],
            [
              -119.15565828573979,
              34.432603128449365
            ],
            [
              -119.15564740626455,
              34.432603128449365
            ],
            [
              -119.15563652678931,
              34.432603128449365
            ],
            [
              -119.15562564731407,
              34.432603128449365
            ],
            [
              -119.15561476783884,
              34.432603128449365
            ],
            [
              -119.1556038883636,
              34.432603128449365
            ],
            [
              -119.15559300888836,
              34.432603128449365
            ],
            [
              -119.15558212941312,
              34.432603128449365
            ],
            [
              -119.15557124993789,
              34.432603128449365
            ],
            [
              -119.15556037046265,
              34.432603128449365
            ],
            [
              -119.15554949098741,
              34.432603128449365
            ],
            [
              -119.15554949098741,
              34.432594113770364
            ],
            [
              -119.15554949098741,
              34.43258509909137
            ],
            [
              -119.15554949098741,
              34.43257608441237
            ],
            [
              -119.15554949098741,
              34.43256706973337
            ],
            [
              -119.15553861151218,
              34.43256706973337
            ],
            [
              -119.15553861151218,
              34.43255805505437
            ],
            [
              -119.15554949098741,
              34.43255805505437
            ],
            [
              -119.15556037046265,
              34.43255805505437
            ],
            [
              -119.15557124993789,
              34.43255805505437
            ],
            [
              -119.15558212941312,
              34.43255805505437
            ],
            [
              -119.15559300888836,
              34.43255805505437
            ],
            [
              -119.1556038883636,
              34.43255805505437
            ],
            [
              -119.15561476783884,
              34.43255805505437
            ],
            [
              -119.15562564731407,
              34.43255805505437
            ],
            [
              -119.15563652678931,
              34.43255805505437
            ],
            [
              -119.15564740626455,
              34.43255805505437
            ],
            [
              -119.15564740626455,
              34.43254904037537
            ],
            [
              -119.15564740626455,
              34.432540025696376
            ],
            [
              -119.15564740626455,
              34.432531011017375
            ],
            [
              -119.15564740626455,
              34.43252199633838
            ],
            [
              -119.15564740626455,
              34.43251298165938
            ],
            [
              -119.15564740626455,
              34.432503966980384
            ],
            [
              -119.15564740626455,
              34.43249495230138
            ],
            [
              -119.15564740626455,
              34.43248593762238
            ],
            [
              -119.15564740626455,
              34.43247692294339
            ],
            [
              -119.15565828573979,
              34.43247692294339
            ],
            [
              -119.15565828573979,
              34.43248593762238
            ],
            [
              -119.15566916521502,
              34.43248593762238
            ],
            [
              -119.15566916521502,
              34.43249495230138
            ],
            [
              -119.15568004469026,
              34.43249495230138
            ],
            [
              -119.15568004469026,
              34.432503966980384
            ],
            [
              -119.15568004469026,
              34.43251298165938
            ],
            [
              -119.1556909241655,
              34.43251298165938
            ],
            [
              -119.1556909241655,
              34.43252199633838
            ],
            [
              -119.15570180364072,
              34.43252199633838
            ],
            [
              -119.15570180364072,
              34.432531011017375
            ],
            [
              -119.15570180364072,
              34.432540025696376
            ],
            [
              -119.15570180364072,
              34.43254904037537
            ],
            [
              -119.15571268311596,
              34.43254904037537
            ]
          ]
        ]
      }
    },
    {
      "type": "Feature",
      "properties": {
        "rank": 14,
        "band": "good",
        "score": 0.5631,
        "area_m2": 141.0,
        "reasons": [
          "sunny through the year",
          "holds December sun",
          "out of the frost pools"
        ]
      },
      "geometry": {
        "type": "Polygon",
        "coordinates": [
          [
            [
              -119.15550597308646,
              34.43248593762238
            ],
            [
              -119.15550597308646,
              34.43249495230138
            ],
            [
              -119.15550597308646,
              34.432503966980384
            ],
            [
              -119.15550597308646,
              34.43251298165938
            ],
            [
              -119.15550597308646,
              34.43252199633838
            ],
            [
              -119.15550597308646,
              34.432531011017375
            ],
            [
              -119.15550597308646,
              34.432540025696376
            ],
            [
              -119.15550597308646,
              34.43254904037537
            ],
            [
              -119.15550597308646,
              34.43255805505437
            ],
            [
              -119.15550597308646,
              34.43256706973337
            ],
            [
              -119.15549509361124,
              34.43256706973337
            ],
            [
              -119.15549509361124,
              34.43257608441237
            ],
            [
              -119.15549509361124,
              34.43258509909137
            ],
            [
              -119.15549509361124,
              34.432594113770364
            ],
            [
              -119.155484214136,
              34.432594113770364
            ],
            [
              -119.15547333466075,
              34.432594113770364
            ],
            [
              -119.15546245518553,
              34.432594113770364
            ],
            [
              -119.15546245518553,
              34.432603128449365
            ],
            [
              -119.15545157571029,
              34.432603128449365
            ],
            [
              -119.15545157571029,
              34.432594113770364
            ],
            [
              -119.15544069623505,
              34.432594113770364
            ],
            [
              -119.15544069623505,
              34.43258509909137
            ],
            [
              -119.1554298167598,
              34.43258509909137
            ],
            [
              -119.15541893728458,
              34.43258509909137
            ],
            [
              -119.15541893728458,
              34.43257608441237
            ],
            [
              -119.15541893728458,
              34.43256706973337
            ],
            [
              -119.15540805780934,
              34.43256706973337
            ],
            [
              -119.15540805780934,
              34.43255805505437
            ],
            [
              -119.15541893728458,
              34.43255805505437
            ],
            [
              -119.15541893728458,
              34.43254904037537
            ],
            [
              -119.15541893728458,
              34.432540025696376
            ],
            [
              -119.15541893728458,
              34.432531011017375
            ],
            [
              -119.15541893728458,
              34.43252199633838
            ],
            [
              -119.15540805780934,
              34.43252199633838
            ],
            [
              -119.15540805780934,
              34.43251298165938
            ],
            [
              -119.15540805780934,
              34.432503966980384
            ],
            [
              -119.15540805780934,
              34.43249495230138
            ],
            [
              -119.15540805780934,
              34.43248593762238
            ],
            [
              -119.1553971783341,
              34.43248593762238
            ],
            [
              -119.1553971783341,
              34.43247692294339
            ],
            [
              -119.1553971783341,
              34.432467908264385
            ],
            [
              -119.15538629885886,
              34.432467908264385
            ],
            [
              -119.15538629885886,
              34.43245889358539
            ],
            [
              -119.1553971783341,
              34.43245889358539
            ],
            [
              -119.15540805780934,
              34.43245889358539
            ],
            [
              -119.15541893728458,
              34.43245889358539
            ],
            [
              -119.1554298167598,
              34.43245889358539
            ],
            [
              -119.1554298167598,
              34.43244987890639
            ],
            [
              -119.15544069623505,
              34.43244987890639
            ],
            [
              -119.15545157571029,
              34.43244987890639
            ],
            [
              -119.15546245518553,
              34.43244987890639
            ],
            [
              -119.15546245518553,
              34.432440864227395
            ],
            [
              -119.15547333466075,
              34.432440864227395
            ],
            [
              -119.155484214136,
              34.432440864227395
            ],
            [
              -119.155484214136,
              34.432431849548394
            ],
            [
              -119.15549509361124,
              34.432431849548394
            ],
            [
              -119.15550597308646,
              34.432431849548394
            ],
            [
              -119.15550597308646,
              34.432440864227395
            ],
            [
              -119.15550597308646,
              34.43244987890639
            ],
            [
              -119.15550597308646,
              34.43245889358539
            ],
            [
              -119.15550597308646,
              34.432467908264385
            ],
            [
              -119.15550597308646,
              34.43247692294339
            ],
            [
              -119.15550597308646,
              34.43248593762238
            ]
          ]
        ]
      }
    },
    {
      "type": "Feature",
      "properties": {
        "rank": 15,
        "band": "good",
        "score": 0.5285,
        "area_m2": 253.0,
        "reasons": [
          "sunny through the year",
          "holds December sun",
          "gentle ground"
        ]
      },
      "geometry": {
        "type": "Polygon",
        "coordinates": [
          [
            [
              -119.15591939314547,
              34.43252199633838
            ],
            [
              -119.15591939314547,
              34.432531011017375
            ],
            [
              -119.15591939314547,
              34.432540025696376
            ],
            [
              -119.15591939314547,
              34.43254904037537
            ],
            [
              -119.15591939314547,
              34.43255805505437
            ],
            [
              -119.15591939314547,
              34.43256706973337
            ],
            [
              -119.15591939314547,
              34.43257608441237
            ],
            [
              -119.15591939314547,
              34.43258509909137
            ],
            [
              -119.15591939314547,
              34.432594113770364
            ],
            [
              -119.15591939314547,
              34.432603128449365
            ],
            [
              -119.15591939314547,
              34.43261214312836
            ],
            [
              -119.15590851367023,
              34.43261214312836
            ],
            [
              -119.155897634195,
              34.43261214312836
            ],
            [
              -119.15588675471976,
              34.43261214312836
            ],
            [
              -119.15587587524452,
              34.43261214312836
            ],
            [
              -119.15586499576928,
              34.43261214312836
            ],
            [
              -119.15586499576928,
              34.43262115780736
            ],
            [
              -119.15585411629405,
              34.43262115780736
            ],
            [
              -119.15585411629405,
              34.43263017248636
            ],
            [
              -119.15585411629405,
              34.43263918716536
            ],
            [
              -119.15584323681881,
              34.43263918716536
            ],
            [
              -119.15583235734357,
              34.43263918716536
            ],
            [
              -119.15583235734357,
              34.43264820184436
            ],
            [
              -119.15582147786833,
              34.43264820184436
            ],
            [
              -119.15582147786833,
              34.43263918716536
            ],
            [
              -119.15582147786833,
              34.43263017248636
            ],
            [
              -119.1558105983931,
              34.43263017248636
            ],
            [
              -119.15579971891786,
              34.43263017248636
            ],
            [
              -119.15579971891786,
              34.43262115780736
            ],
            [
              -119.1558105983931,
              34.43262115780736
            ],
            [
              -119.15582147786833,
              34.43262115780736
            ],
            [
              -119.15583235734357,
              34.43262115780736
            ],
            [
              -119.15584323681881,
              34.43262115780736
            ],
            [
              -119.15584323681881,
              34.43261214312836
            ],
            [
              -119.15585411629405,
              34.43261214312836
            ],
            [
              -119.15585411629405,
              34.432603128449365
            ],
            [
              -119.15586499576928,
              34.432603128449365
            ],
            [
              -119.15586499576928,
              34.432594113770364
            ],
            [
              -119.15585411629405,
              34.432594113770364
            ],
            [
              -119.15585411629405,
              34.43258509909137
            ],
            [
              -119.15586499576928,
              34.43258509909137
            ],
            [
              -119.15587587524452,
              34.43258509909137
            ],
            [
              -119.15587587524452,
              34.43257608441237
            ],
            [
              -119.15588675471976,
              34.43257608441237
            ],
            [
              -119.15588675471976,
              34.43256706973337
            ],
            [
              -119.15587587524452,
              34.43256706973337
            ],
            [
              -119.15587587524452,
              34.43255805505437
            ],
            [
              -119.15586499576928,
              34.43255805505437
            ],
            [
              -119.15585411629405,
              34.43255805505437
            ],
            [
              -119.15585411629405,
              34.43256706973337
            ],
            [
              -119.15584323681881,
              34.43256706973337
            ],
            [
              -119.15583235734357,
              34.43256706973337
            ],
            [
              -119.15583235734357,
              34.43255805505437
            ],
            [
              -119.15582147786833,
              34.43255805505437
            ],
            [
              -119.1558105983931,
              34.43255805505437
            ],
            [
              -119.15579971891786,
              34.43255805505437
            ],
            [
              -119.15578883944262,
              34.43255805505437
            ],
            [
              -119.15578883944262,
              34.43256706973337
            ],
            [
              -119.1557779599674,
              34.43256706973337
            ],
            [
              -119.1557779599674,
              34.43257608441237
            ],
            [
              -119.1557779599674,
              34.43258509909137
            ],
            [
              -119.15576708049215,
              34.43258509909137
            ],
            [
              -119.15575620101691,
              34.43258509909137
            ],
            [
              -119.15575620101691,
              34.43257608441237
            ],
            [
              -119.15574532154167,
              34.43257608441237
            ],
            [
              -119.15574532154167,
              34.43256706973337
            ],
            [
              -119.15573444206645,
              34.43256706973337
            ],
            [
              -119.15573444206645,
              34.43255805505437
            ],
            [
              -119.1557235625912,
              34.43255805505437
            ],
            [
              -119.1557235625912,
              34.43254904037537
            ],
            [
              -119.15571268311596,
              34.43254904037537
            ],
            [
              -119.15571268311596,
              34.432540025696376
            ],
            [
              -119.15571268311596,
              34.432531011017375
            ],
            [
              -119.15571268311596,
              34.43252199633838
            ],
            [
              -119.15570180364072,
              34.43252199633838
            ],
            [
              -119.15570180364072,
              34.43251298165938
            ],
            [
              -119.1556909241655,
              34.43251298165938
            ],
            [
              -119.1556909241655,
              34.432503966980384
            ],
            [
              -119.1556909241655,
              34.43249495230138
            ],
            [
              -119.15568004469026,
              34.43249495230138
            ],
            [
              -119.15568004469026,
              34.43248593762238
            ],
            [
              -119.15566916521502,
              34.43248593762238
            ],
            [
              -119.15566916521502,
              34.43247692294339
            ],
            [
              -119.15565828573979,
              34.43247692294339
            ],
            [
              -119.15565828573979,
              34.432467908264385
            ],
            [
              -119.15565828573979,
              34.43245889358539
            ],
            [
              -119.15564740626455,
              34.43245889358539
            ],
            [
              -119.15564740626455,
              34.43244987890639
            ],
            [
              -119.15564740626455,
              34.432440864227395
            ],
            [
              -119.15564740626455,
              34.432431849548394
            ],
            [
              -119.15564740626455,
              34.43242283486939
            ],
            [
              -119.15565828573979,
              34.43242283486939
            ],
            [
              -119.15565828573979,
              34.432431849548394
            ],
            [
              -119.15565828573979,
              34.432440864227395
            ],
            [
              -119.15565828573979,
              34.43244987890639
            ],
            [
              -119.15566916521502,
              34.43244987890639
            ],
            [
              -119.15568004469026,
              34.43244987890639
            ],
            [
              -119.1556909241655,
              34.43244987890639
            ],
            [
              -119.1556909241655,
              34.432440864227395
            ],
            [
              -119.1556909241655,
              34.432431849548394
            ],
            [
              -119.1556909241655,
              34.43242283486939
            ],
            [
              -119.1556909241655,
              34.4324138201904
            ],
            [
              -119.15568004469026,
              34.4324138201904
            ],
            [
              -119.15568004469026,
              34.432404805511396
            ],
            [
              -119.15568004469026,
              34.4323957908324
            ],
            [
              -119.15568004469026,
              34.4323867761534
            ],
            [
              -119.1556909241655,
              34.4323867761534
            ],
            [
              -119.15570180364072,
              34.4323867761534
            ],
            [
              -119.15570180364072,
              34.4323957908324
            ],
            [
              -119.15571268311596,
              34.4323957908324
            ],
            [
              -119.15571268311596,
              34.432404805511396
            ],
            [
              -119.1557235625912,
              34.432404805511396
            ],
            [
              -119.15573444206645,
              34.432404805511396
            ],
            [
              -119.15573444206645,
              34.4324138201904
            ],
            [
              -119.15574532154167,
              34.4324138201904
            ],
            [
              -119.15575620101691,
              34.4324138201904
            ],
            [
              -119.15576708049215,
              34.4324138201904
            ],
            [
              -119.15576708049215,
              34.43242283486939
            ],
            [
              -119.15575620101691,
              34.43242283486939
            ],
            [
              -119.15575620101691,
              34.432431849548394
            ],
            [
              -119.15575620101691,
              34.432440864227395
            ],
            [
              -119.15575620101691,
              34.43244987890639
            ],
            [
              -119.15575620101691,
              34.43245889358539
            ],
            [
              -119.15575620101691,
              34.432467908264385
            ],
            [
              -119.15576708049215,
              34.432467908264385
            ],
            [
              -119.15576708049215,
              34.43247692294339
            ],
            [
              -119.1557779599674,
              34.43247692294339
            ],
            [
              -119.1557779599674,
              34.43248593762238
            ],
            [
              -119.15578883944262,
              34.43248593762238
            ],
            [
              -119.15578883944262,
              34.43249495230138
            ],
            [
              -119.15579971891786,
              34.43249495230138
            ],
            [
              -119.1558105983931,
              34.43249495230138
            ],
            [
              -119.15582147786833,
              34.43249495230138
            ],
            [
              -119.15583235734357,
              34.43249495230138
            ],
            [
              -119.15583235734357,
              34.43248593762238
            ],
            [
              -119.15584323681881,
              34.43248593762238
            ],
            [
              -119.15584323681881,
              34.43249495230138
            ],
            [
              -119.15584323681881,
              34.432503966980384
            ],
            [
              -119.15585411629405,
              34.432503966980384
            ],
            [
              -119.15586499576928,
              34.432503966980384
            ],
            [
              -119.15586499576928,
              34.43251298165938
            ],
            [
              -119.15587587524452,
              34.43251298165938
            ],
            [
              -119.15588675471976,
              34.43251298165938
            ],
            [
              -119.15588675471976,
              34.43252199633838
            ],
            [
              -119.155897634195,
              34.43252199633838
            ],
            [
              -119.155897634195,
              34.432531011017375
            ],
            [
              -119.15590851367023,
              34.432531011017375
            ],
            [
              -119.15590851367023,
              34.43252199633838
            ],
            [
              -119.15591939314547,
              34.43252199633838
            ]
          ]
        ]
      }
    },
    {
      "type": "Feature",
      "properties": {
        "rank": 16,
        "band": "good",
        "score": 0.5237,
        "area_m2": 286.0,
        "reasons": [
          "out of the frost pools",
          "sunny through the year",
          "sheltered from Santa Anas"
        ]
      },
      "geometry": {
        "type": "Polygon",
        "coordinates": [
          [
            [
              -119.15523398620554,
              34.43275637799234
            ],
            [
              -119.15524486568079,
              34.43275637799234
            ],
            [
              -119.15525574515603,
              34.43275637799234
            ],
            [
              -119.15525574515603,
              34.432765392671335
            ],
            [
              -119.15524486568079,
              34.432765392671335
            ],
            [
              -119.15523398620554,
              34.432765392671335
            ],
            [
              -119.15522310673032,
              34.432765392671335
            ],
            [
              -119.15521222725508,
              34.432765392671335
            ],
            [
              -119.15520134777984,
              34.432765392671335
            ],
            [
              -119.1551904683046,
              34.432765392671335
            ],
            [
              -119.1551904683046,
              34.43277440735034
            ],
            [
              -119.15517958882937,
              34.43277440735034
            ],
            [
              -119.15517958882937,
              34.43278342202933
            ],
            [
              -119.15517958882937,
              34.43279243670833
            ],
            [
              -119.15517958882937,
              34.43280145138733
            ],
            [
              -119.15517958882937,
              34.43281046606633
            ],
            [
              -119.15517958882937,
              34.43281948074533
            ],
            [
              -119.1551904683046,
              34.43281948074533
            ],
            [
              -119.1551904683046,
              34.432828495424324
            ],
            [
              -119.15520134777984,
              34.432828495424324
            ],
            [
              -119.15520134777984,
              34.432837510103326
            ],
            [
              -119.15521222725508,
              34.432837510103326
            ],
            [
              -119.15521222725508,
              34.43284652478232
            ],
            [
              -119.15521222725508,
              34.43285553946132
            ],
            [
              -119.15521222725508,
              34.432864554140316
            ],
            [
              -119.15522310673032,
              34.432864554140316
            ],
            [
              -119.15522310673032,
              34.43287356881932
            ],
            [
              -119.15522310673032,
              34.43288258349832
            ],
            [
              -119.15521222725508,
              34.43288258349832
            ],
            [
              -119.15520134777984,
              34.43288258349832
            ],
            [
              -119.15520134777984,
              34.432891598177314
            ],
            [
              -119.15520134777984,
              34.432900612856315
            ],
            [
              -119.15520134777984,
              34.43290962753531
            ],
            [
              -119.1551904683046,
              34.43290962753531
            ],
            [
              -119.15517958882937,
              34.43290962753531
            ],
            [
              -119.15516870935413,
              34.43290962753531
            ],
            [
              -119.15516870935413,
              34.43291864221431
            ],
            [
              -119.15516870935413,
              34.432927656893305
            ],
            [
              -119.15517958882937,
              34.432927656893305
            ],
            [
              -119.1551904683046,
              34.432927656893305
            ],
            [
              -119.1551904683046,
              34.43291864221431
            ],
            [
              -119.15520134777984,
              34.43291864221431
            ],
            [
              -119.15520134777984,
              34.432927656893305
            ],
            [
              -119.15521222725508,
              34.432927656893305
            ],
            [
              -119.15522310673032,
              34.432927656893305
            ],
            [
              -119.15523398620554,
              34.432927656893305
            ],
            [
              -119.15523398620554,
              34.43291864221431
            ],
            [
              -119.15524486568079,
              34.43291864221431
            ],
            [
              -119.15524486568079,
              34.432927656893305
            ],
            [
              -119.15524486568079,
              34.43293667157231
            ],
            [
              -119.15525574515603,
              34.43293667157231
            ],
            [
              -119.15526662463125,
              34.43293667157231
            ],
            [
              -119.1552775041065,
              34.43293667157231
            ],
            [
              -119.1552775041065,
              34.432927656893305
            ],
            [
              -119.1552775041065,
              34.43291864221431
            ],
            [
              -119.15528838358173,
              34.43291864221431
            ],
            [
              -119.15529926305697,
              34.43291864221431
            ],
            [
              -119.1553101425322,
              34.43291864221431
            ],
            [
              -119.1553101425322,
              34.432927656893305
            ],
            [
              -119.15532102200744,
              34.432927656893305
            ],
            [
              -119.15533190148268,
              34.432927656893305
            ],
            [
              -119.15534278095792,
              34.432927656893305
            ],
            [
              -119.15535366043315,
              34.432927656893305
            ],
            [
              -119.15536453990839,
              34.432927656893305
            ],
            [
              -119.15536453990839,
              34.43293667157231
            ],
            [
              -119.15535366043315,
              34.43293667157231
            ],
            [
              -119.15535366043315,
              34.43294568625131
            ],
            [
              -119.15534278095792,
              34.43294568625131
            ],
            [
              -119.15533190148268,
              34.43294568625131
            ],
            [
              -119.15532102200744,
              34.43294568625131
            ],
            [
              -119.15532102200744,
              34.4329547009303
            ],
            [
              -119.1553101425322,
              34.4329547009303
            ],
            [
              -119.15529926305697,
              34.4329547009303
            ],
            [
              -119.15529926305697,
              34.43294568625131
            ],
            [
              -119.15528838358173,
              34.43294568625131
            ],
            [
              -119.1552775041065,
              34.43294568625131
            ],
            [
              -119.15526662463125,
              34.43294568625131
            ],
            [
              -119.15526662463125,
              34.4329547009303
            ],
            [
              -119.15525574515603,
              34.4329547009303
            ],
            [
              -119.15525574515603,
              34.432963715609304
            ],
            [
              -119.15524486568079,
              34.432963715609304
            ],
            [
              -119.15523398620554,
              34.432963715609304
            ],
            [
              -119.15523398620554,
              34.4329547009303
            ],
            [
              -119.15522310673032,
              34.4329547009303
            ],
            [
              -119.15522310673032,
              34.43294568625131
            ],
            [
              -119.15521222725508,
              34.43294568625131
            ],
            [
              -119.15520134777984,
              34.43294568625131
            ],
            [
              -119.15520134777984,
              34.4329547009303
            ],
            [
              -119.1551904683046,
              34.4329547009303
            ],
            [
              -119.1551904683046,
              34.432963715609304
            ],
            [
              -119.15517958882937,
              34.432963715609304
            ],
            [
              -119.15517958882937,
              34.4329727302883
            ],
            [
              -119.15517958882937,
              34.4329817449673
            ],
            [
              -119.15516870935413,
              34.4329817449673
            ],
            [
              -119.15516870935413,
              34.432990759646295
            ],
            [
              -119.15516870935413,
              34.432999774325296
            ],
            [
              -119.15516870935413,
              34.4330087890043
            ],
            [
              -119.15515782987889,
              34.4330087890043
            ],
            [
              -119.15514695040366,
              34.4330087890043
            ],
            [
              -119.15514695040366,
              34.432999774325296
            ],
            [
              -119.15513607092842,
              34.432999774325296
            ],
            [
              -119.15513607092842,
              34.432990759646295
            ],
            [
              -119.15512519145318,
              34.432990759646295
            ],
            [
              -119.15512519145318,
              34.4329817449673
            ],
            [
              -119.15513607092842,
              34.4329817449673
            ],
            [
              -119.15514695040366,
              34.4329817449673
            ],
            [
              -119.15514695040366,
              34.4329727302883
            ],
            [
              -119.15514695040366,
              34.432963715609304
            ],
            [
              -119.15513607092842,
              34.432963715609304
            ],
            [
              -119.15512519145318,
              34.432963715609304
            ],
            [
              -119.15512519145318,
              34.4329547009303
            ],
            [
              -119.15512519145318,
              34.43294568625131
            ],
            [
              -119.15512519145318,
              34.43293667157231
            ],
            [
              -119.15512519145318,
              34.432927656893305
            ],
            [
              -119.15512519145318,
              34.43291864221431
            ],
            [
              -119.15512519145318,
              34.43290962753531
            ],
            [
              -119.15512519145318,
              34.432900612856315
            ],
            [
              -119.15512519145318,
              34.432891598177314
            ],
            [
              -119.15512519145318,
              34.43288258349832
            ],
            [
              -119.15511431197794,
              34.43288258349832
            ],
            [
              -119.15511431197794,
              34.43287356881932
            ],
            [
              -119.15510343250271,
              34.43287356881932
            ],
            [
              -119.15510343250271,
              34.432864554140316
            ],
            [
              -119.15510343250271,
              34.43285553946132
            ],
            [
              -119.15509255302747,
              34.43285553946132
            ],
            [
              -119.15509255302747,
              34.43284652478232
            ],
            [
              -119.15508167355223,
              34.43284652478232
            ],
            [
              -119.15508167355223,
              34.432837510103326
            ],
            [
              -119.15507079407699,
              34.432837510103326
            ],
            [
              -119.15505991460176,
              34.432837510103326
            ],
            [
              -119.15504903512652,
              34.432837510103326
            ],
            [
              -119.15503815565128,
              34.432837510103326
            ],
            [
              -119.15503815565128,
              34.432828495424324
            ],
            [
              -119.15503815565128,
              34.43281948074533
            ],
            [
              -119.15503815565128,
              34.43281046606633
            ],
            [
              -119.15503815565128,
              34.43280145138733
            ],
            [
              -119.15503815565128,
              34.43279243670833
            ],
            [
              -119.15503815565128,
              34.43278342202933
            ],
            [
              -119.15503815565128,
              34.43277440735034
            ],
            [
              -119.15503815565128,
              34.432765392671335
            ],
            [
              -119.15503815565128,
              34.43275637799234
            ],
            [
              -119.15504903512652,
              34.43275637799234
            ],
            [
              -119.15504903512652,
              34.432765392671335
            ],
            [
              -119.15505991460176,
              34.432765392671335
            ],
            [
              -119.15507079407699,
              34.432765392671335
            ],
            [
              -119.15508167355223,
              34.432765392671335
            ],
            [
              -119.15508167355223,
              34.43277440735034
            ],
            [
              -119.15508167355223,
              34.43278342202933
            ],
            [
              -119.15508167355223,
              34.43279243670833
            ],
            [
              -119.15509255302747,
              34.43279243670833
            ],
            [
              -119.15509255302747,
              34.43280145138733
            ],
            [
              -119.15510343250271,
              34.43280145138733
            ],
            [
              -119.15511431197794,
              34.43280145138733
            ],
            [
              -119.15512519145318,
              34.43280145138733
            ],
            [
              -119.15512519145318,
              34.43279243670833
            ],
            [
              -119.15513607092842,
              34.43279243670833
            ],
            [
              -119.15513607092842,
              34.43278342202933
            ],
            [
              -119.15513607092842,
              34.43277440735034
            ],
            [
              -119.15513607092842,
              34.432765392671335
            ],
            [
              -119.15513607092842,
              34.43275637799234
            ],
            [
              -119.15512519145318,
              34.43275637799234
            ],
            [
              -119.15511431197794,
              34.43275637799234
            ],
            [
              -119.15511431197794,
              34.43274736331334
            ],
            [
              -119.15512519145318,
              34.43274736331334
            ],
            [
              -119.15513607092842,
              34.43274736331334
            ],
            [
              -119.15513607092842,
              34.43273834863434
            ],
            [
              -119.15514695040366,
              34.43273834863434
            ],
            [
              -119.15515782987889,
              34.43273834863434
            ],
            [
              -119.15516870935413,
              34.43273834863434
            ],
            [
              -119.15517958882937,
              34.43273834863434
            ],
            [
              -119.1551904683046,
              34.43273834863434
            ],
            [
              -119.15520134777984,
              34.43273834863434
            ],
            [
              -119.15521222725508,
              34.43273834863434
            ],
            [
              -119.15522310673032,
              34.43273834863434
            ],
            [
              -119.15523398620554,
              34.43273834863434
            ],
            [
              -119.15523398620554,
              34.43274736331334
            ],
            [
              -119.15523398620554,
              34.43275637799234
            ]
          ]
        ]
      }
    },
    {
      "type": "Feature",
      "properties": {
        "rank": 17,
        "band": "good",
        "score": 0.4557,
        "area_m2": 115.0,
        "reasons": [
          "under the oaks with summer shade",
          "sunny through the year",
          "holds December sun"
        ]
      },
      "geometry": {
        "type": "Polygon",
        "coordinates": [
          [
            [
              -119.15607170579878,
              34.43189096880849
            ],
            [
              -119.15608258527402,
              34.43189096880849
            ],
            [
              -119.15609346474926,
              34.43189096880849
            ],
            [
              -119.15610434422449,
              34.43189096880849
            ],
            [
              -119.15610434422449,
              34.43189998348748
            ],
            [
              -119.15609346474926,
              34.43189998348748
            ],
            [
              -119.15609346474926,
              34.431908998166485
            ],
            [
              -119.15608258527402,
              34.431908998166485
            ],
            [
              -119.15608258527402,
              34.43191801284548
            ],
            [
              -119.15607170579878,
              34.43191801284548
            ],
            [
              -119.15607170579878,
              34.43192702752448
            ],
            [
              -119.15607170579878,
              34.431936042203475
            ],
            [
              -119.15607170579878,
              34.431945056882476
            ],
            [
              -119.15607170579878,
              34.43195407156148
            ],
            [
              -119.15607170579878,
              34.43196308624047
            ],
            [
              -119.15607170579878,
              34.431972100919474
            ],
            [
              -119.15606082632354,
              34.431972100919474
            ],
            [
              -119.15604994684831,
              34.431972100919474
            ],
            [
              -119.15603906737307,
              34.431972100919474
            ],
            [
              -119.15602818789783,
              34.431972100919474
            ],
            [
              -119.15602818789783,
              34.43196308624047
            ],
            [
              -119.15601730842259,
              34.43196308624047
            ],
            [
              -119.15600642894736,
              34.43196308624047
            ],
            [
              -119.15600642894736,
              34.43195407156148
            ],
            [
              -119.15600642894736,
              34.431945056882476
            ],
            [
              -119.15600642894736,
              34.431936042203475
            ],
            [
              -119.15600642894736,
              34.43192702752448
            ],
            [
              -119.15601730842259,
              34.43192702752448
            ],
            [
              -119.15602818789783,
              34.43192702752448
            ],
            [
              -119.15602818789783,
              34.43191801284548
            ],
            [
              -119.15603906737307,
              34.43191801284548
            ],
            [
              -119.15604994684831,
              34.43191801284548
            ],
            [
              -119.15604994684831,
              34.431908998166485
            ],
            [
              -119.15604994684831,
              34.43189998348748
            ],
            [
              -119.15603906737307,
              34.43189998348748
            ],
            [
              -119.15602818789783,
              34.43189998348748
            ],
            [
              -119.15601730842259,
              34.43189998348748
            ],
            [
              -119.15600642894736,
              34.43189998348748
            ],
            [
              -119.15599554947212,
              34.43189998348748
            ],
            [
              -119.15599554947212,
              34.431908998166485
            ],
            [
              -119.15599554947212,
              34.43191801284548
            ],
            [
              -119.15599554947212,
              34.43192702752448
            ],
            [
              -119.15598466999688,
              34.43192702752448
            ],
            [
              -119.15597379052166,
              34.43192702752448
            ],
            [
              -119.15597379052166,
              34.43191801284548
            ],
            [
              -119.15596291104642,
              34.43191801284548
            ],
            [
              -119.15595203157118,
              34.43191801284548
            ],
            [
              -119.15594115209593,
              34.43191801284548
            ],
            [
              -119.15594115209593,
              34.431908998166485
            ],
            [
              -119.15593027262071,
              34.431908998166485
            ],
            [
              -119.15593027262071,
              34.43191801284548
            ],
            [
              -119.15591939314547,
              34.43191801284548
            ],
            [
              -119.15591939314547,
              34.431908998166485
            ],
            [
              -119.15591939314547,
              34.43189998348748
            ],
            [
              -119.15590851367023,
              34.43189998348748
            ],
            [
              -119.15590851367023,
              34.43189096880849
            ],
            [
              -119.155897634195,
              34.43189096880849
            ],
            [
              -119.155897634195,
              34.43188195412949
            ],
            [
              -119.15590851367023,
              34.43188195412949
            ],
            [
              -119.15591939314547,
              34.43188195412949
            ],
            [
              -119.15593027262071,
              34.43188195412949
            ],
            [
              -119.15593027262071,
              34.431872939450486
            ],
            [
              -119.15593027262071,
              34.43186392477149
            ],
            [
              -119.15594115209593,
              34.43186392477149
            ],
            [
              -119.15594115209593,
              34.43185491009249
            ],
            [
              -119.15595203157118,
              34.43185491009249
            ],
            [
              -119.15595203157118,
              34.43186392477149
            ],
            [
              -119.15596291104642,
              34.43186392477149
            ],
            [
              -119.15597379052166,
              34.43186392477149
            ],
            [
              -119.15598466999688,
              34.43186392477149
            ],
            [
              -119.15598466999688,
              34.43185491009249
            ],
            [
              -119.15599554947212,
              34.43185491009249
            ],
            [
              -119.15600642894736,
              34.43185491009249
            ],
            [
              -119.15601730842259,
              34.43185491009249
            ],
            [
              -119.15602818789783,
              34.43185491009249
            ],
            [
              -119.15603906737307,
              34.43185491009249
            ],
            [
              -119.15604994684831,
              34.43185491009249
            ],
            [
              -119.15604994684831,
              34.43186392477149
            ],
            [
              -119.15604994684831,
              34.431872939450486
            ],
            [
              -119.15604994684831,
              34.43188195412949
            ],
            [
              -119.15604994684831,
              34.43189096880849
            ],
            [
              -119.15606082632354,
              34.43189096880849
            ],
            [
              -119.15607170579878,
              34.43189096880849
            ]
          ]
        ]
      }
    },
    {
      "type": "Feature",
      "properties": {
        "rank": 18,
        "band": "good",
        "score": 0.4532,
        "area_m2": 337.0,
        "reasons": [
          "sunny through the year",
          "holds December sun",
          "out of the frost pools"
        ]
      },
      "geometry": {
        "type": "Polygon",
        "coordinates": [
          [
            [
              -119.15563652678931,
              34.431872939450486
            ],
            [
              -119.15562564731407,
              34.431872939450486
            ],
            [
              -119.15562564731407,
              34.43188195412949
            ],
            [
              -119.15561476783884,
              34.43188195412949
            ],
            [
              -119.1556038883636,
              34.43188195412949
            ],
            [
              -119.1556038883636,
              34.43189096880849
            ],
            [
              -119.1556038883636,
              34.43189998348748
            ],
            [
              -119.15559300888836,
              34.43189998348748
            ],
            [
              -119.15559300888836,
              34.431908998166485
            ],
            [
              -119.15559300888836,
              34.43191801284548
            ],
            [
              -119.1556038883636,
              34.43191801284548
            ],
            [
              -119.15561476783884,
              34.43191801284548
            ],
            [
              -119.15562564731407,
              34.43191801284548
            ],
            [
              -119.15562564731407,
              34.431908998166485
            ],
            [
              -119.15563652678931,
              34.431908998166485
            ],
            [
              -119.15563652678931,
              34.43191801284548
            ],
            [
              -119.15563652678931,
              34.43192702752448
            ],
            [
              -119.15562564731407,
              34.43192702752448
            ],
            [
              -119.15561476783884,
              34.43192702752448
            ],
            [
              -119.1556038883636,
              34.43192702752448
            ],
            [
              -119.15559300888836,
              34.43192702752448
            ],
            [
              -119.15559300888836,
              34.431936042203475
            ],
            [
              -119.15559300888836,
              34.431945056882476
            ],
            [
              -119.15559300888836,
              34.43195407156148
            ],
            [
              -119.15558212941312,
              34.43195407156148
            ],
            [
              -119.15558212941312,
              34.43196308624047
            ],
            [
              -119.15557124993789,
              34.43196308624047
            ],
            [
              -119.15556037046265,
              34.43196308624047
            ],
            [
              -119.15556037046265,
              34.431972100919474
            ],
            [
              -119.15554949098741,
              34.431972100919474
            ],
            [
              -119.15554949098741,
              34.43196308624047
            ],
            [
              -119.15553861151218,
              34.43196308624047
            ],
            [
              -119.15553861151218,
              34.43195407156148
            ],
            [
              -119.15552773203694,
              34.43195407156148
            ],
            [
              -119.1555168525617,
              34.43195407156148
            ],
            [
              -119.15550597308646,
              34.43195407156148
            ],
            [
              -119.15550597308646,
              34.43196308624047
            ],
            [
              -119.15549509361124,
              34.43196308624047
            ],
            [
              -119.155484214136,
              34.43196308624047
            ],
            [
              -119.155484214136,
              34.431972100919474
            ],
            [
              -119.155484214136,
              34.43198111559847
            ],
            [
              -119.15547333466075,
              34.43198111559847
            ],
            [
              -119.15546245518553,
              34.43198111559847
            ],
            [
              -119.15545157571029,
              34.43198111559847
            ],
            [
              -119.15544069623505,
              34.43198111559847
            ],
            [
              -119.1554298167598,
              34.43198111559847
            ],
            [
              -119.1554298167598,
              34.43199013027747
            ],
            [
              -119.15541893728458,
              34.43199013027747
            ],
            [
              -119.15540805780934,
              34.43199013027747
            ],
            [
              -119.1553971783341,
              34.43199013027747
            ],
            [
              -119.1553971783341,
              34.431999144956464
            ],
            [
              -119.15538629885886,
              34.431999144956464
            ],
            [
              -119.15537541938363,
              34.431999144956464
            ],
            [
              -119.15537541938363,
              34.432008159635465
            ],
            [
              -119.15536453990839,
              34.432008159635465
            ],
            [
              -119.15535366043315,
              34.432008159635465
            ],
            [
              -119.15534278095792,
              34.432008159635465
            ],
            [
              -119.15534278095792,
              34.43201717431447
            ],
            [
              -119.15533190148268,
              34.43201717431447
            ],
            [
              -119.15532102200744,
              34.43201717431447
            ],
            [
              -119.1553101425322,
              34.43201717431447
            ],
            [
              -119.1553101425322,
              34.43202618899346
            ],
            [
              -119.15529926305697,
              34.43202618899346
            ],
            [
              -119.15529926305697,
              34.43203520367246
            ],
            [
              -119.15528838358173,
              34.43203520367246
            ],
            [
              -119.1552775041065,
              34.43203520367246
            ],
            [
              -119.1552775041065,
              34.43202618899346
            ],
            [
              -119.1552775041065,
              34.43201717431447
            ],
            [
              -119.1552775041065,
              34.432008159635465
            ],
            [
              -119.15526662463125,
              34.432008159635465
            ],
            [
              -119.15525574515603,
              34.432008159635465
            ],
            [
              -119.15524486568079,
              34.432008159635465
            ],
            [
              -119.15523398620554,
              34.432008159635465
            ],
            [
              -119.15522310673032,
              34.432008159635465
            ],
            [
              -119.15522310673032,
              34.43201717431447
            ],
            [
              -119.15521222725508,
              34.43201717431447
            ],
            [
              -119.15520134777984,
              34.43201717431447
            ],
            [
              -119.1551904683046,
              34.43201717431447
            ],
            [
              -119.1551904683046,
              34.43202618899346
            ],
            [
              -119.1551904683046,
              34.43203520367246
            ],
            [
              -119.1551904683046,
              34.43204421835146
            ],
            [
              -119.15517958882937,
              34.43204421835146
            ],
            [
              -119.15516870935413,
              34.43204421835146
            ],
            [
              -119.15515782987889,
              34.43204421835146
            ],
            [
              -119.15515782987889,
              34.43205323303046
            ],
            [
              -119.15514695040366,
              34.43205323303046
            ],
            [
              -119.15514695040366,
              34.43206224770945
            ],
            [
              -119.15513607092842,
              34.43206224770945
            ],
            [
              -119.15513607092842,
              34.432071262388455
            ],
            [
              -119.15512519145318,
              34.432071262388455
            ],
            [
              -119.15512519145318,
              34.432080277067456
            ],
            [
              -119.15511431197794,
              34.432080277067456
            ],
            [
              -119.15511431197794,
              34.43208929174645
            ],
            [
              -119.15511431197794,
              34.43209830642545
            ],
            [
              -119.15511431197794,
              34.432107321104446
            ],
            [
              -119.15511431197794,
              34.43211633578345
            ],
            [
              -119.15510343250271,
              34.43211633578345
            ],
            [
              -119.15509255302747,
              34.43211633578345
            ],
            [
              -119.15509255302747,
              34.43212535046244
            ],
            [
              -119.15509255302747,
              34.432134365141444
            ],
            [
              -119.15509255302747,
              34.432143379820445
            ],
            [
              -119.15510343250271,
              34.432143379820445
            ],
            [
              -119.15511431197794,
              34.432143379820445
            ],
            [
              -119.15511431197794,
              34.432134365141444
            ],
            [
              -119.15512519145318,
              34.432134365141444
            ],
            [
              -119.15512519145318,
              34.432143379820445
            ],
            [
              -119.15512519145318,
              34.43215239449944
            ],
            [
              -119.15512519145318,
              34.43216140917844
            ],
            [
              -119.15513607092842,
              34.43216140917844
            ],
            [
              -119.15513607092842,
              34.432170423857436
            ],
            [
              -119.15514695040366,
              34.432170423857436
            ],
            [
              -119.15515782987889,
              34.432170423857436
            ],
            [
              -119.15515782987889,
              34.43217943853644
            ],
            [
              -119.15515782987889,
              34.43218845321543
            ],
            [
              -119.15516870935413,
              34.43218845321543
            ],
            [
              -119.15517958882937,
              34.43218845321543
            ],
            [
              -119.15517958882937,
              34.43219746789443
            ],
            [
              -119.1551904683046,
              34.43219746789443
            ],
            [
              -119.1551904683046,
              34.432206482573434
            ],
            [
              -119.15520134777984,
              34.432206482573434
            ],
            [
              -119.15520134777984,
              34.43221549725243
            ],
            [
              -119.15521222725508,
              34.43221549725243
            ],
            [
              -119.15522310673032,
              34.43221549725243
            ],
            [
              -119.15522310673032,
              34.43222451193143
            ],
            [
              -119.15523398620554,
              34.43222451193143
            ],
            [
              -119.15523398620554,
              34.432233526610425
            ],
            [
              -119.15522310673032,
              34.432233526610425
            ],
            [
              -119.15522310673032,
              34.432242541289426
            ],
            [
              -119.15522310673032,
              34.43225155596842
            ],
            [
              -119.15522310673032,
              34.43226057064742
            ],
            [
              -119.15522310673032,
              34.432269585326424
            ],
            [
              -119.15521222725508,
              34.432269585326424
            ],
            [
              -119.15520134777984,
              34.432269585326424
            ],
            [
              -119.15520134777984,
              34.43226057064742
            ],
            [
              -119.1551904683046,
              34.43226057064742
            ],
            [
              -119.1551904683046,
              34.43225155596842
            ],
            [
              -119.1551904683046,
              34.432242541289426
            ],
            [
              -119.15520134777984,
              34.432242541289426
            ],
            [
              -119.15520134777984,
              34.432233526610425
            ],
            [
              -119.1551904683046,
              34.432233526610425
            ],
            [
              -119.1551904683046,
              34.43222451193143
            ],
            [
              -119.15517958882937,
              34.43222451193143
            ],
            [
              -119.15517958882937,
              34.43221549725243
            ],
            [
              -119.15516870935413,
              34.43221549725243
            ],
            [
              -119.15515782987889,
              34.43221549725243
            ],
            [
              -119.15514695040366,
              34.43221549725243
            ],
            [
              -119.15514695040366,
              34.43222451193143
            ],
            [
              -119.15513607092842,
              34.43222451193143
            ],
            [
              -119.15512519145318,
              34.43222451193143
            ],
            [
              -119.15512519145318,
              34.43221549725243
            ],
            [
              -119.15512519145318,
              34.432206482573434
            ],
            [
              -119.15511431197794,
              34.432206482573434
            ],
            [
              -119.15510343250271,
              34.432206482573434
            ],
            [
              -119.15509255302747,
              34.432206482573434
            ],
            [
              -119.15509255302747,
              34.43219746789443
            ],
            [
              -119.15508167355223,
              34.43219746789443
            ],
            [
              -119.15508167355223,
              34.43218845321543
            ],
            [
              -119.15507079407699,
              34.43218845321543
            ],
            [
              -119.15507079407699,
              34.43217943853644
            ],
            [
              -119.15507079407699,
              34.432170423857436
            ],
            [
              -119.15507079407699,
              34.43216140917844
            ],
            [
              -119.15507079407699,
              34.43215239449944
            ],
            [
              -119.15507079407699,
              34.432143379820445
            ],
            [
              -119.15505991460176,
              34.432143379820445
            ],
            [
              -119.15505991460176,
              34.432134365141444
            ],
            [
              -119.15504903512652,
              34.432134365141444
            ],
            [
              -119.15504903512652,
              34.43212535046244
            ],
            [
              -119.15504903512652,
              34.43211633578345
            ],
            [
              -119.15504903512652,
              34.432107321104446
            ],
            [
              -119.15504903512652,
              34.43209830642545
            ],
            [
              -119.15504903512652,
              34.43208929174645
            ],
            [
              -119.15505991460176,
              34.43208929174645
            ],
            [
              -119.15507079407699,
              34.43208929174645
            ],
            [
              -119.15507079407699,
              34.432080277067456
            ],
            [
              -119.15508167355223,
              34.432080277067456
            ],
            [
              -119.15509255302747,
              34.432080277067456
            ],
            [
              -119.15510343250271,
              34.432080277067456
            ],
            [
              -119.15510343250271,
              34.432071262388455
            ],
            [
              -119.15510343250271,
              34.43206224770945
            ],
            [
              -119.15510343250271,
              34.43205323303046
            ],
            [
              -119.15511431197794,
              34.43205323303046
            ],
            [
              -119.15511431197794,
              34.43204421835146
            ],
            [
              -119.15511431197794,
              34.43203520367246
            ],
            [
              -119.15512519145318,
              34.43203520367246
            ],
            [
              -119.15512519145318,
              34.43202618899346
            ],
            [
              -119.15513607092842,
              34.43202618899346
            ],
            [
              -119.15514695040366,
              34.43202618899346
            ],
            [
              -119.15514695040366,
              34.43203520367246
            ],
            [
              -119.15515782987889,
              34.43203520367246
            ],
            [
              -119.15516870935413,
              34.43203520367246
            ],
            [
              -119.15517958882937,
              34.43203520367246
            ],
            [
              -119.15517958882937,
              34.43202618899346
            ],
            [
              -119.15517958882937,
              34.43201717431447
            ],
            [
              -119.15517958882937,
              34.432008159635465
            ],
            [
              -119.1551904683046,
              34.432008159635465
            ],
            [
              -119.15520134777984,
              34.432008159635465
            ],
            [
              -119.15520134777984,
              34.431999144956464
            ],
            [
              -119.15521222725508,
              34.431999144956464
            ],
            [
              -119.15522310673032,
              34.431999144956464
            ],
            [
              -119.15523398620554,
              34.431999144956464
            ],
            [
              -119.15523398620554,
              34.43199013027747
            ],
            [
              -119.15524486568079,
              34.43199013027747
            ],
            [
              -119.15525574515603,
              34.43199013027747
            ],
            [
              -119.15525574515603,
              34.43198111559847
            ],
            [
              -119.15526662463125,
              34.43198111559847
            ],
            [
              -119.1552775041065,
              34.43198111559847
            ],
            [
              -119.15528838358173,
              34.43198111559847
            ],
            [
              -119.15529926305697,
              34.43198111559847
            ],
            [
              -119.1553101425322,
              34.43198111559847
            ],
            [
              -119.1553101425322,
              34.431972100919474
            ],
            [
              -119.15532102200744,
              34.431972100919474
            ],
            [
              -119.15533190148268,
              34.431972100919474
            ],
            [
              -119.15534278095792,
              34.431972100919474
            ],
            [
              -119.15534278095792,
              34.43196308624047
            ],
            [
              -119.15535366043315,
              34.43196308624047
            ],
            [
              -119.15536453990839,
              34.43196308624047
            ],
            [
              -119.15537541938363,
              34.43196308624047
            ],
            [
              -119.15538629885886,
              34.43196308624047
            ],
            [
              -119.1553971783341,
              34.43196308624047
            ],
            [
              -119.1553971783341,
              34.43195407156148
            ],
            [
              -119.15540805780934,
              34.43195407156148
            ],
            [
              -119.15541893728458,
              34.43195407156148
            ],
            [
              -119.15541893728458,
              34.431945056882476
            ],
            [
              -119.1554298167598,
              34.431945056882476
            ],
            [
              -119.15544069623505,
              34.431945056882476
            ],
            [
              -119.15544069623505,
              34.431936042203475
            ],
            [
              -119.15545157571029,
              34.431936042203475
            ],
            [
              -119.15545157571029,
              34.43192702752448
            ],
            [
              -119.15546245518553,
              34.43192702752448
            ],
            [
              -119.15547333466075,
              34.43192702752448
            ],
            [
              -119.15547333466075,
              34.43191801284548
            ],
            [
              -119.155484214136,
              34.43191801284548
            ],
            [
              -119.155484214136,
              34.43192702752448
            ],
            [
              -119.15549509361124,
              34.43192702752448
            ],
            [
              -119.15550597308646,
              34.43192702752448
            ],
            [
              -119.1555168525617,
              34.43192702752448
            ],
            [
              -119.1555168525617,
              34.43191801284548
            ],
            [
              -119.1555168525617,
              34.431908998166485
            ],
            [
              -119.1555168525617,
              34.43189998348748
            ],
            [
              -119.1555168525617,
              34.43189096880849
            ],
            [
              -119.15552773203694,
              34.43189096880849
            ],
            [
              -119.15553861151218,
              34.43189096880849
            ],
            [
              -119.15554949098741,
              34.43189096880849
            ],
            [
              -119.15556037046265,
              34.43189096880849
            ],
            [
              -119.15556037046265,
              34.43188195412949
            ],
            [
              -119.15556037046265,
              34.431872939450486
            ],
            [
              -119.15557124993789,
              34.431872939450486
            ],
            [
              -119.15558212941312,
              34.431872939450486
            ],
            [
              -119.15559300888836,
              34.431872939450486
            ],
            [
              -119.1556038883636,
              34.431872939450486
            ],
            [
              -119.1556038883636,
              34.43186392477149
            ],
            [
              -119.1556038883636,
              34.43185491009249
            ],
            [
              -119.15561476783884,
              34.43185491009249
            ],
            [
              -119.15561476783884,
              34.431845895413495
            ],
            [
              -119.15561476783884,
              34.431836880734494
            ],
            [
              -119.15562564731407,
              34.431836880734494
            ],
            [
              -119.15563652678931,
              34.431836880734494
            ],
            [
              -119.15564740626455,
              34.431836880734494
            ],
            [
              -119.15564740626455,
              34.431845895413495
            ],
            [
              -119.15564740626455,
              34.43185491009249
            ],
            [
              -119.15565828573979,
              34.43185491009249
            ],
            [
              -119.15565828573979,
              34.43186392477149
            ],
            [
              -119.15564740626455,
              34.43186392477149
            ],
            [
              -119.15563652678931,
              34.43186392477149
            ],
            [
              -119.15563652678931,
              34.431872939450486
            ]
          ]
        ]
      }
    }
  ]
}
