{
  "type": "FeatureCollection",
  "name": "guides",
  "properties": {
    "authority": "derived",
    "evidence": "modelled",
    "generator": "scripts/build-guides.py",
    "building_extend_m": 5.0,
    "contour_interval_m": 2.0,
    "contour_dem_tol_m": 1.5,
    "grid_spacing_m": 10.0,
    "grid_origin_lnglat": [
      -119.15601516344499,
      34.43266934708052
    ],
    "solar_rotation_deg": 60.53,
    "priority_note": "100=survey legal truth; lower = weaker snap preference"
  },
  "features": [
    {
      "type": "Feature",
      "properties": {
        "kind": "survey_call",
        "source": "survey.geojson#call-1",
        "priority": 100,
        "authority": "survey",
        "evidence": "measured",
        "call_n": 1,
        "bearing": "N90\u00b000'00\"W",
        "distance_ft": 630.04
      },
      "geometry": {
        "type": "LineString",
        "coordinates": [
          [
            -119.1548396,
            34.4335522
          ],
          [
            -119.1569291,
            34.4335632
          ]
        ]
      }
    },
    {
      "type": "Feature",
      "properties": {
        "kind": "survey_call",
        "source": "survey.geojson#call-2",
        "priority": 100,
        "authority": "survey",
        "evidence": "measured",
        "call_n": 2,
        "bearing": "N00\u00b000'00\"E",
        "distance_ft": 377.58
      },
      "geometry": {
        "type": "LineString",
        "coordinates": [
          [
            -119.1569291,
            34.4335632
          ],
          [
            -119.1569371,
            34.4325257
          ]
        ]
      }
    },
    {
      "type": "Feature",
      "properties": {
        "kind": "survey_call",
        "source": "survey.geojson#call-3",
        "priority": 100,
        "authority": "survey",
        "evidence": "measured",
        "call_n": 3,
        "bearing": "N79\u00b000'00\"E",
        "distance_ft": 280.0
      },
      "geometry": {
        "type": "LineString",
        "coordinates": [
          [
            -119.1569371,
            34.4325257
          ],
          [
            -119.1578497,
            34.4323837
          ]
        ]
      }
    },
    {
      "type": "Feature",
      "properties": {
        "kind": "survey_call",
        "source": "survey.geojson#call-4",
        "priority": 100,
        "authority": "survey",
        "evidence": "measured",
        "call_n": 4,
        "bearing": "N00\u00b000'00\"E",
        "distance_ft": 38.0
      },
      "geometry": {
        "type": "LineString",
        "coordinates": [
          [
            -119.1578497,
            34.4323837
          ],
          [
            -119.1578505,
            34.4322793
          ]
        ]
      }
    },
    {
      "type": "Feature",
      "properties": {
        "kind": "survey_call",
        "source": "survey.geojson#call-5",
        "priority": 100,
        "authority": "survey",
        "evidence": "measured",
        "call_n": 5,
        "bearing": "N79\u00b058'41\"W",
        "distance_ft": 279.12
      },
      "geometry": {
        "type": "LineString",
        "coordinates": [
          [
            -119.1578505,
            34.4322793
          ],
          [
            -119.15694,
            34.432141
          ]
        ]
      }
    },
    {
      "type": "Feature",
      "properties": {
        "kind": "survey_call",
        "source": "survey.geojson#call-6",
        "priority": 100,
        "authority": "survey",
        "evidence": "measured",
        "call_n": 6,
        "bearing": "N00\u00b000'00\"E",
        "distance_ft": 125.0
      },
      "geometry": {
        "type": "LineString",
        "coordinates": [
          [
            -119.15694,
            34.432141
          ],
          [
            -119.1569426,
            34.4317976
          ]
        ]
      }
    },
    {
      "type": "Feature",
      "properties": {
        "kind": "survey_call",
        "source": "survey.geojson#call-7",
        "priority": 100,
        "authority": "survey",
        "evidence": "measured",
        "call_n": 7,
        "bearing": "N90\u00b000'00\"E",
        "distance_ft": 585.92
      },
      "geometry": {
        "type": "LineString",
        "coordinates": [
          [
            -119.1569426,
            34.4317976
          ],
          [
            -119.1549996,
            34.4317873
          ]
        ]
      }
    },
    {
      "type": "Feature",
      "properties": {
        "kind": "survey_call",
        "source": "survey.geojson#call-8",
        "priority": 100,
        "authority": "survey",
        "evidence": "measured",
        "call_n": 8,
        "bearing": "N00\u00b000'00\"E",
        "distance_ft": 318.72
      },
      "geometry": {
        "type": "LineString",
        "coordinates": [
          [
            -119.1549996,
            34.4317873
          ],
          [
            -119.1549928,
            34.4326631
          ]
        ]
      }
    },
    {
      "type": "Feature",
      "properties": {
        "kind": "survey_call",
        "source": "survey.geojson#call-9",
        "priority": 100,
        "authority": "survey",
        "evidence": "measured",
        "call_n": 9,
        "bearing": "N03\u00b013'00\"E",
        "distance_ft": 70.06
      },
      "geometry": {
        "type": "LineString",
        "coordinates": [
          [
            -119.1549928,
            34.4326631
          ],
          [
            -119.1549783,
            34.4328552
          ]
        ]
      }
    },
    {
      "type": "Feature",
      "properties": {
        "kind": "survey_call",
        "source": "survey.geojson#call-10",
        "priority": 100,
        "authority": "survey",
        "evidence": "measured",
        "call_n": 10,
        "bearing": "N90\u00b000'00\"E",
        "distance_ft": 40.19
      },
      "geometry": {
        "type": "LineString",
        "coordinates": [
          [
            -119.1549783,
            34.4328552
          ],
          [
            -119.154845,
            34.4328545
          ]
        ]
      }
    },
    {
      "type": "Feature",
      "properties": {
        "kind": "survey_call",
        "source": "survey.geojson#call-11",
        "priority": 100,
        "authority": "survey",
        "evidence": "measured",
        "call_n": 11,
        "bearing": "N00\u00b000'00\"E",
        "distance_ft": 253.91
      },
      "geometry": {
        "type": "LineString",
        "coordinates": [
          [
            -119.154845,
            34.4328545
          ],
          [
            -119.1548396,
            34.4335522
          ]
        ]
      }
    },
    {
      "type": "Feature",
      "properties": {
        "kind": "easement_edge",
        "source": "survey.geojson#easement-part-1",
        "priority": 90,
        "authority": "survey",
        "evidence": "measured",
        "name": "16 ft access easement",
        "part": 1
      },
      "geometry": {
        "type": "LineString",
        "coordinates": [
          [
            -119.1569419,
            34.4325474
          ],
          [
            -119.1569321,
            34.4325041
          ],
          [
            -119.1578447,
            34.4323621
          ],
          [
            -119.1578545,
            34.4324054
          ],
          [
            -119.1569419,
            34.4325474
          ]
        ]
      }
    },
    {
      "type": "Feature",
      "properties": {
        "kind": "easement_edge",
        "source": "survey.geojson#easement-part-2",
        "priority": 90,
        "authority": "survey",
        "evidence": "measured",
        "name": "16 ft access easement",
        "part": 2
      },
      "geometry": {
        "type": "LineString",
        "coordinates": [
          [
            -119.1569556,
            34.4335634
          ],
          [
            -119.1569025,
            34.4335631
          ],
          [
            -119.1569105,
            34.4325256
          ],
          [
            -119.1569635,
            34.4325259
          ],
          [
            -119.1569556,
            34.4335634
          ]
        ]
      }
    },
    {
      "type": "Feature",
      "properties": {
        "kind": "monument",
        "source": "survey.geojson#monument:Found iron pipe, 0.75 ft from corner",
        "priority": 100,
        "authority": "survey",
        "evidence": "measured",
        "label": "Found iron pipe, 0.75 ft from corner"
      },
      "geometry": {
        "type": "Point",
        "coordinates": [
          -119.1548396,
          34.4335522
        ]
      }
    },
    {
      "type": "Feature",
      "properties": {
        "kind": "monument",
        "source": "survey.geojson#monument:Found iron pipe, 3.72 ft from corner",
        "priority": 100,
        "authority": "survey",
        "evidence": "measured",
        "label": "Found iron pipe, 3.72 ft from corner"
      },
      "geometry": {
        "type": "Point",
        "coordinates": [
          -119.156929,
          34.4335633
        ]
      }
    },
    {
      "type": "Feature",
      "properties": {
        "kind": "monument",
        "source": "survey.geojson#monument:Found lead & tack in concrete footing",
        "priority": 100,
        "authority": "survey",
        "evidence": "measured",
        "label": "Found lead & tack in concrete footing"
      },
      "geometry": {
        "type": "Point",
        "coordinates": [
          -119.1569305,
          34.4333737
        ]
      }
    },
    {
      "type": "Feature",
      "properties": {
        "kind": "monument",
        "source": "survey.geojson#monument:Found iron pipe (panhandle tip)",
        "priority": 100,
        "authority": "survey",
        "evidence": "measured",
        "label": "Found iron pipe (panhandle tip)"
      },
      "geometry": {
        "type": "Point",
        "coordinates": [
          -119.1578496,
          34.4323838
        ]
      }
    },
    {
      "type": "Feature",
      "properties": {
        "kind": "building_edge",
        "source": "models.json#oak-leaf-massing",
        "priority": 70,
        "authority": "derived",
        "evidence": "modelled",
        "structure_id": "oak-leaf-massing",
        "extend_m": 5.0
      },
      "geometry": {
        "type": "LineString",
        "coordinates": [
          [
            -119.15522800262382,
            34.4333363
          ],
          [
            -119.15534929737619,
            34.4333363
          ]
        ]
      }
    },
    {
      "type": "Feature",
      "properties": {
        "kind": "building_edge",
        "source": "models.json#oak-leaf-massing",
        "priority": 70,
        "authority": "derived",
        "evidence": "modelled",
        "structure_id": "oak-leaf-massing",
        "extend_m": 5.0
      },
      "geometry": {
        "type": "LineString",
        "coordinates": [
          [
            -119.15524050262381,
            34.4333363
          ],
          [
            -119.15536179737619,
            34.4333363
          ]
        ]
      }
    },
    {
      "type": "Feature",
      "properties": {
        "kind": "building_edge",
        "source": "models.json#oak-leaf-massing",
        "priority": 70,
        "authority": "derived",
        "evidence": "modelled",
        "structure_id": "oak-leaf-massing",
        "extend_m": 5.0
      },
      "geometry": {
        "type": "LineString",
        "coordinates": [
          [
            -119.15525331188509,
            34.43334109944389
          ],
          [
            -119.1554617881149,
            34.43332260055611
          ]
        ]
      }
    },
    {
      "type": "Feature",
      "properties": {
        "kind": "building_edge",
        "source": "models.json#oak-leaf-massing",
        "priority": 70,
        "authority": "derived",
        "evidence": "modelled",
        "structure_id": "oak-leaf-massing",
        "extend_m": 5.0
      },
      "geometry": {
        "type": "LineString",
        "coordinates": [
          [
            -119.15535361188509,
            34.4333321994439
          ],
          [
            -119.1555620881149,
            34.4333137005561
          ]
        ]
      }
    },
    {
      "type": "Feature",
      "properties": {
        "kind": "building_edge",
        "source": "models.json#oak-leaf-massing",
        "priority": 70,
        "authority": "derived",
        "evidence": "modelled",
        "structure_id": "oak-leaf-massing",
        "extend_m": 5.0
      },
      "geometry": {
        "type": "LineString",
        "coordinates": [
          [
            -119.1554540016456,
            34.4333239493752
          ],
          [
            -119.15557289835441,
            34.4333119506248
          ]
        ]
      }
    },
    {
      "type": "Feature",
      "properties": {
        "kind": "building_edge",
        "source": "models.json#oak-leaf-massing",
        "priority": 70,
        "authority": "derived",
        "evidence": "modelled",
        "structure_id": "oak-leaf-massing",
        "extend_m": 5.0
      },
      "geometry": {
        "type": "LineString",
        "coordinates": [
          [
            -119.15546490898613,
            34.43332289908474
          ],
          [
            -119.15558369101387,
            34.43331080091526
          ]
        ]
      }
    },
    {
      "type": "Feature",
      "properties": {
        "kind": "building_edge",
        "source": "models.json#oak-leaf-massing",
        "priority": 70,
        "authority": "derived",
        "evidence": "modelled",
        "structure_id": "oak-leaf-massing",
        "extend_m": 5.0
      },
      "geometry": {
        "type": "LineString",
        "coordinates": [
          [
            -119.15547715935487,
            34.433327975699015
          ],
          [
            -119.15558314064513,
            34.433304424300985
          ]
        ]
      }
    },
    {
      "type": "Feature",
      "properties": {
        "kind": "building_edge",
        "source": "models.json#oak-leaf-massing",
        "priority": 70,
        "authority": "derived",
        "evidence": "modelled",
        "structure_id": "oak-leaf-massing",
        "extend_m": 5.0
      },
      "geometry": {
        "type": "LineString",
        "coordinates": [
          [
            -119.15547772119558,
            34.43332667576104
          ],
          [
            -119.15558447880443,
            34.43330532423896
          ]
        ]
      }
    },
    {
      "type": "Feature",
      "properties": {
        "kind": "building_edge",
        "source": "models.json#oak-leaf-massing",
        "priority": 70,
        "authority": "derived",
        "evidence": "modelled",
        "structure_id": "oak-leaf-massing",
        "extend_m": 5.0
      },
      "geometry": {
        "type": "LineString",
        "coordinates": [
          [
            -119.15548127900956,
            34.4333330195122
          ],
          [
            -119.15559162099044,
            34.4332954804878
          ]
        ]
      }
    },
    {
      "type": "Feature",
      "properties": {
        "kind": "building_edge",
        "source": "models.json#oak-leaf-massing",
        "priority": 70,
        "authority": "derived",
        "evidence": "modelled",
        "structure_id": "oak-leaf-massing",
        "extend_m": 5.0
      },
      "geometry": {
        "type": "LineString",
        "coordinates": [
          [
            -119.15549097900957,
            34.43332971951221
          ],
          [
            -119.15560132099043,
            34.43329218048779
          ]
        ]
      }
    },
    {
      "type": "Feature",
      "properties": {
        "kind": "building_edge",
        "source": "models.json#oak-leaf-massing",
        "priority": 70,
        "authority": "derived",
        "evidence": "modelled",
        "structure_id": "oak-leaf-massing",
        "extend_m": 5.0
      },
      "geometry": {
        "type": "LineString",
        "coordinates": [
          [
            -119.15551104708344,
            34.43333988895173
          ],
          [
            -119.15559735291657,
            34.43327381104827
          ]
        ]
      }
    },
    {
      "type": "Feature",
      "properties": {
        "kind": "building_edge",
        "source": "models.json#oak-leaf-massing",
        "priority": 70,
        "authority": "derived",
        "evidence": "modelled",
        "structure_id": "oak-leaf-massing",
        "extend_m": 5.0
      },
      "geometry": {
        "type": "LineString",
        "coordinates": [
          [
            -119.15551735758972,
            34.43333490850309
          ],
          [
            -119.15560374241029,
            34.4332690914969
          ]
        ]
      }
    },
    {
      "type": "Feature",
      "properties": {
        "kind": "building_edge",
        "source": "models.json#oak-leaf-massing",
        "priority": 70,
        "authority": "derived",
        "evidence": "modelled",
        "structure_id": "oak-leaf-massing",
        "extend_m": 5.0
      },
      "geometry": {
        "type": "LineString",
        "coordinates": [
          [
            -119.15552589206506,
            34.43333200680133
          ],
          [
            -119.15560220793495,
            34.43326659319867
          ]
        ]
      }
    },
    {
      "type": "Feature",
      "properties": {
        "kind": "building_edge",
        "source": "models.json#oak-leaf-massing",
        "priority": 70,
        "authority": "derived",
        "evidence": "modelled",
        "structure_id": "oak-leaf-massing",
        "extend_m": 5.0
      },
      "geometry": {
        "type": "LineString",
        "coordinates": [
          [
            -119.15552659206506,
            34.43333140680133
          ],
          [
            -119.15560290793495,
            34.43326599319867
          ]
        ]
      }
    },
    {
      "type": "Feature",
      "properties": {
        "kind": "building_edge",
        "source": "models.json#oak-leaf-massing",
        "priority": 70,
        "authority": "derived",
        "evidence": "modelled",
        "structure_id": "oak-leaf-massing",
        "extend_m": 5.0
      },
      "geometry": {
        "type": "LineString",
        "coordinates": [
          [
            -119.15554826222741,
            34.43334125978484
          ],
          [
            -119.15558413777259,
            34.433249940215156
          ]
        ]
      }
    },
    {
      "type": "Feature",
      "properties": {
        "kind": "building_edge",
        "source": "models.json#oak-leaf-massing",
        "priority": 70,
        "authority": "derived",
        "evidence": "modelled",
        "structure_id": "oak-leaf-massing",
        "extend_m": 5.0
      },
      "geometry": {
        "type": "LineString",
        "coordinates": [
          [
            -119.15554977475846,
            34.43333547015318
          ],
          [
            -119.15558712524155,
            34.43324452984682
          ]
        ]
      }
    },
    {
      "type": "Feature",
      "properties": {
        "kind": "building_edge",
        "source": "models.json#oak-leaf-massing",
        "priority": 70,
        "authority": "derived",
        "evidence": "modelled",
        "structure_id": "oak-leaf-massing",
        "extend_m": 5.0
      },
      "geometry": {
        "type": "LineString",
        "coordinates": [
          [
            -119.1555585659052,
            34.43333133638202
          ],
          [
            -119.1555808340948,
            34.433242263617984
          ]
        ]
      }
    },
    {
      "type": "Feature",
      "properties": {
        "kind": "building_edge",
        "source": "models.json#oak-leaf-massing",
        "priority": 70,
        "authority": "derived",
        "evidence": "modelled",
        "structure_id": "oak-leaf-massing",
        "extend_m": 5.0
      },
      "geometry": {
        "type": "LineString",
        "coordinates": [
          [
            -119.1555536587354,
            34.43332944337085
          ],
          [
            -119.1555862412646,
            34.433242556629146
          ]
        ]
      }
    },
    {
      "type": "Feature",
      "properties": {
        "kind": "building_edge",
        "source": "models.json#oak-leaf-massing",
        "priority": 70,
        "authority": "derived",
        "evidence": "modelled",
        "structure_id": "oak-leaf-massing",
        "extend_m": 5.0
      },
      "geometry": {
        "type": "LineString",
        "coordinates": [
          [
            -119.1555701,
            34.43333067339499
          ],
          [
            -119.1555701,
            34.43324032660501
          ]
        ]
      }
    },
    {
      "type": "Feature",
      "properties": {
        "kind": "building_edge",
        "source": "models.json#oak-leaf-massing",
        "priority": 70,
        "authority": "derived",
        "evidence": "modelled",
        "structure_id": "oak-leaf-massing",
        "extend_m": 5.0
      },
      "geometry": {
        "type": "LineString",
        "coordinates": [
          [
            -119.1555701,
            34.433330473394996
          ],
          [
            -119.1555701,
            34.433240026605006
          ]
        ]
      }
    },
    {
      "type": "Feature",
      "properties": {
        "kind": "building_edge",
        "source": "models.json#oak-leaf-massing",
        "priority": 70,
        "authority": "derived",
        "evidence": "modelled",
        "structure_id": "oak-leaf-massing",
        "extend_m": 5.0
      },
      "geometry": {
        "type": "LineString",
        "coordinates": [
          [
            -119.15558178723764,
            34.433329120805695
          ],
          [
            -119.15552371276237,
            34.433110379194304
          ]
        ]
      }
    },
    {
      "type": "Feature",
      "properties": {
        "kind": "building_edge",
        "source": "models.json#oak-leaf-massing",
        "priority": 70,
        "authority": "derived",
        "evidence": "modelled",
        "structure_id": "oak-leaf-massing",
        "extend_m": 5.0
      },
      "geometry": {
        "type": "LineString",
        "coordinates": [
          [
            -119.15554707871443,
            34.43319842235871
          ],
          [
            -119.15548902128558,
            34.43297957764129
          ]
        ]
      }
    },
    {
      "type": "Feature",
      "properties": {
        "kind": "building_edge",
        "source": "models.json#oak-leaf-massing",
        "priority": 70,
        "authority": "derived",
        "evidence": "modelled",
        "structure_id": "oak-leaf-massing",
        "extend_m": 5.0
      },
      "geometry": {
        "type": "LineString",
        "coordinates": [
          [
            -119.15551173409567,
            34.433067736381865
          ],
          [
            -119.15548946590434,
            34.43297866361814
          ]
        ]
      }
    },
    {
      "type": "Feature",
      "properties": {
        "kind": "building_edge",
        "source": "models.json#oak-leaf-massing",
        "priority": 70,
        "authority": "derived",
        "evidence": "modelled",
        "structure_id": "oak-leaf-massing",
        "extend_m": 5.0
      },
      "geometry": {
        "type": "LineString",
        "coordinates": [
          [
            -119.1555166412639,
            34.43306584337104
          ],
          [
            -119.1554840587361,
            34.432978956628965
          ]
        ]
      }
    },
    {
      "type": "Feature",
      "properties": {
        "kind": "building_edge",
        "source": "models.json#oak-leaf-massing",
        "priority": 70,
        "authority": "derived",
        "evidence": "modelled",
        "structure_id": "oak-leaf-massing",
        "extend_m": 5.0
      },
      "geometry": {
        "type": "LineString",
        "coordinates": [
          [
            -119.15552076951435,
            34.433063726729024
          ],
          [
            -119.15547613048565,
            34.43297317327098
          ]
        ]
      }
    },
    {
      "type": "Feature",
      "properties": {
        "kind": "building_edge",
        "source": "models.json#oak-leaf-massing",
        "priority": 70,
        "authority": "derived",
        "evidence": "modelled",
        "structure_id": "oak-leaf-massing",
        "extend_m": 5.0
      },
      "geometry": {
        "type": "LineString",
        "coordinates": [
          [
            -119.1555180251062,
            34.433056365484326
          ],
          [
            -119.1554717748938,
            34.43296643451568
          ]
        ]
      }
    },
    {
      "type": "Feature",
      "properties": {
        "kind": "building_edge",
        "source": "models.json#oak-leaf-massing",
        "priority": 70,
        "authority": "derived",
        "evidence": "modelled",
        "structure_id": "oak-leaf-massing",
        "extend_m": 5.0
      },
      "geometry": {
        "type": "LineString",
        "coordinates": [
          [
            -119.15553090793495,
            34.43304030680133
          ],
          [
            -119.15545459206506,
            34.43297489319867
          ]
        ]
      }
    },
    {
      "type": "Feature",
      "properties": {
        "kind": "building_edge",
        "source": "models.json#oak-leaf-massing",
        "priority": 70,
        "authority": "derived",
        "evidence": "modelled",
        "structure_id": "oak-leaf-massing",
        "extend_m": 5.0
      },
      "geometry": {
        "type": "LineString",
        "coordinates": [
          [
            -119.15553020793494,
            34.43303970680133
          ],
          [
            -119.15545389206505,
            34.43297429319867
          ]
        ]
      }
    },
    {
      "type": "Feature",
      "properties": {
        "kind": "building_edge",
        "source": "models.json#oak-leaf-massing",
        "priority": 70,
        "authority": "derived",
        "evidence": "modelled",
        "structure_id": "oak-leaf-massing",
        "extend_m": 5.0
      },
      "geometry": {
        "type": "LineString",
        "coordinates": [
          [
            -119.15554424064513,
            34.433018375699014
          ],
          [
            -119.15543825935487,
            34.432994824300984
          ]
        ]
      }
    },
    {
      "type": "Feature",
      "properties": {
        "kind": "building_edge",
        "source": "models.json#oak-leaf-massing",
        "priority": 70,
        "authority": "derived",
        "evidence": "modelled",
        "structure_id": "oak-leaf-massing",
        "extend_m": 5.0
      },
      "geometry": {
        "type": "LineString",
        "coordinates": [
          [
            -119.15554367880452,
            34.43301707576068
          ],
          [
            -119.15543692119547,
            34.43299572423932
          ]
        ]
      }
    },
    {
      "type": "Feature",
      "properties": {
        "kind": "building_edge",
        "source": "models.json#oak-leaf-massing",
        "priority": 70,
        "authority": "derived",
        "evidence": "modelled",
        "structure_id": "oak-leaf-massing",
        "extend_m": 5.0
      },
      "geometry": {
        "type": "LineString",
        "coordinates": [
          [
            -119.15554281465164,
            34.43301639802899
          ],
          [
            -119.15543468534835,
            34.43299580197101
          ]
        ]
      }
    },
    {
      "type": "Feature",
      "properties": {
        "kind": "building_edge",
        "source": "models.json#oak-leaf-massing",
        "priority": 70,
        "authority": "derived",
        "evidence": "modelled",
        "structure_id": "oak-leaf-massing",
        "extend_m": 5.0
      },
      "geometry": {
        "type": "LineString",
        "coordinates": [
          [
            -119.15554137536105,
            34.43301321936733
          ],
          [
            -119.15543182463894,
            34.43299828063267
          ]
        ]
      }
    },
    {
      "type": "Feature",
      "properties": {
        "kind": "building_edge",
        "source": "models.json#oak-leaf-massing",
        "priority": 70,
        "authority": "derived",
        "evidence": "modelled",
        "structure_id": "oak-leaf-massing",
        "extend_m": 5.0
      },
      "geometry": {
        "type": "LineString",
        "coordinates": [
          [
            -119.15553989737619,
            34.4330056
          ],
          [
            -119.15534390262381,
            34.4330056
          ]
        ]
      }
    },
    {
      "type": "Feature",
      "properties": {
        "kind": "building_edge",
        "source": "models.json#oak-leaf-massing",
        "priority": 70,
        "authority": "derived",
        "evidence": "modelled",
        "structure_id": "oak-leaf-massing",
        "extend_m": 5.0
      },
      "geometry": {
        "type": "LineString",
        "coordinates": [
          [
            -119.15545269737619,
            34.4330056
          ],
          [
            -119.15525680262381,
            34.4330056
          ]
        ]
      }
    },
    {
      "type": "Feature",
      "properties": {
        "kind": "building_edge",
        "source": "models.json#oak-leaf-massing",
        "priority": 70,
        "authority": "derived",
        "evidence": "modelled",
        "structure_id": "oak-leaf-massing",
        "extend_m": 5.0
      },
      "geometry": {
        "type": "LineString",
        "coordinates": [
          [
            -119.15536499527909,
            34.43299891233553
          ],
          [
            -119.15518420472091,
            34.433021387664475
          ]
        ]
      }
    },
    {
      "type": "Feature",
      "properties": {
        "kind": "building_edge",
        "source": "models.json#oak-leaf-massing",
        "priority": 70,
        "authority": "derived",
        "evidence": "modelled",
        "structure_id": "oak-leaf-massing",
        "extend_m": 5.0
      },
      "geometry": {
        "type": "LineString",
        "coordinates": [
          [
            -119.1552917968937,
            34.433008021258765
          ],
          [
            -119.15511090310629,
            34.43303047874124
          ]
        ]
      }
    },
    {
      "type": "Feature",
      "properties": {
        "kind": "building_edge",
        "source": "models.json#oak-leaf-massing",
        "priority": 70,
        "authority": "derived",
        "evidence": "modelled",
        "structure_id": "oak-leaf-massing",
        "extend_m": 5.0
      },
      "geometry": {
        "type": "LineString",
        "coordinates": [
          [
            -119.15521757880443,
            34.43301322423896
          ],
          [
            -119.15511082119558,
            34.43303457576104
          ]
        ]
      }
    },
    {
      "type": "Feature",
      "properties": {
        "kind": "building_edge",
        "source": "models.json#oak-leaf-massing",
        "priority": 70,
        "authority": "derived",
        "evidence": "modelled",
        "structure_id": "oak-leaf-massing",
        "extend_m": 5.0
      },
      "geometry": {
        "type": "LineString",
        "coordinates": [
          [
            -119.15521624064526,
            34.43301232430138
          ],
          [
            -119.15511025935474,
            34.43303587569862
          ]
        ]
      }
    },
    {
      "type": "Feature",
      "properties": {
        "kind": "building_edge",
        "source": "models.json#oak-leaf-massing",
        "priority": 70,
        "authority": "derived",
        "evidence": "modelled",
        "structure_id": "oak-leaf-massing",
        "extend_m": 5.0
      },
      "geometry": {
        "type": "LineString",
        "coordinates": [
          [
            -119.15520060793494,
            34.43299179319867
          ],
          [
            -119.15512429206505,
            34.43305720680133
          ]
        ]
      }
    },
    {
      "type": "Feature",
      "properties": {
        "kind": "building_edge",
        "source": "models.json#oak-leaf-massing",
        "priority": 70,
        "authority": "derived",
        "evidence": "modelled",
        "structure_id": "oak-leaf-massing",
        "extend_m": 5.0
      },
      "geometry": {
        "type": "LineString",
        "coordinates": [
          [
            -119.15519990793494,
            34.43299239319867
          ],
          [
            -119.15512359206505,
            34.43305780680133
          ]
        ]
      }
    },
    {
      "type": "Feature",
      "properties": {
        "kind": "building_edge",
        "source": "models.json#oak-leaf-massing",
        "priority": 70,
        "authority": "derived",
        "evidence": "modelled",
        "structure_id": "oak-leaf-massing",
        "extend_m": 5.0
      },
      "geometry": {
        "type": "LineString",
        "coordinates": [
          [
            -119.15519230868003,
            34.43298830958387
          ],
          [
            -119.15512999131997,
            34.43306309041613
          ]
        ]
      }
    },
    {
      "type": "Feature",
      "properties": {
        "kind": "building_edge",
        "source": "models.json#oak-leaf-massing",
        "priority": 70,
        "authority": "derived",
        "evidence": "modelled",
        "structure_id": "oak-leaf-massing",
        "extend_m": 5.0
      },
      "geometry": {
        "type": "LineString",
        "coordinates": [
          [
            -119.15519560708371,
            34.43299129291629
          ],
          [
            -119.15512569291629,
            34.4330612070837
          ]
        ]
      }
    },
    {
      "type": "Feature",
      "properties": {
        "kind": "building_edge",
        "source": "models.json#oak-leaf-massing",
        "priority": 70,
        "authority": "derived",
        "evidence": "modelled",
        "structure_id": "oak-leaf-massing",
        "extend_m": 5.0
      },
      "geometry": {
        "type": "LineString",
        "coordinates": [
          [
            -119.1551765412639,
            34.43298345662896
          ],
          [
            -119.1551439587361,
            34.433070343371035
          ]
        ]
      }
    },
    {
      "type": "Feature",
      "properties": {
        "kind": "building_edge",
        "source": "models.json#oak-leaf-massing",
        "priority": 70,
        "authority": "derived",
        "evidence": "modelled",
        "structure_id": "oak-leaf-massing",
        "extend_m": 5.0
      },
      "geometry": {
        "type": "LineString",
        "coordinates": [
          [
            -119.15517113409557,
            34.43298316361812
          ],
          [
            -119.15514886590444,
            34.43307223638188
          ]
        ]
      }
    },
    {
      "type": "Feature",
      "properties": {
        "kind": "building_edge",
        "source": "models.json#oak-leaf-massing",
        "priority": 70,
        "authority": "derived",
        "evidence": "modelled",
        "structure_id": "oak-leaf-massing",
        "extend_m": 5.0
      },
      "geometry": {
        "type": "LineString",
        "coordinates": [
          [
            -119.15515895619664,
            34.432983033389704
          ],
          [
            -119.15516244380336,
            34.4331495666103
          ]
        ]
      }
    },
    {
      "type": "Feature",
      "properties": {
        "kind": "building_edge",
        "source": "models.json#oak-leaf-massing",
        "priority": 70,
        "authority": "derived",
        "evidence": "modelled",
        "structure_id": "oak-leaf-massing",
        "extend_m": 5.0
      },
      "geometry": {
        "type": "LineString",
        "coordinates": [
          [
            -119.15516055743001,
            34.43305943337197
          ],
          [
            -119.15516404257,
            34.43322606662802
          ]
        ]
      }
    },
    {
      "type": "Feature",
      "properties": {
        "kind": "building_edge",
        "source": "models.json#oak-leaf-massing",
        "priority": 70,
        "authority": "derived",
        "evidence": "modelled",
        "structure_id": "oak-leaf-massing",
        "extend_m": 5.0
      },
      "geometry": {
        "type": "LineString",
        "coordinates": [
          [
            -119.15515206590443,
            34.43313686361812
          ],
          [
            -119.15517433409556,
            34.43322593638188
          ]
        ]
      }
    },
    {
      "type": "Feature",
      "properties": {
        "kind": "building_edge",
        "source": "models.json#oak-leaf-massing",
        "priority": 70,
        "authority": "derived",
        "evidence": "modelled",
        "structure_id": "oak-leaf-massing",
        "extend_m": 5.0
      },
      "geometry": {
        "type": "LineString",
        "coordinates": [
          [
            -119.15514509653318,
            34.433139325243516
          ],
          [
            -119.15518180346682,
            34.433224974756484
          ]
        ]
      }
    },
    {
      "type": "Feature",
      "properties": {
        "kind": "building_edge",
        "source": "models.json#oak-leaf-massing",
        "priority": 70,
        "authority": "derived",
        "evidence": "modelled",
        "structure_id": "oak-leaf-massing",
        "extend_m": 5.0
      },
      "geometry": {
        "type": "LineString",
        "coordinates": [
          [
            -119.15513685365038,
            34.433143251286964
          ],
          [
            -119.15523334634962,
            34.433284848713036
          ]
        ]
      }
    },
    {
      "type": "Feature",
      "properties": {
        "kind": "building_edge",
        "source": "models.json#oak-leaf-massing",
        "priority": 70,
        "authority": "derived",
        "evidence": "modelled",
        "structure_id": "oak-leaf-massing",
        "extend_m": 5.0
      },
      "geometry": {
        "type": "LineString",
        "coordinates": [
          [
            -119.15517985365038,
            34.43320635128696
          ],
          [
            -119.15527634634962,
            34.433347948713035
          ]
        ]
      }
    },
    {
      "type": "Feature",
      "properties": {
        "kind": "building_edge",
        "source": "models.json#oak-leaf-massing",
        "priority": 70,
        "authority": "derived",
        "evidence": "modelled",
        "structure_id": "oak-leaf-massing",
        "extend_m": 5.0
      },
      "geometry": {
        "type": "LineString",
        "coordinates": [
          [
            -119.15522207877964,
            34.43326982081563
          ],
          [
            -119.15528342122036,
            34.43335647918437
          ]
        ]
      }
    },
    {
      "type": "Feature",
      "properties": {
        "kind": "building_edge",
        "source": "models.json#oak-leaf-massing",
        "priority": 70,
        "authority": "derived",
        "evidence": "modelled",
        "structure_id": "oak-leaf-massing",
        "extend_m": 5.0
      },
      "geometry": {
        "type": "LineString",
        "coordinates": [
          [
            -119.15522893337959,
            34.43327845490586
          ],
          [
            -119.15528906662041,
            34.43336574509414
          ]
        ]
      }
    },
    {
      "type": "Feature",
      "properties": {
        "kind": "building_edge",
        "source": "models.json#oak-leaf-massing",
        "priority": 70,
        "authority": "derived",
        "evidence": "modelled",
        "structure_id": "oak-leaf-massing",
        "extend_m": 5.0
      },
      "geometry": {
        "type": "LineString",
        "coordinates": [
          [
            -119.15522429206506,
            34.43329419319867
          ],
          [
            -119.15530060793495,
            34.43335960680133
          ]
        ]
      }
    },
    {
      "type": "Feature",
      "properties": {
        "kind": "building_edge",
        "source": "models.json#oak-leaf-massing",
        "priority": 70,
        "authority": "derived",
        "evidence": "modelled",
        "structure_id": "oak-leaf-massing",
        "extend_m": 5.0
      },
      "geometry": {
        "type": "LineString",
        "coordinates": [
          [
            -119.15522499206506,
            34.43329479319867
          ],
          [
            -119.15530130793495,
            34.43336020680133
          ]
        ]
      }
    },
    {
      "type": "Feature",
      "properties": {
        "kind": "building_edge",
        "source": "models.json#oak-leaf-massing",
        "priority": 70,
        "authority": "derived",
        "evidence": "modelled",
        "structure_id": "oak-leaf-massing",
        "extend_m": 5.0
      },
      "geometry": {
        "type": "LineString",
        "coordinates": [
          [
            -119.15521619883386,
            34.43330554062769
          ],
          [
            -119.15531930116614,
            34.433354059372306
          ]
        ]
      }
    },
    {
      "type": "Feature",
      "properties": {
        "kind": "building_edge",
        "source": "models.json#oak-leaf-massing",
        "priority": 70,
        "authority": "derived",
        "evidence": "modelled",
        "structure_id": "oak-leaf-massing",
        "extend_m": 5.0
      },
      "geometry": {
        "type": "LineString",
        "coordinates": [
          [
            -119.15522378122705,
            34.43331093610786
          ],
          [
            -119.15533061877295,
            34.43335716389214
          ]
        ]
      }
    },
    {
      "type": "Feature",
      "properties": {
        "kind": "building_edge",
        "source": "models.json#retreat-village",
        "priority": 70,
        "authority": "derived",
        "evidence": "modelled",
        "structure_id": "retreat-village",
        "extend_m": 5.0
      },
      "geometry": {
        "type": "LineString",
        "coordinates": [
          [
            -119.15589199737619,
            34.4320504
          ],
          [
            -119.15537740262381,
            34.4320504
          ]
        ]
      }
    },
    {
      "type": "Feature",
      "properties": {
        "kind": "building_edge",
        "source": "models.json#retreat-village",
        "priority": 70,
        "authority": "derived",
        "evidence": "modelled",
        "structure_id": "retreat-village",
        "extend_m": 5.0
      },
      "geometry": {
        "type": "LineString",
        "coordinates": [
          [
            -119.1554318,
            34.43200532660501
          ],
          [
            -119.1554318,
            34.432344273394996
          ]
        ]
      }
    },
    {
      "type": "Feature",
      "properties": {
        "kind": "building_edge",
        "source": "models.json#retreat-village",
        "priority": 70,
        "authority": "derived",
        "evidence": "modelled",
        "structure_id": "retreat-village",
        "extend_m": 5.0
      },
      "geometry": {
        "type": "LineString",
        "coordinates": [
          [
            -119.15537740262381,
            34.4322992
          ],
          [
            -119.15589199737619,
            34.4322992
          ]
        ]
      }
    },
    {
      "type": "Feature",
      "properties": {
        "kind": "building_edge",
        "source": "models.json#retreat-village",
        "priority": 70,
        "authority": "derived",
        "evidence": "modelled",
        "structure_id": "retreat-village",
        "extend_m": 5.0
      },
      "geometry": {
        "type": "LineString",
        "coordinates": [
          [
            -119.1558376,
            34.432344273394996
          ],
          [
            -119.1558376,
            34.43200532660501
          ]
        ]
      }
    },
    {
      "type": "Feature",
      "properties": {
        "kind": "building_edge",
        "source": "models.json#glamping-creek",
        "priority": 70,
        "authority": "derived",
        "evidence": "modelled",
        "structure_id": "glamping-creek",
        "extend_m": 5.0
      },
      "geometry": {
        "type": "LineString",
        "coordinates": [
          [
            -119.1566484973762,
            34.4324301
          ],
          [
            -119.1560504026238,
            34.4324301
          ]
        ]
      }
    },
    {
      "type": "Feature",
      "properties": {
        "kind": "building_edge",
        "source": "models.json#glamping-creek",
        "priority": 70,
        "authority": "derived",
        "evidence": "modelled",
        "structure_id": "glamping-creek",
        "extend_m": 5.0
      },
      "geometry": {
        "type": "LineString",
        "coordinates": [
          [
            -119.1561048,
            34.432385026605004
          ],
          [
            -119.1561048,
            34.432591673394995
          ]
        ]
      }
    },
    {
      "type": "Feature",
      "properties": {
        "kind": "building_edge",
        "source": "models.json#glamping-creek",
        "priority": 70,
        "authority": "derived",
        "evidence": "modelled",
        "structure_id": "glamping-creek",
        "extend_m": 5.0
      },
      "geometry": {
        "type": "LineString",
        "coordinates": [
          [
            -119.1560504026238,
            34.4325466
          ],
          [
            -119.1566484973762,
            34.4325466
          ]
        ]
      }
    },
    {
      "type": "Feature",
      "properties": {
        "kind": "building_edge",
        "source": "models.json#glamping-creek",
        "priority": 70,
        "authority": "derived",
        "evidence": "modelled",
        "structure_id": "glamping-creek",
        "extend_m": 5.0
      },
      "geometry": {
        "type": "LineString",
        "coordinates": [
          [
            -119.1565941,
            34.432591673394995
          ],
          [
            -119.1565941,
            34.432385026605004
          ]
        ]
      }
    },
    {
      "type": "Feature",
      "properties": {
        "kind": "building_edge",
        "source": "models.json#the-barn",
        "priority": 70,
        "authority": "derived",
        "evidence": "modelled",
        "structure_id": "the-barn",
        "extend_m": 5.0
      },
      "geometry": {
        "type": "LineString",
        "coordinates": [
          [
            -119.15684989737619,
            34.4330802
          ],
          [
            -119.15660610262381,
            34.4330802
          ]
        ]
      }
    },
    {
      "type": "Feature",
      "properties": {
        "kind": "building_edge",
        "source": "models.json#the-barn",
        "priority": 70,
        "authority": "derived",
        "evidence": "modelled",
        "structure_id": "the-barn",
        "extend_m": 5.0
      },
      "geometry": {
        "type": "LineString",
        "coordinates": [
          [
            -119.1566605,
            34.433035126605006
          ],
          [
            -119.1566605,
            34.43329117339499
          ]
        ]
      }
    },
    {
      "type": "Feature",
      "properties": {
        "kind": "building_edge",
        "source": "models.json#the-barn",
        "priority": 70,
        "authority": "derived",
        "evidence": "modelled",
        "structure_id": "the-barn",
        "extend_m": 5.0
      },
      "geometry": {
        "type": "LineString",
        "coordinates": [
          [
            -119.15660610262381,
            34.4332461
          ],
          [
            -119.15684989737619,
            34.4332461
          ]
        ]
      }
    },
    {
      "type": "Feature",
      "properties": {
        "kind": "building_edge",
        "source": "models.json#the-barn",
        "priority": 70,
        "authority": "derived",
        "evidence": "modelled",
        "structure_id": "the-barn",
        "extend_m": 5.0
      },
      "geometry": {
        "type": "LineString",
        "coordinates": [
          [
            -119.1567955,
            34.43329117339499
          ],
          [
            -119.1567955,
            34.433035126605006
          ]
        ]
      }
    },
    {
      "type": "Feature",
      "properties": {
        "kind": "building_edge",
        "source": "models.json#agricultural-hub",
        "priority": 70,
        "authority": "derived",
        "evidence": "modelled",
        "structure_id": "agricultural-hub",
        "extend_m": 5.0
      },
      "geometry": {
        "type": "LineString",
        "coordinates": [
          [
            -119.1561266973762,
            34.4334753
          ],
          [
            -119.15576060262381,
            34.4334753
          ]
        ]
      }
    },
    {
      "type": "Feature",
      "properties": {
        "kind": "building_edge",
        "source": "models.json#agricultural-hub",
        "priority": 70,
        "authority": "derived",
        "evidence": "modelled",
        "structure_id": "agricultural-hub",
        "extend_m": 5.0
      },
      "geometry": {
        "type": "LineString",
        "coordinates": [
          [
            -119.155815,
            34.433430226605005
          ],
          [
            -119.155815,
            34.43359657339499
          ]
        ]
      }
    },
    {
      "type": "Feature",
      "properties": {
        "kind": "building_edge",
        "source": "models.json#agricultural-hub",
        "priority": 70,
        "authority": "derived",
        "evidence": "modelled",
        "structure_id": "agricultural-hub",
        "extend_m": 5.0
      },
      "geometry": {
        "type": "LineString",
        "coordinates": [
          [
            -119.15576060262381,
            34.4335515
          ],
          [
            -119.1561266973762,
            34.4335515
          ]
        ]
      }
    },
    {
      "type": "Feature",
      "properties": {
        "kind": "building_edge",
        "source": "models.json#agricultural-hub",
        "priority": 70,
        "authority": "derived",
        "evidence": "modelled",
        "structure_id": "agricultural-hub",
        "extend_m": 5.0
      },
      "geometry": {
        "type": "LineString",
        "coordinates": [
          [
            -119.1560723,
            34.43359657339499
          ],
          [
            -119.1560723,
            34.433430226605005
          ]
        ]
      }
    },
    {
      "type": "Feature",
      "properties": {
        "kind": "building_edge",
        "source": "models.json#tropical-dome",
        "priority": 70,
        "authority": "derived",
        "evidence": "modelled",
        "structure_id": "tropical-dome",
        "extend_m": 5.0
      },
      "geometry": {
        "type": "LineString",
        "coordinates": [
          [
            -119.15687939737619,
            34.4328862
          ],
          [
            -119.15664660262381,
            34.4328862
          ]
        ]
      }
    },
    {
      "type": "Feature",
      "properties": {
        "kind": "building_edge",
        "source": "models.json#tropical-dome",
        "priority": 70,
        "authority": "derived",
        "evidence": "modelled",
        "structure_id": "tropical-dome",
        "extend_m": 5.0
      },
      "geometry": {
        "type": "LineString",
        "coordinates": [
          [
            -119.156701,
            34.432841126605005
          ],
          [
            -119.156701,
            34.43303407339499
          ]
        ]
      }
    },
    {
      "type": "Feature",
      "properties": {
        "kind": "building_edge",
        "source": "models.json#tropical-dome",
        "priority": 70,
        "authority": "derived",
        "evidence": "modelled",
        "structure_id": "tropical-dome",
        "extend_m": 5.0
      },
      "geometry": {
        "type": "LineString",
        "coordinates": [
          [
            -119.15664660262381,
            34.432989
          ],
          [
            -119.15687939737619,
            34.432989
          ]
        ]
      }
    },
    {
      "type": "Feature",
      "properties": {
        "kind": "building_edge",
        "source": "models.json#tropical-dome",
        "priority": 70,
        "authority": "derived",
        "evidence": "modelled",
        "structure_id": "tropical-dome",
        "extend_m": 5.0
      },
      "geometry": {
        "type": "LineString",
        "coordinates": [
          [
            -119.156825,
            34.43303407339499
          ],
          [
            -119.156825,
            34.432841126605005
          ]
        ]
      }
    },
    {
      "type": "Feature",
      "properties": {
        "kind": "building_edge",
        "source": "models.json#community-hub",
        "priority": 70,
        "authority": "derived",
        "evidence": "modelled",
        "structure_id": "community-hub",
        "extend_m": 5.0
      },
      "geometry": {
        "type": "LineString",
        "coordinates": [
          [
            -119.1555327973762,
            34.4327584
          ],
          [
            -119.1552260026238,
            34.4327584
          ]
        ]
      }
    },
    {
      "type": "Feature",
      "properties": {
        "kind": "building_edge",
        "source": "models.json#community-hub",
        "priority": 70,
        "authority": "derived",
        "evidence": "modelled",
        "structure_id": "community-hub",
        "extend_m": 5.0
      },
      "geometry": {
        "type": "LineString",
        "coordinates": [
          [
            -119.1552804,
            34.432713326605004
          ],
          [
            -119.1552804,
            34.432873773394995
          ]
        ]
      }
    },
    {
      "type": "Feature",
      "properties": {
        "kind": "building_edge",
        "source": "models.json#community-hub",
        "priority": 70,
        "authority": "derived",
        "evidence": "modelled",
        "structure_id": "community-hub",
        "extend_m": 5.0
      },
      "geometry": {
        "type": "LineString",
        "coordinates": [
          [
            -119.1552260026238,
            34.4328287
          ],
          [
            -119.1555327973762,
            34.4328287
          ]
        ]
      }
    },
    {
      "type": "Feature",
      "properties": {
        "kind": "building_edge",
        "source": "models.json#community-hub",
        "priority": 70,
        "authority": "derived",
        "evidence": "modelled",
        "structure_id": "community-hub",
        "extend_m": 5.0
      },
      "geometry": {
        "type": "LineString",
        "coordinates": [
          [
            -119.1554784,
            34.432873773394995
          ],
          [
            -119.1554784,
            34.432713326605004
          ]
        ]
      }
    },
    {
      "type": "Feature",
      "properties": {
        "kind": "building_edge",
        "source": "models.json#events-gatherings-hub",
        "priority": 70,
        "authority": "derived",
        "evidence": "modelled",
        "structure_id": "events-gatherings-hub",
        "extend_m": 5.0
      },
      "geometry": {
        "type": "LineString",
        "coordinates": [
          [
            -119.15521189737619,
            34.4333796
          ],
          [
            -119.15491810262381,
            34.4333796
          ]
        ]
      }
    },
    {
      "type": "Feature",
      "properties": {
        "kind": "building_edge",
        "source": "models.json#events-gatherings-hub",
        "priority": 70,
        "authority": "derived",
        "evidence": "modelled",
        "structure_id": "events-gatherings-hub",
        "extend_m": 5.0
      },
      "geometry": {
        "type": "LineString",
        "coordinates": [
          [
            -119.1549725,
            34.43333452660501
          ],
          [
            -119.1549725,
            34.43355267339499
          ]
        ]
      }
    },
    {
      "type": "Feature",
      "properties": {
        "kind": "building_edge",
        "source": "models.json#events-gatherings-hub",
        "priority": 70,
        "authority": "derived",
        "evidence": "modelled",
        "structure_id": "events-gatherings-hub",
        "extend_m": 5.0
      },
      "geometry": {
        "type": "LineString",
        "coordinates": [
          [
            -119.15491810262381,
            34.4335076
          ],
          [
            -119.15521189737619,
            34.4335076
          ]
        ]
      }
    },
    {
      "type": "Feature",
      "properties": {
        "kind": "building_edge",
        "source": "models.json#events-gatherings-hub",
        "priority": 70,
        "authority": "derived",
        "evidence": "modelled",
        "structure_id": "events-gatherings-hub",
        "extend_m": 5.0
      },
      "geometry": {
        "type": "LineString",
        "coordinates": [
          [
            -119.1551575,
            34.43355267339499
          ],
          [
            -119.1551575,
            34.43333452660501
          ]
        ]
      }
    },
    {
      "type": "Feature",
      "properties": {
        "kind": "building_edge",
        "source": "models.json#wellness-facilities",
        "priority": 70,
        "authority": "derived",
        "evidence": "modelled",
        "structure_id": "wellness-facilities",
        "extend_m": 5.0
      },
      "geometry": {
        "type": "LineString",
        "coordinates": [
          [
            -119.15517619737619,
            34.4329192
          ],
          [
            -119.15494780262381,
            34.4329192
          ]
        ]
      }
    },
    {
      "type": "Feature",
      "properties": {
        "kind": "building_edge",
        "source": "models.json#wellness-facilities",
        "priority": 70,
        "authority": "derived",
        "evidence": "modelled",
        "structure_id": "wellness-facilities",
        "extend_m": 5.0
      },
      "geometry": {
        "type": "LineString",
        "coordinates": [
          [
            -119.1550022,
            34.43287412660501
          ],
          [
            -119.1550022,
            34.43309407339499
          ]
        ]
      }
    },
    {
      "type": "Feature",
      "properties": {
        "kind": "building_edge",
        "source": "models.json#wellness-facilities",
        "priority": 70,
        "authority": "derived",
        "evidence": "modelled",
        "structure_id": "wellness-facilities",
        "extend_m": 5.0
      },
      "geometry": {
        "type": "LineString",
        "coordinates": [
          [
            -119.15494780262381,
            34.433049
          ],
          [
            -119.15517619737619,
            34.433049
          ]
        ]
      }
    },
    {
      "type": "Feature",
      "properties": {
        "kind": "building_edge",
        "source": "models.json#wellness-facilities",
        "priority": 70,
        "authority": "derived",
        "evidence": "modelled",
        "structure_id": "wellness-facilities",
        "extend_m": 5.0
      },
      "geometry": {
        "type": "LineString",
        "coordinates": [
          [
            -119.1551218,
            34.43309407339499
          ],
          [
            -119.1551218,
            34.43287412660501
          ]
        ]
      }
    },
    {
      "type": "Feature",
      "properties": {
        "kind": "building_edge",
        "source": "models.json#livestock-dairy",
        "priority": 70,
        "authority": "derived",
        "evidence": "modelled",
        "structure_id": "livestock-dairy",
        "extend_m": 5.0
      },
      "geometry": {
        "type": "LineString",
        "coordinates": [
          [
            -119.15627789737619,
            34.4327835
          ],
          [
            -119.15596130262381,
            34.4327835
          ]
        ]
      }
    },
    {
      "type": "Feature",
      "properties": {
        "kind": "building_edge",
        "source": "models.json#livestock-dairy",
        "priority": 70,
        "authority": "derived",
        "evidence": "modelled",
        "structure_id": "livestock-dairy",
        "extend_m": 5.0
      },
      "geometry": {
        "type": "LineString",
        "coordinates": [
          [
            -119.1560157,
            34.432738426605006
          ],
          [
            -119.1560157,
            34.432935873394996
          ]
        ]
      }
    },
    {
      "type": "Feature",
      "properties": {
        "kind": "building_edge",
        "source": "models.json#livestock-dairy",
        "priority": 70,
        "authority": "derived",
        "evidence": "modelled",
        "structure_id": "livestock-dairy",
        "extend_m": 5.0
      },
      "geometry": {
        "type": "LineString",
        "coordinates": [
          [
            -119.15596130262381,
            34.4328908
          ],
          [
            -119.15627789737619,
            34.4328908
          ]
        ]
      }
    },
    {
      "type": "Feature",
      "properties": {
        "kind": "building_edge",
        "source": "models.json#livestock-dairy",
        "priority": 70,
        "authority": "derived",
        "evidence": "modelled",
        "structure_id": "livestock-dairy",
        "extend_m": 5.0
      },
      "geometry": {
        "type": "LineString",
        "coordinates": [
          [
            -119.1562235,
            34.432935873394996
          ],
          [
            -119.1562235,
            34.432738426605006
          ]
        ]
      }
    },
    {
      "type": "Feature",
      "properties": {
        "kind": "building_edge",
        "source": "models.json#mushroom-cultivation",
        "priority": 70,
        "authority": "derived",
        "evidence": "modelled",
        "structure_id": "mushroom-cultivation",
        "extend_m": 5.0
      },
      "geometry": {
        "type": "LineString",
        "coordinates": [
          [
            -119.15631919737619,
            34.433465
          ],
          [
            -119.15611680262381,
            34.433465
          ]
        ]
      }
    },
    {
      "type": "Feature",
      "properties": {
        "kind": "building_edge",
        "source": "models.json#mushroom-cultivation",
        "priority": 70,
        "authority": "derived",
        "evidence": "modelled",
        "structure_id": "mushroom-cultivation",
        "extend_m": 5.0
      },
      "geometry": {
        "type": "LineString",
        "coordinates": [
          [
            -119.1561712,
            34.433419926605005
          ],
          [
            -119.1561712,
            34.43357587339499
          ]
        ]
      }
    },
    {
      "type": "Feature",
      "properties": {
        "kind": "building_edge",
        "source": "models.json#mushroom-cultivation",
        "priority": 70,
        "authority": "derived",
        "evidence": "modelled",
        "structure_id": "mushroom-cultivation",
        "extend_m": 5.0
      },
      "geometry": {
        "type": "LineString",
        "coordinates": [
          [
            -119.15611680262381,
            34.4335308
          ],
          [
            -119.15631919737619,
            34.4335308
          ]
        ]
      }
    },
    {
      "type": "Feature",
      "properties": {
        "kind": "building_edge",
        "source": "models.json#mushroom-cultivation",
        "priority": 70,
        "authority": "derived",
        "evidence": "modelled",
        "structure_id": "mushroom-cultivation",
        "extend_m": 5.0
      },
      "geometry": {
        "type": "LineString",
        "coordinates": [
          [
            -119.1562648,
            34.43357587339499
          ],
          [
            -119.1562648,
            34.433419926605005
          ]
        ]
      }
    },
    {
      "type": "Feature",
      "properties": {
        "kind": "building_edge",
        "source": "models.json#beekeeping-program",
        "priority": 70,
        "authority": "derived",
        "evidence": "modelled",
        "structure_id": "beekeeping-program",
        "extend_m": 5.0
      },
      "geometry": {
        "type": "LineString",
        "coordinates": [
          [
            -119.1557793973762,
            34.4335128
          ],
          [
            -119.15562060262381,
            34.4335128
          ]
        ]
      }
    },
    {
      "type": "Feature",
      "properties": {
        "kind": "building_edge",
        "source": "models.json#beekeeping-program",
        "priority": 70,
        "authority": "derived",
        "evidence": "modelled",
        "structure_id": "beekeeping-program",
        "extend_m": 5.0
      },
      "geometry": {
        "type": "LineString",
        "coordinates": [
          [
            -119.155675,
            34.43346772660501
          ],
          [
            -119.155675,
            34.433598473394994
          ]
        ]
      }
    },
    {
      "type": "Feature",
      "properties": {
        "kind": "building_edge",
        "source": "models.json#beekeeping-program",
        "priority": 70,
        "authority": "derived",
        "evidence": "modelled",
        "structure_id": "beekeeping-program",
        "extend_m": 5.0
      },
      "geometry": {
        "type": "LineString",
        "coordinates": [
          [
            -119.15562060262381,
            34.4335534
          ],
          [
            -119.1557793973762,
            34.4335534
          ]
        ]
      }
    },
    {
      "type": "Feature",
      "properties": {
        "kind": "building_edge",
        "source": "models.json#beekeeping-program",
        "priority": 70,
        "authority": "derived",
        "evidence": "modelled",
        "structure_id": "beekeeping-program",
        "extend_m": 5.0
      },
      "geometry": {
        "type": "LineString",
        "coordinates": [
          [
            -119.155725,
            34.433598473394994
          ],
          [
            -119.155725,
            34.43346772660501
          ]
        ]
      }
    },
    {
      "type": "Feature",
      "properties": {
        "kind": "building_edge",
        "source": "models.json#farmstead-produce-stand",
        "priority": 70,
        "authority": "derived",
        "evidence": "modelled",
        "structure_id": "farmstead-produce-stand",
        "extend_m": 5.0
      },
      "geometry": {
        "type": "LineString",
        "coordinates": [
          [
            -119.15733809737618,
            34.4323838
          ],
          [
            -119.15716190262381,
            34.4323838
          ]
        ]
      }
    },
    {
      "type": "Feature",
      "properties": {
        "kind": "building_edge",
        "source": "models.json#farmstead-produce-stand",
        "priority": 70,
        "authority": "derived",
        "evidence": "modelled",
        "structure_id": "farmstead-produce-stand",
        "extend_m": 5.0
      },
      "geometry": {
        "type": "LineString",
        "coordinates": [
          [
            -119.1572163,
            34.432338726605
          ],
          [
            -119.1572163,
            34.432475673395
          ]
        ]
      }
    },
    {
      "type": "Feature",
      "properties": {
        "kind": "building_edge",
        "source": "models.json#farmstead-produce-stand",
        "priority": 70,
        "authority": "derived",
        "evidence": "modelled",
        "structure_id": "farmstead-produce-stand",
        "extend_m": 5.0
      },
      "geometry": {
        "type": "LineString",
        "coordinates": [
          [
            -119.15716190262381,
            34.4324306
          ],
          [
            -119.15733809737618,
            34.4324306
          ]
        ]
      }
    },
    {
      "type": "Feature",
      "properties": {
        "kind": "building_edge",
        "source": "models.json#farmstead-produce-stand",
        "priority": 70,
        "authority": "derived",
        "evidence": "modelled",
        "structure_id": "farmstead-produce-stand",
        "extend_m": 5.0
      },
      "geometry": {
        "type": "LineString",
        "coordinates": [
          [
            -119.1572837,
            34.432475673395
          ],
          [
            -119.1572837,
            34.432338726605
          ]
        ]
      }
    },
    {
      "type": "Feature",
      "properties": {
        "kind": "building_edge",
        "source": "models.json#infrastructure",
        "priority": 70,
        "authority": "derived",
        "evidence": "modelled",
        "structure_id": "infrastructure",
        "extend_m": 5.0
      },
      "geometry": {
        "type": "LineString",
        "coordinates": [
          [
            -119.15612919737619,
            34.432377
          ],
          [
            -119.15576470262381,
            34.432377
          ]
        ]
      }
    },
    {
      "type": "Feature",
      "properties": {
        "kind": "building_edge",
        "source": "models.json#infrastructure",
        "priority": 70,
        "authority": "derived",
        "evidence": "modelled",
        "structure_id": "infrastructure",
        "extend_m": 5.0
      },
      "geometry": {
        "type": "LineString",
        "coordinates": [
          [
            -119.1558191,
            34.43233192660501
          ],
          [
            -119.1558191,
            34.43252577339499
          ]
        ]
      }
    },
    {
      "type": "Feature",
      "properties": {
        "kind": "building_edge",
        "source": "models.json#infrastructure",
        "priority": 70,
        "authority": "derived",
        "evidence": "modelled",
        "structure_id": "infrastructure",
        "extend_m": 5.0
      },
      "geometry": {
        "type": "LineString",
        "coordinates": [
          [
            -119.15576470262381,
            34.4324807
          ],
          [
            -119.15598779737618,
            34.4324807
          ]
        ]
      }
    },
    {
      "type": "Feature",
      "properties": {
        "kind": "building_edge",
        "source": "models.json#infrastructure",
        "priority": 70,
        "authority": "derived",
        "evidence": "modelled",
        "structure_id": "infrastructure",
        "extend_m": 5.0
      },
      "geometry": {
        "type": "LineString",
        "coordinates": [
          [
            -119.1559334,
            34.432435626605006
          ],
          [
            -119.1559334,
            34.432760073394995
          ]
        ]
      }
    },
    {
      "type": "Feature",
      "properties": {
        "kind": "building_edge",
        "source": "models.json#infrastructure",
        "priority": 70,
        "authority": "derived",
        "evidence": "modelled",
        "structure_id": "infrastructure",
        "extend_m": 5.0
      },
      "geometry": {
        "type": "LineString",
        "coordinates": [
          [
            -119.15598779737618,
            34.432715
          ],
          [
            -119.1555580026238,
            34.432715
          ]
        ]
      }
    },
    {
      "type": "Feature",
      "properties": {
        "kind": "building_edge",
        "source": "models.json#infrastructure",
        "priority": 70,
        "authority": "derived",
        "evidence": "modelled",
        "structure_id": "infrastructure",
        "extend_m": 5.0
      },
      "geometry": {
        "type": "LineString",
        "coordinates": [
          [
            -119.1556124,
            34.43266992660501
          ],
          [
            -119.1556124,
            34.432868273394995
          ]
        ]
      }
    },
    {
      "type": "Feature",
      "properties": {
        "kind": "building_edge",
        "source": "models.json#infrastructure",
        "priority": 70,
        "authority": "derived",
        "evidence": "modelled",
        "structure_id": "infrastructure",
        "extend_m": 5.0
      },
      "geometry": {
        "type": "LineString",
        "coordinates": [
          [
            -119.1555580026238,
            34.4328232
          ],
          [
            -119.15580829737618,
            34.4328232
          ]
        ]
      }
    },
    {
      "type": "Feature",
      "properties": {
        "kind": "building_edge",
        "source": "models.json#infrastructure",
        "priority": 70,
        "authority": "derived",
        "evidence": "modelled",
        "structure_id": "infrastructure",
        "extend_m": 5.0
      },
      "geometry": {
        "type": "LineString",
        "coordinates": [
          [
            -119.1557539,
            34.432868273394995
          ],
          [
            -119.1557539,
            34.43268802660501
          ]
        ]
      }
    },
    {
      "type": "Feature",
      "properties": {
        "kind": "building_edge",
        "source": "models.json#infrastructure",
        "priority": 70,
        "authority": "derived",
        "evidence": "modelled",
        "structure_id": "infrastructure",
        "extend_m": 5.0
      },
      "geometry": {
        "type": "LineString",
        "coordinates": [
          [
            -119.1556995026238,
            34.4327331
          ],
          [
            -119.15603129737619,
            34.4327331
          ]
        ]
      }
    },
    {
      "type": "Feature",
      "properties": {
        "kind": "building_edge",
        "source": "models.json#infrastructure",
        "priority": 70,
        "authority": "derived",
        "evidence": "modelled",
        "structure_id": "infrastructure",
        "extend_m": 5.0
      },
      "geometry": {
        "type": "LineString",
        "coordinates": [
          [
            -119.1559769,
            34.43277817339499
          ],
          [
            -119.1559769,
            34.432435626605006
          ]
        ]
      }
    },
    {
      "type": "Feature",
      "properties": {
        "kind": "building_edge",
        "source": "models.json#infrastructure",
        "priority": 70,
        "authority": "derived",
        "evidence": "modelled",
        "structure_id": "infrastructure",
        "extend_m": 5.0
      },
      "geometry": {
        "type": "LineString",
        "coordinates": [
          [
            -119.15592250262381,
            34.4324807
          ],
          [
            -119.15612919737619,
            34.4324807
          ]
        ]
      }
    },
    {
      "type": "Feature",
      "properties": {
        "kind": "building_edge",
        "source": "models.json#infrastructure",
        "priority": 70,
        "authority": "derived",
        "evidence": "modelled",
        "structure_id": "infrastructure",
        "extend_m": 5.0
      },
      "geometry": {
        "type": "LineString",
        "coordinates": [
          [
            -119.1560748,
            34.43252577339499
          ],
          [
            -119.1560748,
            34.43233192660501
          ]
        ]
      }
    },
    {
      "type": "Feature",
      "properties": {
        "kind": "building_edge",
        "source": "models.json#ceremonial-infrastructure",
        "priority": 70,
        "authority": "derived",
        "evidence": "modelled",
        "structure_id": "ceremonial-infrastructure",
        "extend_m": 5.0
      },
      "geometry": {
        "type": "LineString",
        "coordinates": [
          [
            -119.1557070973762,
            34.4324424
          ],
          [
            -119.15545690262381,
            34.4324424
          ]
        ]
      }
    },
    {
      "type": "Feature",
      "properties": {
        "kind": "building_edge",
        "source": "models.json#ceremonial-infrastructure",
        "priority": 70,
        "authority": "derived",
        "evidence": "modelled",
        "structure_id": "ceremonial-infrastructure",
        "extend_m": 5.0
      },
      "geometry": {
        "type": "LineString",
        "coordinates": [
          [
            -119.1555113,
            34.432397326605006
          ],
          [
            -119.1555113,
            34.43260467339499
          ]
        ]
      }
    },
    {
      "type": "Feature",
      "properties": {
        "kind": "building_edge",
        "source": "models.json#ceremonial-infrastructure",
        "priority": 70,
        "authority": "derived",
        "evidence": "modelled",
        "structure_id": "ceremonial-infrastructure",
        "extend_m": 5.0
      },
      "geometry": {
        "type": "LineString",
        "coordinates": [
          [
            -119.15545690262381,
            34.4325596
          ],
          [
            -119.1557070973762,
            34.4325596
          ]
        ]
      }
    },
    {
      "type": "Feature",
      "properties": {
        "kind": "building_edge",
        "source": "models.json#ceremonial-infrastructure",
        "priority": 70,
        "authority": "derived",
        "evidence": "modelled",
        "structure_id": "ceremonial-infrastructure",
        "extend_m": 5.0
      },
      "geometry": {
        "type": "LineString",
        "coordinates": [
          [
            -119.1556527,
            34.43260467339499
          ],
          [
            -119.1556527,
            34.432397326605006
          ]
        ]
      }
    },
    {
      "type": "Feature",
      "properties": {
        "kind": "keyline",
        "source": "keylines.geojson#1",
        "priority": 60,
        "authority": "derived",
        "evidence": "modelled",
        "keyline_kind": "keyline"
      },
      "geometry": {
        "type": "LineString",
        "coordinates": [
          [
            -119.1568602816026,
            34.43237991551045
          ],
          [
            -119.15682332290154,
            34.4323695201326
          ],
          [
            -119.15681713600334,
            34.43238462211735
          ],
          [
            -119.15683870880298,
            34.4324002981719
          ],
          [
            -119.15686046775345,
            34.4323822688139
          ]
        ]
      }
    },
    {
      "type": "Feature",
      "properties": {
        "kind": "keyline",
        "source": "keylines.geojson#2",
        "priority": 60,
        "authority": "derived",
        "evidence": "modelled",
        "keyline_kind": "swale_line"
      },
      "geometry": {
        "type": "LineString",
        "coordinates": [
          [
            -119.15683870880298,
            34.4323822688139
          ],
          [
            -119.15683870880298,
            34.4324002981719
          ],
          [
            -119.15686046775345,
            34.4323822688139
          ]
        ]
      }
    },
    {
      "type": "Feature",
      "properties": {
        "kind": "keyline",
        "source": "keylines.geojson#4",
        "priority": 60,
        "authority": "derived",
        "evidence": "modelled",
        "keyline_kind": "keyline"
      },
      "geometry": {
        "type": "LineString",
        "coordinates": [
          [
            -119.15558775530158,
            34.432226665967484
          ],
          [
            -119.15559394219979,
            34.43224176795223
          ],
          [
            -119.15563034563344,
            34.43223368561215
          ]
        ]
      }
    },
    {
      "type": "Feature",
      "properties": {
        "kind": "keyline",
        "source": "keylines.geojson#5",
        "priority": 60,
        "authority": "derived",
        "evidence": "modelled",
        "keyline_kind": "swale_line"
      },
      "geometry": {
        "type": "LineString",
        "coordinates": [
          [
            -119.15560932810122,
            34.43222901927093
          ],
          [
            -119.15560932810122,
            34.43224704862892
          ],
          [
            -119.15560932810122,
            34.43226507798692
          ],
          [
            -119.15560932810122,
            34.432283107344915
          ],
          [
            -119.15560932810122,
            34.43230113670292
          ],
          [
            -119.15560932810122,
            34.432319166060914
          ],
          [
            -119.15560932810122,
            34.43233719541891
          ],
          [
            -119.15560932810122,
            34.432355224776906
          ],
          [
            -119.15560932810122,
            34.4323732541349
          ],
          [
            -119.15563108705169,
            34.4323912834929
          ],
          [
            -119.15565284600217,
            34.4324093128509
          ],
          [
            -119.15565284600217,
            34.4324273422089
          ],
          [
            -119.15565284600217,
            34.43244537156689
          ],
          [
            -119.15565284600217,
            34.43246340092489
          ],
          [
            -119.15565284600217,
            34.432481430282884
          ],
          [
            -119.15565284600217,
            34.43249945964088
          ],
          [
            -119.15565284600217,
            34.432517488998876
          ],
          [
            -119.15565284600217,
            34.43253551835688
          ],
          [
            -119.15565284600217,
            34.432553547714875
          ],
          [
            -119.15565284600217,
            34.43257157707287
          ],
          [
            -119.15567460495264,
            34.43258960643087
          ],
          [
            -119.15565284600217,
            34.43260763578886
          ],
          [
            -119.15565284600217,
            34.43262566514686
          ],
          [
            -119.15565284600217,
            34.432643694504854
          ],
          [
            -119.15567460495264,
            34.432643694504854
          ],
          [
            -119.15569636390312,
            34.43262566514686
          ]
        ]
      }
    },
    {
      "type": "Feature",
      "properties": {
        "kind": "keyline",
        "source": "keylines.geojson#7",
        "priority": 60,
        "authority": "derived",
        "evidence": "modelled",
        "keyline_kind": "keyline"
      },
      "geometry": {
        "type": "LineString",
        "coordinates": [
          [
            -119.15559863477682,
            34.43218159257249
          ],
          [
            -119.15560294504041,
            34.43219492145367
          ],
          [
            -119.15567199518458,
            34.43221687260915
          ],
          [
            -119.15578102876839,
            34.43223914216875
          ]
        ]
      }
    },
    {
      "type": "Feature",
      "properties": {
        "kind": "keyline",
        "source": "keylines.geojson#8",
        "priority": 60,
        "authority": "derived",
        "evidence": "modelled",
        "keyline_kind": "swale_line"
      },
      "geometry": {
        "type": "MultiLineString",
        "coordinates": [
          [
            [
              -119.15562020757646,
              34.432183945875934
            ],
            [
              -119.15562020757646,
              34.43220197523393
            ],
            [
              -119.15562020757646,
              34.432220004591926
            ],
            [
              -119.15559844862598,
              34.43223803394993
            ],
            [
              -119.15559844862598,
              34.432256063307925
            ],
            [
              -119.15562020757646,
              34.43227409266592
            ],
            [
              -119.15562020757646,
              34.43229212202392
            ],
            [
              -119.15562020757646,
              34.43231015138191
            ],
            [
              -119.15562020757646,
              34.43232818073991
            ],
            [
              -119.15562020757646,
              34.43234621009791
            ],
            [
              -119.15562020757646,
              34.43236423945591
            ],
            [
              -119.15562020757646,
              34.4323822688139
            ],
            [
              -119.15564196652693,
              34.4324002981719
            ],
            [
              -119.15564196652693,
              34.432418327529895
            ],
            [
              -119.15564196652693,
              34.43243635688789
            ],
            [
              -119.15564196652693,
              34.43245438624589
            ],
            [
              -119.1556637254774,
              34.43247241560389
            ],
            [
              -119.1556637254774,
              34.432490444961886
            ],
            [
              -119.1556637254774,
              34.43250847431988
            ],
            [
              -119.1556637254774,
              34.43252650367788
            ],
            [
              -119.1556637254774,
              34.43254453303587
            ],
            [
              -119.1556637254774,
              34.43256256239387
            ],
            [
              -119.1556637254774,
              34.432580591751865
            ],
            [
              -119.1556637254774,
              34.43259862110987
            ],
            [
              -119.15564196652693,
              34.432616650467864
            ],
            [
              -119.15564196652693,
              34.43263467982586
            ],
            [
              -119.1556637254774,
              34.432652709183856
            ],
            [
              -119.15568548442788,
              34.43263467982586
            ]
          ],
          [
            [
              -119.15568548442788,
              34.43263467982586
            ],
            [
              -119.15568548442788,
              34.432652709183856
            ]
          ]
        ]
      }
    },
    {
      "type": "Feature",
      "properties": {
        "kind": "keyline",
        "source": "keylines.geojson#10",
        "priority": 60,
        "authority": "derived",
        "evidence": "modelled",
        "keyline_kind": "keyline"
      },
      "geometry": {
        "type": "LineString",
        "coordinates": [
          [
            -119.15604432095985,
            34.43336251552129
          ],
          [
            -119.15601990804727,
            34.433346993710394
          ],
          [
            -119.15600098920974,
            34.43336486882473
          ],
          [
            -119.15602274816021,
            34.43338289818273
          ],
          [
            -119.15604450711069,
            34.43336486882473
          ]
        ]
      }
    },
    {
      "type": "Feature",
      "properties": {
        "kind": "keyline",
        "source": "keylines.geojson#11",
        "priority": 60,
        "authority": "derived",
        "evidence": "modelled",
        "keyline_kind": "swale_line"
      },
      "geometry": {
        "type": "LineString",
        "coordinates": [
          [
            -119.15602274816021,
            34.43336486882473
          ],
          [
            -119.15604450711069,
            34.43338289818273
          ],
          [
            -119.15606626606116,
            34.43338289818273
          ],
          [
            -119.15608802501164,
            34.43338289818273
          ],
          [
            -119.15610978396211,
            34.43340092754073
          ],
          [
            -119.15613154291259,
            34.43340092754073
          ],
          [
            -119.15615330186306,
            34.43338289818273
          ]
        ]
      }
    },
    {
      "type": "Feature",
      "properties": {
        "kind": "keyline",
        "source": "keylines.geojson#13",
        "priority": 60,
        "authority": "derived",
        "evidence": "modelled",
        "keyline_kind": "keyline"
      },
      "geometry": {
        "type": "LineString",
        "coordinates": [
          [
            -119.15562094899471,
            34.43211649478517
          ],
          [
            -119.15571101667109,
            34.4321557307549
          ],
          [
            -119.15598371155978,
            34.43222912056618
          ]
        ]
      }
    },
    {
      "type": "Feature",
      "properties": {
        "kind": "keyline",
        "source": "keylines.geojson#14",
        "priority": 60,
        "authority": "derived",
        "evidence": "modelled",
        "keyline_kind": "swale_line"
      },
      "geometry": {
        "type": "MultiLineString",
        "coordinates": [
          [
            [
              -119.15564196652693,
              34.43211182844395
            ],
            [
              -119.15564196652693,
              34.43212985780195
            ],
            [
              -119.15564196652693,
              34.43214788715994
            ],
            [
              -119.15562020757646,
              34.43216591651794
            ],
            [
              -119.15562020757646,
              34.432183945875934
            ],
            [
              -119.15562020757646,
              34.43220197523393
            ],
            [
              -119.15562020757646,
              34.432220004591926
            ],
            [
              -119.15559844862598,
              34.43223803394993
            ],
            [
              -119.15559844862598,
              34.432256063307925
            ],
            [
              -119.15562020757646,
              34.43227409266592
            ],
            [
              -119.15562020757646,
              34.43229212202392
            ],
            [
              -119.15562020757646,
              34.43231015138191
            ],
            [
              -119.15562020757646,
              34.43232818073991
            ],
            [
              -119.15562020757646,
              34.43234621009791
            ],
            [
              -119.15562020757646,
              34.43236423945591
            ],
            [
              -119.15562020757646,
              34.4323822688139
            ],
            [
              -119.15564196652693,
              34.4324002981719
            ],
            [
              -119.15564196652693,
              34.432418327529895
            ],
            [
              -119.15564196652693,
              34.43243635688789
            ],
            [
              -119.15564196652693,
              34.43245438624589
            ],
            [
              -119.1556637254774,
              34.43247241560389
            ],
            [
              -119.1556637254774,
              34.432490444961886
            ],
            [
              -119.1556637254774,
              34.43250847431988
            ],
            [
              -119.1556637254774,
              34.43252650367788
            ],
            [
              -119.1556637254774,
              34.43254453303587
            ],
            [
              -119.1556637254774,
              34.43256256239387
            ],
            [
              -119.1556637254774,
              34.432580591751865
            ],
            [
              -119.1556637254774,
              34.43259862110987
            ],
            [
              -119.15564196652693,
              34.432616650467864
            ],
            [
              -119.15564196652693,
              34.43263467982586
            ],
            [
              -119.1556637254774,
              34.432652709183856
            ],
            [
              -119.15568548442788,
              34.43263467982586
            ]
          ],
          [
            [
              -119.15568548442788,
              34.43263467982586
            ],
            [
              -119.15568548442788,
              34.432652709183856
            ]
          ]
        ]
      }
    },
    {
      "type": "Feature",
      "properties": {
        "kind": "keyline",
        "source": "keylines.geojson#16",
        "priority": 60,
        "authority": "derived",
        "evidence": "modelled",
        "keyline_kind": "keyline"
      },
      "geometry": {
        "type": "LineString",
        "coordinates": [
          [
            -119.15563127320253,
            34.43206440174551
          ],
          [
            -119.15567460495264,
            34.43209798281303
          ],
          [
            -119.15566823190359,
            34.43207950373026
          ],
          [
            -119.15584128404086,
            34.43215690183894
          ],
          [
            -119.156034796333,
            34.432197846244385
          ]
        ]
      }
    },
    {
      "type": "Feature",
      "properties": {
        "kind": "keyline",
        "source": "keylines.geojson#17",
        "priority": 60,
        "authority": "derived",
        "evidence": "modelled",
        "keyline_kind": "swale_line"
      },
      "geometry": {
        "type": "LineString",
        "coordinates": [
          [
            -119.15565284600217,
            34.43206675504896
          ],
          [
            -119.15565284600217,
            34.43208478440695
          ],
          [
            -119.15565284600217,
            34.43210281376495
          ],
          [
            -119.15563108705169,
            34.432120843122945
          ],
          [
            -119.15563108705169,
            34.43213887248094
          ],
          [
            -119.15563108705169,
            34.43215690183894
          ],
          [
            -119.15563108705169,
            34.43217493119694
          ],
          [
            -119.15560932810122,
            34.432192960554936
          ],
          [
            -119.15560932810122,
            34.43221098991293
          ],
          [
            -119.15560932810122,
            34.43222901927093
          ],
          [
            -119.15560932810122,
            34.43224704862892
          ],
          [
            -119.15560932810122,
            34.43226507798692
          ],
          [
            -119.15560932810122,
            34.432283107344915
          ],
          [
            -119.15560932810122,
            34.43230113670292
          ],
          [
            -119.15560932810122,
            34.432319166060914
          ],
          [
            -119.15560932810122,
            34.43233719541891
          ],
          [
            -119.15560932810122,
            34.432355224776906
          ],
          [
            -119.15560932810122,
            34.4323732541349
          ],
          [
            -119.15563108705169,
            34.4323912834929
          ],
          [
            -119.15565284600217,
            34.4324093128509
          ],
          [
            -119.15565284600217,
            34.4324273422089
          ],
          [
            -119.15565284600217,
            34.43244537156689
          ],
          [
            -119.15565284600217,
            34.43246340092489
          ],
          [
            -119.15565284600217,
            34.432481430282884
          ],
          [
            -119.15565284600217,
            34.43249945964088
          ],
          [
            -119.15565284600217,
            34.432517488998876
          ],
          [
            -119.15565284600217,
            34.43253551835688
          ],
          [
            -119.15565284600217,
            34.432553547714875
          ],
          [
            -119.15565284600217,
            34.43257157707287
          ],
          [
            -119.15567460495264,
            34.43258960643087
          ],
          [
            -119.15565284600217,
            34.43260763578886
          ],
          [
            -119.15565284600217,
            34.43262566514686
          ],
          [
            -119.15565284600217,
            34.432643694504854
          ],
          [
            -119.15567460495264,
            34.432643694504854
          ],
          [
            -119.15569636390312,
            34.43262566514686
          ]
        ]
      }
    },
    {
      "type": "Feature",
      "properties": {
        "kind": "keyline",
        "source": "keylines.geojson#19",
        "priority": 60,
        "authority": "derived",
        "evidence": "modelled",
        "keyline_kind": "keyline"
      },
      "geometry": {
        "type": "LineString",
        "coordinates": [
          [
            -119.15560970040289,
            34.432053432297856
          ],
          [
            -119.15567460495264,
            34.43207995345504
          ],
          [
            -119.15566823190359,
            34.43206147437226
          ],
          [
            -119.15584128404086,
            34.43213887248094
          ]
        ]
      }
    },
    {
      "type": "Feature",
      "properties": {
        "kind": "keyline",
        "source": "keylines.geojson#20",
        "priority": 60,
        "authority": "derived",
        "evidence": "modelled",
        "keyline_kind": "swale_line"
      },
      "geometry": {
        "type": "LineString",
        "coordinates": [
          [
            -119.15565284600217,
            34.43204872569096
          ],
          [
            -119.15565284600217,
            34.43206675504896
          ],
          [
            -119.15565284600217,
            34.43208478440695
          ],
          [
            -119.15565284600217,
            34.43210281376495
          ],
          [
            -119.15563108705169,
            34.432120843122945
          ],
          [
            -119.15563108705169,
            34.43213887248094
          ],
          [
            -119.15563108705169,
            34.43215690183894
          ],
          [
            -119.15563108705169,
            34.43217493119694
          ],
          [
            -119.15560932810122,
            34.432192960554936
          ],
          [
            -119.15560932810122,
            34.43221098991293
          ],
          [
            -119.15560932810122,
            34.43222901927093
          ],
          [
            -119.15560932810122,
            34.43224704862892
          ],
          [
            -119.15560932810122,
            34.43226507798692
          ],
          [
            -119.15560932810122,
            34.432283107344915
          ],
          [
            -119.15560932810122,
            34.43230113670292
          ],
          [
            -119.15560932810122,
            34.432319166060914
          ],
          [
            -119.15560932810122,
            34.43233719541891
          ],
          [
            -119.15560932810122,
            34.432355224776906
          ],
          [
            -119.15560932810122,
            34.4323732541349
          ],
          [
            -119.15563108705169,
            34.4323912834929
          ],
          [
            -119.15565284600217,
            34.4324093128509
          ],
          [
            -119.15565284600217,
            34.4324273422089
          ],
          [
            -119.15565284600217,
            34.43244537156689
          ],
          [
            -119.15565284600217,
            34.43246340092489
          ],
          [
            -119.15565284600217,
            34.432481430282884
          ],
          [
            -119.15565284600217,
            34.43249945964088
          ],
          [
            -119.15565284600217,
            34.432517488998876
          ],
          [
            -119.15565284600217,
            34.43253551835688
          ],
          [
            -119.15565284600217,
            34.432553547714875
          ],
          [
            -119.15565284600217,
            34.43257157707287
          ],
          [
            -119.15567460495264,
            34.43258960643087
          ],
          [
            -119.15565284600217,
            34.43260763578886
          ],
          [
            -119.15565284600217,
            34.43262566514686
          ],
          [
            -119.15565284600217,
            34.432643694504854
          ],
          [
            -119.15567460495264,
            34.432643694504854
          ],
          [
            -119.15569636390312,
            34.43262566514686
          ]
        ]
      }
    },
    {
      "type": "Feature",
      "properties": {
        "kind": "keyline",
        "source": "keylines.geojson#22",
        "priority": 60,
        "authority": "derived",
        "evidence": "modelled",
        "keyline_kind": "keyline"
      },
      "geometry": {
        "type": "LineString",
        "coordinates": [
          [
            -119.15564215267777,
            34.43201031367152
          ],
          [
            -119.15564833957598,
            34.43202541565626
          ],
          [
            -119.15567911137883,
            34.43202541565626
          ],
          [
            -119.15578456322967,
            34.43208949601913
          ],
          [
            -119.15592753873158,
            34.43213887248094
          ]
        ]
      }
    },
    {
      "type": "Feature",
      "properties": {
        "kind": "keyline",
        "source": "keylines.geojson#23",
        "priority": 60,
        "authority": "derived",
        "evidence": "modelled",
        "keyline_kind": "swale_line"
      },
      "geometry": {
        "type": "LineString",
        "coordinates": [
          [
            -119.1556637254774,
            34.43201266697496
          ],
          [
            -119.1556637254774,
            34.43203069633296
          ],
          [
            -119.1556637254774,
            34.43204872569096
          ],
          [
            -119.15564196652693,
            34.43206675504896
          ],
          [
            -119.15564196652693,
            34.43208478440695
          ],
          [
            -119.15564196652693,
            34.43210281376495
          ],
          [
            -119.15564196652693,
            34.432120843122945
          ],
          [
            -119.15564196652693,
            34.43213887248094
          ],
          [
            -119.15562020757646,
            34.43215690183894
          ],
          [
            -119.15562020757646,
            34.43217493119694
          ],
          [
            -119.15562020757646,
            34.432192960554936
          ],
          [
            -119.15562020757646,
            34.43221098991293
          ],
          [
            -119.15562020757646,
            34.43222901927093
          ],
          [
            -119.15559844862598,
            34.43224704862892
          ],
          [
            -119.15559844862598,
            34.43226507798692
          ],
          [
            -119.15562020757646,
            34.432283107344915
          ],
          [
            -119.15562020757646,
            34.43230113670292
          ],
          [
            -119.15562020757646,
            34.432319166060914
          ],
          [
            -119.15562020757646,
            34.43233719541891
          ],
          [
            -119.15562020757646,
            34.432355224776906
          ],
          [
            -119.15562020757646,
            34.4323732541349
          ],
          [
            -119.15564196652693,
            34.4323912834929
          ],
          [
            -119.1556637254774,
            34.4324093128509
          ],
          [
            -119.1556637254774,
            34.4324273422089
          ],
          [
            -119.1556637254774,
            34.43244537156689
          ],
          [
            -119.1556637254774,
            34.43246340092489
          ],
          [
            -119.15568548442788,
            34.432481430282884
          ],
          [
            -119.15568548442788,
            34.43249945964088
          ],
          [
            -119.15568548442788,
            34.432517488998876
          ],
          [
            -119.15570724337834,
            34.432517488998876
          ],
          [
            -119.15572900232883,
            34.432517488998876
          ],
          [
            -119.1557507612793,
            34.432517488998876
          ],
          [
            -119.15577252022977,
            34.432517488998876
          ],
          [
            -119.15579427918024,
            34.432517488998876
          ],
          [
            -119.15581603813072,
            34.432517488998876
          ],
          [
            -119.15583779708119,
            34.43253551835688
          ],
          [
            -119.15585955603166,
            34.432553547714875
          ],
          [
            -119.15588131498214,
            34.43257157707287
          ],
          [
            -119.15588131498214,
            34.43258960643087
          ],
          [
            -119.15588131498214,
            34.43260763578886
          ],
          [
            -119.1559030739326,
            34.43262566514686
          ],
          [
            -119.15592483288309,
            34.43262566514686
          ],
          [
            -119.15594659183355,
            34.43260763578886
          ]
        ]
      }
    },
    {
      "type": "Feature",
      "properties": {
        "kind": "keyline",
        "source": "keylines.geojson#25",
        "priority": 60,
        "authority": "derived",
        "evidence": "modelled",
        "keyline_kind": "keyline"
      },
      "geometry": {
        "type": "LineString",
        "coordinates": [
          [
            -119.15585936988083,
            34.43337153020028
          ],
          [
            -119.15583495696823,
            34.433356008389396
          ],
          [
            -119.15581603813072,
            34.433373883503734
          ],
          [
            -119.15583779708119,
            34.43339191286173
          ],
          [
            -119.15585955603166,
            34.433373883503734
          ]
        ]
      }
    },
    {
      "type": "Feature",
      "properties": {
        "kind": "keyline",
        "source": "keylines.geojson#26",
        "priority": 60,
        "authority": "derived",
        "evidence": "modelled",
        "keyline_kind": "swale_line"
      },
      "geometry": {
        "type": "LineString",
        "coordinates": [
          [
            -119.15583779708119,
            34.433373883503734
          ],
          [
            -119.15585955603166,
            34.43339191286173
          ],
          [
            -119.15588131498214,
            34.433373883503734
          ]
        ]
      }
    },
    {
      "type": "Feature",
      "properties": {
        "kind": "keyline",
        "source": "keylines.geojson#28",
        "priority": 60,
        "authority": "derived",
        "evidence": "modelled",
        "keyline_kind": "keyline"
      },
      "geometry": {
        "type": "LineString",
        "coordinates": [
          [
            -119.15583761093035,
            34.43336251552129
          ],
          [
            -119.15581319801777,
            34.433346993710394
          ],
          [
            -119.15579427918024,
            34.43336486882473
          ],
          [
            -119.15581603813072,
            34.43338289818273
          ],
          [
            -119.15583779708119,
            34.43336486882473
          ]
        ]
      }
    },
    {
      "type": "Feature",
      "properties": {
        "kind": "keyline",
        "source": "keylines.geojson#29",
        "priority": 60,
        "authority": "derived",
        "evidence": "modelled",
        "keyline_kind": "swale_line"
      },
      "geometry": {
        "type": "LineString",
        "coordinates": [
          [
            -119.15581603813072,
            34.43336486882473
          ],
          [
            -119.15583779708119,
            34.43338289818273
          ],
          [
            -119.15585955603166,
            34.43338289818273
          ],
          [
            -119.15588131498214,
            34.43338289818273
          ],
          [
            -119.1559030739326,
            34.43338289818273
          ],
          [
            -119.15592483288309,
            34.43338289818273
          ],
          [
            -119.15594659183355,
            34.43338289818273
          ],
          [
            -119.15596835078404,
            34.43338289818273
          ],
          [
            -119.15596835078404,
            34.43336486882473
          ],
          [
            -119.1559901097345,
            34.433346839466736
          ]
        ]
      }
    },
    {
      "type": "Feature",
      "properties": {
        "kind": "keyline",
        "source": "keylines.geojson#31",
        "priority": 60,
        "authority": "derived",
        "evidence": "modelled",
        "keyline_kind": "keyline"
      },
      "geometry": {
        "type": "LineString",
        "coordinates": [
          [
            -119.15575057512847,
            34.43335350084229
          ],
          [
            -119.15572616221587,
            34.43333797903139
          ],
          [
            -119.15570724337834,
            34.43335585414574
          ],
          [
            -119.15572900232883,
            34.433373883503734
          ],
          [
            -119.1557507612793,
            34.43335585414574
          ]
        ]
      }
    },
    {
      "type": "Feature",
      "properties": {
        "kind": "keyline",
        "source": "keylines.geojson#32",
        "priority": 60,
        "authority": "derived",
        "evidence": "modelled",
        "keyline_kind": "swale_line"
      },
      "geometry": {
        "type": "LineString",
        "coordinates": [
          [
            -119.15572900232883,
            34.43335585414574
          ],
          [
            -119.1557507612793,
            34.433373883503734
          ],
          [
            -119.15577252022977,
            34.433373883503734
          ],
          [
            -119.15579427918024,
            34.433373883503734
          ],
          [
            -119.15581603813072,
            34.433373883503734
          ],
          [
            -119.15583779708119,
            34.433373883503734
          ],
          [
            -119.15585955603166,
            34.43339191286173
          ],
          [
            -119.15588131498214,
            34.433373883503734
          ]
        ]
      }
    },
    {
      "type": "Feature",
      "properties": {
        "kind": "keyline",
        "source": "keylines.geojson#34",
        "priority": 60,
        "authority": "derived",
        "evidence": "modelled",
        "keyline_kind": "keyline"
      },
      "geometry": {
        "type": "LineString",
        "coordinates": [
          [
            -119.1556592190512,
            34.43195484489867
          ],
          [
            -119.15566135894285,
            34.43198189723136
          ],
          [
            -119.15568999085407,
            34.43198034226127
          ],
          [
            -119.15591628045719,
            34.432121251668306
          ]
        ]
      }
    },
    {
      "type": "Feature",
      "properties": {
        "kind": "keyline",
        "source": "keylines.geojson#35",
        "priority": 60,
        "authority": "derived",
        "evidence": "modelled",
        "keyline_kind": "swale_line"
      },
      "geometry": {
        "type": "MultiLineString",
        "coordinates": [
          [
            [
              -119.15567460495264,
              34.43196759357997
            ],
            [
              -119.15567460495264,
              34.43198562293797
            ],
            [
              -119.15567460495264,
              34.43200365229597
            ],
            [
              -119.15565284600217,
              34.432021681653964
            ],
            [
              -119.15565284600217,
              34.43203971101196
            ],
            [
              -119.15565284600217,
              34.432057740369956
            ],
            [
              -119.15565284600217,
              34.43207576972795
            ],
            [
              -119.15565284600217,
              34.43209379908595
            ],
            [
              -119.15563108705169,
              34.43211182844395
            ],
            [
              -119.15563108705169,
              34.43212985780195
            ],
            [
              -119.15563108705169,
              34.43214788715994
            ],
            [
              -119.15563108705169,
              34.43216591651794
            ],
            [
              -119.15563108705169,
              34.432183945875934
            ],
            [
              -119.15560932810122,
              34.43220197523393
            ],
            [
              -119.15560932810122,
              34.432220004591926
            ],
            [
              -119.15560932810122,
              34.43223803394993
            ],
            [
              -119.15560932810122,
              34.432256063307925
            ],
            [
              -119.15560932810122,
              34.43227409266592
            ],
            [
              -119.15560932810122,
              34.43229212202392
            ],
            [
              -119.15560932810122,
              34.43231015138191
            ],
            [
              -119.15560932810122,
              34.43232818073991
            ],
            [
              -119.15560932810122,
              34.43234621009791
            ],
            [
              -119.15560932810122,
              34.43236423945591
            ],
            [
              -119.15560932810122,
              34.4323822688139
            ],
            [
              -119.15563108705169,
              34.4324002981719
            ],
            [
              -119.15563108705169,
              34.432418327529895
            ],
            [
              -119.15563108705169,
              34.43243635688789
            ],
            [
              -119.15563108705169,
              34.43245438624589
            ],
            [
              -119.15563108705169,
              34.43247241560389
            ],
            [
              -119.15563108705169,
              34.432490444961886
            ],
            [
              -119.15563108705169,
              34.43250847431988
            ],
            [
              -119.15563108705169,
              34.43252650367788
            ],
            [
              -119.15563108705169,
              34.43254453303587
            ],
            [
              -119.15563108705169,
              34.43256256239387
            ],
            [
              -119.15563108705169,
              34.432580591751865
            ],
            [
              -119.15565284600217,
              34.43259862110987
            ],
            [
              -119.15565284600217,
              34.432616650467864
            ],
            [
              -119.15565284600217,
              34.43263467982586
            ],
            [
              -119.15567460495264,
              34.432652709183856
            ]
          ],
          [
            [
              -119.15567460495264,
              34.432652709183856
            ],
            [
              -119.15567460495264,
              34.43263467982586
            ]
          ]
        ]
      }
    },
    {
      "type": "Feature",
      "properties": {
        "kind": "keyline",
        "source": "keylines.geojson#37",
        "priority": 60,
        "authority": "derived",
        "evidence": "modelled",
        "keyline_kind": "keyline"
      },
      "geometry": {
        "type": "LineString",
        "coordinates": [
          [
            -119.15575057512847,
            34.43359689717525
          ],
          [
            -119.15572616221587,
            34.433581375364355
          ],
          [
            -119.15570742952919,
            34.433601603782144
          ],
          [
            -119.15582691760595,
            34.433739775417045
          ],
          [
            -119.15582172439731,
            34.433699376038426
          ],
          [
            -119.15574438823026,
            34.43361199915999
          ],
          [
            -119.1557507612793,
            34.43359925047869
          ]
        ]
      }
    },
    {
      "type": "Feature",
      "properties": {
        "kind": "keyline",
        "source": "keylines.geojson#38",
        "priority": 60,
        "authority": "derived",
        "evidence": "modelled",
        "keyline_kind": "swale_line"
      },
      "geometry": {
        "type": "LineString",
        "coordinates": [
          [
            -119.15572900232883,
            34.43359925047869
          ],
          [
            -119.1557507612793,
            34.43359925047869
          ],
          [
            -119.1557507612793,
            34.4335812211207
          ]
        ]
      }
    },
    {
      "type": "Feature",
      "properties": {
        "kind": "keyline",
        "source": "keylines.geojson#40",
        "priority": 60,
        "authority": "derived",
        "evidence": "modelled",
        "keyline_kind": "keyline"
      },
      "geometry": {
        "type": "LineString",
        "coordinates": [
          [
            -119.15565358742042,
            34.43190915716821
          ],
          [
            -119.15568999085407,
            34.43191723950828
          ]
        ]
      }
    },
    {
      "type": "Feature",
      "properties": {
        "kind": "keyline",
        "source": "keylines.geojson#41",
        "priority": 60,
        "authority": "derived",
        "evidence": "modelled",
        "keyline_kind": "swale_line"
      },
      "geometry": {
        "type": "LineString",
        "coordinates": [
          [
            -119.15567460495264,
            34.43190449082698
          ],
          [
            -119.15567460495264,
            34.43192252018498
          ],
          [
            -119.15567460495264,
            34.43194054954298
          ],
          [
            -119.15567460495264,
            34.431958578900975
          ],
          [
            -119.15567460495264,
            34.43197660825897
          ],
          [
            -119.15565284600217,
            34.43199463761697
          ],
          [
            -119.15565284600217,
            34.43201266697496
          ],
          [
            -119.15565284600217,
            34.43203069633296
          ],
          [
            -119.15565284600217,
            34.43204872569096
          ],
          [
            -119.15565284600217,
            34.43206675504896
          ],
          [
            -119.15565284600217,
            34.43208478440695
          ],
          [
            -119.15565284600217,
            34.43210281376495
          ],
          [
            -119.15563108705169,
            34.432120843122945
          ],
          [
            -119.15563108705169,
            34.43213887248094
          ],
          [
            -119.15563108705169,
            34.43215690183894
          ],
          [
            -119.15563108705169,
            34.43217493119694
          ],
          [
            -119.15560932810122,
            34.432192960554936
          ],
          [
            -119.15560932810122,
            34.43221098991293
          ],
          [
            -119.15560932810122,
            34.43222901927093
          ],
          [
            -119.15560932810122,
            34.43224704862892
          ],
          [
            -119.15560932810122,
            34.43226507798692
          ],
          [
            -119.15560932810122,
            34.432283107344915
          ],
          [
            -119.15560932810122,
            34.43230113670292
          ],
          [
            -119.15560932810122,
            34.432319166060914
          ],
          [
            -119.15560932810122,
            34.43233719541891
          ],
          [
            -119.15560932810122,
            34.432355224776906
          ],
          [
            -119.15560932810122,
            34.4323732541349
          ],
          [
            -119.15563108705169,
            34.4323912834929
          ],
          [
            -119.15565284600217,
            34.4324093128509
          ],
          [
            -119.15565284600217,
            34.4324273422089
          ],
          [
            -119.15565284600217,
            34.43244537156689
          ],
          [
            -119.15565284600217,
            34.43246340092489
          ],
          [
            -119.15565284600217,
            34.432481430282884
          ],
          [
            -119.15565284600217,
            34.43249945964088
          ],
          [
            -119.15565284600217,
            34.432517488998876
          ],
          [
            -119.15565284600217,
            34.43253551835688
          ],
          [
            -119.15565284600217,
            34.432553547714875
          ],
          [
            -119.15565284600217,
            34.43257157707287
          ],
          [
            -119.15567460495264,
            34.43258960643087
          ],
          [
            -119.15565284600217,
            34.43260763578886
          ],
          [
            -119.15565284600217,
            34.43262566514686
          ],
          [
            -119.15565284600217,
            34.432643694504854
          ],
          [
            -119.15567460495264,
            34.432643694504854
          ],
          [
            -119.15569636390312,
            34.43262566514686
          ]
        ]
      }
    },
    {
      "type": "Feature",
      "properties": {
        "kind": "keyline",
        "source": "keylines.geojson#43",
        "priority": 60,
        "authority": "derived",
        "evidence": "modelled",
        "keyline_kind": "keyline"
      },
      "geometry": {
        "type": "LineString",
        "coordinates": [
          [
            -119.15566446689566,
            34.43185506909421
          ],
          [
            -119.15570087032931,
            34.43186315143429
          ]
        ]
      }
    },
    {
      "type": "Feature",
      "properties": {
        "kind": "keyline",
        "source": "keylines.geojson#44",
        "priority": 60,
        "authority": "derived",
        "evidence": "modelled",
        "keyline_kind": "swale_line"
      },
      "geometry": {
        "type": "LineString",
        "coordinates": [
          [
            -119.15568548442788,
            34.43185040275299
          ],
          [
            -119.15568548442788,
            34.43186843211099
          ],
          [
            -119.15568548442788,
            34.431886461468984
          ],
          [
            -119.1556637254774,
            34.43190449082698
          ],
          [
            -119.1556637254774,
            34.43192252018498
          ],
          [
            -119.1556637254774,
            34.43194054954298
          ],
          [
            -119.1556637254774,
            34.431958578900975
          ],
          [
            -119.1556637254774,
            34.43197660825897
          ],
          [
            -119.1556637254774,
            34.43199463761697
          ],
          [
            -119.1556637254774,
            34.43201266697496
          ],
          [
            -119.1556637254774,
            34.43203069633296
          ],
          [
            -119.1556637254774,
            34.43204872569096
          ],
          [
            -119.15564196652693,
            34.43206675504896
          ],
          [
            -119.15564196652693,
            34.43208478440695
          ],
          [
            -119.15564196652693,
            34.43210281376495
          ],
          [
            -119.15564196652693,
            34.432120843122945
          ],
          [
            -119.15564196652693,
            34.43213887248094
          ],
          [
            -119.15562020757646,
            34.43215690183894
          ],
          [
            -119.15562020757646,
            34.43217493119694
          ],
          [
            -119.15562020757646,
            34.432192960554936
          ],
          [
            -119.15562020757646,
            34.43221098991293
          ],
          [
            -119.15562020757646,
            34.43222901927093
          ],
          [
            -119.15559844862598,
            34.43224704862892
          ],
          [
            -119.15559844862598,
            34.43226507798692
          ],
          [
            -119.15562020757646,
            34.432283107344915
          ],
          [
            -119.15562020757646,
            34.43230113670292
          ],
          [
            -119.15562020757646,
            34.432319166060914
          ],
          [
            -119.15562020757646,
            34.43233719541891
          ],
          [
            -119.15562020757646,
            34.432355224776906
          ],
          [
            -119.15562020757646,
            34.4323732541349
          ],
          [
            -119.15564196652693,
            34.4323912834929
          ],
          [
            -119.1556637254774,
            34.4324093128509
          ],
          [
            -119.1556637254774,
            34.4324273422089
          ],
          [
            -119.1556637254774,
            34.43244537156689
          ],
          [
            -119.1556637254774,
            34.43246340092489
          ],
          [
            -119.15568548442788,
            34.432481430282884
          ],
          [
            -119.15568548442788,
            34.43249945964088
          ],
          [
            -119.15568548442788,
            34.432517488998876
          ],
          [
            -119.15570724337834,
            34.432517488998876
          ],
          [
            -119.15572900232883,
            34.432517488998876
          ],
          [
            -119.1557507612793,
            34.432517488998876
          ],
          [
            -119.15577252022977,
            34.432517488998876
          ],
          [
            -119.15579427918024,
            34.432517488998876
          ],
          [
            -119.15581603813072,
            34.432517488998876
          ],
          [
            -119.15583779708119,
            34.43253551835688
          ],
          [
            -119.15585955603166,
            34.432553547714875
          ],
          [
            -119.15588131498214,
            34.43257157707287
          ],
          [
            -119.15588131498214,
            34.43258960643087
          ],
          [
            -119.15588131498214,
            34.43260763578886
          ],
          [
            -119.1559030739326,
            34.43262566514686
          ],
          [
            -119.15592483288309,
            34.43262566514686
          ],
          [
            -119.15594659183355,
            34.43260763578886
          ]
        ]
      }
    },
    {
      "type": "Feature",
      "properties": {
        "kind": "keyline",
        "source": "keylines.geojson#46",
        "priority": 60,
        "authority": "derived",
        "evidence": "modelled",
        "keyline_kind": "keyline"
      },
      "geometry": {
        "type": "LineString",
        "coordinates": [
          [
            -119.1549672529114,
            34.432388930189454
          ],
          [
            -119.15493029421035,
            34.4323785348116
          ],
          [
            -119.1549239211613,
            34.4323912834929
          ],
          [
            -119.15494568011178,
            34.4324093128509
          ],
          [
            -119.15496743906225,
            34.4323912834929
          ]
        ]
      }
    },
    {
      "type": "Feature",
      "properties": {
        "kind": "keyline",
        "source": "keylines.geojson#47",
        "priority": 60,
        "authority": "derived",
        "evidence": "modelled",
        "keyline_kind": "swale_line"
      },
      "geometry": {
        "type": "MultiLineString",
        "coordinates": [
          [
            [
              -119.15494568011178,
              34.4323912834929
            ],
            [
              -119.15494568011178,
              34.4324093128509
            ],
            [
              -119.15496743906225,
              34.4324273422089
            ],
            [
              -119.15494568011178,
              34.43244537156689
            ],
            [
              -119.15494568011178,
              34.43246340092489
            ]
          ],
          [
            [
              -119.15494568011178,
              34.43246340092489
            ],
            [
              -119.15494568011178,
              34.432481430282884
            ],
            [
              -119.1549239211613,
              34.432481430282884
            ],
            [
              -119.15494568011178,
              34.43246340092489
            ]
          ]
        ]
      }
    },
    {
      "type": "Feature",
      "properties": {
        "kind": "keyline",
        "source": "keylines.geojson#49",
        "priority": 60,
        "authority": "derived",
        "evidence": "modelled",
        "keyline_kind": "keyline"
      },
      "geometry": {
        "type": "LineString",
        "coordinates": [
          [
            -119.1548918411881,
            34.43225801807658
          ],
          [
            -119.15494117368559,
            34.43227782666822
          ],
          [
            -119.15499970518628,
            34.432269784593814
          ]
        ]
      }
    },
    {
      "type": "Feature",
      "properties": {
        "kind": "keyline",
        "source": "keylines.geojson#50",
        "priority": 60,
        "authority": "derived",
        "evidence": "modelled",
        "keyline_kind": "swale_line"
      },
      "geometry": {
        "type": "LineString",
        "coordinates": [
          [
            -119.154956559587,
            34.43226507798692
          ],
          [
            -119.154956559587,
            34.432283107344915
          ],
          [
            -119.154956559587,
            34.43230113670292
          ],
          [
            -119.154956559587,
            34.432319166060914
          ],
          [
            -119.154956559587,
            34.43233719541891
          ],
          [
            -119.154956559587,
            34.432355224776906
          ],
          [
            -119.15493480063654,
            34.4323732541349
          ],
          [
            -119.15493480063654,
            34.4323912834929
          ],
          [
            -119.154956559587,
            34.4324093128509
          ],
          [
            -119.154956559587,
            34.4324273422089
          ],
          [
            -119.154956559587,
            34.43244537156689
          ],
          [
            -119.15493480063654,
            34.43246340092489
          ],
          [
            -119.15493480063654,
            34.432481430282884
          ],
          [
            -119.154956559587,
            34.43246340092489
          ]
        ]
      }
    },
    {
      "type": "Feature",
      "properties": {
        "kind": "keyline",
        "source": "keylines.geojson#52",
        "priority": 60,
        "authority": "derived",
        "evidence": "modelled",
        "keyline_kind": "keyline"
      },
      "geometry": {
        "type": "LineString",
        "coordinates": [
          [
            -119.1556753463709,
            34.43181901037822
          ],
          [
            -119.15571174980454,
            34.4318270927183
          ]
        ]
      }
    },
    {
      "type": "Feature",
      "properties": {
        "kind": "keyline",
        "source": "keylines.geojson#53",
        "priority": 60,
        "authority": "derived",
        "evidence": "modelled",
        "keyline_kind": "swale_line"
      },
      "geometry": {
        "type": "LineString",
        "coordinates": [
          [
            -119.15569636390312,
            34.431814344037
          ],
          [
            -119.15569636390312,
            34.431832373395
          ],
          [
            -119.15567460495264,
            34.43185040275299
          ],
          [
            -119.15567460495264,
            34.43186843211099
          ],
          [
            -119.15567460495264,
            34.431886461468984
          ],
          [
            -119.15567460495264,
            34.43190449082698
          ],
          [
            -119.15567460495264,
            34.43192252018498
          ],
          [
            -119.15567460495264,
            34.43194054954298
          ],
          [
            -119.15567460495264,
            34.431958578900975
          ],
          [
            -119.15567460495264,
            34.43197660825897
          ],
          [
            -119.15565284600217,
            34.43199463761697
          ],
          [
            -119.15565284600217,
            34.43201266697496
          ],
          [
            -119.15565284600217,
            34.43203069633296
          ],
          [
            -119.15565284600217,
            34.43204872569096
          ],
          [
            -119.15565284600217,
            34.43206675504896
          ],
          [
            -119.15565284600217,
            34.43208478440695
          ],
          [
            -119.15565284600217,
            34.43210281376495
          ],
          [
            -119.15563108705169,
            34.432120843122945
          ],
          [
            -119.15563108705169,
            34.43213887248094
          ],
          [
            -119.15563108705169,
            34.43215690183894
          ],
          [
            -119.15563108705169,
            34.43217493119694
          ],
          [
            -119.15560932810122,
            34.432192960554936
          ],
          [
            -119.15560932810122,
            34.43221098991293
          ],
          [
            -119.15560932810122,
            34.43222901927093
          ],
          [
            -119.15560932810122,
            34.43224704862892
          ],
          [
            -119.15560932810122,
            34.43226507798692
          ],
          [
            -119.15560932810122,
            34.432283107344915
          ],
          [
            -119.15560932810122,
            34.43230113670292
          ],
          [
            -119.15560932810122,
            34.432319166060914
          ],
          [
            -119.15560932810122,
            34.43233719541891
          ],
          [
            -119.15560932810122,
            34.432355224776906
          ],
          [
            -119.15560932810122,
            34.4323732541349
          ],
          [
            -119.15563108705169,
            34.4323912834929
          ],
          [
            -119.15565284600217,
            34.4324093128509
          ],
          [
            -119.15565284600217,
            34.4324273422089
          ],
          [
            -119.15565284600217,
            34.43244537156689
          ],
          [
            -119.15565284600217,
            34.43246340092489
          ],
          [
            -119.15565284600217,
            34.432481430282884
          ],
          [
            -119.15565284600217,
            34.43249945964088
          ],
          [
            -119.15565284600217,
            34.432517488998876
          ],
          [
            -119.15565284600217,
            34.43253551835688
          ],
          [
            -119.15565284600217,
            34.432553547714875
          ],
          [
            -119.15565284600217,
            34.43257157707287
          ],
          [
            -119.15567460495264,
            34.43258960643087
          ],
          [
            -119.15565284600217,
            34.43260763578886
          ],
          [
            -119.15565284600217,
            34.43262566514686
          ],
          [
            -119.15565284600217,
            34.432643694504854
          ],
          [
            -119.15567460495264,
            34.432643694504854
          ],
          [
            -119.15569636390312,
            34.43262566514686
          ]
        ]
      }
    },
    {
      "type": "Feature",
      "properties": {
        "kind": "keyline",
        "source": "keylines.geojson#55",
        "priority": 60,
        "authority": "derived",
        "evidence": "modelled",
        "keyline_kind": "keyline"
      },
      "geometry": {
        "type": "LineString",
        "coordinates": [
          [
            -119.156740607375,
            34.43239794486845
          ],
          [
            -119.15671619446242,
            34.43238242305756
          ],
          [
            -119.15669746177574,
            34.43240265147534
          ],
          [
            -119.15671903457537,
            34.432418327529895
          ],
          [
            -119.15674079352584,
            34.4324002981719
          ]
        ]
      }
    },
    {
      "type": "Feature",
      "properties": {
        "kind": "keyline",
        "source": "keylines.geojson#56",
        "priority": 60,
        "authority": "derived",
        "evidence": "modelled",
        "keyline_kind": "swale_line"
      },
      "geometry": {
        "type": "LineString",
        "coordinates": [
          [
            -119.15671903457537,
            34.4324002981719
          ],
          [
            -119.15671903457537,
            34.432418327529895
          ],
          [
            -119.15671903457537,
            34.43243635688789
          ]
        ]
      }
    },
    {
      "type": "Feature",
      "properties": {
        "kind": "keyline",
        "source": "keylines.geojson#58",
        "priority": 60,
        "authority": "derived",
        "evidence": "modelled",
        "keyline_kind": "keyline"
      },
      "geometry": {
        "type": "LineString",
        "coordinates": [
          [
            -119.15556562404943,
            34.43332645680529
          ],
          [
            -119.15554121113685,
            34.4333109349944
          ],
          [
            -119.15552229229932,
            34.43332881010874
          ],
          [
            -119.15554405124979,
            34.433346839466736
          ],
          [
            -119.15556581020027,
            34.43332881010874
          ]
        ]
      }
    },
    {
      "type": "Feature",
      "properties": {
        "kind": "keyline",
        "source": "keylines.geojson#59",
        "priority": 60,
        "authority": "derived",
        "evidence": "modelled",
        "keyline_kind": "swale_line"
      },
      "geometry": {
        "type": "LineString",
        "coordinates": [
          [
            -119.15554405124979,
            34.43332881010874
          ],
          [
            -119.15556581020027,
            34.433346839466736
          ],
          [
            -119.15558756915074,
            34.43336486882473
          ],
          [
            -119.15560932810122,
            34.43338289818273
          ],
          [
            -119.15560932810122,
            34.43336486882473
          ],
          [
            -119.15563108705169,
            34.43336486882473
          ],
          [
            -119.15565284600217,
            34.43336486882473
          ],
          [
            -119.15567460495264,
            34.43336486882473
          ],
          [
            -119.15569636390312,
            34.43336486882473
          ],
          [
            -119.15571812285359,
            34.43336486882473
          ],
          [
            -119.15573988180405,
            34.43336486882473
          ],
          [
            -119.15576164075453,
            34.433346839466736
          ]
        ]
      }
    },
    {
      "type": "Feature",
      "properties": {
        "kind": "keyline",
        "source": "keylines.geojson#61",
        "priority": 60,
        "authority": "derived",
        "evidence": "modelled",
        "keyline_kind": "keyline"
      },
      "geometry": {
        "type": "LineString",
        "coordinates": [
          [
            -119.15551122667326,
            34.4332903980893
          ],
          [
            -119.15548681376066,
            34.433274876278404
          ],
          [
            -119.15546789492313,
            34.43329275139275
          ],
          [
            -119.15548965387362,
            34.433310780750745
          ],
          [
            -119.15551141282408,
            34.43329275139275
          ]
        ]
      }
    },
    {
      "type": "Feature",
      "properties": {
        "kind": "keyline",
        "source": "keylines.geojson#62",
        "priority": 60,
        "authority": "derived",
        "evidence": "modelled",
        "keyline_kind": "swale_line"
      },
      "geometry": {
        "type": "LineString",
        "coordinates": [
          [
            -119.15548965387362,
            34.43329275139275
          ],
          [
            -119.15551141282408,
            34.433310780750745
          ],
          [
            -119.15553317177456,
            34.433310780750745
          ],
          [
            -119.15555493072503,
            34.43332881010874
          ],
          [
            -119.15555493072503,
            34.433346839466736
          ],
          [
            -119.15557668967551,
            34.433346839466736
          ],
          [
            -119.15559844862598,
            34.433346839466736
          ],
          [
            -119.15562020757646,
            34.433346839466736
          ],
          [
            -119.15564196652693,
            34.43336486882473
          ],
          [
            -119.1556637254774,
            34.43338289818273
          ],
          [
            -119.15568548442788,
            34.43340092754073
          ],
          [
            -119.15568548442788,
            34.43341895689873
          ],
          [
            -119.15570724337834,
            34.43340092754073
          ]
        ]
      }
    },
    {
      "type": "Feature",
      "properties": {
        "kind": "keyline",
        "source": "keylines.geojson#64",
        "priority": 60,
        "authority": "derived",
        "evidence": "modelled",
        "keyline_kind": "keyline"
      },
      "geometry": {
        "type": "LineString",
        "coordinates": [
          [
            -119.15548946772277,
            34.4332903980893
          ],
          [
            -119.1554650548102,
            34.433274876278404
          ],
          [
            -119.15544613597267,
            34.43329275139275
          ],
          [
            -119.15546789492313,
            34.433310780750745
          ],
          [
            -119.15548965387362,
            34.43329275139275
          ]
        ]
      }
    },
    {
      "type": "Feature",
      "properties": {
        "kind": "keyline",
        "source": "keylines.geojson#65",
        "priority": 60,
        "authority": "derived",
        "evidence": "modelled",
        "keyline_kind": "swale_line"
      },
      "geometry": {
        "type": "LineString",
        "coordinates": [
          [
            -119.15546789492313,
            34.43329275139275
          ],
          [
            -119.15548965387362,
            34.433310780750745
          ],
          [
            -119.15551141282408,
            34.43332881010874
          ],
          [
            -119.15553317177456,
            34.433346839466736
          ],
          [
            -119.15555493072503,
            34.433346839466736
          ],
          [
            -119.15557668967551,
            34.433346839466736
          ],
          [
            -119.15559844862598,
            34.433346839466736
          ],
          [
            -119.15562020757646,
            34.433346839466736
          ],
          [
            -119.15564196652693,
            34.43336486882473
          ],
          [
            -119.1556637254774,
            34.43338289818273
          ],
          [
            -119.15568548442788,
            34.43340092754073
          ],
          [
            -119.15568548442788,
            34.43341895689873
          ],
          [
            -119.15570724337834,
            34.43340092754073
          ]
        ]
      }
    },
    {
      "type": "Feature",
      "properties": {
        "kind": "keyline",
        "source": "keylines.geojson#67",
        "priority": 60,
        "authority": "derived",
        "evidence": "modelled",
        "keyline_kind": "keyline"
      },
      "geometry": {
        "type": "LineString",
        "coordinates": [
          [
            -119.15530451664375,
            34.43246104762144
          ],
          [
            -119.15526568130808,
            34.43245242534715
          ],
          [
            -119.15526118489365,
            34.43246340092489
          ],
          [
            -119.15528294384411,
            34.432481430282884
          ],
          [
            -119.1553047027946,
            34.43246340092489
          ]
        ]
      }
    },
    {
      "type": "Feature",
      "properties": {
        "kind": "keyline",
        "source": "keylines.geojson#68",
        "priority": 60,
        "authority": "derived",
        "evidence": "modelled",
        "keyline_kind": "swale_line"
      },
      "geometry": {
        "type": "MultiLineString",
        "coordinates": [
          [
            [
              -119.15528294384411,
              34.43246340092489
            ],
            [
              -119.15528294384411,
              34.432481430282884
            ]
          ],
          [
            [
              -119.15528294384411,
              34.432481430282884
            ],
            [
              -119.1553047027946,
              34.432481430282884
            ]
          ]
        ]
      }
    },
    {
      "type": "Feature",
      "properties": {
        "kind": "keyline",
        "source": "keylines.geojson#70",
        "priority": 60,
        "authority": "derived",
        "evidence": "modelled",
        "keyline_kind": "keyline"
      },
      "geometry": {
        "type": "LineString",
        "coordinates": [
          [
            -119.15498901186189,
            34.43215454853549
          ],
          [
            -119.15468699266698,
            34.43212630889412
          ],
          [
            -119.15495205316081,
            34.43216965052024
          ],
          [
            -119.15498282496368,
            34.43216965052024
          ],
          [
            -119.15498919801273,
            34.43215690183894
          ]
        ]
      }
    },
    {
      "type": "Feature",
      "properties": {
        "kind": "keyline",
        "source": "keylines.geojson#71",
        "priority": 60,
        "authority": "derived",
        "evidence": "modelled",
        "keyline_kind": "swale_line"
      },
      "geometry": {
        "type": "MultiLineString",
        "coordinates": [
          [
            [
              -119.15496743906225,
              34.43215690183894
            ],
            [
              -119.15496743906225,
              34.43217493119694
            ],
            [
              -119.15496743906225,
              34.432192960554936
            ],
            [
              -119.15496743906225,
              34.43221098991293
            ],
            [
              -119.15496743906225,
              34.43222901927093
            ],
            [
              -119.15496743906225,
              34.43224704862892
            ],
            [
              -119.15496743906225,
              34.43226507798692
            ],
            [
              -119.15496743906225,
              34.432283107344915
            ],
            [
              -119.15496743906225,
              34.43230113670292
            ],
            [
              -119.15494568011178,
              34.432319166060914
            ],
            [
              -119.15494568011178,
              34.43233719541891
            ],
            [
              -119.15494568011178,
              34.432355224776906
            ],
            [
              -119.15494568011178,
              34.4323732541349
            ],
            [
              -119.15494568011178,
              34.4323912834929
            ],
            [
              -119.15494568011178,
              34.4324093128509
            ],
            [
              -119.15496743906225,
              34.4324273422089
            ],
            [
              -119.15494568011178,
              34.43244537156689
            ],
            [
              -119.15494568011178,
              34.43246340092489
            ]
          ],
          [
            [
              -119.15494568011178,
              34.43246340092489
            ],
            [
              -119.15494568011178,
              34.432481430282884
            ],
            [
              -119.1549239211613,
              34.432481430282884
            ],
            [
              -119.15494568011178,
              34.43246340092489
            ]
          ]
        ]
      }
    },
    {
      "type": "Feature",
      "properties": {
        "kind": "keyline",
        "source": "keylines.geojson#73",
        "priority": 60,
        "authority": "derived",
        "evidence": "modelled",
        "keyline_kind": "keyline"
      },
      "geometry": {
        "type": "LineString",
        "coordinates": [
          [
            -119.15499989133713,
            34.432091445782504
          ],
          [
            -119.154956559587,
            34.43209379908595
          ],
          [
            -119.15496293263605,
            34.43210654776725
          ],
          [
            -119.15499370443892,
            34.43210654776725
          ],
          [
            -119.15500007748795,
            34.43209379908595
          ]
        ]
      }
    },
    {
      "type": "Feature",
      "properties": {
        "kind": "keyline",
        "source": "keylines.geojson#74",
        "priority": 60,
        "authority": "derived",
        "evidence": "modelled",
        "keyline_kind": "swale_line"
      },
      "geometry": {
        "type": "LineString",
        "coordinates": [
          [
            -119.15497831853749,
            34.43209379908595
          ],
          [
            -119.15497831853749,
            34.43211182844395
          ],
          [
            -119.15497831853749,
            34.43212985780195
          ],
          [
            -119.15497831853749,
            34.43214788715994
          ],
          [
            -119.15497831853749,
            34.43216591651794
          ],
          [
            -119.15497831853749,
            34.432183945875934
          ],
          [
            -119.15497831853749,
            34.43220197523393
          ],
          [
            -119.15497831853749,
            34.432220004591926
          ],
          [
            -119.15497831853749,
            34.43223803394993
          ],
          [
            -119.154956559587,
            34.432256063307925
          ],
          [
            -119.154956559587,
            34.43227409266592
          ],
          [
            -119.154956559587,
            34.43229212202392
          ],
          [
            -119.154956559587,
            34.43231015138191
          ],
          [
            -119.154956559587,
            34.43232818073991
          ],
          [
            -119.154956559587,
            34.43234621009791
          ],
          [
            -119.154956559587,
            34.43236423945591
          ],
          [
            -119.15493480063654,
            34.4323822688139
          ],
          [
            -119.15493480063654,
            34.4324002981719
          ],
          [
            -119.15493480063654,
            34.432418327529895
          ],
          [
            -119.15491304168606,
            34.43243635688789
          ],
          [
            -119.15491304168606,
            34.43245438624589
          ],
          [
            -119.15493480063654,
            34.43243635688789
          ]
        ]
      }
    },
    {
      "type": "Feature",
      "properties": {
        "kind": "keyline",
        "source": "keylines.geojson#76",
        "priority": 60,
        "authority": "derived",
        "evidence": "modelled",
        "keyline_kind": "keyline"
      },
      "geometry": {
        "type": "LineString",
        "coordinates": [
          [
            -119.15499989133713,
            34.43207341642451
          ],
          [
            -119.154956559587,
            34.43207576972795
          ],
          [
            -119.15496293263605,
            34.43208851840925
          ],
          [
            -119.15500007748795,
            34.43207576972795
          ]
        ]
      }
    },
    {
      "type": "Feature",
      "properties": {
        "kind": "keyline",
        "source": "keylines.geojson#77",
        "priority": 60,
        "authority": "derived",
        "evidence": "modelled",
        "keyline_kind": "swale_line"
      },
      "geometry": {
        "type": "LineString",
        "coordinates": [
          [
            -119.15497831853749,
            34.43207576972795
          ],
          [
            -119.15497831853749,
            34.43209379908595
          ],
          [
            -119.15497831853749,
            34.43211182844395
          ],
          [
            -119.15497831853749,
            34.43212985780195
          ],
          [
            -119.15497831853749,
            34.43214788715994
          ],
          [
            -119.15497831853749,
            34.43216591651794
          ],
          [
            -119.15497831853749,
            34.432183945875934
          ],
          [
            -119.15497831853749,
            34.43220197523393
          ],
          [
            -119.15497831853749,
            34.432220004591926
          ],
          [
            -119.15497831853749,
            34.43223803394993
          ],
          [
            -119.154956559587,
            34.432256063307925
          ],
          [
            -119.154956559587,
            34.43227409266592
          ],
          [
            -119.154956559587,
            34.43229212202392
          ],
          [
            -119.154956559587,
            34.43231015138191
          ],
          [
            -119.154956559587,
            34.43232818073991
          ],
          [
            -119.154956559587,
            34.43234621009791
          ],
          [
            -119.154956559587,
            34.43236423945591
          ],
          [
            -119.15493480063654,
            34.4323822688139
          ],
          [
            -119.15493480063654,
            34.4324002981719
          ],
          [
            -119.15493480063654,
            34.432418327529895
          ],
          [
            -119.15491304168606,
            34.43243635688789
          ],
          [
            -119.15491304168606,
            34.43245438624589
          ],
          [
            -119.15493480063654,
            34.43243635688789
          ]
        ]
      }
    },
    {
      "type": "Feature",
      "properties": {
        "kind": "keyline",
        "source": "keylines.geojson#79",
        "priority": 60,
        "authority": "derived",
        "evidence": "modelled",
        "keyline_kind": "keyline"
      },
      "geometry": {
        "type": "LineString",
        "coordinates": [
          [
            -119.15578321355417,
            34.431667755869576
          ],
          [
            -119.1557462548531,
            34.43165736049173
          ],
          [
            -119.15573988180405,
            34.43167010917303
          ],
          [
            -119.15576164075453,
            34.43168813853102
          ],
          [
            -119.155783399705,
            34.43167010917303
          ]
        ]
      }
    },
    {
      "type": "Feature",
      "properties": {
        "kind": "keyline",
        "source": "keylines.geojson#80",
        "priority": 60,
        "authority": "derived",
        "evidence": "modelled",
        "keyline_kind": "swale_line"
      },
      "geometry": {
        "type": "LineString",
        "coordinates": [
          [
            -119.15576164075453,
            34.43167010917303
          ],
          [
            -119.15576164075453,
            34.43168813853102
          ],
          [
            -119.15573988180405,
            34.43170616788902
          ],
          [
            -119.15573988180405,
            34.431724197247014
          ],
          [
            -119.15571812285359,
            34.43174222660501
          ],
          [
            -119.15571812285359,
            34.431760255963006
          ],
          [
            -119.15569636390312,
            34.431778285321
          ],
          [
            -119.15569636390312,
            34.431796314679005
          ],
          [
            -119.15569636390312,
            34.431814344037
          ],
          [
            -119.15569636390312,
            34.431832373395
          ],
          [
            -119.15567460495264,
            34.43185040275299
          ],
          [
            -119.15567460495264,
            34.43186843211099
          ],
          [
            -119.15567460495264,
            34.431886461468984
          ],
          [
            -119.15567460495264,
            34.43190449082698
          ],
          [
            -119.15567460495264,
            34.43192252018498
          ],
          [
            -119.15567460495264,
            34.43194054954298
          ],
          [
            -119.15567460495264,
            34.431958578900975
          ],
          [
            -119.15567460495264,
            34.43197660825897
          ],
          [
            -119.15565284600217,
            34.43199463761697
          ],
          [
            -119.15565284600217,
            34.43201266697496
          ],
          [
            -119.15565284600217,
            34.43203069633296
          ],
          [
            -119.15565284600217,
            34.43204872569096
          ],
          [
            -119.15565284600217,
            34.43206675504896
          ],
          [
            -119.15565284600217,
            34.43208478440695
          ],
          [
            -119.15565284600217,
            34.43210281376495
          ],
          [
            -119.15563108705169,
            34.432120843122945
          ],
          [
            -119.15563108705169,
            34.43213887248094
          ],
          [
            -119.15563108705169,
            34.43215690183894
          ],
          [
            -119.15563108705169,
            34.43217493119694
          ],
          [
            -119.15560932810122,
            34.432192960554936
          ],
          [
            -119.15560932810122,
            34.43221098991293
          ],
          [
            -119.15560932810122,
            34.43222901927093
          ],
          [
            -119.15560932810122,
            34.43224704862892
          ],
          [
            -119.15560932810122,
            34.43226507798692
          ],
          [
            -119.15560932810122,
            34.432283107344915
          ],
          [
            -119.15560932810122,
            34.43230113670292
          ],
          [
            -119.15560932810122,
            34.432319166060914
          ],
          [
            -119.15560932810122,
            34.43233719541891
          ],
          [
            -119.15560932810122,
            34.432355224776906
          ],
          [
            -119.15560932810122,
            34.4323732541349
          ],
          [
            -119.15563108705169,
            34.4323912834929
          ],
          [
            -119.15565284600217,
            34.4324093128509
          ],
          [
            -119.15565284600217,
            34.4324273422089
          ],
          [
            -119.15565284600217,
            34.43244537156689
          ],
          [
            -119.15565284600217,
            34.43246340092489
          ],
          [
            -119.15565284600217,
            34.432481430282884
          ],
          [
            -119.15565284600217,
            34.43249945964088
          ],
          [
            -119.15565284600217,
            34.432517488998876
          ],
          [
            -119.15565284600217,
            34.43253551835688
          ],
          [
            -119.15565284600217,
            34.432553547714875
          ],
          [
            -119.15565284600217,
            34.43257157707287
          ],
          [
            -119.15567460495264,
            34.43258960643087
          ],
          [
            -119.15565284600217,
            34.43260763578886
          ],
          [
            -119.15565284600217,
            34.43262566514686
          ],
          [
            -119.15565284600217,
            34.432643694504854
          ],
          [
            -119.15567460495264,
            34.432643694504854
          ],
          [
            -119.15569636390312,
            34.43262566514686
          ]
        ]
      }
    },
    {
      "type": "Feature",
      "properties": {
        "kind": "contour",
        "source": "dem_1m@420m",
        "priority": 40,
        "authority": "derived",
        "evidence": "modelled",
        "elevation_m": 420.0,
        "interval_m": 2.0,
        "dem_tol_m": 1.5
      },
      "geometry": {
        "type": "LineString",
        "coordinates": [
          [
            -119.15640896953111,
            34.43351361102821
          ],
          [
            -119.15641440926873,
            34.433509103688706
          ],
          [
            -119.15641440926873,
            34.43350008900971
          ],
          [
            -119.15641440926873,
            34.43349107433071
          ],
          [
            -119.15640352979351,
            34.43348656699121
          ],
          [
            -119.15639265031827,
            34.433482059651716
          ],
          [
            -119.15638177084303,
            34.43347755231221
          ],
          [
            -119.1563708913678,
            34.433473044972715
          ],
          [
            -119.15636545163018,
            34.43346403029372
          ],
          [
            -119.15636001189256,
            34.43345501561472
          ],
          [
            -119.15635457215494,
            34.43344600093572
          ],
          [
            -119.15636001189256,
            34.43343698625672
          ],
          [
            -119.1563708913678,
            34.43343698625672
          ],
          [
            -119.15638177084303,
            34.43343698625672
          ],
          [
            -119.15639265031827,
            34.43343698625672
          ],
          [
            -119.15640352979351,
            34.43342797157772
          ],
          [
            -119.15639265031827,
            34.43341895689873
          ],
          [
            -119.15639809005589,
            34.433409942219726
          ],
          [
            -119.15640352979351,
            34.43340092754073
          ],
          [
            -119.15640352979351,
            34.43339191286173
          ],
          [
            -119.15640352979351,
            34.43338289818273
          ],
          [
            -119.15640352979351,
            34.433373883503734
          ],
          [
            -119.15640352979351,
            34.43336486882473
          ],
          [
            -119.15641440926873,
            34.43336486882473
          ],
          [
            -119.15642528874397,
            34.43336486882473
          ],
          [
            -119.1564307284816,
            34.43335810781549
          ]
        ]
      }
    },
    {
      "type": "Feature",
      "properties": {
        "kind": "contour",
        "source": "dem_1m@420m",
        "priority": 40,
        "authority": "derived",
        "evidence": "modelled",
        "elevation_m": 420.0,
        "interval_m": 2.0,
        "dem_tol_m": 1.5
      },
      "geometry": {
        "type": "LineString",
        "coordinates": [
          [
            -119.15645611392381,
            34.43331528809024
          ],
          [
            -119.15645430067794,
            34.433310780750745
          ],
          [
            -119.15644704769446,
            34.43330176607174
          ],
          [
            -119.15643616821922,
            34.43329275139275
          ],
          [
            -119.15643616821922,
            34.43328373671375
          ],
          [
            -119.15644704769446,
            34.433274722034746
          ],
          [
            -119.15645248743206,
            34.433274722034746
          ]
        ]
      }
    },
    {
      "type": "Feature",
      "properties": {
        "kind": "contour",
        "source": "dem_1m@420m",
        "priority": 40,
        "authority": "derived",
        "evidence": "modelled",
        "elevation_m": 420.0,
        "interval_m": 2.0,
        "dem_tol_m": 1.5
      },
      "geometry": {
        "type": "LineString",
        "coordinates": [
          [
            -119.15670271536251,
            34.43294748918711
          ],
          [
            -119.1566972756249,
            34.43294658771921
          ],
          [
            -119.15668639614967,
            34.43294793992106
          ],
          [
            -119.15667551667443,
            34.43294658771921
          ],
          [
            -119.15666463719919,
            34.43294343258155
          ],
          [
            -119.15665375772394,
            34.432941178911804
          ],
          [
            -119.15664831798632,
            34.432941178911804
          ]
        ]
      }
    },
    {
      "type": "Feature",
      "properties": {
        "kind": "contour",
        "source": "dem_1m@420m",
        "priority": 40,
        "authority": "derived",
        "evidence": "modelled",
        "elevation_m": 420.0,
        "interval_m": 2.0,
        "dem_tol_m": 1.5
      },
      "geometry": {
        "type": "LineString",
        "coordinates": [
          [
            -119.15653952323396,
            34.432906622642314
          ],
          [
            -119.15653408349634,
            34.43290512019581
          ],
          [
            -119.15652320402111,
            34.432902866526064
          ],
          [
            -119.15651232454587,
            34.432902866526064
          ],
          [
            -119.15650144507063,
            34.432902866526064
          ],
          [
            -119.15649056559539,
            34.43290331726001
          ],
          [
            -119.15647968612016,
            34.43290512019581
          ],
          [
            -119.15646880664492,
            34.43290512019581
          ],
          [
            -119.15645792716968,
            34.43290512019581
          ],
          [
            -119.15644704769446,
            34.43290512019581
          ],
          [
            -119.15643616821922,
            34.432906622642314
          ],
          [
            -119.15642528874397,
            34.432906622642314
          ],
          [
            -119.15641440926873,
            34.432908125088815
          ],
          [
            -119.15640352979351,
            34.43291112998181
          ],
          [
            -119.15639265031827,
            34.432914134874814
          ],
          [
            -119.15638177084303,
            34.43291713976781
          ],
          [
            -119.1563708913678,
            34.43291864221431
          ],
          [
            -119.15636001189256,
            34.43292014466081
          ],
          [
            -119.15634913241732,
            34.43292314955381
          ],
          [
            -119.15633825294208,
            34.43292314955381
          ],
          [
            -119.15632737346685,
            34.43292314955381
          ],
          [
            -119.15631649399161,
            34.43292314955381
          ],
          [
            -119.15630561451637,
            34.43292314955381
          ],
          [
            -119.15629473504113,
            34.43292314955381
          ],
          [
            -119.1562838555659,
            34.43292540322356
          ],
          [
            -119.15627297609066,
            34.432927656893305
          ],
          [
            -119.15626209661542,
            34.43292991056306
          ],
          [
            -119.1562512171402,
            34.43292991056306
          ],
          [
            -119.15624033766495,
            34.43293216423281
          ],
          [
            -119.15622945818971,
            34.43293441790256
          ],
          [
            -119.15621857871447,
            34.43293441790256
          ],
          [
            -119.15620769923925,
            34.43293441790256
          ],
          [
            -119.156196819764,
            34.43293216423281
          ],
          [
            -119.15618594028876,
            34.432927656893305
          ],
          [
            -119.15617506081352,
            34.43292495248961
          ],
          [
            -119.1561641813383,
            34.43292314955381
          ],
          [
            -119.15615330186306,
            34.43292314955381
          ],
          [
            -119.15614242238782,
            34.43292314955381
          ],
          [
            -119.15613154291259,
            34.43292314955381
          ],
          [
            -119.15612066343735,
            34.43292495248961
          ],
          [
            -119.15610978396211,
            34.43292495248961
          ],
          [
            -119.15609890448687,
            34.43292495248961
          ],
          [
            -119.15608802501164,
            34.43292314955381
          ],
          [
            -119.1560771455364,
            34.43292495248961
          ],
          [
            -119.15606626606116,
            34.43292465200031
          ],
          [
            -119.15605538658593,
            34.43292465200031
          ],
          [
            -119.15604450711069,
            34.43292465200031
          ],
          [
            -119.15603362763545,
            34.43292465200031
          ],
          [
            -119.15602274816021,
            34.432924437365095
          ],
          [
            -119.15601186868498,
            34.43292314955381
          ],
          [
            -119.15600098920974,
            34.432924437365095
          ],
          [
            -119.1559901097345,
            34.432924437365095
          ],
          [
            -119.15597923025926,
            34.432924437365095
          ],
          [
            -119.15596835078404,
            34.43292465200031
          ],
          [
            -119.1559574713088,
            34.43292465200031
          ],
          [
            -119.15594659183355,
            34.43292314955381
          ],
          [
            -119.15593571235833,
            34.43292495248961
          ],
          [
            -119.15592483288309,
            34.43292540322356
          ],
          [
            -119.15591395340785,
            34.43292540322356
          ],
          [
            -119.1559030739326,
            34.43292314955381
          ],
          [
            -119.15589219445738,
            34.43292314955381
          ],
          [
            -119.15588131498214,
            34.43292314955381
          ],
          [
            -119.1558704355069,
            34.43292314955381
          ],
          [
            -119.15585955603166,
            34.43292314955381
          ],
          [
            -119.15584867655643,
            34.43292314955381
          ],
          [
            -119.15583779708119,
            34.432914134874814
          ],
          [
            -119.15582691760595,
            34.43292314955381
          ],
          [
            -119.15581603813072,
            34.432914134874814
          ]
        ]
      }
    },
    {
      "type": "Feature",
      "properties": {
        "kind": "contour",
        "source": "dem_1m@420m",
        "priority": 40,
        "authority": "derived",
        "evidence": "modelled",
        "elevation_m": 420.0,
        "interval_m": 2.0,
        "dem_tol_m": 1.5
      },
      "geometry": {
        "type": "LineString",
        "coordinates": [
          [
            -119.15581603813072,
            34.432914134874814
          ],
          [
            -119.15582691760595,
            34.432914134874814
          ],
          [
            -119.15583779708119,
            34.43290512019581
          ],
          [
            -119.15584867655643,
            34.43289610551681
          ],
          [
            -119.15585955603166,
            34.432887090837816
          ],
          [
            -119.1558704355069,
            34.432878076158815
          ],
          [
            -119.15588131498214,
            34.43286906147982
          ],
          [
            -119.15589219445738,
            34.43286004680082
          ],
          [
            -119.15589219445738,
            34.432851032121825
          ],
          [
            -119.15589219445738,
            34.43284201744282
          ],
          [
            -119.15589219445738,
            34.43283300276382
          ],
          [
            -119.1559030739326,
            34.43282398808483
          ],
          [
            -119.1559030739326,
            34.432814973405826
          ],
          [
            -119.1559030739326,
            34.43280595872683
          ],
          [
            -119.1559030739326,
            34.43279694404783
          ],
          [
            -119.15589219445738,
            34.432787929368835
          ],
          [
            -119.15588131498214,
            34.432778914689834
          ],
          [
            -119.15587587524452,
            34.43277440735034
          ]
        ]
      }
    },
    {
      "type": "Feature",
      "properties": {
        "kind": "contour",
        "source": "dem_1m@420m",
        "priority": 40,
        "authority": "derived",
        "evidence": "modelled",
        "elevation_m": 420.0,
        "interval_m": 2.0,
        "dem_tol_m": 1.5
      },
      "geometry": {
        "type": "LineString",
        "coordinates": [
          [
            -119.15642528874397,
            34.43340092754073
          ],
          [
            -119.15643616821922,
            34.43339191286173
          ],
          [
            -119.15642528874397,
            34.43338289818273
          ],
          [
            -119.15641440926873,
            34.43339191286173
          ],
          [
            -119.15642528874397,
            34.43340092754073
          ]
        ]
      }
    },
    {
      "type": "Feature",
      "properties": {
        "kind": "contour",
        "source": "dem_1m@422m",
        "priority": 40,
        "authority": "derived",
        "evidence": "modelled",
        "elevation_m": 422.0,
        "interval_m": 2.0,
        "dem_tol_m": 1.5
      },
      "geometry": {
        "type": "LineString",
        "coordinates": [
          [
            -119.1558704355069,
            34.433432478917226
          ],
          [
            -119.1558704355069,
            34.43342797157772
          ],
          [
            -119.1558704355069,
            34.43341895689873
          ],
          [
            -119.1558704355069,
            34.433409942219726
          ],
          [
            -119.15588131498214,
            34.43340092754073
          ],
          [
            -119.15588131498214,
            34.43339191286173
          ],
          [
            -119.15588131498214,
            34.43338289818273
          ],
          [
            -119.15588131498214,
            34.433373883503734
          ],
          [
            -119.15588131498214,
            34.43336486882473
          ],
          [
            -119.15589219445738,
            34.43335585414574
          ],
          [
            -119.1559030739326,
            34.433346839466736
          ],
          [
            -119.1559030739326,
            34.433337824787735
          ],
          [
            -119.15591395340785,
            34.43332881010874
          ],
          [
            -119.15592483288309,
            34.43331979542974
          ],
          [
            -119.15593571235833,
            34.433310780750745
          ],
          [
            -119.15593571235833,
            34.43330176607174
          ],
          [
            -119.15594659183355,
            34.43329275139275
          ],
          [
            -119.1559574713088,
            34.43329275139275
          ],
          [
            -119.15596835078404,
            34.43328373671375
          ],
          [
            -119.15596835078404,
            34.433274722034746
          ],
          [
            -119.15596835078404,
            34.43326570735575
          ],
          [
            -119.15597923025926,
            34.43325669267675
          ],
          [
            -119.15598466999688,
            34.433247677997755
          ],
          [
            -119.1559901097345,
            34.433238663318754
          ],
          [
            -119.15600098920974,
            34.43322964863976
          ],
          [
            -119.15600098920974,
            34.43322063396076
          ],
          [
            -119.15599554947212,
            34.43321161928176
          ],
          [
            -119.15600098920974,
            34.43320260460276
          ],
          [
            -119.15600098920974,
            34.43319358992376
          ],
          [
            -119.15600642894736,
            34.433184575244766
          ],
          [
            -119.15600642894736,
            34.433175560565765
          ],
          [
            -119.15601186868498,
            34.43316654588677
          ],
          [
            -119.15601730842259,
            34.43315753120777
          ],
          [
            -119.15602274816021,
            34.43314851652877
          ],
          [
            -119.15603362763545,
            34.43313950184977
          ],
          [
            -119.15603362763545,
            34.43313048717077
          ],
          [
            -119.15604450711069,
            34.43312147249178
          ],
          [
            -119.15605538658593,
            34.433112457812776
          ],
          [
            -119.15605538658593,
            34.43310344313378
          ],
          [
            -119.15606626606116,
            34.43309442845478
          ],
          [
            -119.15606626606116,
            34.43308541377578
          ],
          [
            -119.1560771455364,
            34.433076399096784
          ],
          [
            -119.1560771455364,
            34.43306738441778
          ],
          [
            -119.15608802501164,
            34.43305836973879
          ],
          [
            -119.15609890448687,
            34.43305836973879
          ],
          [
            -119.15610978396211,
            34.43304935505979
          ],
          [
            -119.15612066343735,
            34.43304935505979
          ],
          [
            -119.15613154291259,
            34.43304034038079
          ],
          [
            -119.15614242238782,
            34.43304034038079
          ],
          [
            -119.15615330186306,
            34.43304034038079
          ],
          [
            -119.1561641813383,
            34.43304034038079
          ],
          [
            -119.15617506081352,
            34.43304034038079
          ],
          [
            -119.15618594028876,
            34.43304034038079
          ],
          [
            -119.156196819764,
            34.43304034038079
          ],
          [
            -119.15620769923925,
            34.43304034038079
          ],
          [
            -119.15621857871447,
            34.43303132570179
          ],
          [
            -119.15622945818971,
            34.43302231102279
          ],
          [
            -119.15622945818971,
            34.433013296343795
          ],
          [
            -119.15621857871447,
            34.43300428166479
          ],
          [
            -119.15620769923925,
            34.43300428166479
          ],
          [
            -119.156196819764,
            34.432999774325296
          ],
          [
            -119.15618594028876,
            34.4329952669858
          ],
          [
            -119.15617506081352,
            34.4329952669858
          ],
          [
            -119.1561641813383,
            34.4329952669858
          ],
          [
            -119.15615330186306,
            34.432999774325296
          ],
          [
            -119.15614242238782,
            34.432999774325296
          ],
          [
            -119.15613154291259,
            34.432999774325296
          ],
          [
            -119.15612066343735,
            34.432999774325296
          ],
          [
            -119.15610978396211,
            34.432999774325296
          ],
          [
            -119.15609890448687,
            34.4329952669858
          ],
          [
            -119.15608802501164,
            34.4329952669858
          ],
          [
            -119.1560771455364,
            34.4329952669858
          ],
          [
            -119.15606626606116,
            34.4329952669858
          ],
          [
            -119.15605538658593,
            34.4329952669858
          ],
          [
            -119.15604450711069,
            34.4329952669858
          ],
          [
            -119.15603362763545,
            34.4329952669858
          ],
          [
            -119.15602274816021,
            34.432998271878795
          ],
          [
            -119.15601186868498,
            34.432999774325296
          ],
          [
            -119.15600098920974,
            34.432999774325296
          ],
          [
            -119.1559901097345,
            34.432999774325296
          ],
          [
            -119.15597923025926,
            34.4330012767718
          ],
          [
            -119.15596835078404,
            34.43300428166479
          ],
          [
            -119.1559574713088,
            34.43300428166479
          ],
          [
            -119.15594659183355,
            34.433007286557796
          ],
          [
            -119.15593571235833,
            34.4330087890043
          ],
          [
            -119.15592483288309,
            34.43301029145079
          ],
          [
            -119.15591395340785,
            34.43301029145079
          ],
          [
            -119.1559030739326,
            34.43301029145079
          ],
          [
            -119.15589219445738,
            34.43301029145079
          ],
          [
            -119.15588131498214,
            34.433011042674046
          ],
          [
            -119.1558704355069,
            34.433011042674046
          ],
          [
            -119.15585955603166,
            34.433011042674046
          ],
          [
            -119.15584867655643,
            34.43301029145079
          ],
          [
            -119.15583779708119,
            34.4330087890043
          ],
          [
            -119.15582691760595,
            34.4330087890043
          ],
          [
            -119.15581603813072,
            34.43301029145079
          ],
          [
            -119.15580515865548,
            34.43301029145079
          ],
          [
            -119.15579427918024,
            34.43301029145079
          ],
          [
            -119.155783399705,
            34.4330087890043
          ],
          [
            -119.15577252022977,
            34.43301029145079
          ],
          [
            -119.15576164075453,
            34.43301029145079
          ],
          [
            -119.1557507612793,
            34.433013296343795
          ],
          [
            -119.15573988180405,
            34.433013296343795
          ],
          [
            -119.15572900232883,
            34.43301029145079
          ],
          [
            -119.15571812285359,
            34.4330078875364
          ],
          [
            -119.15571268311596,
            34.43300698606849
          ]
        ]
      }
    },
    {
      "type": "Feature",
      "properties": {
        "kind": "contour",
        "source": "dem_1m@424m",
        "priority": 40,
        "authority": "derived",
        "evidence": "modelled",
        "elevation_m": 424.0,
        "interval_m": 2.0,
        "dem_tol_m": 1.5
      },
      "geometry": {
        "type": "LineString",
        "coordinates": [
          [
            -119.15542437702219,
            34.43348656699121
          ],
          [
            -119.15542437702219,
            34.433482059651716
          ],
          [
            -119.15542437702219,
            34.433473044972715
          ],
          [
            -119.15543525649743,
            34.43346403029372
          ],
          [
            -119.15543525649743,
            34.43345501561472
          ],
          [
            -119.15542437702219,
            34.43344600093572
          ],
          [
            -119.15541349754696,
            34.43344600093572
          ],
          [
            -119.15540261807172,
            34.43344600093572
          ],
          [
            -119.15541349754696,
            34.43343698625672
          ],
          [
            -119.15541349754696,
            34.43342797157772
          ],
          [
            -119.15542437702219,
            34.43341895689873
          ],
          [
            -119.15542437702219,
            34.433409942219726
          ],
          [
            -119.15542437702219,
            34.43340092754073
          ],
          [
            -119.15541349754696,
            34.43339191286173
          ],
          [
            -119.15541349754696,
            34.43338289818273
          ],
          [
            -119.15541349754696,
            34.433373883503734
          ],
          [
            -119.15541349754696,
            34.43336486882473
          ],
          [
            -119.15541349754696,
            34.43335585414574
          ],
          [
            -119.15542437702219,
            34.433346839466736
          ],
          [
            -119.15543525649743,
            34.433337824787735
          ],
          [
            -119.15544613597267,
            34.43332881010874
          ],
          [
            -119.15545157571029,
            34.43332430276924
          ]
        ]
      }
    },
    {
      "type": "Feature",
      "properties": {
        "kind": "contour",
        "source": "dem_1m@424m",
        "priority": 40,
        "authority": "derived",
        "evidence": "modelled",
        "elevation_m": 424.0,
        "interval_m": 2.0,
        "dem_tol_m": 1.5
      },
      "geometry": {
        "type": "LineString",
        "coordinates": [
          [
            -119.15557124993789,
            34.43327021469525
          ],
          [
            -119.15557668967551,
            34.43326570735575
          ],
          [
            -119.15558756915074,
            34.43325669267675
          ],
          [
            -119.15559844862598,
            34.43325669267675
          ],
          [
            -119.15560932810122,
            34.43325669267675
          ],
          [
            -119.15562020757646,
            34.43325218533725
          ],
          [
            -119.15562564731407,
            34.433247677997755
          ],
          [
            -119.15563108705169,
            34.43324317065825
          ],
          [
            -119.15563652678931,
            34.433238663318754
          ],
          [
            -119.15564196652693,
            34.43323415597926
          ],
          [
            -119.15565284600217,
            34.433232653532755
          ],
          [
            -119.1556637254774,
            34.43322964863976
          ],
          [
            -119.15567460495264,
            34.43322964863976
          ],
          [
            -119.15568548442788,
            34.43322664374676
          ],
          [
            -119.15569636390312,
            34.43322664374676
          ],
          [
            -119.15570724337834,
            34.43322363885376
          ],
          [
            -119.15571812285359,
            34.43322063396076
          ],
          [
            -119.15572900232883,
            34.43321702808916
          ],
          [
            -119.15573988180405,
            34.43321161928176
          ],
          [
            -119.1557435082958,
            34.43320260460276
          ],
          [
            -119.15574532154167,
            34.43319358992376
          ],
          [
            -119.15574858538425,
            34.433184575244766
          ],
          [
            -119.1557507612793,
            34.433175560565765
          ],
          [
            -119.1557507612793,
            34.43316654588677
          ],
          [
            -119.1557507612793,
            34.43315753120777
          ],
          [
            -119.15575438777104,
            34.43314851652877
          ],
          [
            -119.1557507612793,
            34.43313950184977
          ],
          [
            -119.1557507612793,
            34.43313048717077
          ],
          [
            -119.15574532154167,
            34.433125979831274
          ]
        ]
      }
    },
    {
      "type": "Feature",
      "properties": {
        "kind": "contour",
        "source": "dem_1m@426m",
        "priority": 40,
        "authority": "derived",
        "evidence": "modelled",
        "elevation_m": 426.0,
        "interval_m": 2.0,
        "dem_tol_m": 1.5
      },
      "geometry": {
        "type": "LineString",
        "coordinates": [
          [
            -119.15491304168606,
            34.433459522954216
          ],
          [
            -119.15491304168606,
            34.43345501561472
          ],
          [
            -119.15490760194845,
            34.43344600093572
          ],
          [
            -119.15490216221083,
            34.43343698625672
          ],
          [
            -119.15490216221083,
            34.43342797157772
          ],
          [
            -119.15490216221083,
            34.43341895689873
          ],
          [
            -119.15490760194845,
            34.433409942219726
          ],
          [
            -119.15490760194845,
            34.43340092754073
          ],
          [
            -119.15490760194845,
            34.43339191286173
          ],
          [
            -119.15490760194845,
            34.43338289818273
          ],
          [
            -119.15490760194845,
            34.433373883503734
          ],
          [
            -119.15490216221083,
            34.43336486882473
          ],
          [
            -119.15490216221083,
            34.43335585414574
          ],
          [
            -119.15490216221083,
            34.433346839466736
          ],
          [
            -119.15489672247321,
            34.43334233212724
          ]
        ]
      }
    },
    {
      "type": "Feature",
      "properties": {
        "kind": "contour",
        "source": "dem_1m@426m",
        "priority": 40,
        "authority": "derived",
        "evidence": "modelled",
        "elevation_m": 426.0,
        "interval_m": 2.0,
        "dem_tol_m": 1.5
      },
      "geometry": {
        "type": "LineString",
        "coordinates": [
          [
            -119.15489672247321,
            34.43332881010874
          ],
          [
            -119.15490216221083,
            34.43332881010874
          ],
          [
            -119.15490760194845,
            34.43331979542974
          ],
          [
            -119.15490760194845,
            34.433310780750745
          ],
          [
            -119.15490760194845,
            34.43330176607174
          ],
          [
            -119.15490760194845,
            34.43329275139275
          ],
          [
            -119.15490216221083,
            34.433288244053244
          ],
          [
            -119.15490216221082,
            34.433288244053244
          ]
        ]
      }
    },
    {
      "type": "Feature",
      "properties": {
        "kind": "contour",
        "source": "dem_1m@426m",
        "priority": 40,
        "authority": "derived",
        "evidence": "modelled",
        "elevation_m": 426.0,
        "interval_m": 2.0,
        "dem_tol_m": 1.5
      },
      "geometry": {
        "type": "LineString",
        "coordinates": [
          [
            -119.15503271591366,
            34.43310344313378
          ],
          [
            -119.15503815565128,
            34.43309442845478
          ],
          [
            -119.1550435953889,
            34.43308541377578
          ],
          [
            -119.15503271591366,
            34.433076399096784
          ],
          [
            -119.15502183643844,
            34.43308541377578
          ],
          [
            -119.15502727617606,
            34.43309442845478
          ],
          [
            -119.15503271591366,
            34.43310344313378
          ]
        ]
      }
    },
    {
      "type": "Feature",
      "properties": {
        "kind": "contour",
        "source": "dem_1m@426m",
        "priority": 40,
        "authority": "derived",
        "evidence": "modelled",
        "elevation_m": 426.0,
        "interval_m": 2.0,
        "dem_tol_m": 1.5
      },
      "geometry": {
        "type": "LineString",
        "coordinates": [
          [
            -119.15496743906225,
            34.43315302386827
          ],
          [
            -119.15497831853749,
            34.43315302386827
          ],
          [
            -119.15498919801273,
            34.43315302386827
          ],
          [
            -119.15500007748795,
            34.43315452631477
          ],
          [
            -119.1550109569632,
            34.43315452631477
          ],
          [
            -119.15502183643844,
            34.43315452631477
          ],
          [
            -119.15502908942193,
            34.43314851652877
          ],
          [
            -119.15502908942193,
            34.43313950184977
          ],
          [
            -119.15502183643844,
            34.43313048717077
          ],
          [
            -119.1550109569632,
            34.433134994510276
          ],
          [
            -119.15500007748795,
            34.433134994510276
          ],
          [
            -119.15498919801273,
            34.433133492063774
          ],
          [
            -119.15497831853749,
            34.433133492063774
          ],
          [
            -119.15496743906225,
            34.433133492063774
          ],
          [
            -119.154956559587,
            34.433134994510276
          ],
          [
            -119.15494568011178,
            34.43313950184977
          ],
          [
            -119.154956559587,
            34.43314851652877
          ],
          [
            -119.15496743906225,
            34.43315302386827
          ]
        ]
      }
    },
    {
      "type": "Feature",
      "properties": {
        "kind": "true_north_grid",
        "source": "grid.json#true_north",
        "priority": 50,
        "authority": "derived",
        "evidence": "modelled",
        "index": -20,
        "axis": "N",
        "spacing_m": 10.0,
        "rotation_deg": 0.0
      },
      "geometry": {
        "type": "LineString",
        "coordinates": [
          [
            -119.15819105849235,
            34.43044
          ],
          [
            -119.15819105849235,
            34.43491
          ]
        ]
      }
    },
    {
      "type": "Feature",
      "properties": {
        "kind": "true_north_grid",
        "source": "grid.json#true_north",
        "priority": 50,
        "authority": "derived",
        "evidence": "modelled",
        "index": -20,
        "axis": "E",
        "spacing_m": 10.0,
        "rotation_deg": 0.0
      },
      "geometry": {
        "type": "LineString",
        "coordinates": [
          [
            -119.15927900601602,
            34.430866411280824
          ],
          [
            -119.15321,
            34.430866411280824
          ]
        ]
      }
    },
    {
      "type": "Feature",
      "properties": {
        "kind": "true_north_grid",
        "source": "grid.json#true_north",
        "priority": 50,
        "authority": "derived",
        "evidence": "modelled",
        "index": -19,
        "axis": "N",
        "spacing_m": 10.0,
        "rotation_deg": 0.0
      },
      "geometry": {
        "type": "LineString",
        "coordinates": [
          [
            -119.15808226373998,
            34.43044
          ],
          [
            -119.15808226373998,
            34.43491
          ]
        ]
      }
    },
    {
      "type": "Feature",
      "properties": {
        "kind": "true_north_grid",
        "source": "grid.json#true_north",
        "priority": 50,
        "authority": "derived",
        "evidence": "modelled",
        "index": -19,
        "axis": "E",
        "spacing_m": 10.0,
        "rotation_deg": 0.0
      },
      "geometry": {
        "type": "LineString",
        "coordinates": [
          [
            -119.15927900601602,
            34.43095655807081
          ],
          [
            -119.15321,
            34.43095655807081
          ]
        ]
      }
    },
    {
      "type": "Feature",
      "properties": {
        "kind": "true_north_grid",
        "source": "grid.json#true_north",
        "priority": 50,
        "authority": "derived",
        "evidence": "modelled",
        "index": -18,
        "axis": "N",
        "spacing_m": 10.0,
        "rotation_deg": 0.0
      },
      "geometry": {
        "type": "LineString",
        "coordinates": [
          [
            -119.1579734689876,
            34.43044
          ],
          [
            -119.1579734689876,
            34.43491
          ]
        ]
      }
    },
    {
      "type": "Feature",
      "properties": {
        "kind": "true_north_grid",
        "source": "grid.json#true_north",
        "priority": 50,
        "authority": "derived",
        "evidence": "modelled",
        "index": -18,
        "axis": "E",
        "spacing_m": 10.0,
        "rotation_deg": 0.0
      },
      "geometry": {
        "type": "LineString",
        "coordinates": [
          [
            -119.15927900601602,
            34.4310467048608
          ],
          [
            -119.15321,
            34.4310467048608
          ]
        ]
      }
    },
    {
      "type": "Feature",
      "properties": {
        "kind": "true_north_grid",
        "source": "grid.json#true_north",
        "priority": 50,
        "authority": "derived",
        "evidence": "modelled",
        "index": -17,
        "axis": "N",
        "spacing_m": 10.0,
        "rotation_deg": 0.0
      },
      "geometry": {
        "type": "LineString",
        "coordinates": [
          [
            -119.15786467423524,
            34.43044
          ],
          [
            -119.15786467423524,
            34.43491
          ]
        ]
      }
    },
    {
      "type": "Feature",
      "properties": {
        "kind": "true_north_grid",
        "source": "grid.json#true_north",
        "priority": 50,
        "authority": "derived",
        "evidence": "modelled",
        "index": -17,
        "axis": "E",
        "spacing_m": 10.0,
        "rotation_deg": 0.0
      },
      "geometry": {
        "type": "LineString",
        "coordinates": [
          [
            -119.15927900601602,
            34.431136851650784
          ],
          [
            -119.15321,
            34.431136851650784
          ]
        ]
      }
    },
    {
      "type": "Feature",
      "properties": {
        "kind": "true_north_grid",
        "source": "grid.json#true_north",
        "priority": 50,
        "authority": "derived",
        "evidence": "modelled",
        "index": -16,
        "axis": "N",
        "spacing_m": 10.0,
        "rotation_deg": 0.0
      },
      "geometry": {
        "type": "LineString",
        "coordinates": [
          [
            -119.15775587948288,
            34.43044
          ],
          [
            -119.15775587948288,
            34.43491
          ]
        ]
      }
    },
    {
      "type": "Feature",
      "properties": {
        "kind": "true_north_grid",
        "source": "grid.json#true_north",
        "priority": 50,
        "authority": "derived",
        "evidence": "modelled",
        "index": -16,
        "axis": "E",
        "spacing_m": 10.0,
        "rotation_deg": 0.0
      },
      "geometry": {
        "type": "LineString",
        "coordinates": [
          [
            -119.15927900601602,
            34.43122699844076
          ],
          [
            -119.15321,
            34.43122699844076
          ]
        ]
      }
    },
    {
      "type": "Feature",
      "properties": {
        "kind": "true_north_grid",
        "source": "grid.json#true_north",
        "priority": 50,
        "authority": "derived",
        "evidence": "modelled",
        "index": -15,
        "axis": "N",
        "spacing_m": 10.0,
        "rotation_deg": 0.0
      },
      "geometry": {
        "type": "LineString",
        "coordinates": [
          [
            -119.15764708473051,
            34.43044
          ],
          [
            -119.15764708473051,
            34.43491
          ]
        ]
      }
    },
    {
      "type": "Feature",
      "properties": {
        "kind": "true_north_grid",
        "source": "grid.json#true_north",
        "priority": 50,
        "authority": "derived",
        "evidence": "modelled",
        "index": -15,
        "axis": "E",
        "spacing_m": 10.0,
        "rotation_deg": 0.0
      },
      "geometry": {
        "type": "LineString",
        "coordinates": [
          [
            -119.15927900601602,
            34.43131714523075
          ],
          [
            -119.15321,
            34.43131714523075
          ]
        ]
      }
    },
    {
      "type": "Feature",
      "properties": {
        "kind": "true_north_grid",
        "source": "grid.json#true_north",
        "priority": 50,
        "authority": "derived",
        "evidence": "modelled",
        "index": -14,
        "axis": "N",
        "spacing_m": 10.0,
        "rotation_deg": 0.0
      },
      "geometry": {
        "type": "LineString",
        "coordinates": [
          [
            -119.15753828997813,
            34.43044
          ],
          [
            -119.15753828997813,
            34.43491
          ]
        ]
      }
    },
    {
      "type": "Feature",
      "properties": {
        "kind": "true_north_grid",
        "source": "grid.json#true_north",
        "priority": 50,
        "authority": "derived",
        "evidence": "modelled",
        "index": -14,
        "axis": "E",
        "spacing_m": 10.0,
        "rotation_deg": 0.0
      },
      "geometry": {
        "type": "LineString",
        "coordinates": [
          [
            -119.15927900601602,
            34.43140729202074
          ],
          [
            -119.15321,
            34.43140729202074
          ]
        ]
      }
    },
    {
      "type": "Feature",
      "properties": {
        "kind": "true_north_grid",
        "source": "grid.json#true_north",
        "priority": 50,
        "authority": "derived",
        "evidence": "modelled",
        "index": -13,
        "axis": "N",
        "spacing_m": 10.0,
        "rotation_deg": 0.0
      },
      "geometry": {
        "type": "LineString",
        "coordinates": [
          [
            -119.15742949522577,
            34.43044
          ],
          [
            -119.15742949522577,
            34.43491
          ]
        ]
      }
    },
    {
      "type": "Feature",
      "properties": {
        "kind": "true_north_grid",
        "source": "grid.json#true_north",
        "priority": 50,
        "authority": "derived",
        "evidence": "modelled",
        "index": -13,
        "axis": "E",
        "spacing_m": 10.0,
        "rotation_deg": 0.0
      },
      "geometry": {
        "type": "LineString",
        "coordinates": [
          [
            -119.15927900601602,
            34.43149743881072
          ],
          [
            -119.15321,
            34.43149743881072
          ]
        ]
      }
    },
    {
      "type": "Feature",
      "properties": {
        "kind": "true_north_grid",
        "source": "grid.json#true_north",
        "priority": 50,
        "authority": "derived",
        "evidence": "modelled",
        "index": -12,
        "axis": "N",
        "spacing_m": 10.0,
        "rotation_deg": 0.0
      },
      "geometry": {
        "type": "LineString",
        "coordinates": [
          [
            -119.1573207004734,
            34.43044
          ],
          [
            -119.1573207004734,
            34.43491
          ]
        ]
      }
    },
    {
      "type": "Feature",
      "properties": {
        "kind": "true_north_grid",
        "source": "grid.json#true_north",
        "priority": 50,
        "authority": "derived",
        "evidence": "modelled",
        "index": -12,
        "axis": "E",
        "spacing_m": 10.0,
        "rotation_deg": 0.0
      },
      "geometry": {
        "type": "LineString",
        "coordinates": [
          [
            -119.15927900601602,
            34.4315875856007
          ],
          [
            -119.15321,
            34.4315875856007
          ]
        ]
      }
    },
    {
      "type": "Feature",
      "properties": {
        "kind": "true_north_grid",
        "source": "grid.json#true_north",
        "priority": 50,
        "authority": "derived",
        "evidence": "modelled",
        "index": -11,
        "axis": "N",
        "spacing_m": 10.0,
        "rotation_deg": 0.0
      },
      "geometry": {
        "type": "LineString",
        "coordinates": [
          [
            -119.15721190572104,
            34.43044
          ],
          [
            -119.15721190572104,
            34.43491
          ]
        ]
      }
    },
    {
      "type": "Feature",
      "properties": {
        "kind": "true_north_grid",
        "source": "grid.json#true_north",
        "priority": 50,
        "authority": "derived",
        "evidence": "modelled",
        "index": -11,
        "axis": "E",
        "spacing_m": 10.0,
        "rotation_deg": 0.0
      },
      "geometry": {
        "type": "LineString",
        "coordinates": [
          [
            -119.15927900601602,
            34.43167773239069
          ],
          [
            -119.15321,
            34.43167773239069
          ]
        ]
      }
    },
    {
      "type": "Feature",
      "properties": {
        "kind": "true_north_grid",
        "source": "grid.json#true_north",
        "priority": 50,
        "authority": "derived",
        "evidence": "modelled",
        "index": -10,
        "axis": "N",
        "spacing_m": 10.0,
        "rotation_deg": 0.0
      },
      "geometry": {
        "type": "LineString",
        "coordinates": [
          [
            -119.15710311096866,
            34.43044
          ],
          [
            -119.15710311096866,
            34.43491
          ]
        ]
      }
    },
    {
      "type": "Feature",
      "properties": {
        "kind": "true_north_grid",
        "source": "grid.json#true_north",
        "priority": 50,
        "authority": "derived",
        "evidence": "modelled",
        "index": -10,
        "axis": "E",
        "spacing_m": 10.0,
        "rotation_deg": 0.0
      },
      "geometry": {
        "type": "LineString",
        "coordinates": [
          [
            -119.15927900601602,
            34.431767879180676
          ],
          [
            -119.15321,
            34.431767879180676
          ]
        ]
      }
    },
    {
      "type": "Feature",
      "properties": {
        "kind": "true_north_grid",
        "source": "grid.json#true_north",
        "priority": 50,
        "authority": "derived",
        "evidence": "modelled",
        "index": -9,
        "axis": "N",
        "spacing_m": 10.0,
        "rotation_deg": 0.0
      },
      "geometry": {
        "type": "LineString",
        "coordinates": [
          [
            -119.1569943162163,
            34.43044
          ],
          [
            -119.1569943162163,
            34.43491
          ]
        ]
      }
    },
    {
      "type": "Feature",
      "properties": {
        "kind": "true_north_grid",
        "source": "grid.json#true_north",
        "priority": 50,
        "authority": "derived",
        "evidence": "modelled",
        "index": -9,
        "axis": "E",
        "spacing_m": 10.0,
        "rotation_deg": 0.0
      },
      "geometry": {
        "type": "LineString",
        "coordinates": [
          [
            -119.15927900601602,
            34.431858025970655
          ],
          [
            -119.15321,
            34.431858025970655
          ]
        ]
      }
    },
    {
      "type": "Feature",
      "properties": {
        "kind": "true_north_grid",
        "source": "grid.json#true_north",
        "priority": 50,
        "authority": "derived",
        "evidence": "modelled",
        "index": -8,
        "axis": "N",
        "spacing_m": 10.0,
        "rotation_deg": 0.0
      },
      "geometry": {
        "type": "LineString",
        "coordinates": [
          [
            -119.15688552146393,
            34.43044
          ],
          [
            -119.15688552146393,
            34.43491
          ]
        ]
      }
    },
    {
      "type": "Feature",
      "properties": {
        "kind": "true_north_grid",
        "source": "grid.json#true_north",
        "priority": 50,
        "authority": "derived",
        "evidence": "modelled",
        "index": -8,
        "axis": "E",
        "spacing_m": 10.0,
        "rotation_deg": 0.0
      },
      "geometry": {
        "type": "LineString",
        "coordinates": [
          [
            -119.15927900601602,
            34.43194817276064
          ],
          [
            -119.15321,
            34.43194817276064
          ]
        ]
      }
    },
    {
      "type": "Feature",
      "properties": {
        "kind": "true_north_grid",
        "source": "grid.json#true_north",
        "priority": 50,
        "authority": "derived",
        "evidence": "modelled",
        "index": -7,
        "axis": "N",
        "spacing_m": 10.0,
        "rotation_deg": 0.0
      },
      "geometry": {
        "type": "LineString",
        "coordinates": [
          [
            -119.15677672671157,
            34.43044
          ],
          [
            -119.15677672671157,
            34.43491
          ]
        ]
      }
    },
    {
      "type": "Feature",
      "properties": {
        "kind": "true_north_grid",
        "source": "grid.json#true_north",
        "priority": 50,
        "authority": "derived",
        "evidence": "modelled",
        "index": -7,
        "axis": "E",
        "spacing_m": 10.0,
        "rotation_deg": 0.0
      },
      "geometry": {
        "type": "LineString",
        "coordinates": [
          [
            -119.15927900601602,
            34.43203831955063
          ],
          [
            -119.15321,
            34.43203831955063
          ]
        ]
      }
    },
    {
      "type": "Feature",
      "properties": {
        "kind": "true_north_grid",
        "source": "grid.json#true_north",
        "priority": 50,
        "authority": "derived",
        "evidence": "modelled",
        "index": -6,
        "axis": "N",
        "spacing_m": 10.0,
        "rotation_deg": 0.0
      },
      "geometry": {
        "type": "LineString",
        "coordinates": [
          [
            -119.15666793195919,
            34.43044
          ],
          [
            -119.15666793195919,
            34.43491
          ]
        ]
      }
    },
    {
      "type": "Feature",
      "properties": {
        "kind": "true_north_grid",
        "source": "grid.json#true_north",
        "priority": 50,
        "authority": "derived",
        "evidence": "modelled",
        "index": -6,
        "axis": "E",
        "spacing_m": 10.0,
        "rotation_deg": 0.0
      },
      "geometry": {
        "type": "LineString",
        "coordinates": [
          [
            -119.15927900601602,
            34.432128466340615
          ],
          [
            -119.15321,
            34.432128466340615
          ]
        ]
      }
    },
    {
      "type": "Feature",
      "properties": {
        "kind": "true_north_grid",
        "source": "grid.json#true_north",
        "priority": 50,
        "authority": "derived",
        "evidence": "modelled",
        "index": -5,
        "axis": "N",
        "spacing_m": 10.0,
        "rotation_deg": 0.0
      },
      "geometry": {
        "type": "LineString",
        "coordinates": [
          [
            -119.15655913720683,
            34.43044
          ],
          [
            -119.15655913720683,
            34.43491
          ]
        ]
      }
    },
    {
      "type": "Feature",
      "properties": {
        "kind": "true_north_grid",
        "source": "grid.json#true_north",
        "priority": 50,
        "authority": "derived",
        "evidence": "modelled",
        "index": -5,
        "axis": "E",
        "spacing_m": 10.0,
        "rotation_deg": 0.0
      },
      "geometry": {
        "type": "LineString",
        "coordinates": [
          [
            -119.15927900601602,
            34.432218613130594
          ],
          [
            -119.15321,
            34.432218613130594
          ]
        ]
      }
    },
    {
      "type": "Feature",
      "properties": {
        "kind": "true_north_grid",
        "source": "grid.json#true_north",
        "priority": 50,
        "authority": "derived",
        "evidence": "modelled",
        "index": -4,
        "axis": "N",
        "spacing_m": 10.0,
        "rotation_deg": 0.0
      },
      "geometry": {
        "type": "LineString",
        "coordinates": [
          [
            -119.15645034245446,
            34.43044
          ],
          [
            -119.15645034245446,
            34.43491
          ]
        ]
      }
    },
    {
      "type": "Feature",
      "properties": {
        "kind": "true_north_grid",
        "source": "grid.json#true_north",
        "priority": 50,
        "authority": "derived",
        "evidence": "modelled",
        "index": -4,
        "axis": "E",
        "spacing_m": 10.0,
        "rotation_deg": 0.0
      },
      "geometry": {
        "type": "LineString",
        "coordinates": [
          [
            -119.15927900601602,
            34.43230875992058
          ],
          [
            -119.15321,
            34.43230875992058
          ]
        ]
      }
    },
    {
      "type": "Feature",
      "properties": {
        "kind": "true_north_grid",
        "source": "grid.json#true_north",
        "priority": 50,
        "authority": "derived",
        "evidence": "modelled",
        "index": -3,
        "axis": "N",
        "spacing_m": 10.0,
        "rotation_deg": 0.0
      },
      "geometry": {
        "type": "LineString",
        "coordinates": [
          [
            -119.1563415477021,
            34.43044
          ],
          [
            -119.1563415477021,
            34.43491
          ]
        ]
      }
    },
    {
      "type": "Feature",
      "properties": {
        "kind": "true_north_grid",
        "source": "grid.json#true_north",
        "priority": 50,
        "authority": "derived",
        "evidence": "modelled",
        "index": -3,
        "axis": "E",
        "spacing_m": 10.0,
        "rotation_deg": 0.0
      },
      "geometry": {
        "type": "LineString",
        "coordinates": [
          [
            -119.15927900601602,
            34.43239890671057
          ],
          [
            -119.15321,
            34.43239890671057
          ]
        ]
      }
    },
    {
      "type": "Feature",
      "properties": {
        "kind": "true_north_grid",
        "source": "grid.json#true_north",
        "priority": 50,
        "authority": "derived",
        "evidence": "modelled",
        "index": -2,
        "axis": "N",
        "spacing_m": 10.0,
        "rotation_deg": 0.0
      },
      "geometry": {
        "type": "LineString",
        "coordinates": [
          [
            -119.15623275294972,
            34.43044
          ],
          [
            -119.15623275294972,
            34.43491
          ]
        ]
      }
    },
    {
      "type": "Feature",
      "properties": {
        "kind": "true_north_grid",
        "source": "grid.json#true_north",
        "priority": 50,
        "authority": "derived",
        "evidence": "modelled",
        "index": -2,
        "axis": "E",
        "spacing_m": 10.0,
        "rotation_deg": 0.0
      },
      "geometry": {
        "type": "LineString",
        "coordinates": [
          [
            -119.15927900601602,
            34.432489053500554
          ],
          [
            -119.15321,
            34.432489053500554
          ]
        ]
      }
    },
    {
      "type": "Feature",
      "properties": {
        "kind": "true_north_grid",
        "source": "grid.json#true_north",
        "priority": 50,
        "authority": "derived",
        "evidence": "modelled",
        "index": -1,
        "axis": "N",
        "spacing_m": 10.0,
        "rotation_deg": 0.0
      },
      "geometry": {
        "type": "LineString",
        "coordinates": [
          [
            -119.15612395819736,
            34.43044
          ],
          [
            -119.15612395819736,
            34.43491
          ]
        ]
      }
    },
    {
      "type": "Feature",
      "properties": {
        "kind": "true_north_grid",
        "source": "grid.json#true_north",
        "priority": 50,
        "authority": "derived",
        "evidence": "modelled",
        "index": -1,
        "axis": "E",
        "spacing_m": 10.0,
        "rotation_deg": 0.0
      },
      "geometry": {
        "type": "LineString",
        "coordinates": [
          [
            -119.15927900601602,
            34.43257920029053
          ],
          [
            -119.15321,
            34.43257920029053
          ]
        ]
      }
    },
    {
      "type": "Feature",
      "properties": {
        "kind": "true_north_grid",
        "source": "grid.json#true_north",
        "priority": 50,
        "authority": "derived",
        "evidence": "modelled",
        "index": 0,
        "axis": "N",
        "spacing_m": 10.0,
        "rotation_deg": 0.0
      },
      "geometry": {
        "type": "LineString",
        "coordinates": [
          [
            -119.15601516344499,
            34.43044
          ],
          [
            -119.15601516344499,
            34.43491
          ]
        ]
      }
    },
    {
      "type": "Feature",
      "properties": {
        "kind": "true_north_grid",
        "source": "grid.json#true_north",
        "priority": 50,
        "authority": "derived",
        "evidence": "modelled",
        "index": 0,
        "axis": "E",
        "spacing_m": 10.0,
        "rotation_deg": 0.0
      },
      "geometry": {
        "type": "LineString",
        "coordinates": [
          [
            -119.15927900601602,
            34.43266934708052
          ],
          [
            -119.15321,
            34.43266934708052
          ]
        ]
      }
    },
    {
      "type": "Feature",
      "properties": {
        "kind": "true_north_grid",
        "source": "grid.json#true_north",
        "priority": 50,
        "authority": "derived",
        "evidence": "modelled",
        "index": 1,
        "axis": "N",
        "spacing_m": 10.0,
        "rotation_deg": 0.0
      },
      "geometry": {
        "type": "LineString",
        "coordinates": [
          [
            -119.15590636869263,
            34.43044
          ],
          [
            -119.15590636869263,
            34.43491
          ]
        ]
      }
    },
    {
      "type": "Feature",
      "properties": {
        "kind": "true_north_grid",
        "source": "grid.json#true_north",
        "priority": 50,
        "authority": "derived",
        "evidence": "modelled",
        "index": 1,
        "axis": "E",
        "spacing_m": 10.0,
        "rotation_deg": 0.0
      },
      "geometry": {
        "type": "LineString",
        "coordinates": [
          [
            -119.15927900601602,
            34.432759493870506
          ],
          [
            -119.15321,
            34.432759493870506
          ]
        ]
      }
    },
    {
      "type": "Feature",
      "properties": {
        "kind": "true_north_grid",
        "source": "grid.json#true_north",
        "priority": 50,
        "authority": "derived",
        "evidence": "modelled",
        "index": 2,
        "axis": "N",
        "spacing_m": 10.0,
        "rotation_deg": 0.0
      },
      "geometry": {
        "type": "LineString",
        "coordinates": [
          [
            -119.15579757394026,
            34.43044
          ],
          [
            -119.15579757394026,
            34.43491
          ]
        ]
      }
    },
    {
      "type": "Feature",
      "properties": {
        "kind": "true_north_grid",
        "source": "grid.json#true_north",
        "priority": 50,
        "authority": "derived",
        "evidence": "modelled",
        "index": 2,
        "axis": "E",
        "spacing_m": 10.0,
        "rotation_deg": 0.0
      },
      "geometry": {
        "type": "LineString",
        "coordinates": [
          [
            -119.15927900601602,
            34.432849640660486
          ],
          [
            -119.15321,
            34.432849640660486
          ]
        ]
      }
    },
    {
      "type": "Feature",
      "properties": {
        "kind": "true_north_grid",
        "source": "grid.json#true_north",
        "priority": 50,
        "authority": "derived",
        "evidence": "modelled",
        "index": 3,
        "axis": "N",
        "spacing_m": 10.0,
        "rotation_deg": 0.0
      },
      "geometry": {
        "type": "LineString",
        "coordinates": [
          [
            -119.15568877918788,
            34.43044
          ],
          [
            -119.15568877918788,
            34.43491
          ]
        ]
      }
    },
    {
      "type": "Feature",
      "properties": {
        "kind": "true_north_grid",
        "source": "grid.json#true_north",
        "priority": 50,
        "authority": "derived",
        "evidence": "modelled",
        "index": 3,
        "axis": "E",
        "spacing_m": 10.0,
        "rotation_deg": 0.0
      },
      "geometry": {
        "type": "LineString",
        "coordinates": [
          [
            -119.15927900601602,
            34.43293978745047
          ],
          [
            -119.15321,
            34.43293978745047
          ]
        ]
      }
    },
    {
      "type": "Feature",
      "properties": {
        "kind": "true_north_grid",
        "source": "grid.json#true_north",
        "priority": 50,
        "authority": "derived",
        "evidence": "modelled",
        "index": 4,
        "axis": "N",
        "spacing_m": 10.0,
        "rotation_deg": 0.0
      },
      "geometry": {
        "type": "LineString",
        "coordinates": [
          [
            -119.15557998443552,
            34.43044
          ],
          [
            -119.15557998443552,
            34.43491
          ]
        ]
      }
    },
    {
      "type": "Feature",
      "properties": {
        "kind": "true_north_grid",
        "source": "grid.json#true_north",
        "priority": 50,
        "authority": "derived",
        "evidence": "modelled",
        "index": 4,
        "axis": "E",
        "spacing_m": 10.0,
        "rotation_deg": 0.0
      },
      "geometry": {
        "type": "LineString",
        "coordinates": [
          [
            -119.15927900601602,
            34.43302993424046
          ],
          [
            -119.15321,
            34.43302993424046
          ]
        ]
      }
    },
    {
      "type": "Feature",
      "properties": {
        "kind": "true_north_grid",
        "source": "grid.json#true_north",
        "priority": 50,
        "authority": "derived",
        "evidence": "modelled",
        "index": 5,
        "axis": "N",
        "spacing_m": 10.0,
        "rotation_deg": 0.0
      },
      "geometry": {
        "type": "LineString",
        "coordinates": [
          [
            -119.15547118968315,
            34.43044
          ],
          [
            -119.15547118968315,
            34.43491
          ]
        ]
      }
    },
    {
      "type": "Feature",
      "properties": {
        "kind": "true_north_grid",
        "source": "grid.json#true_north",
        "priority": 50,
        "authority": "derived",
        "evidence": "modelled",
        "index": 5,
        "axis": "E",
        "spacing_m": 10.0,
        "rotation_deg": 0.0
      },
      "geometry": {
        "type": "LineString",
        "coordinates": [
          [
            -119.15927900601602,
            34.433120081030445
          ],
          [
            -119.15321,
            34.433120081030445
          ]
        ]
      }
    },
    {
      "type": "Feature",
      "properties": {
        "kind": "true_north_grid",
        "source": "grid.json#true_north",
        "priority": 50,
        "authority": "derived",
        "evidence": "modelled",
        "index": 6,
        "axis": "N",
        "spacing_m": 10.0,
        "rotation_deg": 0.0
      },
      "geometry": {
        "type": "LineString",
        "coordinates": [
          [
            -119.15536239493079,
            34.43044
          ],
          [
            -119.15536239493079,
            34.43491
          ]
        ]
      }
    },
    {
      "type": "Feature",
      "properties": {
        "kind": "true_north_grid",
        "source": "grid.json#true_north",
        "priority": 50,
        "authority": "derived",
        "evidence": "modelled",
        "index": 6,
        "axis": "E",
        "spacing_m": 10.0,
        "rotation_deg": 0.0
      },
      "geometry": {
        "type": "LineString",
        "coordinates": [
          [
            -119.15927900601602,
            34.433210227820425
          ],
          [
            -119.15321,
            34.433210227820425
          ]
        ]
      }
    },
    {
      "type": "Feature",
      "properties": {
        "kind": "true_north_grid",
        "source": "grid.json#true_north",
        "priority": 50,
        "authority": "derived",
        "evidence": "modelled",
        "index": 7,
        "axis": "N",
        "spacing_m": 10.0,
        "rotation_deg": 0.0
      },
      "geometry": {
        "type": "LineString",
        "coordinates": [
          [
            -119.15525360017841,
            34.43044
          ],
          [
            -119.15525360017841,
            34.43491
          ]
        ]
      }
    },
    {
      "type": "Feature",
      "properties": {
        "kind": "true_north_grid",
        "source": "grid.json#true_north",
        "priority": 50,
        "authority": "derived",
        "evidence": "modelled",
        "index": 7,
        "axis": "E",
        "spacing_m": 10.0,
        "rotation_deg": 0.0
      },
      "geometry": {
        "type": "LineString",
        "coordinates": [
          [
            -119.15927900601602,
            34.43330037461041
          ],
          [
            -119.15321,
            34.43330037461041
          ]
        ]
      }
    },
    {
      "type": "Feature",
      "properties": {
        "kind": "true_north_grid",
        "source": "grid.json#true_north",
        "priority": 50,
        "authority": "derived",
        "evidence": "modelled",
        "index": 8,
        "axis": "N",
        "spacing_m": 10.0,
        "rotation_deg": 0.0
      },
      "geometry": {
        "type": "LineString",
        "coordinates": [
          [
            -119.15514480542605,
            34.43044
          ],
          [
            -119.15514480542605,
            34.43491
          ]
        ]
      }
    },
    {
      "type": "Feature",
      "properties": {
        "kind": "true_north_grid",
        "source": "grid.json#true_north",
        "priority": 50,
        "authority": "derived",
        "evidence": "modelled",
        "index": 8,
        "axis": "E",
        "spacing_m": 10.0,
        "rotation_deg": 0.0
      },
      "geometry": {
        "type": "LineString",
        "coordinates": [
          [
            -119.15927900601602,
            34.4333905214004
          ],
          [
            -119.15321,
            34.4333905214004
          ]
        ]
      }
    },
    {
      "type": "Feature",
      "properties": {
        "kind": "true_north_grid",
        "source": "grid.json#true_north",
        "priority": 50,
        "authority": "derived",
        "evidence": "modelled",
        "index": 9,
        "axis": "N",
        "spacing_m": 10.0,
        "rotation_deg": 0.0
      },
      "geometry": {
        "type": "LineString",
        "coordinates": [
          [
            -119.15503601067368,
            34.43044
          ],
          [
            -119.15503601067368,
            34.43491
          ]
        ]
      }
    },
    {
      "type": "Feature",
      "properties": {
        "kind": "true_north_grid",
        "source": "grid.json#true_north",
        "priority": 50,
        "authority": "derived",
        "evidence": "modelled",
        "index": 9,
        "axis": "E",
        "spacing_m": 10.0,
        "rotation_deg": 0.0
      },
      "geometry": {
        "type": "LineString",
        "coordinates": [
          [
            -119.15927900601602,
            34.433480668190384
          ],
          [
            -119.15321,
            34.433480668190384
          ]
        ]
      }
    },
    {
      "type": "Feature",
      "properties": {
        "kind": "true_north_grid",
        "source": "grid.json#true_north",
        "priority": 50,
        "authority": "derived",
        "evidence": "modelled",
        "index": 10,
        "axis": "N",
        "spacing_m": 10.0,
        "rotation_deg": 0.0
      },
      "geometry": {
        "type": "LineString",
        "coordinates": [
          [
            -119.15492721592132,
            34.43044
          ],
          [
            -119.15492721592132,
            34.43491
          ]
        ]
      }
    },
    {
      "type": "Feature",
      "properties": {
        "kind": "true_north_grid",
        "source": "grid.json#true_north",
        "priority": 50,
        "authority": "derived",
        "evidence": "modelled",
        "index": 10,
        "axis": "E",
        "spacing_m": 10.0,
        "rotation_deg": 0.0
      },
      "geometry": {
        "type": "LineString",
        "coordinates": [
          [
            -119.15927900601602,
            34.433570814980364
          ],
          [
            -119.15321,
            34.433570814980364
          ]
        ]
      }
    },
    {
      "type": "Feature",
      "properties": {
        "kind": "true_north_grid",
        "source": "grid.json#true_north",
        "priority": 50,
        "authority": "derived",
        "evidence": "modelled",
        "index": 11,
        "axis": "N",
        "spacing_m": 10.0,
        "rotation_deg": 0.0
      },
      "geometry": {
        "type": "LineString",
        "coordinates": [
          [
            -119.15481842116894,
            34.43044
          ],
          [
            -119.15481842116894,
            34.43491
          ]
        ]
      }
    },
    {
      "type": "Feature",
      "properties": {
        "kind": "true_north_grid",
        "source": "grid.json#true_north",
        "priority": 50,
        "authority": "derived",
        "evidence": "modelled",
        "index": 11,
        "axis": "E",
        "spacing_m": 10.0,
        "rotation_deg": 0.0
      },
      "geometry": {
        "type": "LineString",
        "coordinates": [
          [
            -119.15927900601602,
            34.43366096177035
          ],
          [
            -119.15321,
            34.43366096177035
          ]
        ]
      }
    },
    {
      "type": "Feature",
      "properties": {
        "kind": "true_north_grid",
        "source": "grid.json#true_north",
        "priority": 50,
        "authority": "derived",
        "evidence": "modelled",
        "index": 12,
        "axis": "N",
        "spacing_m": 10.0,
        "rotation_deg": 0.0
      },
      "geometry": {
        "type": "LineString",
        "coordinates": [
          [
            -119.15470962641658,
            34.43044
          ],
          [
            -119.15470962641658,
            34.43491
          ]
        ]
      }
    },
    {
      "type": "Feature",
      "properties": {
        "kind": "true_north_grid",
        "source": "grid.json#true_north",
        "priority": 50,
        "authority": "derived",
        "evidence": "modelled",
        "index": 12,
        "axis": "E",
        "spacing_m": 10.0,
        "rotation_deg": 0.0
      },
      "geometry": {
        "type": "LineString",
        "coordinates": [
          [
            -119.15927900601602,
            34.43375110856034
          ],
          [
            -119.15321,
            34.43375110856034
          ]
        ]
      }
    },
    {
      "type": "Feature",
      "properties": {
        "kind": "true_north_grid",
        "source": "grid.json#true_north",
        "priority": 50,
        "authority": "derived",
        "evidence": "modelled",
        "index": 13,
        "axis": "N",
        "spacing_m": 10.0,
        "rotation_deg": 0.0
      },
      "geometry": {
        "type": "LineString",
        "coordinates": [
          [
            -119.15460083166421,
            34.43044
          ],
          [
            -119.15460083166421,
            34.43491
          ]
        ]
      }
    },
    {
      "type": "Feature",
      "properties": {
        "kind": "true_north_grid",
        "source": "grid.json#true_north",
        "priority": 50,
        "authority": "derived",
        "evidence": "modelled",
        "index": 13,
        "axis": "E",
        "spacing_m": 10.0,
        "rotation_deg": 0.0
      },
      "geometry": {
        "type": "LineString",
        "coordinates": [
          [
            -119.15927900601602,
            34.433841255350316
          ],
          [
            -119.15321,
            34.433841255350316
          ]
        ]
      }
    },
    {
      "type": "Feature",
      "properties": {
        "kind": "true_north_grid",
        "source": "grid.json#true_north",
        "priority": 50,
        "authority": "derived",
        "evidence": "modelled",
        "index": 14,
        "axis": "N",
        "spacing_m": 10.0,
        "rotation_deg": 0.0
      },
      "geometry": {
        "type": "LineString",
        "coordinates": [
          [
            -119.15449203691185,
            34.43044
          ],
          [
            -119.15449203691185,
            34.43491
          ]
        ]
      }
    },
    {
      "type": "Feature",
      "properties": {
        "kind": "true_north_grid",
        "source": "grid.json#true_north",
        "priority": 50,
        "authority": "derived",
        "evidence": "modelled",
        "index": 14,
        "axis": "E",
        "spacing_m": 10.0,
        "rotation_deg": 0.0
      },
      "geometry": {
        "type": "LineString",
        "coordinates": [
          [
            -119.15927900601602,
            34.4339314021403
          ],
          [
            -119.15321,
            34.4339314021403
          ]
        ]
      }
    },
    {
      "type": "Feature",
      "properties": {
        "kind": "true_north_grid",
        "source": "grid.json#true_north",
        "priority": 50,
        "authority": "derived",
        "evidence": "modelled",
        "index": 15,
        "axis": "N",
        "spacing_m": 10.0,
        "rotation_deg": 0.0
      },
      "geometry": {
        "type": "LineString",
        "coordinates": [
          [
            -119.15438324215947,
            34.43044
          ],
          [
            -119.15438324215947,
            34.43491
          ]
        ]
      }
    },
    {
      "type": "Feature",
      "properties": {
        "kind": "true_north_grid",
        "source": "grid.json#true_north",
        "priority": 50,
        "authority": "derived",
        "evidence": "modelled",
        "index": 15,
        "axis": "E",
        "spacing_m": 10.0,
        "rotation_deg": 0.0
      },
      "geometry": {
        "type": "LineString",
        "coordinates": [
          [
            -119.15927900601602,
            34.43402154893029
          ],
          [
            -119.15321,
            34.43402154893029
          ]
        ]
      }
    },
    {
      "type": "Feature",
      "properties": {
        "kind": "true_north_grid",
        "source": "grid.json#true_north",
        "priority": 50,
        "authority": "derived",
        "evidence": "modelled",
        "index": 16,
        "axis": "N",
        "spacing_m": 10.0,
        "rotation_deg": 0.0
      },
      "geometry": {
        "type": "LineString",
        "coordinates": [
          [
            -119.1542744474071,
            34.43044
          ],
          [
            -119.1542744474071,
            34.43491
          ]
        ]
      }
    },
    {
      "type": "Feature",
      "properties": {
        "kind": "true_north_grid",
        "source": "grid.json#true_north",
        "priority": 50,
        "authority": "derived",
        "evidence": "modelled",
        "index": 16,
        "axis": "E",
        "spacing_m": 10.0,
        "rotation_deg": 0.0
      },
      "geometry": {
        "type": "LineString",
        "coordinates": [
          [
            -119.15927900601602,
            34.434111695720276
          ],
          [
            -119.15321,
            34.434111695720276
          ]
        ]
      }
    },
    {
      "type": "Feature",
      "properties": {
        "kind": "true_north_grid",
        "source": "grid.json#true_north",
        "priority": 50,
        "authority": "derived",
        "evidence": "modelled",
        "index": 17,
        "axis": "N",
        "spacing_m": 10.0,
        "rotation_deg": 0.0
      },
      "geometry": {
        "type": "LineString",
        "coordinates": [
          [
            -119.15416565265474,
            34.43044
          ],
          [
            -119.15416565265474,
            34.43491
          ]
        ]
      }
    },
    {
      "type": "Feature",
      "properties": {
        "kind": "true_north_grid",
        "source": "grid.json#true_north",
        "priority": 50,
        "authority": "derived",
        "evidence": "modelled",
        "index": 17,
        "axis": "E",
        "spacing_m": 10.0,
        "rotation_deg": 0.0
      },
      "geometry": {
        "type": "LineString",
        "coordinates": [
          [
            -119.15927900601602,
            34.434201842510255
          ],
          [
            -119.15321,
            34.434201842510255
          ]
        ]
      }
    },
    {
      "type": "Feature",
      "properties": {
        "kind": "true_north_grid",
        "source": "grid.json#true_north",
        "priority": 50,
        "authority": "derived",
        "evidence": "modelled",
        "index": 18,
        "axis": "N",
        "spacing_m": 10.0,
        "rotation_deg": 0.0
      },
      "geometry": {
        "type": "LineString",
        "coordinates": [
          [
            -119.15405685790238,
            34.43044
          ],
          [
            -119.15405685790238,
            34.43491
          ]
        ]
      }
    },
    {
      "type": "Feature",
      "properties": {
        "kind": "true_north_grid",
        "source": "grid.json#true_north",
        "priority": 50,
        "authority": "derived",
        "evidence": "modelled",
        "index": 18,
        "axis": "E",
        "spacing_m": 10.0,
        "rotation_deg": 0.0
      },
      "geometry": {
        "type": "LineString",
        "coordinates": [
          [
            -119.15927900601602,
            34.43429198930024
          ],
          [
            -119.15321,
            34.43429198930024
          ]
        ]
      }
    },
    {
      "type": "Feature",
      "properties": {
        "kind": "true_north_grid",
        "source": "grid.json#true_north",
        "priority": 50,
        "authority": "derived",
        "evidence": "modelled",
        "index": 19,
        "axis": "N",
        "spacing_m": 10.0,
        "rotation_deg": 0.0
      },
      "geometry": {
        "type": "LineString",
        "coordinates": [
          [
            -119.15394806315,
            34.43044
          ],
          [
            -119.15394806315,
            34.43491
          ]
        ]
      }
    },
    {
      "type": "Feature",
      "properties": {
        "kind": "true_north_grid",
        "source": "grid.json#true_north",
        "priority": 50,
        "authority": "derived",
        "evidence": "modelled",
        "index": 19,
        "axis": "E",
        "spacing_m": 10.0,
        "rotation_deg": 0.0
      },
      "geometry": {
        "type": "LineString",
        "coordinates": [
          [
            -119.15927900601602,
            34.43438213609023
          ],
          [
            -119.15321,
            34.43438213609023
          ]
        ]
      }
    },
    {
      "type": "Feature",
      "properties": {
        "kind": "true_north_grid",
        "source": "grid.json#true_north",
        "priority": 50,
        "authority": "derived",
        "evidence": "modelled",
        "index": 20,
        "axis": "N",
        "spacing_m": 10.0,
        "rotation_deg": 0.0
      },
      "geometry": {
        "type": "LineString",
        "coordinates": [
          [
            -119.15383926839763,
            34.43044
          ],
          [
            -119.15383926839763,
            34.43491
          ]
        ]
      }
    },
    {
      "type": "Feature",
      "properties": {
        "kind": "true_north_grid",
        "source": "grid.json#true_north",
        "priority": 50,
        "authority": "derived",
        "evidence": "modelled",
        "index": 20,
        "axis": "E",
        "spacing_m": 10.0,
        "rotation_deg": 0.0
      },
      "geometry": {
        "type": "LineString",
        "coordinates": [
          [
            -119.15927900601602,
            34.434472282880215
          ],
          [
            -119.15321,
            34.434472282880215
          ]
        ]
      }
    },
    {
      "type": "Feature",
      "properties": {
        "kind": "solar_grid",
        "source": "grid.json#solar",
        "priority": 45,
        "authority": "derived",
        "evidence": "modelled",
        "index": -20,
        "axis": "N",
        "spacing_m": 10.0,
        "rotation_deg": 60.53
      },
      "geometry": {
        "type": "LineString",
        "coordinates": [
          [
            -119.15948,
            34.43311790751423
          ],
          [
            -119.15565257406683,
            34.43491
          ]
        ]
      }
    },
    {
      "type": "Feature",
      "properties": {
        "kind": "solar_grid",
        "source": "grid.json#solar",
        "priority": 45,
        "authority": "derived",
        "evidence": "modelled",
        "index": -20,
        "axis": "E",
        "spacing_m": 10.0,
        "rotation_deg": 60.53
      },
      "geometry": {
        "type": "LineString",
        "coordinates": [
          [
            -119.15948,
            34.434085188914565
          ],
          [
            -119.15699406924523,
            34.43044
          ]
        ]
      }
    },
    {
      "type": "Feature",
      "properties": {
        "kind": "solar_grid",
        "source": "grid.json#solar",
        "priority": 45,
        "authority": "derived",
        "evidence": "modelled",
        "index": -19,
        "axis": "N",
        "spacing_m": 10.0,
        "rotation_deg": 60.53
      },
      "geometry": {
        "type": "LineString",
        "coordinates": [
          [
            -119.15948,
            34.43301436351979
          ],
          [
            -119.15543143203722,
            34.43491
          ]
        ]
      }
    },
    {
      "type": "Feature",
      "properties": {
        "kind": "solar_grid",
        "source": "grid.json#solar",
        "priority": 45,
        "authority": "derived",
        "evidence": "modelled",
        "index": -19,
        "axis": "E",
        "spacing_m": 10.0,
        "rotation_deg": 60.53
      },
      "geometry": {
        "type": "LineString",
        "coordinates": [
          [
            -119.15942051404862,
            34.43418120020576
          ],
          [
            -119.15686910591334,
            34.43044
          ]
        ]
      }
    },
    {
      "type": "Feature",
      "properties": {
        "kind": "solar_grid",
        "source": "grid.json#solar",
        "priority": 45,
        "authority": "derived",
        "evidence": "modelled",
        "index": -18,
        "axis": "N",
        "spacing_m": 10.0,
        "rotation_deg": 60.53
      },
      "geometry": {
        "type": "LineString",
        "coordinates": [
          [
            -119.15948,
            34.43291081952534
          ],
          [
            -119.1552102900076,
            34.43491
          ]
        ]
      }
    },
    {
      "type": "Feature",
      "properties": {
        "kind": "solar_grid",
        "source": "grid.json#solar",
        "priority": 45,
        "authority": "derived",
        "evidence": "modelled",
        "index": -18,
        "axis": "E",
        "spacing_m": 10.0,
        "rotation_deg": 60.53
      },
      "geometry": {
        "type": "LineString",
        "coordinates": [
          [
            -119.15932579587839,
            34.434225549521486
          ],
          [
            -119.15674414258147,
            34.43044
          ]
        ]
      }
    },
    {
      "type": "Feature",
      "properties": {
        "kind": "solar_grid",
        "source": "grid.json#solar",
        "priority": 45,
        "authority": "derived",
        "evidence": "modelled",
        "index": -17,
        "axis": "N",
        "spacing_m": 10.0,
        "rotation_deg": 60.53
      },
      "geometry": {
        "type": "LineString",
        "coordinates": [
          [
            -119.15948,
            34.4328072755309
          ],
          [
            -119.15498914797799,
            34.43491
          ]
        ]
      }
    },
    {
      "type": "Feature",
      "properties": {
        "kind": "solar_grid",
        "source": "grid.json#solar",
        "priority": 45,
        "authority": "derived",
        "evidence": "modelled",
        "index": -17,
        "axis": "E",
        "spacing_m": 10.0,
        "rotation_deg": 60.53
      },
      "geometry": {
        "type": "LineString",
        "coordinates": [
          [
            -119.15923107770814,
            34.43426989883722
          ],
          [
            -119.15661917924959,
            34.43044
          ]
        ]
      }
    },
    {
      "type": "Feature",
      "properties": {
        "kind": "solar_grid",
        "source": "grid.json#solar",
        "priority": 45,
        "authority": "derived",
        "evidence": "modelled",
        "index": -16,
        "axis": "N",
        "spacing_m": 10.0,
        "rotation_deg": 60.53
      },
      "geometry": {
        "type": "LineString",
        "coordinates": [
          [
            -119.15948,
            34.43270373153645
          ],
          [
            -119.15476800594837,
            34.43491
          ]
        ]
      }
    },
    {
      "type": "Feature",
      "properties": {
        "kind": "solar_grid",
        "source": "grid.json#solar",
        "priority": 45,
        "authority": "derived",
        "evidence": "modelled",
        "index": -16,
        "axis": "E",
        "spacing_m": 10.0,
        "rotation_deg": 60.53
      },
      "geometry": {
        "type": "LineString",
        "coordinates": [
          [
            -119.15913635953791,
            34.43431424815295
          ],
          [
            -119.1564942159177,
            34.43044
          ]
        ]
      }
    },
    {
      "type": "Feature",
      "properties": {
        "kind": "solar_grid",
        "source": "grid.json#solar",
        "priority": 45,
        "authority": "derived",
        "evidence": "modelled",
        "index": -15,
        "axis": "N",
        "spacing_m": 10.0,
        "rotation_deg": 60.53
      },
      "geometry": {
        "type": "LineString",
        "coordinates": [
          [
            -119.15948,
            34.43260018754201
          ],
          [
            -119.15454686391875,
            34.43491
          ]
        ]
      }
    },
    {
      "type": "Feature",
      "properties": {
        "kind": "solar_grid",
        "source": "grid.json#solar",
        "priority": 45,
        "authority": "derived",
        "evidence": "modelled",
        "index": -15,
        "axis": "E",
        "spacing_m": 10.0,
        "rotation_deg": 60.53
      },
      "geometry": {
        "type": "LineString",
        "coordinates": [
          [
            -119.15904164136766,
            34.43435859746869
          ],
          [
            -119.15636925258583,
            34.43044
          ]
        ]
      }
    },
    {
      "type": "Feature",
      "properties": {
        "kind": "solar_grid",
        "source": "grid.json#solar",
        "priority": 45,
        "authority": "derived",
        "evidence": "modelled",
        "index": -14,
        "axis": "N",
        "spacing_m": 10.0,
        "rotation_deg": 60.53
      },
      "geometry": {
        "type": "LineString",
        "coordinates": [
          [
            -119.15948,
            34.43249664354756
          ],
          [
            -119.15432572188914,
            34.43491
          ]
        ]
      }
    },
    {
      "type": "Feature",
      "properties": {
        "kind": "solar_grid",
        "source": "grid.json#solar",
        "priority": 45,
        "authority": "derived",
        "evidence": "modelled",
        "index": -14,
        "axis": "E",
        "spacing_m": 10.0,
        "rotation_deg": 60.53
      },
      "geometry": {
        "type": "LineString",
        "coordinates": [
          [
            -119.15894692319743,
            34.43440294678442
          ],
          [
            -119.15624428925395,
            34.43044
          ]
        ]
      }
    },
    {
      "type": "Feature",
      "properties": {
        "kind": "solar_grid",
        "source": "grid.json#solar",
        "priority": 45,
        "authority": "derived",
        "evidence": "modelled",
        "index": -13,
        "axis": "N",
        "spacing_m": 10.0,
        "rotation_deg": 60.53
      },
      "geometry": {
        "type": "LineString",
        "coordinates": [
          [
            -119.15948,
            34.43239309955312
          ],
          [
            -119.15410457985952,
            34.43491
          ]
        ]
      }
    },
    {
      "type": "Feature",
      "properties": {
        "kind": "solar_grid",
        "source": "grid.json#solar",
        "priority": 45,
        "authority": "derived",
        "evidence": "modelled",
        "index": -13,
        "axis": "E",
        "spacing_m": 10.0,
        "rotation_deg": 60.53
      },
      "geometry": {
        "type": "LineString",
        "coordinates": [
          [
            -119.15885220502719,
            34.43444729610015
          ],
          [
            -119.15611932592206,
            34.43044
          ]
        ]
      }
    },
    {
      "type": "Feature",
      "properties": {
        "kind": "solar_grid",
        "source": "grid.json#solar",
        "priority": 45,
        "authority": "derived",
        "evidence": "modelled",
        "index": -12,
        "axis": "N",
        "spacing_m": 10.0,
        "rotation_deg": 60.53
      },
      "geometry": {
        "type": "LineString",
        "coordinates": [
          [
            -119.15948,
            34.432289555558675
          ],
          [
            -119.1538834378299,
            34.43491
          ]
        ]
      }
    },
    {
      "type": "Feature",
      "properties": {
        "kind": "solar_grid",
        "source": "grid.json#solar",
        "priority": 45,
        "authority": "derived",
        "evidence": "modelled",
        "index": -12,
        "axis": "E",
        "spacing_m": 10.0,
        "rotation_deg": 60.53
      },
      "geometry": {
        "type": "LineString",
        "coordinates": [
          [
            -119.15875748685694,
            34.43449164541588
          ],
          [
            -119.15599436259018,
            34.43044
          ]
        ]
      }
    },
    {
      "type": "Feature",
      "properties": {
        "kind": "solar_grid",
        "source": "grid.json#solar",
        "priority": 45,
        "authority": "derived",
        "evidence": "modelled",
        "index": -11,
        "axis": "N",
        "spacing_m": 10.0,
        "rotation_deg": 60.53
      },
      "geometry": {
        "type": "LineString",
        "coordinates": [
          [
            -119.15944546718751,
            34.432202180654066
          ],
          [
            -119.15376237697313,
            34.434863139598015
          ]
        ]
      }
    },
    {
      "type": "Feature",
      "properties": {
        "kind": "solar_grid",
        "source": "grid.json#solar",
        "priority": 45,
        "authority": "derived",
        "evidence": "modelled",
        "index": -11,
        "axis": "E",
        "spacing_m": 10.0,
        "rotation_deg": 60.53
      },
      "geometry": {
        "type": "LineString",
        "coordinates": [
          [
            -119.15866276868671,
            34.43453599473162
          ],
          [
            -119.15586939925831,
            34.43044
          ]
        ]
      }
    },
    {
      "type": "Feature",
      "properties": {
        "kind": "solar_grid",
        "source": "grid.json#solar",
        "priority": 45,
        "authority": "derived",
        "evidence": "modelled",
        "index": -10,
        "axis": "N",
        "spacing_m": 10.0,
        "rotation_deg": 60.53
      },
      "geometry": {
        "type": "LineString",
        "coordinates": [
          [
            -119.1593919436752,
            34.43212369764993
          ],
          [
            -119.15370885346083,
            34.43478465659388
          ]
        ]
      }
    },
    {
      "type": "Feature",
      "properties": {
        "kind": "solar_grid",
        "source": "grid.json#solar",
        "priority": 45,
        "authority": "derived",
        "evidence": "modelled",
        "index": -10,
        "axis": "E",
        "spacing_m": 10.0,
        "rotation_deg": 60.53
      },
      "geometry": {
        "type": "LineString",
        "coordinates": [
          [
            -119.15856805051646,
            34.43458034404735
          ],
          [
            -119.15574443592642,
            34.43044
          ]
        ]
      }
    },
    {
      "type": "Feature",
      "properties": {
        "kind": "solar_grid",
        "source": "grid.json#solar",
        "priority": 45,
        "authority": "derived",
        "evidence": "modelled",
        "index": -9,
        "axis": "N",
        "spacing_m": 10.0,
        "rotation_deg": 60.53
      },
      "geometry": {
        "type": "LineString",
        "coordinates": [
          [
            -119.15933842016291,
            34.43204521464579
          ],
          [
            -119.15365532994852,
            34.43470617358974
          ]
        ]
      }
    },
    {
      "type": "Feature",
      "properties": {
        "kind": "solar_grid",
        "source": "grid.json#solar",
        "priority": 45,
        "authority": "derived",
        "evidence": "modelled",
        "index": -9,
        "axis": "E",
        "spacing_m": 10.0,
        "rotation_deg": 60.53
      },
      "geometry": {
        "type": "LineString",
        "coordinates": [
          [
            -119.15847333234623,
            34.434624693363084
          ],
          [
            -119.15561947259454,
            34.43044
          ]
        ]
      }
    },
    {
      "type": "Feature",
      "properties": {
        "kind": "solar_grid",
        "source": "grid.json#solar",
        "priority": 45,
        "authority": "derived",
        "evidence": "modelled",
        "index": -8,
        "axis": "N",
        "spacing_m": 10.0,
        "rotation_deg": 60.53
      },
      "geometry": {
        "type": "LineString",
        "coordinates": [
          [
            -119.1592848966506,
            34.43196673164165
          ],
          [
            -119.15360180643623,
            34.4346276905856
          ]
        ]
      }
    },
    {
      "type": "Feature",
      "properties": {
        "kind": "solar_grid",
        "source": "grid.json#solar",
        "priority": 45,
        "authority": "derived",
        "evidence": "modelled",
        "index": -8,
        "axis": "E",
        "spacing_m": 10.0,
        "rotation_deg": 60.53
      },
      "geometry": {
        "type": "LineString",
        "coordinates": [
          [
            -119.15837861417599,
            34.43466904267881
          ],
          [
            -119.15549450926267,
            34.43044
          ]
        ]
      }
    },
    {
      "type": "Feature",
      "properties": {
        "kind": "solar_grid",
        "source": "grid.json#solar",
        "priority": 45,
        "authority": "derived",
        "evidence": "modelled",
        "index": -7,
        "axis": "N",
        "spacing_m": 10.0,
        "rotation_deg": 60.53
      },
      "geometry": {
        "type": "LineString",
        "coordinates": [
          [
            -119.1592313731383,
            34.43188824863751
          ],
          [
            -119.15354828292392,
            34.43454920758146
          ]
        ]
      }
    },
    {
      "type": "Feature",
      "properties": {
        "kind": "solar_grid",
        "source": "grid.json#solar",
        "priority": 45,
        "authority": "derived",
        "evidence": "modelled",
        "index": -7,
        "axis": "E",
        "spacing_m": 10.0,
        "rotation_deg": 60.53
      },
      "geometry": {
        "type": "LineString",
        "coordinates": [
          [
            -119.15828389600576,
            34.43471339199454
          ],
          [
            -119.15536954593078,
            34.43044
          ]
        ]
      }
    },
    {
      "type": "Feature",
      "properties": {
        "kind": "solar_grid",
        "source": "grid.json#solar",
        "priority": 45,
        "authority": "derived",
        "evidence": "modelled",
        "index": -6,
        "axis": "N",
        "spacing_m": 10.0,
        "rotation_deg": 60.53
      },
      "geometry": {
        "type": "LineString",
        "coordinates": [
          [
            -119.15917784962599,
            34.431809765633375
          ],
          [
            -119.15349475941161,
            34.434470724577324
          ]
        ]
      }
    },
    {
      "type": "Feature",
      "properties": {
        "kind": "solar_grid",
        "source": "grid.json#solar",
        "priority": 45,
        "authority": "derived",
        "evidence": "modelled",
        "index": -6,
        "axis": "E",
        "spacing_m": 10.0,
        "rotation_deg": 60.53
      },
      "geometry": {
        "type": "LineString",
        "coordinates": [
          [
            -119.15818917783551,
            34.43475774131028
          ],
          [
            -119.1552445825989,
            34.43044
          ]
        ]
      }
    },
    {
      "type": "Feature",
      "properties": {
        "kind": "solar_grid",
        "source": "grid.json#solar",
        "priority": 45,
        "authority": "derived",
        "evidence": "modelled",
        "index": -5,
        "axis": "N",
        "spacing_m": 10.0,
        "rotation_deg": 60.53
      },
      "geometry": {
        "type": "LineString",
        "coordinates": [
          [
            -119.1591243261137,
            34.43173128262924
          ],
          [
            -119.15344123589931,
            34.434392241573185
          ]
        ]
      }
    },
    {
      "type": "Feature",
      "properties": {
        "kind": "solar_grid",
        "source": "grid.json#solar",
        "priority": 45,
        "authority": "derived",
        "evidence": "modelled",
        "index": -5,
        "axis": "E",
        "spacing_m": 10.0,
        "rotation_deg": 60.53
      },
      "geometry": {
        "type": "LineString",
        "coordinates": [
          [
            -119.15809445966526,
            34.43480209062601
          ],
          [
            -119.15511961926703,
            34.43044
          ]
        ]
      }
    },
    {
      "type": "Feature",
      "properties": {
        "kind": "solar_grid",
        "source": "grid.json#solar",
        "priority": 45,
        "authority": "derived",
        "evidence": "modelled",
        "index": -4,
        "axis": "N",
        "spacing_m": 10.0,
        "rotation_deg": 60.53
      },
      "geometry": {
        "type": "LineString",
        "coordinates": [
          [
            -119.15907080260139,
            34.4316527996251
          ],
          [
            -119.15338771238702,
            34.43431375856905
          ]
        ]
      }
    },
    {
      "type": "Feature",
      "properties": {
        "kind": "solar_grid",
        "source": "grid.json#solar",
        "priority": 45,
        "authority": "derived",
        "evidence": "modelled",
        "index": -4,
        "axis": "E",
        "spacing_m": 10.0,
        "rotation_deg": 60.53
      },
      "geometry": {
        "type": "LineString",
        "coordinates": [
          [
            -119.15799974149503,
            34.434846439941744
          ],
          [
            -119.15499465593514,
            34.43044
          ]
        ]
      }
    },
    {
      "type": "Feature",
      "properties": {
        "kind": "solar_grid",
        "source": "grid.json#solar",
        "priority": 45,
        "authority": "derived",
        "evidence": "modelled",
        "index": -3,
        "axis": "N",
        "spacing_m": 10.0,
        "rotation_deg": 60.53
      },
      "geometry": {
        "type": "LineString",
        "coordinates": [
          [
            -119.15901727908908,
            34.43157431662096
          ],
          [
            -119.15333418887471,
            34.43423527556491
          ]
        ]
      }
    },
    {
      "type": "Feature",
      "properties": {
        "kind": "solar_grid",
        "source": "grid.json#solar",
        "priority": 45,
        "authority": "derived",
        "evidence": "modelled",
        "index": -3,
        "axis": "E",
        "spacing_m": 10.0,
        "rotation_deg": 60.53
      },
      "geometry": {
        "type": "LineString",
        "coordinates": [
          [
            -119.15790502332479,
            34.43489078925747
          ],
          [
            -119.15486969260326,
            34.43044
          ]
        ]
      }
    },
    {
      "type": "Feature",
      "properties": {
        "kind": "solar_grid",
        "source": "grid.json#solar",
        "priority": 45,
        "authority": "derived",
        "evidence": "modelled",
        "index": -2,
        "axis": "N",
        "spacing_m": 10.0,
        "rotation_deg": 60.53
      },
      "geometry": {
        "type": "LineString",
        "coordinates": [
          [
            -119.15896375557679,
            34.43149583361682
          ],
          [
            -119.1532806653624,
            34.43415679256077
          ]
        ]
      }
    },
    {
      "type": "Feature",
      "properties": {
        "kind": "solar_grid",
        "source": "grid.json#solar",
        "priority": 45,
        "authority": "derived",
        "evidence": "modelled",
        "index": -2,
        "axis": "E",
        "spacing_m": 10.0,
        "rotation_deg": 60.53
      },
      "geometry": {
        "type": "LineString",
        "coordinates": [
          [
            -119.15779316125509,
            34.43491
          ],
          [
            -119.15474472927139,
            34.43044
          ]
        ]
      }
    },
    {
      "type": "Feature",
      "properties": {
        "kind": "solar_grid",
        "source": "grid.json#solar",
        "priority": 45,
        "authority": "derived",
        "evidence": "modelled",
        "index": -1,
        "axis": "N",
        "spacing_m": 10.0,
        "rotation_deg": 60.53
      },
      "geometry": {
        "type": "LineString",
        "coordinates": [
          [
            -119.15891023206449,
            34.43141735061268
          ],
          [
            -119.15322714185011,
            34.43407830955663
          ]
        ]
      }
    },
    {
      "type": "Feature",
      "properties": {
        "kind": "solar_grid",
        "source": "grid.json#solar",
        "priority": 45,
        "authority": "derived",
        "evidence": "modelled",
        "index": -1,
        "axis": "E",
        "spacing_m": 10.0,
        "rotation_deg": 60.53
      },
      "geometry": {
        "type": "LineString",
        "coordinates": [
          [
            -119.15766819792321,
            34.43491
          ],
          [
            -119.1546197659395,
            34.43044
          ]
        ]
      }
    },
    {
      "type": "Feature",
      "properties": {
        "kind": "solar_grid",
        "source": "grid.json#solar",
        "priority": 45,
        "authority": "derived",
        "evidence": "modelled",
        "index": 0,
        "axis": "N",
        "spacing_m": 10.0,
        "rotation_deg": 60.53
      },
      "geometry": {
        "type": "LineString",
        "coordinates": [
          [
            -119.15885670855218,
            34.431338867608545
          ],
          [
            -119.15321,
            34.43398279178694
          ]
        ]
      }
    },
    {
      "type": "Feature",
      "properties": {
        "kind": "solar_grid",
        "source": "grid.json#solar",
        "priority": 45,
        "authority": "derived",
        "evidence": "modelled",
        "index": 0,
        "axis": "E",
        "spacing_m": 10.0,
        "rotation_deg": 60.53
      },
      "geometry": {
        "type": "LineString",
        "coordinates": [
          [
            -119.15754323459133,
            34.43491
          ],
          [
            -119.15449480260762,
            34.43044
          ]
        ]
      }
    },
    {
      "type": "Feature",
      "properties": {
        "kind": "solar_grid",
        "source": "grid.json#solar",
        "priority": 45,
        "authority": "derived",
        "evidence": "modelled",
        "index": 1,
        "axis": "N",
        "spacing_m": 10.0,
        "rotation_deg": 60.53
      },
      "geometry": {
        "type": "LineString",
        "coordinates": [
          [
            -119.15880318503987,
            34.43126038460441
          ],
          [
            -119.15321,
            34.43387924779249
          ]
        ]
      }
    },
    {
      "type": "Feature",
      "properties": {
        "kind": "solar_grid",
        "source": "grid.json#solar",
        "priority": 45,
        "authority": "derived",
        "evidence": "modelled",
        "index": 1,
        "axis": "E",
        "spacing_m": 10.0,
        "rotation_deg": 60.53
      },
      "geometry": {
        "type": "LineString",
        "coordinates": [
          [
            -119.15741827125944,
            34.43491
          ],
          [
            -119.15436983927574,
            34.43044
          ]
        ]
      }
    },
    {
      "type": "Feature",
      "properties": {
        "kind": "solar_grid",
        "source": "grid.json#solar",
        "priority": 45,
        "authority": "derived",
        "evidence": "modelled",
        "index": 2,
        "axis": "N",
        "spacing_m": 10.0,
        "rotation_deg": 60.53
      },
      "geometry": {
        "type": "LineString",
        "coordinates": [
          [
            -119.15874966152758,
            34.43118190160027
          ],
          [
            -119.15321,
            34.43377570379805
          ]
        ]
      }
    },
    {
      "type": "Feature",
      "properties": {
        "kind": "solar_grid",
        "source": "grid.json#solar",
        "priority": 45,
        "authority": "derived",
        "evidence": "modelled",
        "index": 2,
        "axis": "E",
        "spacing_m": 10.0,
        "rotation_deg": 60.53
      },
      "geometry": {
        "type": "LineString",
        "coordinates": [
          [
            -119.15729330792757,
            34.43491
          ],
          [
            -119.15424487594386,
            34.43044
          ]
        ]
      }
    },
    {
      "type": "Feature",
      "properties": {
        "kind": "solar_grid",
        "source": "grid.json#solar",
        "priority": 45,
        "authority": "derived",
        "evidence": "modelled",
        "index": 3,
        "axis": "N",
        "spacing_m": 10.0,
        "rotation_deg": 60.53
      },
      "geometry": {
        "type": "LineString",
        "coordinates": [
          [
            -119.15869613801527,
            34.43110341859613
          ],
          [
            -119.15321,
            34.433672159803606
          ]
        ]
      }
    },
    {
      "type": "Feature",
      "properties": {
        "kind": "solar_grid",
        "source": "grid.json#solar",
        "priority": 45,
        "authority": "derived",
        "evidence": "modelled",
        "index": 3,
        "axis": "E",
        "spacing_m": 10.0,
        "rotation_deg": 60.53
      },
      "geometry": {
        "type": "LineString",
        "coordinates": [
          [
            -119.15716834459569,
            34.43491
          ],
          [
            -119.1541253035652,
            34.430447904903566
          ]
        ]
      }
    },
    {
      "type": "Feature",
      "properties": {
        "kind": "solar_grid",
        "source": "grid.json#solar",
        "priority": 45,
        "authority": "derived",
        "evidence": "modelled",
        "index": 4,
        "axis": "N",
        "spacing_m": 10.0,
        "rotation_deg": 60.53
      },
      "geometry": {
        "type": "LineString",
        "coordinates": [
          [
            -119.15864261450297,
            34.43102493559199
          ],
          [
            -119.15321,
            34.43356861580916
          ]
        ]
      }
    },
    {
      "type": "Feature",
      "properties": {
        "kind": "solar_grid",
        "source": "grid.json#solar",
        "priority": 45,
        "authority": "derived",
        "evidence": "modelled",
        "index": 4,
        "axis": "E",
        "spacing_m": 10.0,
        "rotation_deg": 60.53
      },
      "geometry": {
        "type": "LineString",
        "coordinates": [
          [
            -119.1570433812638,
            34.43491
          ],
          [
            -119.15403058539495,
            34.430492254219295
          ]
        ]
      }
    },
    {
      "type": "Feature",
      "properties": {
        "kind": "solar_grid",
        "source": "grid.json#solar",
        "priority": 45,
        "authority": "derived",
        "evidence": "modelled",
        "index": 5,
        "axis": "N",
        "spacing_m": 10.0,
        "rotation_deg": 60.53
      },
      "geometry": {
        "type": "LineString",
        "coordinates": [
          [
            -119.15858909099067,
            34.430946452587854
          ],
          [
            -119.15321,
            34.433465071814716
          ]
        ]
      }
    },
    {
      "type": "Feature",
      "properties": {
        "kind": "solar_grid",
        "source": "grid.json#solar",
        "priority": 45,
        "authority": "derived",
        "evidence": "modelled",
        "index": 5,
        "axis": "E",
        "spacing_m": 10.0,
        "rotation_deg": 60.53
      },
      "geometry": {
        "type": "LineString",
        "coordinates": [
          [
            -119.15691841793193,
            34.43491
          ],
          [
            -119.15393586722472,
            34.43053660353503
          ]
        ]
      }
    },
    {
      "type": "Feature",
      "properties": {
        "kind": "solar_grid",
        "source": "grid.json#solar",
        "priority": 45,
        "authority": "derived",
        "evidence": "modelled",
        "index": 6,
        "axis": "N",
        "spacing_m": 10.0,
        "rotation_deg": 60.53
      },
      "geometry": {
        "type": "LineString",
        "coordinates": [
          [
            -119.15853556747837,
            34.430867969583716
          ],
          [
            -119.15321,
            34.43336152782027
          ]
        ]
      }
    },
    {
      "type": "Feature",
      "properties": {
        "kind": "solar_grid",
        "source": "grid.json#solar",
        "priority": 45,
        "authority": "derived",
        "evidence": "modelled",
        "index": 6,
        "axis": "E",
        "spacing_m": 10.0,
        "rotation_deg": 60.53
      },
      "geometry": {
        "type": "LineString",
        "coordinates": [
          [
            -119.15679345460005,
            34.43491
          ],
          [
            -119.15384114905447,
            34.43058095285076
          ]
        ]
      }
    },
    {
      "type": "Feature",
      "properties": {
        "kind": "solar_grid",
        "source": "grid.json#solar",
        "priority": 45,
        "authority": "derived",
        "evidence": "modelled",
        "index": 7,
        "axis": "N",
        "spacing_m": 10.0,
        "rotation_deg": 60.53
      },
      "geometry": {
        "type": "LineString",
        "coordinates": [
          [
            -119.15848204396606,
            34.43078948657958
          ],
          [
            -119.15321,
            34.433257983825825
          ]
        ]
      }
    },
    {
      "type": "Feature",
      "properties": {
        "kind": "solar_grid",
        "source": "grid.json#solar",
        "priority": 45,
        "authority": "derived",
        "evidence": "modelled",
        "index": 7,
        "axis": "E",
        "spacing_m": 10.0,
        "rotation_deg": 60.53
      },
      "geometry": {
        "type": "LineString",
        "coordinates": [
          [
            -119.15666849126816,
            34.43491
          ],
          [
            -119.15374643088423,
            34.4306253021665
          ]
        ]
      }
    },
    {
      "type": "Feature",
      "properties": {
        "kind": "solar_grid",
        "source": "grid.json#solar",
        "priority": 45,
        "authority": "derived",
        "evidence": "modelled",
        "index": 8,
        "axis": "N",
        "spacing_m": 10.0,
        "rotation_deg": 60.53
      },
      "geometry": {
        "type": "LineString",
        "coordinates": [
          [
            -119.15842852045375,
            34.43071100357544
          ],
          [
            -119.15321,
            34.43315443983138
          ]
        ]
      }
    },
    {
      "type": "Feature",
      "properties": {
        "kind": "solar_grid",
        "source": "grid.json#solar",
        "priority": 45,
        "authority": "derived",
        "evidence": "modelled",
        "index": 8,
        "axis": "E",
        "spacing_m": 10.0,
        "rotation_deg": 60.53
      },
      "geometry": {
        "type": "LineString",
        "coordinates": [
          [
            -119.1565435279363,
            34.43491
          ],
          [
            -119.153651712714,
            34.430669651482226
          ]
        ]
      }
    },
    {
      "type": "Feature",
      "properties": {
        "kind": "solar_grid",
        "source": "grid.json#solar",
        "priority": 45,
        "authority": "derived",
        "evidence": "modelled",
        "index": 9,
        "axis": "N",
        "spacing_m": 10.0,
        "rotation_deg": 60.53
      },
      "geometry": {
        "type": "LineString",
        "coordinates": [
          [
            -119.15837499694146,
            34.4306325205713
          ],
          [
            -119.15321,
            34.433050895836935
          ]
        ]
      }
    },
    {
      "type": "Feature",
      "properties": {
        "kind": "solar_grid",
        "source": "grid.json#solar",
        "priority": 45,
        "authority": "derived",
        "evidence": "modelled",
        "index": 9,
        "axis": "E",
        "spacing_m": 10.0,
        "rotation_deg": 60.53
      },
      "geometry": {
        "type": "LineString",
        "coordinates": [
          [
            -119.15641856460441,
            34.43491
          ],
          [
            -119.15355699454375,
            34.430714000797956
          ]
        ]
      }
    },
    {
      "type": "Feature",
      "properties": {
        "kind": "solar_grid",
        "source": "grid.json#solar",
        "priority": 45,
        "authority": "derived",
        "evidence": "modelled",
        "index": 10,
        "axis": "N",
        "spacing_m": 10.0,
        "rotation_deg": 60.53
      },
      "geometry": {
        "type": "LineString",
        "coordinates": [
          [
            -119.15832147342915,
            34.43055403756716
          ],
          [
            -119.15321,
            34.432947351842486
          ]
        ]
      }
    },
    {
      "type": "Feature",
      "properties": {
        "kind": "solar_grid",
        "source": "grid.json#solar",
        "priority": 45,
        "authority": "derived",
        "evidence": "modelled",
        "index": 10,
        "axis": "E",
        "spacing_m": 10.0,
        "rotation_deg": 60.53
      },
      "geometry": {
        "type": "LineString",
        "coordinates": [
          [
            -119.15629360127252,
            34.43491
          ],
          [
            -119.15346227637352,
            34.43075835011369
          ]
        ]
      }
    },
    {
      "type": "Feature",
      "properties": {
        "kind": "solar_grid",
        "source": "grid.json#solar",
        "priority": 45,
        "authority": "derived",
        "evidence": "modelled",
        "index": 11,
        "axis": "N",
        "spacing_m": 10.0,
        "rotation_deg": 60.53
      },
      "geometry": {
        "type": "LineString",
        "coordinates": [
          [
            -119.15826794991685,
            34.430475554563024
          ],
          [
            -119.15321,
            34.432843807848045
          ]
        ]
      }
    },
    {
      "type": "Feature",
      "properties": {
        "kind": "solar_grid",
        "source": "grid.json#solar",
        "priority": 45,
        "authority": "derived",
        "evidence": "modelled",
        "index": 11,
        "axis": "E",
        "spacing_m": 10.0,
        "rotation_deg": 60.53
      },
      "geometry": {
        "type": "LineString",
        "coordinates": [
          [
            -119.15616863794065,
            34.43491
          ],
          [
            -119.15336755820327,
            34.43080269942942
          ]
        ]
      }
    },
    {
      "type": "Feature",
      "properties": {
        "kind": "solar_grid",
        "source": "grid.json#solar",
        "priority": 45,
        "authority": "derived",
        "evidence": "modelled",
        "index": 12,
        "axis": "N",
        "spacing_m": 10.0,
        "rotation_deg": 60.53
      },
      "geometry": {
        "type": "LineString",
        "coordinates": [
          [
            -119.15812274283905,
            34.43044
          ],
          [
            -119.15321,
            34.432740263853596
          ]
        ]
      }
    },
    {
      "type": "Feature",
      "properties": {
        "kind": "solar_grid",
        "source": "grid.json#solar",
        "priority": 45,
        "authority": "derived",
        "evidence": "modelled",
        "index": 12,
        "axis": "E",
        "spacing_m": 10.0,
        "rotation_deg": 60.53
      },
      "geometry": {
        "type": "LineString",
        "coordinates": [
          [
            -119.15604367460877,
            34.43491
          ],
          [
            -119.15327284003304,
            34.43084704874516
          ]
        ]
      }
    },
    {
      "type": "Feature",
      "properties": {
        "kind": "solar_grid",
        "source": "grid.json#solar",
        "priority": 45,
        "authority": "derived",
        "evidence": "modelled",
        "index": 13,
        "axis": "N",
        "spacing_m": 10.0,
        "rotation_deg": 60.53
      },
      "geometry": {
        "type": "LineString",
        "coordinates": [
          [
            -119.15790160080944,
            34.43044
          ],
          [
            -119.15321,
            34.432636719859154
          ]
        ]
      }
    },
    {
      "type": "Feature",
      "properties": {
        "kind": "solar_grid",
        "source": "grid.json#solar",
        "priority": 45,
        "authority": "derived",
        "evidence": "modelled",
        "index": 13,
        "axis": "E",
        "spacing_m": 10.0,
        "rotation_deg": 60.53
      },
      "geometry": {
        "type": "LineString",
        "coordinates": [
          [
            -119.15591871127688,
            34.43491
          ],
          [
            -119.15321,
            34.43093814185379
          ]
        ]
      }
    },
    {
      "type": "Feature",
      "properties": {
        "kind": "solar_grid",
        "source": "grid.json#solar",
        "priority": 45,
        "authority": "derived",
        "evidence": "modelled",
        "index": 14,
        "axis": "N",
        "spacing_m": 10.0,
        "rotation_deg": 60.53
      },
      "geometry": {
        "type": "LineString",
        "coordinates": [
          [
            -119.15768045877982,
            34.43044
          ],
          [
            -119.15321,
            34.43253317586471
          ]
        ]
      }
    },
    {
      "type": "Feature",
      "properties": {
        "kind": "solar_grid",
        "source": "grid.json#solar",
        "priority": 45,
        "authority": "derived",
        "evidence": "modelled",
        "index": 14,
        "axis": "E",
        "spacing_m": 10.0,
        "rotation_deg": 60.53
      },
      "geometry": {
        "type": "LineString",
        "coordinates": [
          [
            -119.15579374794501,
            34.43491
          ],
          [
            -119.15321,
            34.43112137903818
          ]
        ]
      }
    },
    {
      "type": "Feature",
      "properties": {
        "kind": "solar_grid",
        "source": "grid.json#solar",
        "priority": 45,
        "authority": "derived",
        "evidence": "modelled",
        "index": 15,
        "axis": "N",
        "spacing_m": 10.0,
        "rotation_deg": 60.53
      },
      "geometry": {
        "type": "LineString",
        "coordinates": [
          [
            -119.15745931675022,
            34.43044
          ],
          [
            -119.15321,
            34.432429631870264
          ]
        ]
      }
    },
    {
      "type": "Feature",
      "properties": {
        "kind": "solar_grid",
        "source": "grid.json#solar",
        "priority": 45,
        "authority": "derived",
        "evidence": "modelled",
        "index": 15,
        "axis": "E",
        "spacing_m": 10.0,
        "rotation_deg": 60.53
      },
      "geometry": {
        "type": "LineString",
        "coordinates": [
          [
            -119.15566878461313,
            34.43491
          ],
          [
            -119.15321,
            34.431304616222576
          ]
        ]
      }
    },
    {
      "type": "Feature",
      "properties": {
        "kind": "solar_grid",
        "source": "grid.json#solar",
        "priority": 45,
        "authority": "derived",
        "evidence": "modelled",
        "index": 16,
        "axis": "N",
        "spacing_m": 10.0,
        "rotation_deg": 60.53
      },
      "geometry": {
        "type": "LineString",
        "coordinates": [
          [
            -119.1572381747206,
            34.43044
          ],
          [
            -119.15321,
            34.43232608787582
          ]
        ]
      }
    },
    {
      "type": "Feature",
      "properties": {
        "kind": "solar_grid",
        "source": "grid.json#solar",
        "priority": 45,
        "authority": "derived",
        "evidence": "modelled",
        "index": 16,
        "axis": "E",
        "spacing_m": 10.0,
        "rotation_deg": 60.53
      },
      "geometry": {
        "type": "LineString",
        "coordinates": [
          [
            -119.15554382128124,
            34.43491
          ],
          [
            -119.15321,
            34.43148785340696
          ]
        ]
      }
    },
    {
      "type": "Feature",
      "properties": {
        "kind": "solar_grid",
        "source": "grid.json#solar",
        "priority": 45,
        "authority": "derived",
        "evidence": "modelled",
        "index": 17,
        "axis": "N",
        "spacing_m": 10.0,
        "rotation_deg": 60.53
      },
      "geometry": {
        "type": "LineString",
        "coordinates": [
          [
            -119.15701703269099,
            34.43044
          ],
          [
            -119.15321,
            34.43222254388137
          ]
        ]
      }
    },
    {
      "type": "Feature",
      "properties": {
        "kind": "solar_grid",
        "source": "grid.json#solar",
        "priority": 45,
        "authority": "derived",
        "evidence": "modelled",
        "index": 17,
        "axis": "E",
        "spacing_m": 10.0,
        "rotation_deg": 60.53
      },
      "geometry": {
        "type": "LineString",
        "coordinates": [
          [
            -119.15541885794936,
            34.43491
          ],
          [
            -119.15321,
            34.43167109059136
          ]
        ]
      }
    },
    {
      "type": "Feature",
      "properties": {
        "kind": "solar_grid",
        "source": "grid.json#solar",
        "priority": 45,
        "authority": "derived",
        "evidence": "modelled",
        "index": 18,
        "axis": "N",
        "spacing_m": 10.0,
        "rotation_deg": 60.53
      },
      "geometry": {
        "type": "LineString",
        "coordinates": [
          [
            -119.15679589066137,
            34.43044
          ],
          [
            -119.15321,
            34.43211899988693
          ]
        ]
      }
    },
    {
      "type": "Feature",
      "properties": {
        "kind": "solar_grid",
        "source": "grid.json#solar",
        "priority": 45,
        "authority": "derived",
        "evidence": "modelled",
        "index": 18,
        "axis": "E",
        "spacing_m": 10.0,
        "rotation_deg": 60.53
      },
      "geometry": {
        "type": "LineString",
        "coordinates": [
          [
            -119.15529389461749,
            34.43491
          ],
          [
            -119.15321,
            34.43185432777575
          ]
        ]
      }
    },
    {
      "type": "Feature",
      "properties": {
        "kind": "solar_grid",
        "source": "grid.json#solar",
        "priority": 45,
        "authority": "derived",
        "evidence": "modelled",
        "index": 19,
        "axis": "N",
        "spacing_m": 10.0,
        "rotation_deg": 60.53
      },
      "geometry": {
        "type": "LineString",
        "coordinates": [
          [
            -119.15657474863175,
            34.43044
          ],
          [
            -119.15321,
            34.43201545589248
          ]
        ]
      }
    },
    {
      "type": "Feature",
      "properties": {
        "kind": "solar_grid",
        "source": "grid.json#solar",
        "priority": 45,
        "authority": "derived",
        "evidence": "modelled",
        "index": 19,
        "axis": "E",
        "spacing_m": 10.0,
        "rotation_deg": 60.53
      },
      "geometry": {
        "type": "LineString",
        "coordinates": [
          [
            -119.1551689312856,
            34.43491
          ],
          [
            -119.15321,
            34.43203756496014
          ]
        ]
      }
    },
    {
      "type": "Feature",
      "properties": {
        "kind": "solar_grid",
        "source": "grid.json#solar",
        "priority": 45,
        "authority": "derived",
        "evidence": "modelled",
        "index": 20,
        "axis": "N",
        "spacing_m": 10.0,
        "rotation_deg": 60.53
      },
      "geometry": {
        "type": "LineString",
        "coordinates": [
          [
            -119.15635360660214,
            34.43044
          ],
          [
            -119.15321,
            34.43191191189804
          ]
        ]
      }
    },
    {
      "type": "Feature",
      "properties": {
        "kind": "solar_grid",
        "source": "grid.json#solar",
        "priority": 45,
        "authority": "derived",
        "evidence": "modelled",
        "index": 20,
        "axis": "E",
        "spacing_m": 10.0,
        "rotation_deg": 60.53
      },
      "geometry": {
        "type": "LineString",
        "coordinates": [
          [
            -119.15504396795372,
            34.43491
          ],
          [
            -119.15321,
            34.432220802144535
          ]
        ]
      }
    }
  ]
}
