{
  "type": "FeatureCollection",
  "name": "horizon",
  "properties": {
    "authority": "derived",
    "evidence": "modelled",
    "generator": "scripts/export-drawable-extras.py",
    "source": "horizon.json",
    "units": {
      "altitude_deg": "degrees",
      "azimuth_deg": "degrees"
    },
    "note": "LineString vertices follow azimuth_deg at draw_radius_m on the ground plane; parallel altitude_deg[i] is horizon altitude at azimuth_deg[i] (not encoded in XY)."
  },
  "features": [
    {
      "type": "Feature",
      "properties": {
        "viewpoint": "parcel_centroid",
        "draw_radius_m": 8000.0,
        "azimuth_deg": [
          0.0,
          0.5,
          1.0,
          1.5,
          2.0,
          2.5,
          3.0,
          3.5,
          4.0,
          4.5,
          5.0,
          5.5,
          6.0,
          6.5,
          7.0,
          7.5,
          8.0,
          8.5,
          9.0,
          9.5,
          10.0,
          10.5,
          11.0,
          11.5,
          12.0,
          12.5,
          13.0,
          13.5,
          14.0,
          14.5,
          15.0,
          15.5,
          16.0,
          16.5,
          17.0,
          17.5,
          18.0,
          18.5,
          19.0,
          19.5,
          20.0,
          20.5,
          21.0,
          21.5,
          22.0,
          22.5,
          23.0,
          23.5,
          24.0,
          24.5,
          25.0,
          25.5,
          26.0,
          26.5,
          27.0,
          27.5,
          28.0,
          28.5,
          29.0,
          29.5,
          30.0,
          30.5,
          31.0,
          31.5,
          32.0,
          32.5,
          33.0,
          33.5,
          34.0,
          34.5,
          35.0,
          35.5,
          36.0,
          36.5,
          37.0,
          37.5,
          38.0,
          38.5,
          39.0,
          39.5,
          40.0,
          40.5,
          41.0,
          41.5,
          42.0,
          42.5,
          43.0,
          43.5,
          44.0,
          44.5,
          45.0,
          45.5,
          46.0,
          46.5,
          47.0,
          47.5,
          48.0,
          48.5,
          49.0,
          49.5,
          50.0,
          50.5,
          51.0,
          51.5,
          52.0,
          52.5,
          53.0,
          53.5,
          54.0,
          54.5,
          55.0,
          55.5,
          56.0,
          56.5,
          57.0,
          57.5,
          58.0,
          58.5,
          59.0,
          59.5,
          60.0,
          60.5,
          61.0,
          61.5,
          62.0,
          62.5,
          63.0,
          63.5,
          64.0,
          64.5,
          65.0,
          65.5,
          66.0,
          66.5,
          67.0,
          67.5,
          68.0,
          68.5,
          69.0,
          69.5,
          70.0,
          70.5,
          71.0,
          71.5,
          72.0,
          72.5,
          73.0,
          73.5,
          74.0,
          74.5,
          75.0,
          75.5,
          76.0,
          76.5,
          77.0,
          77.5,
          78.0,
          78.5,
          79.0,
          79.5,
          80.0,
          80.5,
          81.0,
          81.5,
          82.0,
          82.5,
          83.0,
          83.5,
          84.0,
          84.5,
          85.0,
          85.5,
          86.0,
          86.5,
          87.0,
          87.5,
          88.0,
          88.5,
          89.0,
          89.5,
          90.0,
          90.5,
          91.0,
          91.5,
          92.0,
          92.5,
          93.0,
          93.5,
          94.0,
          94.5,
          95.0,
          95.5,
          96.0,
          96.5,
          97.0,
          97.5,
          98.0,
          98.5,
          99.0,
          99.5,
          100.0,
          100.5,
          101.0,
          101.5,
          102.0,
          102.5,
          103.0,
          103.5,
          104.0,
          104.5,
          105.0,
          105.5,
          106.0,
          106.5,
          107.0,
          107.5,
          108.0,
          108.5,
          109.0,
          109.5,
          110.0,
          110.5,
          111.0,
          111.5,
          112.0,
          112.5,
          113.0,
          113.5,
          114.0,
          114.5,
          115.0,
          115.5,
          116.0,
          116.5,
          117.0,
          117.5,
          118.0,
          118.5,
          119.0,
          119.5,
          120.0,
          120.5,
          121.0,
          121.5,
          122.0,
          122.5,
          123.0,
          123.5,
          124.0,
          124.5,
          125.0,
          125.5,
          126.0,
          126.5,
          127.0,
          127.5,
          128.0,
          128.5,
          129.0,
          129.5,
          130.0,
          130.5,
          131.0,
          131.5,
          132.0,
          132.5,
          133.0,
          133.5,
          134.0,
          134.5,
          135.0,
          135.5,
          136.0,
          136.5,
          137.0,
          137.5,
          138.0,
          138.5,
          139.0,
          139.5,
          140.0,
          140.5,
          141.0,
          141.5,
          142.0,
          142.5,
          143.0,
          143.5,
          144.0,
          144.5,
          145.0,
          145.5,
          146.0,
          146.5,
          147.0,
          147.5,
          148.0,
          148.5,
          149.0,
          149.5,
          150.0,
          150.5,
          151.0,
          151.5,
          152.0,
          152.5,
          153.0,
          153.5,
          154.0,
          154.5,
          155.0,
          155.5,
          156.0,
          156.5,
          157.0,
          157.5,
          158.0,
          158.5,
          159.0,
          159.5,
          160.0,
          160.5,
          161.0,
          161.5,
          162.0,
          162.5,
          163.0,
          163.5,
          164.0,
          164.5,
          165.0,
          165.5,
          166.0,
          166.5,
          167.0,
          167.5,
          168.0,
          168.5,
          169.0,
          169.5,
          170.0,
          170.5,
          171.0,
          171.5,
          172.0,
          172.5,
          173.0,
          173.5,
          174.0,
          174.5,
          175.0,
          175.5,
          176.0,
          176.5,
          177.0,
          177.5,
          178.0,
          178.5,
          179.0,
          179.5,
          180.0,
          180.5,
          181.0,
          181.5,
          182.0,
          182.5,
          183.0,
          183.5,
          184.0,
          184.5,
          185.0,
          185.5,
          186.0,
          186.5,
          187.0,
          187.5,
          188.0,
          188.5,
          189.0,
          189.5,
          190.0,
          190.5,
          191.0,
          191.5,
          192.0,
          192.5,
          193.0,
          193.5,
          194.0,
          194.5,
          195.0,
          195.5,
          196.0,
          196.5,
          197.0,
          197.5,
          198.0,
          198.5,
          199.0,
          199.5,
          200.0,
          200.5,
          201.0,
          201.5,
          202.0,
          202.5,
          203.0,
          203.5,
          204.0,
          204.5,
          205.0,
          205.5,
          206.0,
          206.5,
          207.0,
          207.5,
          208.0,
          208.5,
          209.0,
          209.5,
          210.0,
          210.5,
          211.0,
          211.5,
          212.0,
          212.5,
          213.0,
          213.5,
          214.0,
          214.5,
          215.0,
          215.5,
          216.0,
          216.5,
          217.0,
          217.5,
          218.0,
          218.5,
          219.0,
          219.5,
          220.0,
          220.5,
          221.0,
          221.5,
          222.0,
          222.5,
          223.0,
          223.5,
          224.0,
          224.5,
          225.0,
          225.5,
          226.0,
          226.5,
          227.0,
          227.5,
          228.0,
          228.5,
          229.0,
          229.5,
          230.0,
          230.5,
          231.0,
          231.5,
          232.0,
          232.5,
          233.0,
          233.5,
          234.0,
          234.5,
          235.0,
          235.5,
          236.0,
          236.5,
          237.0,
          237.5,
          238.0,
          238.5,
          239.0,
          239.5,
          240.0,
          240.5,
          241.0,
          241.5,
          242.0,
          242.5,
          243.0,
          243.5,
          244.0,
          244.5,
          245.0,
          245.5,
          246.0,
          246.5,
          247.0,
          247.5,
          248.0,
          248.5,
          249.0,
          249.5,
          250.0,
          250.5,
          251.0,
          251.5,
          252.0,
          252.5,
          253.0,
          253.5,
          254.0,
          254.5,
          255.0,
          255.5,
          256.0,
          256.5,
          257.0,
          257.5,
          258.0,
          258.5,
          259.0,
          259.5,
          260.0,
          260.5,
          261.0,
          261.5,
          262.0,
          262.5,
          263.0,
          263.5,
          264.0,
          264.5,
          265.0,
          265.5,
          266.0,
          266.5,
          267.0,
          267.5,
          268.0,
          268.5,
          269.0,
          269.5,
          270.0,
          270.5,
          271.0,
          271.5,
          272.0,
          272.5,
          273.0,
          273.5,
          274.0,
          274.5,
          275.0,
          275.5,
          276.0,
          276.5,
          277.0,
          277.5,
          278.0,
          278.5,
          279.0,
          279.5,
          280.0,
          280.5,
          281.0,
          281.5,
          282.0,
          282.5,
          283.0,
          283.5,
          284.0,
          284.5,
          285.0,
          285.5,
          286.0,
          286.5,
          287.0,
          287.5,
          288.0,
          288.5,
          289.0,
          289.5,
          290.0,
          290.5,
          291.0,
          291.5,
          292.0,
          292.5,
          293.0,
          293.5,
          294.0,
          294.5,
          295.0,
          295.5,
          296.0,
          296.5,
          297.0,
          297.5,
          298.0,
          298.5,
          299.0,
          299.5,
          300.0,
          300.5,
          301.0,
          301.5,
          302.0,
          302.5,
          303.0,
          303.5,
          304.0,
          304.5,
          305.0,
          305.5,
          306.0,
          306.5,
          307.0,
          307.5,
          308.0,
          308.5,
          309.0,
          309.5,
          310.0,
          310.5,
          311.0,
          311.5,
          312.0,
          312.5,
          313.0,
          313.5,
          314.0,
          314.5,
          315.0,
          315.5,
          316.0,
          316.5,
          317.0,
          317.5,
          318.0,
          318.5,
          319.0,
          319.5,
          320.0,
          320.5,
          321.0,
          321.5,
          322.0,
          322.5,
          323.0,
          323.5,
          324.0,
          324.5,
          325.0,
          325.5,
          326.0,
          326.5,
          327.0,
          327.5,
          328.0,
          328.5,
          329.0,
          329.5,
          330.0,
          330.5,
          331.0,
          331.5,
          332.0,
          332.5,
          333.0,
          333.5,
          334.0,
          334.5,
          335.0,
          335.5,
          336.0,
          336.5,
          337.0,
          337.5,
          338.0,
          338.5,
          339.0,
          339.5,
          340.0,
          340.5,
          341.0,
          341.5,
          342.0,
          342.5,
          343.0,
          343.5,
          344.0,
          344.5,
          345.0,
          345.5,
          346.0,
          346.5,
          347.0,
          347.5,
          348.0,
          348.5,
          349.0,
          349.5,
          350.0,
          350.5,
          351.0,
          351.5,
          352.0,
          352.5,
          353.0,
          353.5,
          354.0,
          354.5,
          355.0,
          355.5,
          356.0,
          356.5,
          357.0,
          357.5,
          358.0,
          358.5,
          359.0,
          359.5
        ],
        "altitude_deg": [
          7.548,
          7.523,
          7.498,
          7.486,
          7.56,
          7.643,
          7.725,
          7.807,
          7.888,
          7.969,
          8.049,
          8.129,
          8.209,
          8.289,
          8.368,
          8.452,
          8.545,
          8.646,
          8.754,
          8.85,
          8.819,
          8.784,
          8.739,
          8.693,
          8.659,
          8.626,
          8.618,
          8.638,
          8.641,
          8.64,
          8.637,
          8.631,
          8.623,
          8.602,
          8.543,
          8.481,
          8.417,
          8.364,
          8.332,
          8.262,
          8.19,
          8.14,
          8.105,
          8.03,
          7.959,
          7.918,
          7.866,
          7.903,
          7.952,
          8.005,
          8.059,
          8.118,
          8.181,
          8.217,
          8.282,
          8.352,
          8.373,
          8.446,
          8.516,
          8.533,
          8.623,
          8.661,
          8.739,
          8.81,
          8.858,
          8.942,
          8.977,
          9.059,
          9.103,
          9.174,
          9.231,
          9.293,
          9.366,
          9.442,
          9.517,
          9.588,
          9.656,
          9.717,
          9.771,
          9.836,
          9.897,
          9.817,
          9.72,
          9.641,
          9.559,
          9.473,
          9.384,
          9.299,
          9.211,
          9.124,
          9.038,
          8.953,
          8.87,
          8.788,
          8.702,
          8.622,
          8.536,
          8.448,
          8.357,
          8.284,
          8.193,
          8.059,
          7.902,
          7.75,
          7.591,
          7.443,
          7.29,
          7.144,
          7.005,
          6.873,
          6.75,
          6.634,
          6.524,
          6.43,
          6.398,
          6.43,
          6.456,
          6.413,
          6.4,
          6.312,
          6.145,
          5.973,
          5.803,
          5.636,
          5.471,
          5.309,
          5.152,
          4.998,
          4.848,
          4.703,
          4.561,
          4.465,
          4.465,
          4.48,
          4.503,
          4.527,
          4.553,
          4.596,
          4.598,
          4.652,
          4.669,
          4.69,
          4.744,
          4.744,
          4.649,
          4.548,
          4.418,
          4.291,
          4.176,
          4.052,
          3.937,
          3.864,
          3.891,
          3.952,
          4.023,
          4.102,
          4.162,
          4.122,
          4.065,
          4.018,
          3.99,
          3.952,
          3.887,
          3.828,
          3.791,
          3.736,
          3.676,
          3.6,
          3.523,
          3.535,
          3.601,
          3.668,
          3.591,
          3.476,
          3.358,
          3.448,
          3.559,
          3.668,
          3.839,
          4.011,
          4.182,
          4.028,
          3.873,
          3.717,
          3.561,
          3.404,
          3.247,
          3.09,
          2.933,
          2.776,
          2.635,
          2.697,
          2.759,
          2.82,
          2.882,
          2.943,
          3.004,
          3.064,
          3.125,
          3.184,
          3.244,
          3.304,
          3.391,
          3.534,
          3.675,
          3.833,
          3.992,
          4.151,
          4.312,
          4.474,
          4.617,
          4.755,
          4.891,
          5.025,
          5.157,
          5.287,
          5.415,
          5.54,
          5.589,
          5.59,
          5.53,
          5.528,
          5.528,
          5.482,
          5.483,
          5.45,
          5.445,
          5.426,
          5.41,
          5.403,
          5.397,
          5.393,
          5.39,
          5.492,
          5.695,
          5.872,
          6.167,
          6.429,
          6.612,
          6.9,
          7.109,
          7.37,
          7.631,
          7.839,
          8.073,
          8.259,
          8.61,
          8.819,
          9.122,
          9.262,
          9.407,
          9.648,
          9.815,
          9.935,
          10.109,
          10.283,
          10.444,
          10.555,
          10.629,
          10.703,
          10.753,
          10.827,
          11.013,
          11.115,
          11.098,
          11.172,
          11.371,
          11.524,
          11.6,
          11.676,
          11.778,
          11.822,
          12.165,
          12.165,
          12.402,
          12.559,
          12.664,
          12.8,
          12.89,
          13.045,
          13.286,
          13.484,
          13.512,
          13.738,
          13.907,
          13.935,
          14.077,
          14.243,
          14.243,
          14.356,
          14.356,
          14.457,
          14.523,
          14.545,
          14.632,
          14.574,
          14.72,
          14.69,
          14.778,
          14.747,
          14.719,
          14.747,
          14.691,
          14.691,
          14.72,
          14.719,
          14.691,
          14.775,
          14.719,
          14.692,
          14.719,
          14.745,
          14.775,
          14.799,
          14.803,
          14.879,
          14.879,
          14.826,
          14.879,
          14.826,
          14.852,
          14.873,
          14.867,
          15.062,
          15.205,
          15.305,
          15.347,
          15.615,
          15.837,
          16.342,
          16.541,
          16.804,
          16.804,
          17.066,
          17.066,
          17.284,
          17.848,
          17.848,
          18.064,
          18.194,
          18.194,
          18.323,
          18.495,
          18.495,
          18.624,
          19.051,
          19.08,
          19.179,
          19.262,
          19.354,
          19.477,
          19.49,
          19.604,
          19.689,
          19.717,
          19.816,
          19.9,
          19.9,
          19.984,
          20.069,
          20.069,
          20.153,
          20.279,
          20.279,
          20.321,
          20.363,
          20.363,
          20.489,
          20.531,
          20.531,
          20.573,
          20.573,
          20.656,
          20.656,
          20.656,
          20.656,
          20.405,
          20.414,
          20.414,
          20.414,
          20.414,
          20.386,
          20.386,
          20.218,
          20.126,
          20.072,
          20.105,
          20.105,
          19.977,
          19.905,
          19.905,
          19.872,
          19.693,
          19.455,
          19.437,
          19.43,
          19.37,
          19.334,
          19.302,
          19.079,
          19.015,
          19.015,
          18.951,
          18.726,
          18.662,
          18.566,
          18.34,
          18.243,
          18.114,
          17.954,
          17.868,
          17.632,
          17.602,
          17.602,
          17.306,
          17.247,
          17.024,
          16.853,
          16.796,
          16.539,
          16.481,
          16.223,
          16.195,
          15.995,
          15.968,
          15.775,
          15.775,
          15.553,
          15.553,
          15.331,
          15.28,
          15.173,
          14.986,
          14.986,
          14.799,
          14.615,
          14.589,
          14.434,
          14.227,
          14.096,
          14.071,
          13.871,
          13.57,
          13.474,
          13.266,
          13.083,
          12.936,
          12.715,
          12.664,
          12.507,
          12.297,
          12.083,
          11.93,
          11.778,
          11.638,
          11.505,
          11.347,
          11.218,
          11.064,
          10.922,
          10.683,
          10.501,
          10.296,
          10.143,
          10.028,
          9.778,
          9.551,
          9.355,
          9.192,
          9.052,
          8.867,
          8.666,
          8.446,
          8.306,
          8.132,
          7.908,
          7.747,
          7.565,
          7.361,
          7.111,
          6.838,
          6.614,
          6.385,
          6.163,
          5.993,
          5.852,
          5.583,
          5.411,
          5.138,
          5.026,
          4.843,
          4.652,
          4.405,
          4.296,
          4.058,
          3.949,
          3.69,
          3.546,
          3.351,
          3.083,
          2.976,
          2.726,
          2.484,
          2.297,
          2.122,
          2.052,
          1.978,
          1.903,
          1.829,
          1.755,
          1.682,
          1.608,
          1.534,
          1.46,
          1.387,
          1.314,
          1.244,
          1.174,
          1.104,
          1.033,
          0.963,
          0.892,
          0.82,
          0.749,
          0.677,
          0.605,
          0.533,
          0.461,
          0.389,
          0.316,
          0.354,
          0.413,
          0.471,
          0.529,
          0.587,
          0.645,
          0.702,
          0.759,
          0.816,
          0.873,
          0.93,
          0.79,
          0.672,
          0.726,
          0.779,
          0.817,
          0.802,
          0.786,
          0.804,
          0.832,
          0.914,
          0.995,
          1.069,
          1.15,
          1.252,
          1.388,
          1.557,
          1.608,
          1.714,
          1.854,
          1.969,
          2.064,
          2.119,
          2.153,
          2.205,
          2.245,
          2.261,
          2.26,
          2.327,
          2.149,
          1.948,
          1.746,
          1.801,
          1.914,
          1.834,
          1.828,
          1.985,
          2.097,
          1.959,
          1.899,
          1.911,
          1.929,
          1.949,
          1.978,
          2.036,
          2.06,
          2.073,
          2.065,
          2.0,
          1.932,
          1.87,
          1.814,
          1.775,
          1.754,
          1.767,
          1.815,
          1.908,
          2.067,
          2.12,
          2.195,
          2.25,
          2.104,
          2.152,
          2.193,
          2.278,
          2.321,
          2.498,
          2.684,
          2.879,
          3.067,
          3.269,
          3.284,
          3.354,
          3.38,
          3.433,
          3.553,
          3.688,
          3.828,
          3.971,
          4.116,
          4.265,
          4.414,
          4.568,
          4.51,
          4.369,
          4.222,
          4.085,
          3.963,
          3.854,
          3.758,
          3.674,
          3.604,
          3.547,
          3.503,
          3.472,
          3.455,
          3.45,
          3.45,
          3.503,
          3.577,
          3.658,
          3.735,
          3.829,
          3.907,
          3.995,
          4.084,
          4.177,
          4.282,
          4.39,
          4.504,
          4.622,
          4.746,
          4.85,
          4.94,
          4.956,
          4.967,
          5.013,
          5.009,
          5.067,
          5.059,
          5.103,
          5.104,
          5.142,
          5.122,
          5.161,
          5.122,
          5.179,
          5.147,
          5.172,
          5.176,
          5.16,
          5.199,
          5.191,
          5.173,
          5.162,
          5.135,
          5.113,
          5.097,
          5.069,
          5.045,
          5.029,
          5.001,
          4.973,
          4.959,
          4.998,
          5.068,
          5.147,
          5.21,
          5.267,
          5.365,
          5.469,
          5.57,
          5.674,
          5.783,
          5.894,
          6.003,
          6.106,
          6.209,
          6.319,
          6.43,
          6.541,
          6.653,
          6.764,
          6.864,
          6.962,
          7.059,
          7.142,
          7.16,
          7.196,
          7.232,
          7.267,
          7.301,
          7.333,
          7.363,
          7.393,
          7.421,
          7.449,
          7.475,
          7.5,
          7.524
        ]
      },
      "geometry": {
        "type": "LineString",
        "coordinates": [
          [
            -119.15601516344499,
            34.50478677906819
          ],
          [
            -119.15525564243013,
            34.50478403305736
          ],
          [
            -119.15449617925574,
            34.50477579523399
          ],
          [
            -119.15373683175787,
            34.504762066225425
          ],
          [
            -119.15297765776378,
            34.504742847077175
          ],
          [
            -119.15221871508751,
            34.50471813925285
          ],
          [
            -119.15146006152548,
            34.504687944634064
          ],
          [
            -119.15070175485211,
            34.504652265520235
          ],
          [
            -119.14994385281535,
            34.50461110462848
          ],
          [
            -119.14918641313243,
            34.50456446509335
          ],
          [
            -119.14842949348527,
            34.504512350466634
          ],
          [
            -119.14767315151623,
            34.50445476471705
          ],
          [
            -119.14691744482371,
            34.50439171222999
          ],
          [
            -119.1461624309577,
            34.50432319780714
          ],
          [
            -119.1454081674154,
            34.50424922666614
          ],
          [
            -119.14465471163692,
            34.504169804440174
          ],
          [
            -119.14390212100082,
            34.50408493717755
          ],
          [
            -119.14315045281981,
            34.50399463134125
          ],
          [
            -119.14239976433632,
            34.503898893808405
          ],
          [
            -119.14165011271818,
            34.5037977318698
          ],
          [
            -119.14090155505427,
            34.50369115322931
          ],
          [
            -119.14015414835016,
            34.503579166003306
          ],
          [
            -119.13940794952376,
            34.50346177872006
          ],
          [
            -119.138663015401,
            34.50333900031905
          ],
          [
            -119.13791940271147,
            34.503210840150345
          ],
          [
            -119.13717716808421,
            34.503077307973825
          ],
          [
            -119.13643636804322,
            34.502938413958496
          ],
          [
            -119.1356970590033,
            34.50279416868166
          ],
          [
            -119.1349592972657,
            34.50264458312816
          ],
          [
            -119.13422313901383,
            34.50248966868951
          ],
          [
            -119.133488640309,
            34.502329437163056
          ],
          [
            -119.13275585708611,
            34.50216390075104
          ],
          [
            -119.13202484514945,
            34.501993072059705
          ],
          [
            -119.13129566016842,
            34.50181696409832
          ],
          [
            -119.13056835767325,
            34.50163559027817
          ],
          [
            -119.12984299305089,
            34.501448964411594
          ],
          [
            -119.12911962154062,
            34.501257100710866
          ],
          [
            -119.12839829823,
            34.50106001378715
          ],
          [
            -119.12767907805059,
            34.500857718649385
          ],
          [
            -119.12696201577378,
            34.500650230703116
          ],
          [
            -119.12624716600666,
            34.500437565749365
          ],
          [
            -119.12553458318779,
            34.500219739983386
          ],
          [
            -119.12482432158312,
            34.49999676999345
          ],
          [
            -119.12411643528182,
            34.4997686727596
          ],
          [
            -119.12341097819217,
            34.49953546565231
          ],
          [
            -119.12270800403745,
            34.499297166431205
          ],
          [
            -119.12200756635188,
            34.4990537932437
          ],
          [
            -119.1213097184765,
            34.4988053646236
          ],
          [
            -119.12061451355511,
            34.498551899489705
          ],
          [
            -119.11992200453028,
            34.498293417144374
          ],
          [
            -119.11923224413924,
            34.49802993727204
          ],
          [
            -119.11854528490991,
            34.497761479937694
          ],
          [
            -119.1178611791569,
            34.49748806558542
          ],
          [
            -119.11717997897752,
            34.49720971503678
          ],
          [
            -119.1165017362478,
            34.496926449489244
          ],
          [
            -119.11582650261853,
            34.49663829051458
          ],
          [
            -119.11515432951138,
            34.496345260057204
          ],
          [
            -119.11448526811493,
            34.49604738043252
          ],
          [
            -119.1138193693808,
            34.49574467432522
          ],
          [
            -119.11315668401977,
            34.495437164787546
          ],
          [
            -119.11249726249787,
            34.49512487523754
          ],
          [
            -119.11184115503262,
            34.49480782945726
          ],
          [
            -119.11118841158913,
            34.49448605159096
          ],
          [
            -119.11053908187635,
            34.49415956614328
          ],
          [
            -119.10989321534325,
            34.49382839797735
          ],
          [
            -119.10925086117506,
            34.49349257231292
          ],
          [
            -119.10861206828955,
            34.49315211472439
          ],
          [
            -119.10797688533326,
            34.49280705113893
          ],
          [
            -119.10734536067784,
            34.492457407834486
          ],
          [
            -119.10671754241633,
            34.49210321143773
          ],
          [
            -119.10609347835954,
            34.491744488922095
          ],
          [
            -119.10547321603234,
            34.49138126760569
          ],
          [
            -119.1048568026701,
            34.491013575149225
          ],
          [
            -119.10424428521512,
            34.490641439553904
          ],
          [
            -119.10363571031294,
            34.4902648891593
          ],
          [
            -119.10303112430893,
            34.489883952641165
          ],
          [
            -119.10243057324463,
            34.48949865900931
          ],
          [
            -119.10183410285433,
            34.489109037605324
          ],
          [
            -119.10124175856157,
            34.48871511810039
          ],
          [
            -119.10065358547565,
            34.488316930493
          ],
          [
            -119.10006962838824,
            34.48791450510669
          ],
          [
            -119.09948993176992,
            34.4875078725877
          ],
          [
            -119.09891453976684,
            34.48709706390268
          ],
          [
            -119.09834349619733,
            34.4866821103363
          ],
          [
            -119.09777684454856,
            34.486263043488876
          ],
          [
            -119.09721462797326,
            34.485839895273976
          ],
          [
            -119.0966568892864,
            34.485412697915976
          ],
          [
            -119.09610367096191,
            34.4849814839476
          ],
          [
            -119.09555501512955,
            34.48454628620747
          ],
          [
            -119.09501096357155,
            34.484107137837576
          ],
          [
            -119.09447155771956,
            34.48366407228076
          ],
          [
            -119.09393683865143,
            34.483217123278195
          ],
          [
            -119.09340684708808,
            34.482766324866766
          ],
          [
            -119.09288162339041,
            34.48231171137652
          ],
          [
            -119.09236120755624,
            34.48185331742803
          ],
          [
            -119.09184563921727,
            34.48139117792978
          ],
          [
            -119.09133495763601,
            34.48092532807547
          ],
          [
            -119.09082920170285,
            34.480455803341385
          ],
          [
            -119.09032840993304,
            34.479982639483644
          ],
          [
            -119.08983262046382,
            34.4795058725355
          ],
          [
            -119.0893418710515,
            34.479025538804606
          ],
          [
            -119.08885619906853,
            34.47854167487024
          ],
          [
            -119.0883756415007,
            34.478054317580515
          ],
          [
            -119.08790023494437,
            34.47756350404956
          ],
          [
            -119.08743001560354,
            34.47706927165475
          ],
          [
            -119.08696501928726,
            34.47657165803378
          ],
          [
            -119.0865052814068,
            34.476070701081845
          ],
          [
            -119.08605083697299,
            34.475566438948775
          ],
          [
            -119.0856017205935,
            34.475058910036076
          ],
          [
            -119.0851579664703,
            34.474548152994046
          ],
          [
            -119.084719608397,
            34.4740342067188
          ],
          [
            -119.08428667975623,
            34.47351711034934
          ],
          [
            -119.0838592135172,
            34.47299690326456
          ],
          [
            -119.08343724223313,
            34.47247362508024
          ],
          [
            -119.08302079803876,
            34.47194731564605
          ],
          [
            -119.08260991264792,
            34.471418015042474
          ],
          [
            -119.08220461735112,
            34.47088576357782
          ],
          [
            -119.0818049430132,
            34.47035060178508
          ],
          [
            -119.08141092007087,
            34.46981257041891
          ],
          [
            -119.0810225785305,
            34.469271710452475
          ],
          [
            -119.08063994796582,
            34.46872806307436
          ],
          [
            -119.08026305751564,
            34.46818166968541
          ],
          [
            -119.0798919358816,
            34.46763257189561
          ],
          [
            -119.07952661132607,
            34.467080811520866
          ],
          [
            -119.07916711166992,
            34.466526430579876
          ],
          [
            -119.07881346429045,
            34.4659694712909
          ],
          [
            -119.07846569611925,
            34.465409976068536
          ],
          [
            -119.07812383364025,
            34.464847987520514
          ],
          [
            -119.07778790288758,
            34.46428354844444
          ],
          [
            -119.07745792944365,
            34.46371670182453
          ],
          [
            -119.07713393843726,
            34.463147490828355
          ],
          [
            -119.07681595454154,
            34.46257595880353
          ],
          [
            -119.07650400197222,
            34.46200214927443
          ],
          [
            -119.07619810448568,
            34.461426105938884
          ],
          [
            -119.07589828537722,
            34.460847872664814
          ],
          [
            -119.07560456747919,
            34.46026749348692
          ],
          [
            -119.07531697315937,
            34.45968501260332
          ],
          [
            -119.07503552431919,
            34.45910047437221
          ],
          [
            -119.07476024239203,
            34.458513923308416
          ],
          [
            -119.07449114834172,
            34.45792540408008
          ],
          [
            -119.07422826266078,
            34.457334961505225
          ],
          [
            -119.073971605369,
            34.45674264054833
          ],
          [
            -119.0737211960118,
            34.456148486316934
          ],
          [
            -119.07347705365883,
            34.455552544058186
          ],
          [
            -119.07323919690249,
            34.45495485915539
          ],
          [
            -119.07300764385649,
            34.454355477124565
          ],
          [
            -119.07278241215447,
            34.45375444361098
          ],
          [
            -119.07256351894871,
            34.45315180438566
          ],
          [
            -119.07235098090878,
            34.45254760534191
          ],
          [
            -119.07214481422027,
            34.45194189249184
          ],
          [
            -119.07194503458356,
            34.451334711962815
          ],
          [
            -119.07175165721266,
            34.45072610999399
          ],
          [
            -119.071564696834,
            34.450116132932756
          ],
          [
            -119.07138416768534,
            34.44950482723124
          ],
          [
            -119.07121008351466,
            34.44889223944272
          ],
          [
            -119.07104245757915,
            34.44827841621814
          ],
          [
            -119.0708813026442,
            34.44766340430251
          ],
          [
            -119.07072663098234,
            34.44704725053138
          ],
          [
            -119.07057845437244,
            34.446430001827224
          ],
          [
            -119.07043678409872,
            34.445811705195936
          ],
          [
            -119.0703016309499,
            34.4451924077232
          ],
          [
            -119.07017300521845,
            34.444572156570906
          ],
          [
            -119.0700509166997,
            34.443950998973584
          ],
          [
            -119.06993537469116,
            34.443328982234796
          ],
          [
            -119.06982638799181,
            34.44270615372352
          ],
          [
            -119.0697239649014,
            34.44208256087056
          ],
          [
            -119.06962811321985,
            34.441458251164924
          ],
          [
            -119.06953884024662,
            34.440833272150215
          ],
          [
            -119.06945615278023,
            34.440207671421
          ],
          [
            -119.06938005711763,
            34.439581496619205
          ],
          [
            -119.06931055905379,
            34.43895479543046
          ],
          [
            -119.06924766388126,
            34.438327615580484
          ],
          [
            -119.06919137638975,
            34.43770000483146
          ],
          [
            -119.0691417008658,
            34.43707201097837
          ],
          [
            -119.06909864109235,
            34.43644368184538
          ],
          [
            -119.0690622003486,
            34.435815065282185
          ],
          [
            -119.06903238140963,
            34.43518620916036
          ],
          [
            -119.0690091865463,
            34.43455716136976
          ],
          [
            -119.06899261752494,
            34.43392796981478
          ],
          [
            -119.06898267560739,
            34.433298682410815
          ],
          [
            -119.06897936155075,
            34.43266934708052
          ],
          [
            -119.06898267560739,
            34.432040011750225
          ],
          [
            -119.06899261752494,
            34.43141072434626
          ],
          [
            -119.0690091865463,
            34.43078153279128
          ],
          [
            -119.06903238140963,
            34.430152485000676
          ],
          [
            -119.0690622003486,
            34.429523628878854
          ],
          [
            -119.06909864109235,
            34.42889501231566
          ],
          [
            -119.0691417008658,
            34.42826668318267
          ],
          [
            -119.06919137638975,
            34.42763868932958
          ],
          [
            -119.06924766388126,
            34.427011078580556
          ],
          [
            -119.06931055905379,
            34.42638389873058
          ],
          [
            -119.06938005711763,
            34.425757197541834
          ],
          [
            -119.06945615278023,
            34.42513102274004
          ],
          [
            -119.06953884024662,
            34.424505422010824
          ],
          [
            -119.06962811321985,
            34.423880442996115
          ],
          [
            -119.0697239649014,
            34.42325613329048
          ],
          [
            -119.06982638799181,
            34.42263254043752
          ],
          [
            -119.06993537469116,
            34.42200971192624
          ],
          [
            -119.0700509166997,
            34.421387695187455
          ],
          [
            -119.07017300521845,
            34.42076653759013
          ],
          [
            -119.0703016309499,
            34.42014628643784
          ],
          [
            -119.07043678409872,
            34.4195269889651
          ],
          [
            -119.07057845437244,
            34.418908692333815
          ],
          [
            -119.07072663098234,
            34.41829144362966
          ],
          [
            -119.0708813026442,
            34.41767528985853
          ],
          [
            -119.07104245757915,
            34.4170602779429
          ],
          [
            -119.07121008351466,
            34.41644645471832
          ],
          [
            -119.07138416768534,
            34.4158338669298
          ],
          [
            -119.071564696834,
            34.41522256122828
          ],
          [
            -119.07175165721266,
            34.41461258416705
          ],
          [
            -119.07194503458356,
            34.414003982198224
          ],
          [
            -119.07214481422027,
            34.4133968016692
          ],
          [
            -119.07235098090878,
            34.41279108881913
          ],
          [
            -119.07256351894871,
            34.41218688977538
          ],
          [
            -119.07278241215447,
            34.41158425055006
          ],
          [
            -119.07300764385649,
            34.410983217036474
          ],
          [
            -119.07323919690249,
            34.410383835005646
          ],
          [
            -119.07347705365883,
            34.40978615010285
          ],
          [
            -119.0737211960118,
            34.409190207844105
          ],
          [
            -119.073971605369,
            34.40859605361271
          ],
          [
            -119.07422826266078,
            34.408003732655814
          ],
          [
            -119.07449114834172,
            34.40741329008096
          ],
          [
            -119.07476024239203,
            34.40682477085262
          ],
          [
            -119.07503552431919,
            34.40623821978883
          ],
          [
            -119.07531697315937,
            34.405653681557716
          ],
          [
            -119.07560456747919,
            34.40507120067412
          ],
          [
            -119.07589828537722,
            34.404490821496225
          ],
          [
            -119.07619810448568,
            34.403912588222155
          ],
          [
            -119.07650400197222,
            34.403336544886606
          ],
          [
            -119.07681595454154,
            34.40276273535751
          ],
          [
            -119.07713393843726,
            34.402191203332684
          ],
          [
            -119.07745792944365,
            34.40162199233651
          ],
          [
            -119.07778790288758,
            34.4010551457166
          ],
          [
            -119.07812383364025,
            34.400490706640525
          ],
          [
            -119.07846569611925,
            34.399928718092504
          ],
          [
            -119.07881346429045,
            34.39936922287014
          ],
          [
            -119.07916711166992,
            34.39881226358116
          ],
          [
            -119.07952661132607,
            34.39825788264017
          ],
          [
            -119.0798919358816,
            34.39770612226543
          ],
          [
            -119.08026305751564,
            34.39715702447563
          ],
          [
            -119.08063994796582,
            34.39661063108668
          ],
          [
            -119.0810225785305,
            34.396066983708565
          ],
          [
            -119.08141092007087,
            34.39552612374213
          ],
          [
            -119.0818049430132,
            34.39498809237596
          ],
          [
            -119.08220461735112,
            34.39445293058322
          ],
          [
            -119.08260991264792,
            34.393920679118565
          ],
          [
            -119.08302079803876,
            34.39339137851499
          ],
          [
            -119.08343724223313,
            34.3928650690808
          ],
          [
            -119.0838592135172,
            34.39234179089648
          ],
          [
            -119.08428667975623,
            34.3918215838117
          ],
          [
            -119.084719608397,
            34.39130448744224
          ],
          [
            -119.0851579664703,
            34.39079054116699
          ],
          [
            -119.0856017205935,
            34.390279784124964
          ],
          [
            -119.08605083697299,
            34.389772255212264
          ],
          [
            -119.0865052814068,
            34.389267993079194
          ],
          [
            -119.08696501928726,
            34.38876703612726
          ],
          [
            -119.08743001560354,
            34.38826942250629
          ],
          [
            -119.08790023494437,
            34.387775190111476
          ],
          [
            -119.0883756415007,
            34.387284376580524
          ],
          [
            -119.08885619906853,
            34.386797019290796
          ],
          [
            -119.0893418710515,
            34.38631315535643
          ],
          [
            -119.08983262046382,
            34.38583282162554
          ],
          [
            -119.09032840993304,
            34.385356054677395
          ],
          [
            -119.09082920170285,
            34.384882890819654
          ],
          [
            -119.09133495763601,
            34.38441336608557
          ],
          [
            -119.09184563921727,
            34.38394751623126
          ],
          [
            -119.09236120755624,
            34.383485376733006
          ],
          [
            -119.09288162339041,
            34.38302698278452
          ],
          [
            -119.09340684708808,
            34.38257236929427
          ],
          [
            -119.09393683865143,
            34.382121570882845
          ],
          [
            -119.09447155771956,
            34.38167462188028
          ],
          [
            -119.09501096357155,
            34.38123155632346
          ],
          [
            -119.09555501512955,
            34.38079240795357
          ],
          [
            -119.09610367096191,
            34.38035721021344
          ],
          [
            -119.0966568892864,
            34.37992599624506
          ],
          [
            -119.09721462797326,
            34.37949879888706
          ],
          [
            -119.09777684454856,
            34.37907565067216
          ],
          [
            -119.09834349619733,
            34.37865658382474
          ],
          [
            -119.09891453976684,
            34.37824163025836
          ],
          [
            -119.09948993176992,
            34.37783082157334
          ],
          [
            -119.10006962838824,
            34.37742418905435
          ],
          [
            -119.10065358547565,
            34.37702176366804
          ],
          [
            -119.10124175856157,
            34.37662357606065
          ],
          [
            -119.10183410285433,
            34.376229656555715
          ],
          [
            -119.10243057324463,
            34.37584003515173
          ],
          [
            -119.10303112430893,
            34.375454741519874
          ],
          [
            -119.10363571031294,
            34.37507380500174
          ],
          [
            -119.10424428521512,
            34.374697254607135
          ],
          [
            -119.1048568026701,
            34.374325119011814
          ],
          [
            -119.10547321603234,
            34.37395742655535
          ],
          [
            -119.10609347835954,
            34.373594205238945
          ],
          [
            -119.10671754241633,
            34.37323548272331
          ],
          [
            -119.10734536067784,
            34.37288128632655
          ],
          [
            -119.10797688533326,
            34.37253164302211
          ],
          [
            -119.10861206828955,
            34.37218657943665
          ],
          [
            -119.10925086117506,
            34.37184612184812
          ],
          [
            -119.10989321534325,
            34.371510296183686
          ],
          [
            -119.11053908187635,
            34.37117912801776
          ],
          [
            -119.11118841158913,
            34.37085264257008
          ],
          [
            -119.11184115503262,
            34.37053086470378
          ],
          [
            -119.11249726249787,
            34.370213818923496
          ],
          [
            -119.11315668401977,
            34.36990152937349
          ],
          [
            -119.1138193693808,
            34.369594019835816
          ],
          [
            -119.11448526811493,
            34.36929131372852
          ],
          [
            -119.11515432951138,
            34.368993434103835
          ],
          [
            -119.11582650261853,
            34.36870040364646
          ],
          [
            -119.1165017362478,
            34.368412244671795
          ],
          [
            -119.11717997897752,
            34.36812897912426
          ],
          [
            -119.1178611791569,
            34.36785062857562
          ],
          [
            -119.11854528490991,
            34.367577214223346
          ],
          [
            -119.11923224413924,
            34.367308756889
          ],
          [
            -119.11992200453028,
            34.367045277016665
          ],
          [
            -119.12061451355511,
            34.366786794671334
          ],
          [
            -119.1213097184765,
            34.36653332953744
          ],
          [
            -119.12200756635188,
            34.36628490091734
          ],
          [
            -119.12270800403745,
            34.366041527729834
          ],
          [
            -119.12341097819217,
            34.36580322850873
          ],
          [
            -119.12411643528182,
            34.36557002140144
          ],
          [
            -119.12482432158312,
            34.36534192416759
          ],
          [
            -119.12553458318779,
            34.36511895417765
          ],
          [
            -119.12624716600666,
            34.364901128411674
          ],
          [
            -119.12696201577378,
            34.364688463457924
          ],
          [
            -119.12767907805059,
            34.364480975511654
          ],
          [
            -119.12839829823,
            34.364278680373886
          ],
          [
            -119.12911962154062,
            34.36408159345017
          ],
          [
            -119.12984299305089,
            34.363889729749445
          ],
          [
            -119.13056835767325,
            34.36370310388287
          ],
          [
            -119.13129566016842,
            34.36352173006272
          ],
          [
            -119.13202484514945,
            34.363345622101335
          ],
          [
            -119.13275585708611,
            34.363174793409996
          ],
          [
            -119.133488640309,
            34.363009256997984
          ],
          [
            -119.13422313901383,
            34.362849025471526
          ],
          [
            -119.1349592972657,
            34.36269411103288
          ],
          [
            -119.1356970590033,
            34.36254452547938
          ],
          [
            -119.13643636804322,
            34.36240028020254
          ],
          [
            -119.13717716808421,
            34.362261386187214
          ],
          [
            -119.13791940271147,
            34.362127854010694
          ],
          [
            -119.138663015401,
            34.36199969384199
          ],
          [
            -119.13940794952376,
            34.36187691544098
          ],
          [
            -119.14015414835016,
            34.361759528157734
          ],
          [
            -119.14090155505427,
            34.36164754093173
          ],
          [
            -119.14165011271818,
            34.36154096229124
          ],
          [
            -119.14239976433632,
            34.361439800352635
          ],
          [
            -119.14315045281981,
            34.36134406281979
          ],
          [
            -119.14390212100082,
            34.36125375698349
          ],
          [
            -119.14465471163692,
            34.361168889720865
          ],
          [
            -119.1454081674154,
            34.3610894674949
          ],
          [
            -119.1461624309577,
            34.3610154963539
          ],
          [
            -119.14691744482371,
            34.36094698193105
          ],
          [
            -119.14767315151623,
            34.360883929443986
          ],
          [
            -119.14842949348527,
            34.360826343694406
          ],
          [
            -119.14918641313243,
            34.36077422906769
          ],
          [
            -119.14994385281535,
            34.36072758953256
          ],
          [
            -119.15070175485211,
            34.360686428640804
          ],
          [
            -119.15146006152548,
            34.360650749526975
          ],
          [
            -119.15221871508751,
            34.36062055490819
          ],
          [
            -119.15297765776378,
            34.360595847083864
          ],
          [
            -119.15373683175787,
            34.360576627935615
          ],
          [
            -119.15449617925574,
            34.36056289892705
          ],
          [
            -119.15525564243013,
            34.36055466110368
          ],
          [
            -119.15601516344499,
            34.36055191509285
          ],
          [
            -119.15677468445985,
            34.36055466110368
          ],
          [
            -119.15753414763424,
            34.36056289892705
          ],
          [
            -119.15829349513211,
            34.360576627935615
          ],
          [
            -119.1590526691262,
            34.360595847083864
          ],
          [
            -119.15981161180247,
            34.36062055490819
          ],
          [
            -119.1605702653645,
            34.360650749526975
          ],
          [
            -119.16132857203787,
            34.360686428640804
          ],
          [
            -119.16208647407463,
            34.36072758953256
          ],
          [
            -119.16284391375756,
            34.36077422906769
          ],
          [
            -119.16360083340471,
            34.360826343694406
          ],
          [
            -119.16435717537375,
            34.360883929443986
          ],
          [
            -119.16511288206627,
            34.36094698193105
          ],
          [
            -119.16586789593228,
            34.3610154963539
          ],
          [
            -119.16662215947458,
            34.3610894674949
          ],
          [
            -119.16737561525306,
            34.361168889720865
          ],
          [
            -119.16812820588916,
            34.36125375698349
          ],
          [
            -119.16887987407017,
            34.36134406281979
          ],
          [
            -119.16963056255366,
            34.361439800352635
          ],
          [
            -119.1703802141718,
            34.36154096229124
          ],
          [
            -119.17112877183571,
            34.36164754093173
          ],
          [
            -119.17187617853982,
            34.361759528157734
          ],
          [
            -119.17262237736622,
            34.36187691544098
          ],
          [
            -119.17336731148899,
            34.36199969384199
          ],
          [
            -119.1741109241785,
            34.362127854010694
          ],
          [
            -119.17485315880577,
            34.362261386187214
          ],
          [
            -119.17559395884676,
            34.36240028020254
          ],
          [
            -119.17633326788668,
            34.36254452547938
          ],
          [
            -119.17707102962429,
            34.36269411103288
          ],
          [
            -119.17780718787616,
            34.362849025471526
          ],
          [
            -119.17854168658099,
            34.363009256997984
          ],
          [
            -119.17927446980387,
            34.363174793409996
          ],
          [
            -119.18000548174054,
            34.363345622101335
          ],
          [
            -119.18073466672156,
            34.36352173006272
          ],
          [
            -119.18146196921673,
            34.36370310388287
          ],
          [
            -119.1821873338391,
            34.363889729749445
          ],
          [
            -119.18291070534936,
            34.36408159345017
          ],
          [
            -119.18363202865999,
            34.364278680373886
          ],
          [
            -119.18435124883939,
            34.364480975511654
          ],
          [
            -119.1850683111162,
            34.364688463457924
          ],
          [
            -119.18578316088332,
            34.364901128411674
          ],
          [
            -119.1864957437022,
            34.36511895417765
          ],
          [
            -119.18720600530686,
            34.36534192416759
          ],
          [
            -119.18791389160816,
            34.36557002140144
          ],
          [
            -119.18861934869781,
            34.36580322850873
          ],
          [
            -119.18932232285253,
            34.366041527729834
          ],
          [
            -119.1900227605381,
            34.36628490091734
          ],
          [
            -119.19072060841349,
            34.36653332953744
          ],
          [
            -119.19141581333487,
            34.366786794671334
          ],
          [
            -119.1921083223597,
            34.367045277016665
          ],
          [
            -119.19279808275074,
            34.367308756889
          ],
          [
            -119.19348504198007,
            34.367577214223346
          ],
          [
            -119.19416914773308,
            34.36785062857562
          ],
          [
            -119.19485034791246,
            34.36812897912426
          ],
          [
            -119.19552859064218,
            34.368412244671795
          ],
          [
            -119.19620382427145,
            34.36870040364646
          ],
          [
            -119.1968759973786,
            34.368993434103835
          ],
          [
            -119.19754505877505,
            34.36929131372852
          ],
          [
            -119.19821095750918,
            34.369594019835816
          ],
          [
            -119.19887364287021,
            34.36990152937349
          ],
          [
            -119.19953306439211,
            34.370213818923496
          ],
          [
            -119.20018917185736,
            34.37053086470378
          ],
          [
            -119.20084191530086,
            34.37085264257008
          ],
          [
            -119.20149124501363,
            34.37117912801776
          ],
          [
            -119.20213711154673,
            34.371510296183686
          ],
          [
            -119.20277946571493,
            34.37184612184812
          ],
          [
            -119.20341825860044,
            34.37218657943665
          ],
          [
            -119.20405344155672,
            34.37253164302211
          ],
          [
            -119.20468496621214,
            34.37288128632655
          ],
          [
            -119.20531278447365,
            34.37323548272331
          ],
          [
            -119.20593684853044,
            34.373594205238945
          ],
          [
            -119.20655711085764,
            34.37395742655535
          ],
          [
            -119.20717352421988,
            34.374325119011814
          ],
          [
            -119.20778604167486,
            34.374697254607135
          ],
          [
            -119.20839461657704,
            34.37507380500174
          ],
          [
            -119.20899920258105,
            34.375454741519874
          ],
          [
            -119.20959975364535,
            34.37584003515173
          ],
          [
            -119.21019622403566,
            34.376229656555715
          ],
          [
            -119.21078856832841,
            34.37662357606065
          ],
          [
            -119.21137674141433,
            34.37702176366804
          ],
          [
            -119.21196069850174,
            34.37742418905435
          ],
          [
            -119.21254039512006,
            34.37783082157334
          ],
          [
            -119.21311578712314,
            34.37824163025836
          ],
          [
            -119.21368683069265,
            34.37865658382474
          ],
          [
            -119.21425348234142,
            34.37907565067216
          ],
          [
            -119.21481569891672,
            34.37949879888706
          ],
          [
            -119.21537343760359,
            34.37992599624506
          ],
          [
            -119.21592665592807,
            34.38035721021344
          ],
          [
            -119.21647531176043,
            34.38079240795357
          ],
          [
            -119.21701936331843,
            34.38123155632346
          ],
          [
            -119.21755876917042,
            34.38167462188028
          ],
          [
            -119.21809348823855,
            34.382121570882845
          ],
          [
            -119.2186234798019,
            34.38257236929427
          ],
          [
            -119.21914870349957,
            34.38302698278452
          ],
          [
            -119.21966911933374,
            34.383485376733006
          ],
          [
            -119.22018468767271,
            34.38394751623126
          ],
          [
            -119.22069536925397,
            34.38441336608557
          ],
          [
            -119.22120112518714,
            34.384882890819654
          ],
          [
            -119.22170191695695,
            34.385356054677395
          ],
          [
            -119.22219770642616,
            34.38583282162554
          ],
          [
            -119.22268845583848,
            34.38631315535643
          ],
          [
            -119.22317412782145,
            34.386797019290796
          ],
          [
            -119.22365468538928,
            34.387284376580524
          ],
          [
            -119.22413009194561,
            34.387775190111476
          ],
          [
            -119.22460031128644,
            34.38826942250629
          ],
          [
            -119.22506530760272,
            34.38876703612726
          ],
          [
            -119.22552504548318,
            34.389267993079194
          ],
          [
            -119.225979489917,
            34.389772255212264
          ],
          [
            -119.22642860629648,
            34.390279784124964
          ],
          [
            -119.22687236041968,
            34.39079054116699
          ],
          [
            -119.22731071849299,
            34.39130448744224
          ],
          [
            -119.22774364713375,
            34.3918215838117
          ],
          [
            -119.22817111337278,
            34.39234179089648
          ],
          [
            -119.22859308465685,
            34.3928650690808
          ],
          [
            -119.22900952885122,
            34.39339137851499
          ],
          [
            -119.22942041424206,
            34.393920679118565
          ],
          [
            -119.22982570953886,
            34.39445293058322
          ],
          [
            -119.23022538387679,
            34.39498809237596
          ],
          [
            -119.23061940681912,
            34.39552612374213
          ],
          [
            -119.23100774835949,
            34.396066983708565
          ],
          [
            -119.23139037892416,
            34.39661063108668
          ],
          [
            -119.23176726937434,
            34.39715702447563
          ],
          [
            -119.23213839100838,
            34.39770612226543
          ],
          [
            -119.23250371556391,
            34.39825788264017
          ],
          [
            -119.23286321522006,
            34.39881226358116
          ],
          [
            -119.23321686259953,
            34.39936922287014
          ],
          [
            -119.23356463077073,
            34.399928718092504
          ],
          [
            -119.23390649324973,
            34.400490706640525
          ],
          [
            -119.2342424240024,
            34.4010551457166
          ],
          [
            -119.23457239744633,
            34.40162199233651
          ],
          [
            -119.23489638845273,
            34.402191203332684
          ],
          [
            -119.23521437234844,
            34.40276273535751
          ],
          [
            -119.23552632491776,
            34.403336544886606
          ],
          [
            -119.2358322224043,
            34.403912588222155
          ],
          [
            -119.23613204151276,
            34.404490821496225
          ],
          [
            -119.23642575941079,
            34.40507120067412
          ],
          [
            -119.23671335373061,
            34.405653681557716
          ],
          [
            -119.23699480257079,
            34.40623821978883
          ],
          [
            -119.23727008449795,
            34.40682477085262
          ],
          [
            -119.23753917854826,
            34.40741329008096
          ],
          [
            -119.2378020642292,
            34.408003732655814
          ],
          [
            -119.23805872152099,
            34.40859605361271
          ],
          [
            -119.23830913087818,
            34.409190207844105
          ],
          [
            -119.23855327323115,
            34.40978615010285
          ],
          [
            -119.23879112998749,
            34.410383835005646
          ],
          [
            -119.2390226830335,
            34.410983217036474
          ],
          [
            -119.23924791473551,
            34.41158425055006
          ],
          [
            -119.23946680794127,
            34.41218688977538
          ],
          [
            -119.2396793459812,
            34.41279108881913
          ],
          [
            -119.23988551266972,
            34.4133968016692
          ],
          [
            -119.24008529230642,
            34.414003982198224
          ],
          [
            -119.24027866967732,
            34.41461258416705
          ],
          [
            -119.24046563005598,
            34.41522256122828
          ],
          [
            -119.24064615920464,
            34.4158338669298
          ],
          [
            -119.24082024337532,
            34.41644645471832
          ],
          [
            -119.24098786931083,
            34.4170602779429
          ],
          [
            -119.24114902424579,
            34.41767528985853
          ],
          [
            -119.24130369590765,
            34.41829144362966
          ],
          [
            -119.24145187251754,
            34.418908692333815
          ],
          [
            -119.24159354279126,
            34.4195269889651
          ],
          [
            -119.24172869594008,
            34.42014628643784
          ],
          [
            -119.24185732167153,
            34.42076653759013
          ],
          [
            -119.24197941019028,
            34.421387695187455
          ],
          [
            -119.24209495219883,
            34.42200971192624
          ],
          [
            -119.24220393889817,
            34.42263254043752
          ],
          [
            -119.24230636198858,
            34.42325613329048
          ],
          [
            -119.24240221367013,
            34.423880442996115
          ],
          [
            -119.24249148664336,
            34.424505422010824
          ],
          [
            -119.24257417410975,
            34.42513102274004
          ],
          [
            -119.24265026977235,
            34.425757197541834
          ],
          [
            -119.24271976783619,
            34.42638389873058
          ],
          [
            -119.24278266300873,
            34.427011078580556
          ],
          [
            -119.24283895050023,
            34.42763868932958
          ],
          [
            -119.24288862602418,
            34.42826668318267
          ],
          [
            -119.24293168579763,
            34.42889501231566
          ],
          [
            -119.24296812654138,
            34.429523628878854
          ],
          [
            -119.24299794548035,
            34.430152485000676
          ],
          [
            -119.24302114034369,
            34.43078153279128
          ],
          [
            -119.24303770936504,
            34.43141072434626
          ],
          [
            -119.2430476512826,
            34.432040011750225
          ],
          [
            -119.24305096533924,
            34.43266934708052
          ],
          [
            -119.2430476512826,
            34.433298682410815
          ],
          [
            -119.24303770936504,
            34.43392796981478
          ],
          [
            -119.24302114034369,
            34.43455716136976
          ],
          [
            -119.24299794548035,
            34.43518620916036
          ],
          [
            -119.24296812654138,
            34.435815065282185
          ],
          [
            -119.24293168579763,
            34.43644368184538
          ],
          [
            -119.24288862602418,
            34.43707201097837
          ],
          [
            -119.24283895050023,
            34.43770000483146
          ],
          [
            -119.24278266300873,
            34.438327615580484
          ],
          [
            -119.24271976783619,
            34.43895479543046
          ],
          [
            -119.24265026977235,
            34.439581496619205
          ],
          [
            -119.24257417410975,
            34.440207671421
          ],
          [
            -119.24249148664336,
            34.440833272150215
          ],
          [
            -119.24240221367013,
            34.441458251164924
          ],
          [
            -119.24230636198858,
            34.44208256087056
          ],
          [
            -119.24220393889817,
            34.44270615372352
          ],
          [
            -119.24209495219883,
            34.443328982234796
          ],
          [
            -119.24197941019028,
            34.443950998973584
          ],
          [
            -119.24185732167153,
            34.444572156570906
          ],
          [
            -119.24172869594008,
            34.4451924077232
          ],
          [
            -119.24159354279126,
            34.445811705195936
          ],
          [
            -119.24145187251754,
            34.446430001827224
          ],
          [
            -119.24130369590765,
            34.44704725053138
          ],
          [
            -119.24114902424579,
            34.44766340430251
          ],
          [
            -119.24098786931083,
            34.44827841621814
          ],
          [
            -119.24082024337532,
            34.44889223944272
          ],
          [
            -119.24064615920464,
            34.44950482723124
          ],
          [
            -119.24046563005598,
            34.450116132932756
          ],
          [
            -119.24027866967732,
            34.45072610999399
          ],
          [
            -119.24008529230642,
            34.451334711962815
          ],
          [
            -119.23988551266972,
            34.45194189249184
          ],
          [
            -119.2396793459812,
            34.45254760534191
          ],
          [
            -119.23946680794127,
            34.45315180438566
          ],
          [
            -119.23924791473551,
            34.45375444361098
          ],
          [
            -119.2390226830335,
            34.454355477124565
          ],
          [
            -119.23879112998749,
            34.45495485915539
          ],
          [
            -119.23855327323115,
            34.455552544058186
          ],
          [
            -119.23830913087818,
            34.456148486316934
          ],
          [
            -119.23805872152099,
            34.45674264054833
          ],
          [
            -119.2378020642292,
            34.457334961505225
          ],
          [
            -119.23753917854826,
            34.45792540408008
          ],
          [
            -119.23727008449795,
            34.458513923308416
          ],
          [
            -119.23699480257079,
            34.45910047437221
          ],
          [
            -119.23671335373061,
            34.45968501260332
          ],
          [
            -119.23642575941079,
            34.46026749348692
          ],
          [
            -119.23613204151276,
            34.460847872664814
          ],
          [
            -119.2358322224043,
            34.461426105938884
          ],
          [
            -119.23552632491776,
            34.46200214927443
          ],
          [
            -119.23521437234844,
            34.46257595880353
          ],
          [
            -119.23489638845273,
            34.463147490828355
          ],
          [
            -119.23457239744633,
            34.46371670182453
          ],
          [
            -119.2342424240024,
            34.46428354844444
          ],
          [
            -119.23390649324973,
            34.464847987520514
          ],
          [
            -119.23356463077073,
            34.465409976068536
          ],
          [
            -119.23321686259953,
            34.4659694712909
          ],
          [
            -119.23286321522006,
            34.466526430579876
          ],
          [
            -119.23250371556391,
            34.467080811520866
          ],
          [
            -119.23213839100838,
            34.46763257189561
          ],
          [
            -119.23176726937434,
            34.46818166968541
          ],
          [
            -119.23139037892416,
            34.46872806307436
          ],
          [
            -119.23100774835949,
            34.469271710452475
          ],
          [
            -119.23061940681912,
            34.46981257041891
          ],
          [
            -119.23022538387679,
            34.47035060178508
          ],
          [
            -119.22982570953886,
            34.47088576357782
          ],
          [
            -119.22942041424206,
            34.471418015042474
          ],
          [
            -119.22900952885122,
            34.47194731564605
          ],
          [
            -119.22859308465685,
            34.47247362508024
          ],
          [
            -119.22817111337278,
            34.47299690326456
          ],
          [
            -119.22774364713375,
            34.47351711034934
          ],
          [
            -119.22731071849299,
            34.4740342067188
          ],
          [
            -119.22687236041968,
            34.474548152994046
          ],
          [
            -119.22642860629648,
            34.475058910036076
          ],
          [
            -119.225979489917,
            34.475566438948775
          ],
          [
            -119.22552504548318,
            34.476070701081845
          ],
          [
            -119.22506530760272,
            34.47657165803378
          ],
          [
            -119.22460031128644,
            34.47706927165475
          ],
          [
            -119.22413009194561,
            34.47756350404956
          ],
          [
            -119.22365468538928,
            34.478054317580515
          ],
          [
            -119.22317412782145,
            34.47854167487024
          ],
          [
            -119.22268845583848,
            34.479025538804606
          ],
          [
            -119.22219770642616,
            34.4795058725355
          ],
          [
            -119.22170191695695,
            34.479982639483644
          ],
          [
            -119.22120112518714,
            34.480455803341385
          ],
          [
            -119.22069536925397,
            34.48092532807547
          ],
          [
            -119.22018468767271,
            34.48139117792978
          ],
          [
            -119.21966911933374,
            34.48185331742803
          ],
          [
            -119.21914870349957,
            34.48231171137652
          ],
          [
            -119.2186234798019,
            34.482766324866766
          ],
          [
            -119.21809348823855,
            34.483217123278195
          ],
          [
            -119.21755876917042,
            34.48366407228076
          ],
          [
            -119.21701936331843,
            34.484107137837576
          ],
          [
            -119.21647531176043,
            34.48454628620747
          ],
          [
            -119.21592665592807,
            34.4849814839476
          ],
          [
            -119.21537343760359,
            34.485412697915976
          ],
          [
            -119.21481569891672,
            34.485839895273976
          ],
          [
            -119.21425348234142,
            34.486263043488876
          ],
          [
            -119.21368683069265,
            34.4866821103363
          ],
          [
            -119.21311578712314,
            34.48709706390268
          ],
          [
            -119.21254039512006,
            34.4875078725877
          ],
          [
            -119.21196069850174,
            34.48791450510669
          ],
          [
            -119.21137674141433,
            34.488316930493
          ],
          [
            -119.21078856832841,
            34.48871511810039
          ],
          [
            -119.21019622403566,
            34.489109037605324
          ],
          [
            -119.20959975364535,
            34.48949865900931
          ],
          [
            -119.20899920258105,
            34.489883952641165
          ],
          [
            -119.20839461657704,
            34.4902648891593
          ],
          [
            -119.20778604167486,
            34.490641439553904
          ],
          [
            -119.20717352421988,
            34.491013575149225
          ],
          [
            -119.20655711085764,
            34.49138126760569
          ],
          [
            -119.20593684853044,
            34.491744488922095
          ],
          [
            -119.20531278447365,
            34.49210321143773
          ],
          [
            -119.20468496621214,
            34.492457407834486
          ],
          [
            -119.20405344155672,
            34.49280705113893
          ],
          [
            -119.20341825860044,
            34.49315211472439
          ],
          [
            -119.20277946571493,
            34.49349257231292
          ],
          [
            -119.20213711154673,
            34.49382839797735
          ],
          [
            -119.20149124501363,
            34.49415956614328
          ],
          [
            -119.20084191530086,
            34.49448605159096
          ],
          [
            -119.20018917185736,
            34.49480782945726
          ],
          [
            -119.19953306439211,
            34.49512487523754
          ],
          [
            -119.19887364287021,
            34.495437164787546
          ],
          [
            -119.19821095750918,
            34.49574467432522
          ],
          [
            -119.19754505877505,
            34.49604738043252
          ],
          [
            -119.1968759973786,
            34.496345260057204
          ],
          [
            -119.19620382427145,
            34.49663829051458
          ],
          [
            -119.19552859064218,
            34.496926449489244
          ],
          [
            -119.19485034791246,
            34.49720971503678
          ],
          [
            -119.19416914773308,
            34.49748806558542
          ],
          [
            -119.19348504198007,
            34.497761479937694
          ],
          [
            -119.19279808275074,
            34.49802993727204
          ],
          [
            -119.1921083223597,
            34.498293417144374
          ],
          [
            -119.19141581333487,
            34.498551899489705
          ],
          [
            -119.19072060841349,
            34.4988053646236
          ],
          [
            -119.1900227605381,
            34.4990537932437
          ],
          [
            -119.18932232285253,
            34.499297166431205
          ],
          [
            -119.18861934869781,
            34.49953546565231
          ],
          [
            -119.18791389160816,
            34.4997686727596
          ],
          [
            -119.18720600530686,
            34.49999676999345
          ],
          [
            -119.1864957437022,
            34.500219739983386
          ],
          [
            -119.18578316088332,
            34.500437565749365
          ],
          [
            -119.1850683111162,
            34.500650230703116
          ],
          [
            -119.18435124883939,
            34.500857718649385
          ],
          [
            -119.18363202865999,
            34.50106001378715
          ],
          [
            -119.18291070534936,
            34.501257100710866
          ],
          [
            -119.1821873338391,
            34.501448964411594
          ],
          [
            -119.18146196921673,
            34.50163559027817
          ],
          [
            -119.18073466672156,
            34.50181696409832
          ],
          [
            -119.18000548174054,
            34.501993072059705
          ],
          [
            -119.17927446980387,
            34.50216390075104
          ],
          [
            -119.17854168658099,
            34.502329437163056
          ],
          [
            -119.17780718787616,
            34.50248966868951
          ],
          [
            -119.17707102962429,
            34.50264458312816
          ],
          [
            -119.17633326788668,
            34.50279416868166
          ],
          [
            -119.17559395884676,
            34.502938413958496
          ],
          [
            -119.17485315880577,
            34.503077307973825
          ],
          [
            -119.1741109241785,
            34.503210840150345
          ],
          [
            -119.17336731148899,
            34.50333900031905
          ],
          [
            -119.17262237736622,
            34.50346177872006
          ],
          [
            -119.17187617853982,
            34.503579166003306
          ],
          [
            -119.17112877183571,
            34.50369115322931
          ],
          [
            -119.1703802141718,
            34.5037977318698
          ],
          [
            -119.16963056255366,
            34.503898893808405
          ],
          [
            -119.16887987407017,
            34.50399463134125
          ],
          [
            -119.16812820588916,
            34.50408493717755
          ],
          [
            -119.16737561525306,
            34.504169804440174
          ],
          [
            -119.16662215947458,
            34.50424922666614
          ],
          [
            -119.16586789593228,
            34.50432319780714
          ],
          [
            -119.16511288206627,
            34.50439171222999
          ],
          [
            -119.16435717537375,
            34.50445476471705
          ],
          [
            -119.16360083340471,
            34.504512350466634
          ],
          [
            -119.16284391375756,
            34.50456446509335
          ],
          [
            -119.16208647407463,
            34.50461110462848
          ],
          [
            -119.16132857203787,
            34.504652265520235
          ],
          [
            -119.1605702653645,
            34.504687944634064
          ],
          [
            -119.15981161180247,
            34.50471813925285
          ],
          [
            -119.1590526691262,
            34.504742847077175
          ],
          [
            -119.15829349513211,
            34.504762066225425
          ],
          [
            -119.15753414763424,
            34.50477579523399
          ],
          [
            -119.15677468445985,
            34.50478403305736
          ],
          [
            -119.15601516344499,
            34.50478677906819
          ]
        ]
      }
    },
    {
      "type": "Feature",
      "properties": {
        "viewpoint": "oak_leaf",
        "draw_radius_m": 8000.0,
        "azimuth_deg": [
          0.0,
          0.5,
          1.0,
          1.5,
          2.0,
          2.5,
          3.0,
          3.5,
          4.0,
          4.5,
          5.0,
          5.5,
          6.0,
          6.5,
          7.0,
          7.5,
          8.0,
          8.5,
          9.0,
          9.5,
          10.0,
          10.5,
          11.0,
          11.5,
          12.0,
          12.5,
          13.0,
          13.5,
          14.0,
          14.5,
          15.0,
          15.5,
          16.0,
          16.5,
          17.0,
          17.5,
          18.0,
          18.5,
          19.0,
          19.5,
          20.0,
          20.5,
          21.0,
          21.5,
          22.0,
          22.5,
          23.0,
          23.5,
          24.0,
          24.5,
          25.0,
          25.5,
          26.0,
          26.5,
          27.0,
          27.5,
          28.0,
          28.5,
          29.0,
          29.5,
          30.0,
          30.5,
          31.0,
          31.5,
          32.0,
          32.5,
          33.0,
          33.5,
          34.0,
          34.5,
          35.0,
          35.5,
          36.0,
          36.5,
          37.0,
          37.5,
          38.0,
          38.5,
          39.0,
          39.5,
          40.0,
          40.5,
          41.0,
          41.5,
          42.0,
          42.5,
          43.0,
          43.5,
          44.0,
          44.5,
          45.0,
          45.5,
          46.0,
          46.5,
          47.0,
          47.5,
          48.0,
          48.5,
          49.0,
          49.5,
          50.0,
          50.5,
          51.0,
          51.5,
          52.0,
          52.5,
          53.0,
          53.5,
          54.0,
          54.5,
          55.0,
          55.5,
          56.0,
          56.5,
          57.0,
          57.5,
          58.0,
          58.5,
          59.0,
          59.5,
          60.0,
          60.5,
          61.0,
          61.5,
          62.0,
          62.5,
          63.0,
          63.5,
          64.0,
          64.5,
          65.0,
          65.5,
          66.0,
          66.5,
          67.0,
          67.5,
          68.0,
          68.5,
          69.0,
          69.5,
          70.0,
          70.5,
          71.0,
          71.5,
          72.0,
          72.5,
          73.0,
          73.5,
          74.0,
          74.5,
          75.0,
          75.5,
          76.0,
          76.5,
          77.0,
          77.5,
          78.0,
          78.5,
          79.0,
          79.5,
          80.0,
          80.5,
          81.0,
          81.5,
          82.0,
          82.5,
          83.0,
          83.5,
          84.0,
          84.5,
          85.0,
          85.5,
          86.0,
          86.5,
          87.0,
          87.5,
          88.0,
          88.5,
          89.0,
          89.5,
          90.0,
          90.5,
          91.0,
          91.5,
          92.0,
          92.5,
          93.0,
          93.5,
          94.0,
          94.5,
          95.0,
          95.5,
          96.0,
          96.5,
          97.0,
          97.5,
          98.0,
          98.5,
          99.0,
          99.5,
          100.0,
          100.5,
          101.0,
          101.5,
          102.0,
          102.5,
          103.0,
          103.5,
          104.0,
          104.5,
          105.0,
          105.5,
          106.0,
          106.5,
          107.0,
          107.5,
          108.0,
          108.5,
          109.0,
          109.5,
          110.0,
          110.5,
          111.0,
          111.5,
          112.0,
          112.5,
          113.0,
          113.5,
          114.0,
          114.5,
          115.0,
          115.5,
          116.0,
          116.5,
          117.0,
          117.5,
          118.0,
          118.5,
          119.0,
          119.5,
          120.0,
          120.5,
          121.0,
          121.5,
          122.0,
          122.5,
          123.0,
          123.5,
          124.0,
          124.5,
          125.0,
          125.5,
          126.0,
          126.5,
          127.0,
          127.5,
          128.0,
          128.5,
          129.0,
          129.5,
          130.0,
          130.5,
          131.0,
          131.5,
          132.0,
          132.5,
          133.0,
          133.5,
          134.0,
          134.5,
          135.0,
          135.5,
          136.0,
          136.5,
          137.0,
          137.5,
          138.0,
          138.5,
          139.0,
          139.5,
          140.0,
          140.5,
          141.0,
          141.5,
          142.0,
          142.5,
          143.0,
          143.5,
          144.0,
          144.5,
          145.0,
          145.5,
          146.0,
          146.5,
          147.0,
          147.5,
          148.0,
          148.5,
          149.0,
          149.5,
          150.0,
          150.5,
          151.0,
          151.5,
          152.0,
          152.5,
          153.0,
          153.5,
          154.0,
          154.5,
          155.0,
          155.5,
          156.0,
          156.5,
          157.0,
          157.5,
          158.0,
          158.5,
          159.0,
          159.5,
          160.0,
          160.5,
          161.0,
          161.5,
          162.0,
          162.5,
          163.0,
          163.5,
          164.0,
          164.5,
          165.0,
          165.5,
          166.0,
          166.5,
          167.0,
          167.5,
          168.0,
          168.5,
          169.0,
          169.5,
          170.0,
          170.5,
          171.0,
          171.5,
          172.0,
          172.5,
          173.0,
          173.5,
          174.0,
          174.5,
          175.0,
          175.5,
          176.0,
          176.5,
          177.0,
          177.5,
          178.0,
          178.5,
          179.0,
          179.5,
          180.0,
          180.5,
          181.0,
          181.5,
          182.0,
          182.5,
          183.0,
          183.5,
          184.0,
          184.5,
          185.0,
          185.5,
          186.0,
          186.5,
          187.0,
          187.5,
          188.0,
          188.5,
          189.0,
          189.5,
          190.0,
          190.5,
          191.0,
          191.5,
          192.0,
          192.5,
          193.0,
          193.5,
          194.0,
          194.5,
          195.0,
          195.5,
          196.0,
          196.5,
          197.0,
          197.5,
          198.0,
          198.5,
          199.0,
          199.5,
          200.0,
          200.5,
          201.0,
          201.5,
          202.0,
          202.5,
          203.0,
          203.5,
          204.0,
          204.5,
          205.0,
          205.5,
          206.0,
          206.5,
          207.0,
          207.5,
          208.0,
          208.5,
          209.0,
          209.5,
          210.0,
          210.5,
          211.0,
          211.5,
          212.0,
          212.5,
          213.0,
          213.5,
          214.0,
          214.5,
          215.0,
          215.5,
          216.0,
          216.5,
          217.0,
          217.5,
          218.0,
          218.5,
          219.0,
          219.5,
          220.0,
          220.5,
          221.0,
          221.5,
          222.0,
          222.5,
          223.0,
          223.5,
          224.0,
          224.5,
          225.0,
          225.5,
          226.0,
          226.5,
          227.0,
          227.5,
          228.0,
          228.5,
          229.0,
          229.5,
          230.0,
          230.5,
          231.0,
          231.5,
          232.0,
          232.5,
          233.0,
          233.5,
          234.0,
          234.5,
          235.0,
          235.5,
          236.0,
          236.5,
          237.0,
          237.5,
          238.0,
          238.5,
          239.0,
          239.5,
          240.0,
          240.5,
          241.0,
          241.5,
          242.0,
          242.5,
          243.0,
          243.5,
          244.0,
          244.5,
          245.0,
          245.5,
          246.0,
          246.5,
          247.0,
          247.5,
          248.0,
          248.5,
          249.0,
          249.5,
          250.0,
          250.5,
          251.0,
          251.5,
          252.0,
          252.5,
          253.0,
          253.5,
          254.0,
          254.5,
          255.0,
          255.5,
          256.0,
          256.5,
          257.0,
          257.5,
          258.0,
          258.5,
          259.0,
          259.5,
          260.0,
          260.5,
          261.0,
          261.5,
          262.0,
          262.5,
          263.0,
          263.5,
          264.0,
          264.5,
          265.0,
          265.5,
          266.0,
          266.5,
          267.0,
          267.5,
          268.0,
          268.5,
          269.0,
          269.5,
          270.0,
          270.5,
          271.0,
          271.5,
          272.0,
          272.5,
          273.0,
          273.5,
          274.0,
          274.5,
          275.0,
          275.5,
          276.0,
          276.5,
          277.0,
          277.5,
          278.0,
          278.5,
          279.0,
          279.5,
          280.0,
          280.5,
          281.0,
          281.5,
          282.0,
          282.5,
          283.0,
          283.5,
          284.0,
          284.5,
          285.0,
          285.5,
          286.0,
          286.5,
          287.0,
          287.5,
          288.0,
          288.5,
          289.0,
          289.5,
          290.0,
          290.5,
          291.0,
          291.5,
          292.0,
          292.5,
          293.0,
          293.5,
          294.0,
          294.5,
          295.0,
          295.5,
          296.0,
          296.5,
          297.0,
          297.5,
          298.0,
          298.5,
          299.0,
          299.5,
          300.0,
          300.5,
          301.0,
          301.5,
          302.0,
          302.5,
          303.0,
          303.5,
          304.0,
          304.5,
          305.0,
          305.5,
          306.0,
          306.5,
          307.0,
          307.5,
          308.0,
          308.5,
          309.0,
          309.5,
          310.0,
          310.5,
          311.0,
          311.5,
          312.0,
          312.5,
          313.0,
          313.5,
          314.0,
          314.5,
          315.0,
          315.5,
          316.0,
          316.5,
          317.0,
          317.5,
          318.0,
          318.5,
          319.0,
          319.5,
          320.0,
          320.5,
          321.0,
          321.5,
          322.0,
          322.5,
          323.0,
          323.5,
          324.0,
          324.5,
          325.0,
          325.5,
          326.0,
          326.5,
          327.0,
          327.5,
          328.0,
          328.5,
          329.0,
          329.5,
          330.0,
          330.5,
          331.0,
          331.5,
          332.0,
          332.5,
          333.0,
          333.5,
          334.0,
          334.5,
          335.0,
          335.5,
          336.0,
          336.5,
          337.0,
          337.5,
          338.0,
          338.5,
          339.0,
          339.5,
          340.0,
          340.5,
          341.0,
          341.5,
          342.0,
          342.5,
          343.0,
          343.5,
          344.0,
          344.5,
          345.0,
          345.5,
          346.0,
          346.5,
          347.0,
          347.5,
          348.0,
          348.5,
          349.0,
          349.5,
          350.0,
          350.5,
          351.0,
          351.5,
          352.0,
          352.5,
          353.0,
          353.5,
          354.0,
          354.5,
          355.0,
          355.5,
          356.0,
          356.5,
          357.0,
          357.5,
          358.0,
          358.5,
          359.0,
          359.5
        ],
        "altitude_deg": [
          7.522,
          7.503,
          7.492,
          7.567,
          7.646,
          7.725,
          7.805,
          7.888,
          7.972,
          8.055,
          8.137,
          8.219,
          8.302,
          8.384,
          8.471,
          8.568,
          8.674,
          8.786,
          8.863,
          8.827,
          8.798,
          8.767,
          8.736,
          8.702,
          8.668,
          8.658,
          8.661,
          8.662,
          8.66,
          8.657,
          8.68,
          8.686,
          8.64,
          8.581,
          8.519,
          8.473,
          8.433,
          8.368,
          8.299,
          8.244,
          8.212,
          8.144,
          8.066,
          8.023,
          7.982,
          7.904,
          7.915,
          7.959,
          8.011,
          8.067,
          8.126,
          8.188,
          8.228,
          8.293,
          8.361,
          8.385,
          8.458,
          8.514,
          8.545,
          8.626,
          8.659,
          8.741,
          8.814,
          8.858,
          8.944,
          8.977,
          9.059,
          9.108,
          9.175,
          9.234,
          9.291,
          9.358,
          9.435,
          9.513,
          9.589,
          9.661,
          9.728,
          9.789,
          9.842,
          9.912,
          9.935,
          9.85,
          9.759,
          9.68,
          9.599,
          9.507,
          9.425,
          9.34,
          9.252,
          9.165,
          9.079,
          8.995,
          8.912,
          8.83,
          8.745,
          8.658,
          8.58,
          8.491,
          8.401,
          8.312,
          8.237,
          8.105,
          7.93,
          7.793,
          7.629,
          7.482,
          7.329,
          7.182,
          7.041,
          6.911,
          6.787,
          6.669,
          6.558,
          6.457,
          6.458,
          6.437,
          6.471,
          6.485,
          6.44,
          6.372,
          6.214,
          6.043,
          5.871,
          5.702,
          5.536,
          5.372,
          5.214,
          5.058,
          4.907,
          4.76,
          4.615,
          4.477,
          4.466,
          4.478,
          4.498,
          4.527,
          4.546,
          4.58,
          4.616,
          4.624,
          4.683,
          4.69,
          4.717,
          4.766,
          4.693,
          4.562,
          4.458,
          4.329,
          4.204,
          4.086,
          3.966,
          3.86,
          3.878,
          3.93,
          4.009,
          4.077,
          4.15,
          4.124,
          4.095,
          4.037,
          3.975,
          3.946,
          3.916,
          3.871,
          3.803,
          3.729,
          3.676,
          3.616,
          3.553,
          3.507,
          3.579,
          3.648,
          3.641,
          3.517,
          3.394,
          3.383,
          3.496,
          3.608,
          3.742,
          3.91,
          4.077,
          4.087,
          3.928,
          3.773,
          3.619,
          3.463,
          3.308,
          3.153,
          2.997,
          2.842,
          2.686,
          2.534,
          2.45,
          2.445,
          2.508,
          2.571,
          2.638,
          2.705,
          2.772,
          2.838,
          2.904,
          2.97,
          3.035,
          3.17,
          3.323,
          3.469,
          3.614,
          3.758,
          3.9,
          4.04,
          4.179,
          4.316,
          4.451,
          4.605,
          4.767,
          4.93,
          5.094,
          5.259,
          5.399,
          5.527,
          5.564,
          5.571,
          5.496,
          5.507,
          5.506,
          5.46,
          5.463,
          5.424,
          5.42,
          5.394,
          5.378,
          5.363,
          5.351,
          5.34,
          5.332,
          5.326,
          5.328,
          5.333,
          5.339,
          5.347,
          5.357,
          5.369,
          5.383,
          5.4,
          5.425,
          5.458,
          5.492,
          5.526,
          5.56,
          5.595,
          5.631,
          5.666,
          5.702,
          5.739,
          5.777,
          5.816,
          5.855,
          5.894,
          5.933,
          5.973,
          6.014,
          6.054,
          6.095,
          6.137,
          6.178,
          6.22,
          6.263,
          6.305,
          6.348,
          6.392,
          6.436,
          6.48,
          6.524,
          6.569,
          6.614,
          6.66,
          6.705,
          6.751,
          6.798,
          6.844,
          6.891,
          6.938,
          6.986,
          7.034,
          7.082,
          7.13,
          7.179,
          7.227,
          7.277,
          7.328,
          7.379,
          7.43,
          7.481,
          7.533,
          7.585,
          7.637,
          7.689,
          7.742,
          7.794,
          7.847,
          7.901,
          7.956,
          8.012,
          8.068,
          8.123,
          8.179,
          8.235,
          8.273,
          8.326,
          8.38,
          8.434,
          8.489,
          8.544,
          8.598,
          8.651,
          8.704,
          8.755,
          8.806,
          8.824,
          8.873,
          8.922,
          8.97,
          9.018,
          9.064,
          9.11,
          9.156,
          9.2,
          9.244,
          9.287,
          9.329,
          9.371,
          9.412,
          9.452,
          9.491,
          9.529,
          9.562,
          9.564,
          9.6,
          9.635,
          9.67,
          9.703,
          9.736,
          9.768,
          9.8,
          9.83,
          9.86,
          9.889,
          9.917,
          9.944,
          9.971,
          9.996,
          10.021,
          10.045,
          10.069,
          10.091,
          10.113,
          10.133,
          10.153,
          10.172,
          10.191,
          10.208,
          10.225,
          10.241,
          10.255,
          10.246,
          10.2,
          10.154,
          10.106,
          10.058,
          10.009,
          9.96,
          9.909,
          9.858,
          9.806,
          9.753,
          9.699,
          9.645,
          9.589,
          9.567,
          9.476,
          9.419,
          9.36,
          9.301,
          9.241,
          9.181,
          9.146,
          9.089,
          9.026,
          8.962,
          8.897,
          8.832,
          8.766,
          8.7,
          8.632,
          8.564,
          8.583,
          8.772,
          8.899,
          9.107,
          9.301,
          9.343,
          9.456,
          9.627,
          9.709,
          9.77,
          9.852,
          9.893,
          9.934,
          10.036,
          10.072,
          10.112,
          10.132,
          10.132,
          10.179,
          10.179,
          10.172,
          10.172,
          10.132,
          10.123,
          10.056,
          9.954,
          9.934,
          9.829,
          9.791,
          9.77,
          9.688,
          9.635,
          9.556,
          9.469,
          9.392,
          9.274,
          9.237,
          9.142,
          8.954,
          8.851,
          8.758,
          8.642,
          8.52,
          8.429,
          8.315,
          8.204,
          8.119,
          8.069,
          7.933,
          7.852,
          7.784,
          7.634,
          7.567,
          7.442,
          7.377,
          7.115,
          6.938,
          6.801,
          6.655,
          6.514,
          6.321,
          6.228,
          6.085,
          5.937,
          5.76,
          5.715,
          5.687,
          5.734,
          5.782,
          5.772,
          5.821,
          5.853,
          5.859,
          5.91,
          5.898,
          5.951,
          5.946,
          5.977,
          5.931,
          5.778,
          5.627,
          5.477,
          5.344,
          5.194,
          5.045,
          4.896,
          4.749,
          4.602,
          4.457,
          4.315,
          4.174,
          4.035,
          3.897,
          3.76,
          3.627,
          3.495,
          3.364,
          3.237,
          3.112,
          2.987,
          2.866,
          2.748,
          2.63,
          2.517,
          2.406,
          2.296,
          2.191,
          2.087,
          1.984,
          1.882,
          1.781,
          1.68,
          1.581,
          1.485,
          1.412,
          1.338,
          1.267,
          1.198,
          1.129,
          1.059,
          0.989,
          0.918,
          0.848,
          0.777,
          0.704,
          0.63,
          0.556,
          0.482,
          0.408,
          0.335,
          0.261,
          0.188,
          0.178,
          0.232,
          0.284,
          0.336,
          0.389,
          0.443,
          0.498,
          0.556,
          0.613,
          0.671,
          0.728,
          0.786,
          0.842,
          0.715,
          0.603,
          0.663,
          0.723,
          0.782,
          0.804,
          0.786,
          0.768,
          0.798,
          0.832,
          0.908,
          0.996,
          1.088,
          1.16,
          1.249,
          1.418,
          1.579,
          1.615,
          1.738,
          1.859,
          2.004,
          2.06,
          2.105,
          2.155,
          2.192,
          2.241,
          2.234,
          2.266,
          2.257,
          2.058,
          1.854,
          1.681,
          1.848,
          1.843,
          1.789,
          1.854,
          2.013,
          2.043,
          1.91,
          1.874,
          1.894,
          1.917,
          1.939,
          1.978,
          2.041,
          2.045,
          2.05,
          2.031,
          1.96,
          1.894,
          1.835,
          1.782,
          1.741,
          1.733,
          1.759,
          1.82,
          1.925,
          2.032,
          2.14,
          2.194,
          2.189,
          2.051,
          2.164,
          2.221,
          2.27,
          2.414,
          2.599,
          2.792,
          2.981,
          3.179,
          3.259,
          3.292,
          3.346,
          3.39,
          3.493,
          3.629,
          3.768,
          3.911,
          4.057,
          4.206,
          4.354,
          4.502,
          4.493,
          4.355,
          4.21,
          4.072,
          3.947,
          3.835,
          3.736,
          3.651,
          3.579,
          3.521,
          3.475,
          3.443,
          3.425,
          3.416,
          3.422,
          3.462,
          3.534,
          3.615,
          3.695,
          3.788,
          3.864,
          3.955,
          4.043,
          4.136,
          4.239,
          4.351,
          4.46,
          4.573,
          4.694,
          4.817,
          4.911,
          4.924,
          4.937,
          4.983,
          4.981,
          5.034,
          5.032,
          5.067,
          5.08,
          5.104,
          5.104,
          5.124,
          5.108,
          5.146,
          5.111,
          5.165,
          5.143,
          5.15,
          5.169,
          5.162,
          5.166,
          5.139,
          5.112,
          5.101,
          5.074,
          5.047,
          5.034,
          5.007,
          4.979,
          4.965,
          4.937,
          4.971,
          5.053,
          5.117,
          5.174,
          5.251,
          5.356,
          5.459,
          5.557,
          5.66,
          5.767,
          5.875,
          5.984,
          6.095,
          6.206,
          6.319,
          6.431,
          6.532,
          6.632,
          6.731,
          6.835,
          6.946,
          7.056,
          7.148,
          7.187,
          7.224,
          7.249,
          7.269,
          7.288,
          7.304,
          7.332,
          7.365,
          7.396,
          7.426,
          7.455,
          7.483,
          7.511,
          7.537
        ]
      },
      "geometry": {
        "type": "LineString",
        "coordinates": [
          [
            -119.155333,
            34.50523543198767
          ],
          [
            -119.15457347898514,
            34.50523268597684
          ],
          [
            -119.15381401581075,
            34.50522444815347
          ],
          [
            -119.15305466831288,
            34.505210719144905
          ],
          [
            -119.15229549431879,
            34.505191499996656
          ],
          [
            -119.15153655164252,
            34.50516679217233
          ],
          [
            -119.15077789808049,
            34.505136597553545
          ],
          [
            -119.15001959140712,
            34.505100918439716
          ],
          [
            -119.14926168937036,
            34.50505975754796
          ],
          [
            -119.14850424968743,
            34.50501311801283
          ],
          [
            -119.14774733004027,
            34.504961003386114
          ],
          [
            -119.14699098807124,
            34.504903417636534
          ],
          [
            -119.14623528137872,
            34.50484036514947
          ],
          [
            -119.14548026751271,
            34.50477185072662
          ],
          [
            -119.1447260039704,
            34.50469787958562
          ],
          [
            -119.14397254819193,
            34.504618457359655
          ],
          [
            -119.14321995755583,
            34.50453359009703
          ],
          [
            -119.14246828937482,
            34.50444328426073
          ],
          [
            -119.14171760089133,
            34.504347546727885
          ],
          [
            -119.14096794927319,
            34.50424638478928
          ],
          [
            -119.14021939160928,
            34.50413980614879
          ],
          [
            -119.13947198490517,
            34.504027818922786
          ],
          [
            -119.13872578607877,
            34.50391043163954
          ],
          [
            -119.137980851956,
            34.50378765323853
          ],
          [
            -119.13723723926648,
            34.503659493069826
          ],
          [
            -119.13649500463922,
            34.503525960893306
          ],
          [
            -119.13575420459823,
            34.50338706687798
          ],
          [
            -119.13501489555831,
            34.50324282160114
          ],
          [
            -119.1342771338207,
            34.50309323604764
          ],
          [
            -119.13354097556883,
            34.502938321608994
          ],
          [
            -119.132806476864,
            34.502778090082536
          ],
          [
            -119.13207369364112,
            34.502612553670524
          ],
          [
            -119.13134268170445,
            34.502441724979185
          ],
          [
            -119.13061349672343,
            34.5022656170178
          ],
          [
            -119.12988619422826,
            34.50208424319765
          ],
          [
            -119.1291608296059,
            34.501897617331075
          ],
          [
            -119.12843745809563,
            34.50170575363035
          ],
          [
            -119.127716134785,
            34.501508666706634
          ],
          [
            -119.1269969146056,
            34.501306371568866
          ],
          [
            -119.12627985232879,
            34.501098883622596
          ],
          [
            -119.12556500256167,
            34.500886218668846
          ],
          [
            -119.1248524197428,
            34.50066839290287
          ],
          [
            -119.12414215813813,
            34.50044542291293
          ],
          [
            -119.12343427183683,
            34.50021732567908
          ],
          [
            -119.12272881474718,
            34.49998411857179
          ],
          [
            -119.12202584059246,
            34.499745819350686
          ],
          [
            -119.12132540290689,
            34.49950244616318
          ],
          [
            -119.1206275550315,
            34.49925401754308
          ],
          [
            -119.11993235011012,
            34.499000552409186
          ],
          [
            -119.11923984108529,
            34.498742070063855
          ],
          [
            -119.11855008069425,
            34.49847859019152
          ],
          [
            -119.11786312146492,
            34.498210132857174
          ],
          [
            -119.11717901571191,
            34.4979367185049
          ],
          [
            -119.11649781553253,
            34.49765836795626
          ],
          [
            -119.1158195728028,
            34.497375102408725
          ],
          [
            -119.11514433917354,
            34.49708694343406
          ],
          [
            -119.11447216606639,
            34.496793912976685
          ],
          [
            -119.11380310466994,
            34.496496033352
          ],
          [
            -119.11313720593581,
            34.496193327244704
          ],
          [
            -119.11247452057478,
            34.49588581770703
          ],
          [
            -119.11181509905288,
            34.495573528157024
          ],
          [
            -119.11115899158763,
            34.49525648237674
          ],
          [
            -119.11050624814413,
            34.49493470451044
          ],
          [
            -119.10985691843136,
            34.49460821906276
          ],
          [
            -119.10921105189826,
            34.494277050896834
          ],
          [
            -119.10856869773006,
            34.4939412252324
          ],
          [
            -119.10792990484455,
            34.49360076764387
          ],
          [
            -119.10729472188827,
            34.49325570405841
          ],
          [
            -119.10666319723285,
            34.49290606075397
          ],
          [
            -119.10603537897134,
            34.49255186435721
          ],
          [
            -119.10541131491455,
            34.492193141841575
          ],
          [
            -119.10479105258734,
            34.49182992052517
          ],
          [
            -119.1041746392251,
            34.491462228068706
          ],
          [
            -119.10356212177012,
            34.491090092473385
          ],
          [
            -119.10295354686795,
            34.49071354207878
          ],
          [
            -119.10234896086394,
            34.490332605560646
          ],
          [
            -119.10174840979964,
            34.48994731192879
          ],
          [
            -119.10115193940933,
            34.489557690524805
          ],
          [
            -119.10055959511658,
            34.48916377101987
          ],
          [
            -119.09997142203066,
            34.48876558341248
          ],
          [
            -119.09938746494325,
            34.48836315802617
          ],
          [
            -119.09880776832493,
            34.48795652550718
          ],
          [
            -119.09823237632185,
            34.48754571682216
          ],
          [
            -119.09766133275234,
            34.48713076325578
          ],
          [
            -119.09709468110357,
            34.486711696408356
          ],
          [
            -119.09653246452827,
            34.48628854819346
          ],
          [
            -119.0959747258414,
            34.48586135083546
          ],
          [
            -119.09542150751692,
            34.48543013686708
          ],
          [
            -119.09487285168456,
            34.48499493912695
          ],
          [
            -119.09432880012656,
            34.48455579075706
          ],
          [
            -119.09378939427457,
            34.48411272520024
          ],
          [
            -119.09325467520644,
            34.483665776197675
          ],
          [
            -119.09272468364308,
            34.48321497778625
          ],
          [
            -119.09219945994542,
            34.482760364296
          ],
          [
            -119.09167904411125,
            34.482301970347514
          ],
          [
            -119.09116347577228,
            34.48183983084926
          ],
          [
            -119.09065279419102,
            34.48137398099495
          ],
          [
            -119.09014703825785,
            34.480904456260866
          ],
          [
            -119.08964624648804,
            34.480431292403125
          ],
          [
            -119.08915045701883,
            34.47995452545498
          ],
          [
            -119.08865970760651,
            34.47947419172409
          ],
          [
            -119.08817403562354,
            34.478990327789724
          ],
          [
            -119.08769347805571,
            34.478502970499996
          ],
          [
            -119.08721807149938,
            34.478012156969044
          ],
          [
            -119.08674785215855,
            34.47751792457423
          ],
          [
            -119.08628285584227,
            34.47702031095326
          ],
          [
            -119.08582311796181,
            34.476519354001326
          ],
          [
            -119.085368673528,
            34.476015091868256
          ],
          [
            -119.08491955714851,
            34.475507562955556
          ],
          [
            -119.08447580302531,
            34.47499680591353
          ],
          [
            -119.084037444952,
            34.47448285963828
          ],
          [
            -119.08360451631124,
            34.47396576326882
          ],
          [
            -119.08317705007221,
            34.47344555618404
          ],
          [
            -119.08275507878814,
            34.47292227799972
          ],
          [
            -119.08233863459377,
            34.47239596856553
          ],
          [
            -119.08192774920293,
            34.471866667961955
          ],
          [
            -119.08152245390613,
            34.4713344164973
          ],
          [
            -119.0811227795682,
            34.47079925470456
          ],
          [
            -119.08072875662587,
            34.47026122333839
          ],
          [
            -119.0803404150855,
            34.469720363371955
          ],
          [
            -119.07995778452083,
            34.46917671599384
          ],
          [
            -119.07958089407065,
            34.46863032260489
          ],
          [
            -119.07920977243661,
            34.46808122481509
          ],
          [
            -119.07884444788108,
            34.46752946444035
          ],
          [
            -119.07848494822493,
            34.46697508349936
          ],
          [
            -119.07813130084546,
            34.46641812421038
          ],
          [
            -119.07778353267426,
            34.465858628988016
          ],
          [
            -119.07744167019526,
            34.465296640439995
          ],
          [
            -119.07710573944259,
            34.46473220136392
          ],
          [
            -119.07677576599866,
            34.46416535474401
          ],
          [
            -119.07645177499226,
            34.463596143747836
          ],
          [
            -119.07613379109655,
            34.46302461172301
          ],
          [
            -119.07582183852723,
            34.46245080219391
          ],
          [
            -119.07551594104069,
            34.461874758858364
          ],
          [
            -119.07521612193223,
            34.461296525584295
          ],
          [
            -119.0749224040342,
            34.4607161464064
          ],
          [
            -119.07463480971438,
            34.460133665522804
          ],
          [
            -119.0743533608742,
            34.45954912729169
          ],
          [
            -119.07407807894704,
            34.4589625762279
          ],
          [
            -119.07380898489673,
            34.45837405699956
          ],
          [
            -119.07354609921579,
            34.457783614424706
          ],
          [
            -119.073289441924,
            34.45719129346781
          ],
          [
            -119.07303903256681,
            34.456597139236415
          ],
          [
            -119.07279489021384,
            34.45600119697767
          ],
          [
            -119.0725570334575,
            34.455403512074874
          ],
          [
            -119.0723254804115,
            34.454804130044046
          ],
          [
            -119.07210024870948,
            34.45420309653046
          ],
          [
            -119.07188135550372,
            34.45360045730514
          ],
          [
            -119.07166881746379,
            34.45299625826139
          ],
          [
            -119.07146265077527,
            34.45239054541132
          ],
          [
            -119.07126287113857,
            34.451783364882296
          ],
          [
            -119.07106949376767,
            34.45117476291347
          ],
          [
            -119.07088253338901,
            34.45056478585224
          ],
          [
            -119.07070200424035,
            34.44995348015072
          ],
          [
            -119.07052792006967,
            34.4493408923622
          ],
          [
            -119.07036029413416,
            34.44872706913762
          ],
          [
            -119.0701991391992,
            34.44811205722199
          ],
          [
            -119.07004446753734,
            34.44749590345086
          ],
          [
            -119.06989629092745,
            34.446878654746705
          ],
          [
            -119.06975462065373,
            34.44626035811542
          ],
          [
            -119.06961946750491,
            34.44564106064268
          ],
          [
            -119.06949084177346,
            34.44502080949039
          ],
          [
            -119.06936875325471,
            34.444399651893065
          ],
          [
            -119.06925321124616,
            34.44377763515428
          ],
          [
            -119.06914422454682,
            34.443154806643
          ],
          [
            -119.06904180145641,
            34.44253121379004
          ],
          [
            -119.06894594977486,
            34.441906904084405
          ],
          [
            -119.06885667680163,
            34.441281925069696
          ],
          [
            -119.06877398933524,
            34.44065632434048
          ],
          [
            -119.06869789367263,
            34.440030149538686
          ],
          [
            -119.0686283956088,
            34.43940344834994
          ],
          [
            -119.06856550043626,
            34.438776268499964
          ],
          [
            -119.06850921294476,
            34.43814865775094
          ],
          [
            -119.06845953742081,
            34.43752066389785
          ],
          [
            -119.06841647764736,
            34.43689233476486
          ],
          [
            -119.0683800369036,
            34.436263718201666
          ],
          [
            -119.06835021796464,
            34.435634862079844
          ],
          [
            -119.0683270231013,
            34.43500581428924
          ],
          [
            -119.06831045407995,
            34.43437662273426
          ],
          [
            -119.0683005121624,
            34.433747335330295
          ],
          [
            -119.06829719810575,
            34.433118
          ],
          [
            -119.0683005121624,
            34.432488664669705
          ],
          [
            -119.06831045407995,
            34.43185937726574
          ],
          [
            -119.0683270231013,
            34.43123018571076
          ],
          [
            -119.06835021796464,
            34.430601137920156
          ],
          [
            -119.0683800369036,
            34.429972281798335
          ],
          [
            -119.06841647764736,
            34.42934366523514
          ],
          [
            -119.06845953742081,
            34.42871533610215
          ],
          [
            -119.06850921294476,
            34.42808734224906
          ],
          [
            -119.06856550043626,
            34.427459731500036
          ],
          [
            -119.0686283956088,
            34.42683255165006
          ],
          [
            -119.06869789367263,
            34.426205850461315
          ],
          [
            -119.06877398933524,
            34.42557967565952
          ],
          [
            -119.06885667680163,
            34.424954074930305
          ],
          [
            -119.06894594977486,
            34.424329095915596
          ],
          [
            -119.06904180145641,
            34.42370478620996
          ],
          [
            -119.06914422454682,
            34.423081193357
          ],
          [
            -119.06925321124616,
            34.422458364845724
          ],
          [
            -119.06936875325471,
            34.421836348106936
          ],
          [
            -119.06949084177346,
            34.42121519050961
          ],
          [
            -119.06961946750491,
            34.42059493935732
          ],
          [
            -119.06975462065373,
            34.419975641884584
          ],
          [
            -119.06989629092745,
            34.419357345253296
          ],
          [
            -119.07004446753734,
            34.41874009654914
          ],
          [
            -119.0701991391992,
            34.41812394277801
          ],
          [
            -119.07036029413416,
            34.41750893086238
          ],
          [
            -119.07052792006967,
            34.4168951076378
          ],
          [
            -119.07070200424035,
            34.41628251984928
          ],
          [
            -119.07088253338901,
            34.415671214147764
          ],
          [
            -119.07106949376767,
            34.41506123708653
          ],
          [
            -119.07126287113857,
            34.414452635117705
          ],
          [
            -119.07146265077527,
            34.41384545458868
          ],
          [
            -119.07166881746379,
            34.41323974173861
          ],
          [
            -119.07188135550372,
            34.41263554269486
          ],
          [
            -119.07210024870948,
            34.41203290346954
          ],
          [
            -119.0723254804115,
            34.411431869955955
          ],
          [
            -119.0725570334575,
            34.41083248792513
          ],
          [
            -119.07279489021384,
            34.410234803022334
          ],
          [
            -119.07303903256681,
            34.409638860763586
          ],
          [
            -119.073289441924,
            34.40904470653219
          ],
          [
            -119.07354609921579,
            34.408452385575295
          ],
          [
            -119.07380898489673,
            34.40786194300044
          ],
          [
            -119.07407807894704,
            34.407273423772104
          ],
          [
            -119.0743533608742,
            34.40668687270831
          ],
          [
            -119.07463480971438,
            34.4061023344772
          ],
          [
            -119.0749224040342,
            34.4055198535936
          ],
          [
            -119.07521612193223,
            34.404939474415706
          ],
          [
            -119.07551594104069,
            34.404361241141636
          ],
          [
            -119.07582183852723,
            34.40378519780609
          ],
          [
            -119.07613379109655,
            34.40321138827699
          ],
          [
            -119.07645177499226,
            34.402639856252165
          ],
          [
            -119.07677576599866,
            34.40207064525599
          ],
          [
            -119.07710573944259,
            34.40150379863608
          ],
          [
            -119.07744167019526,
            34.400939359560006
          ],
          [
            -119.07778353267426,
            34.400377371011984
          ],
          [
            -119.07813130084546,
            34.39981787578962
          ],
          [
            -119.07848494822493,
            34.399260916500644
          ],
          [
            -119.07884444788108,
            34.398706535559654
          ],
          [
            -119.07920977243661,
            34.39815477518491
          ],
          [
            -119.07958089407065,
            34.39760567739511
          ],
          [
            -119.07995778452083,
            34.39705928400616
          ],
          [
            -119.0803404150855,
            34.396515636628045
          ],
          [
            -119.08072875662587,
            34.39597477666161
          ],
          [
            -119.0811227795682,
            34.39543674529544
          ],
          [
            -119.08152245390613,
            34.3949015835027
          ],
          [
            -119.08192774920293,
            34.394369332038046
          ],
          [
            -119.08233863459377,
            34.39384003143447
          ],
          [
            -119.08275507878814,
            34.39331372200028
          ],
          [
            -119.08317705007221,
            34.39279044381596
          ],
          [
            -119.08360451631124,
            34.39227023673118
          ],
          [
            -119.084037444952,
            34.39175314036172
          ],
          [
            -119.08447580302531,
            34.391239194086474
          ],
          [
            -119.08491955714851,
            34.390728437044444
          ],
          [
            -119.085368673528,
            34.390220908131745
          ],
          [
            -119.08582311796181,
            34.389716645998675
          ],
          [
            -119.08628285584227,
            34.38921568904674
          ],
          [
            -119.08674785215855,
            34.38871807542577
          ],
          [
            -119.08721807149938,
            34.38822384303096
          ],
          [
            -119.08769347805571,
            34.387733029500005
          ],
          [
            -119.08817403562354,
            34.38724567221028
          ],
          [
            -119.08865970760651,
            34.386761808275914
          ],
          [
            -119.08915045701883,
            34.38628147454502
          ],
          [
            -119.08964624648804,
            34.385804707596876
          ],
          [
            -119.09014703825785,
            34.385331543739134
          ],
          [
            -119.09065279419102,
            34.38486201900505
          ],
          [
            -119.09116347577228,
            34.38439616915074
          ],
          [
            -119.09167904411125,
            34.38393402965249
          ],
          [
            -119.09219945994542,
            34.383475635704
          ],
          [
            -119.09272468364308,
            34.383021022213754
          ],
          [
            -119.09325467520644,
            34.382570223802325
          ],
          [
            -119.09378939427457,
            34.38212327479976
          ],
          [
            -119.09432880012656,
            34.381680209242944
          ],
          [
            -119.09487285168456,
            34.38124106087305
          ],
          [
            -119.09542150751692,
            34.38080586313292
          ],
          [
            -119.0959747258414,
            34.380374649164544
          ],
          [
            -119.09653246452827,
            34.379947451806544
          ],
          [
            -119.09709468110357,
            34.379524303591644
          ],
          [
            -119.09766133275234,
            34.37910523674422
          ],
          [
            -119.09823237632185,
            34.37869028317784
          ],
          [
            -119.09880776832493,
            34.37827947449282
          ],
          [
            -119.09938746494325,
            34.37787284197383
          ],
          [
            -119.09997142203066,
            34.37747041658752
          ],
          [
            -119.10055959511658,
            34.37707222898013
          ],
          [
            -119.10115193940933,
            34.376678309475196
          ],
          [
            -119.10174840979964,
            34.37628868807121
          ],
          [
            -119.10234896086394,
            34.375903394439355
          ],
          [
            -119.10295354686795,
            34.37552245792122
          ],
          [
            -119.10356212177012,
            34.375145907526615
          ],
          [
            -119.1041746392251,
            34.374773771931295
          ],
          [
            -119.10479105258734,
            34.37440607947483
          ],
          [
            -119.10541131491455,
            34.374042858158425
          ],
          [
            -119.10603537897134,
            34.37368413564279
          ],
          [
            -119.10666319723285,
            34.373329939246034
          ],
          [
            -119.10729472188827,
            34.37298029594159
          ],
          [
            -119.10792990484455,
            34.37263523235613
          ],
          [
            -119.10856869773006,
            34.3722947747676
          ],
          [
            -119.10921105189826,
            34.37195894910317
          ],
          [
            -119.10985691843136,
            34.37162778093724
          ],
          [
            -119.11050624814413,
            34.37130129548956
          ],
          [
            -119.11115899158763,
            34.37097951762326
          ],
          [
            -119.11181509905288,
            34.37066247184298
          ],
          [
            -119.11247452057478,
            34.370350182292974
          ],
          [
            -119.11313720593581,
            34.3700426727553
          ],
          [
            -119.11380310466994,
            34.369739966648
          ],
          [
            -119.11447216606639,
            34.369442087023316
          ],
          [
            -119.11514433917354,
            34.36914905656594
          ],
          [
            -119.1158195728028,
            34.368860897591276
          ],
          [
            -119.11649781553253,
            34.36857763204374
          ],
          [
            -119.11717901571191,
            34.3682992814951
          ],
          [
            -119.11786312146492,
            34.368025867142826
          ],
          [
            -119.11855008069425,
            34.36775740980848
          ],
          [
            -119.11923984108529,
            34.367493929936145
          ],
          [
            -119.11993235011012,
            34.367235447590815
          ],
          [
            -119.1206275550315,
            34.36698198245692
          ],
          [
            -119.12132540290689,
            34.36673355383682
          ],
          [
            -119.12202584059246,
            34.366490180649315
          ],
          [
            -119.12272881474718,
            34.36625188142821
          ],
          [
            -119.12343427183683,
            34.36601867432092
          ],
          [
            -119.12414215813813,
            34.36579057708707
          ],
          [
            -119.1248524197428,
            34.365567607097134
          ],
          [
            -119.12556500256167,
            34.365349781331155
          ],
          [
            -119.12627985232879,
            34.365137116377404
          ],
          [
            -119.1269969146056,
            34.364929628431135
          ],
          [
            -119.127716134785,
            34.36472733329337
          ],
          [
            -119.12843745809563,
            34.364530246369654
          ],
          [
            -119.1291608296059,
            34.364338382668926
          ],
          [
            -119.12988619422826,
            34.36415175680235
          ],
          [
            -119.13061349672343,
            34.3639703829822
          ],
          [
            -119.13134268170445,
            34.363794275020815
          ],
          [
            -119.13207369364112,
            34.36362344632948
          ],
          [
            -119.132806476864,
            34.363457909917464
          ],
          [
            -119.13354097556883,
            34.36329767839101
          ],
          [
            -119.1342771338207,
            34.36314276395236
          ],
          [
            -119.13501489555831,
            34.36299317839886
          ],
          [
            -119.13575420459823,
            34.362848933122024
          ],
          [
            -119.13649500463922,
            34.362710039106695
          ],
          [
            -119.13723723926648,
            34.362576506930175
          ],
          [
            -119.137980851956,
            34.36244834676147
          ],
          [
            -119.13872578607877,
            34.36232556836046
          ],
          [
            -119.13947198490517,
            34.362208181077214
          ],
          [
            -119.14021939160928,
            34.36209619385121
          ],
          [
            -119.14096794927319,
            34.36198961521072
          ],
          [
            -119.14171760089133,
            34.361888453272115
          ],
          [
            -119.14246828937482,
            34.36179271573927
          ],
          [
            -119.14321995755583,
            34.36170240990297
          ],
          [
            -119.14397254819193,
            34.361617542640346
          ],
          [
            -119.1447260039704,
            34.36153812041438
          ],
          [
            -119.14548026751271,
            34.36146414927338
          ],
          [
            -119.14623528137872,
            34.36139563485053
          ],
          [
            -119.14699098807124,
            34.36133258236347
          ],
          [
            -119.14774733004027,
            34.361274996613886
          ],
          [
            -119.14850424968743,
            34.36122288198717
          ],
          [
            -119.14926168937036,
            34.36117624245204
          ],
          [
            -119.15001959140712,
            34.361135081560285
          ],
          [
            -119.15077789808049,
            34.361099402446456
          ],
          [
            -119.15153655164252,
            34.36106920782767
          ],
          [
            -119.15229549431879,
            34.361044500003345
          ],
          [
            -119.15305466831288,
            34.361025280855095
          ],
          [
            -119.15381401581075,
            34.36101155184653
          ],
          [
            -119.15457347898514,
            34.36100331402316
          ],
          [
            -119.155333,
            34.36100056801233
          ],
          [
            -119.15609252101486,
            34.36100331402316
          ],
          [
            -119.15685198418925,
            34.36101155184653
          ],
          [
            -119.15761133168712,
            34.361025280855095
          ],
          [
            -119.1583705056812,
            34.361044500003345
          ],
          [
            -119.15912944835748,
            34.36106920782767
          ],
          [
            -119.1598881019195,
            34.361099402446456
          ],
          [
            -119.16064640859288,
            34.361135081560285
          ],
          [
            -119.16140431062964,
            34.36117624245204
          ],
          [
            -119.16216175031256,
            34.36122288198717
          ],
          [
            -119.16291866995972,
            34.361274996613886
          ],
          [
            -119.16367501192876,
            34.36133258236347
          ],
          [
            -119.16443071862128,
            34.36139563485053
          ],
          [
            -119.16518573248729,
            34.36146414927338
          ],
          [
            -119.16593999602959,
            34.36153812041438
          ],
          [
            -119.16669345180807,
            34.361617542640346
          ],
          [
            -119.16744604244417,
            34.36170240990297
          ],
          [
            -119.16819771062518,
            34.36179271573927
          ],
          [
            -119.16894839910867,
            34.361888453272115
          ],
          [
            -119.16969805072681,
            34.36198961521072
          ],
          [
            -119.17044660839072,
            34.36209619385121
          ],
          [
            -119.17119401509483,
            34.362208181077214
          ],
          [
            -119.17194021392123,
            34.36232556836046
          ],
          [
            -119.172685148044,
            34.36244834676147
          ],
          [
            -119.17342876073351,
            34.362576506930175
          ],
          [
            -119.17417099536078,
            34.362710039106695
          ],
          [
            -119.17491179540177,
            34.362848933122024
          ],
          [
            -119.17565110444168,
            34.36299317839886
          ],
          [
            -119.1763888661793,
            34.36314276395236
          ],
          [
            -119.17712502443116,
            34.36329767839101
          ],
          [
            -119.177859523136,
            34.363457909917464
          ],
          [
            -119.17859230635888,
            34.36362344632948
          ],
          [
            -119.17932331829554,
            34.363794275020815
          ],
          [
            -119.18005250327657,
            34.3639703829822
          ],
          [
            -119.18077980577173,
            34.36415175680235
          ],
          [
            -119.1815051703941,
            34.364338382668926
          ],
          [
            -119.18222854190437,
            34.364530246369654
          ],
          [
            -119.182949865215,
            34.36472733329337
          ],
          [
            -119.1836690853944,
            34.364929628431135
          ],
          [
            -119.1843861476712,
            34.365137116377404
          ],
          [
            -119.18510099743833,
            34.365349781331155
          ],
          [
            -119.1858135802572,
            34.365567607097134
          ],
          [
            -119.18652384186187,
            34.36579057708707
          ],
          [
            -119.18723172816317,
            34.36601867432092
          ],
          [
            -119.18793718525282,
            34.36625188142821
          ],
          [
            -119.18864015940754,
            34.366490180649315
          ],
          [
            -119.1893405970931,
            34.36673355383682
          ],
          [
            -119.1900384449685,
            34.36698198245692
          ],
          [
            -119.19073364988988,
            34.367235447590815
          ],
          [
            -119.19142615891471,
            34.367493929936145
          ],
          [
            -119.19211591930575,
            34.36775740980848
          ],
          [
            -119.19280287853508,
            34.368025867142826
          ],
          [
            -119.19348698428809,
            34.3682992814951
          ],
          [
            -119.19416818446747,
            34.36857763204374
          ],
          [
            -119.19484642719719,
            34.368860897591276
          ],
          [
            -119.19552166082646,
            34.36914905656594
          ],
          [
            -119.1961938339336,
            34.369442087023316
          ],
          [
            -119.19686289533006,
            34.369739966648
          ],
          [
            -119.19752879406418,
            34.3700426727553
          ],
          [
            -119.19819147942522,
            34.370350182292974
          ],
          [
            -119.19885090094712,
            34.37066247184298
          ],
          [
            -119.19950700841237,
            34.37097951762326
          ],
          [
            -119.20015975185586,
            34.37130129548956
          ],
          [
            -119.20080908156864,
            34.37162778093724
          ],
          [
            -119.20145494810174,
            34.37195894910317
          ],
          [
            -119.20209730226993,
            34.3722947747676
          ],
          [
            -119.20273609515544,
            34.37263523235613
          ],
          [
            -119.20337127811173,
            34.37298029594159
          ],
          [
            -119.20400280276715,
            34.373329939246034
          ],
          [
            -119.20463062102866,
            34.37368413564279
          ],
          [
            -119.20525468508545,
            34.374042858158425
          ],
          [
            -119.20587494741265,
            34.37440607947483
          ],
          [
            -119.20649136077489,
            34.374773771931295
          ],
          [
            -119.20710387822987,
            34.375145907526615
          ],
          [
            -119.20771245313205,
            34.37552245792122
          ],
          [
            -119.20831703913606,
            34.375903394439355
          ],
          [
            -119.20891759020036,
            34.37628868807121
          ],
          [
            -119.20951406059066,
            34.376678309475196
          ],
          [
            -119.21010640488342,
            34.37707222898013
          ],
          [
            -119.21069457796933,
            34.37747041658752
          ],
          [
            -119.21127853505675,
            34.37787284197383
          ],
          [
            -119.21185823167507,
            34.37827947449282
          ],
          [
            -119.21243362367815,
            34.37869028317784
          ],
          [
            -119.21300466724766,
            34.37910523674422
          ],
          [
            -119.21357131889643,
            34.379524303591644
          ],
          [
            -119.21413353547173,
            34.379947451806544
          ],
          [
            -119.2146912741586,
            34.380374649164544
          ],
          [
            -119.21524449248308,
            34.38080586313292
          ],
          [
            -119.21579314831544,
            34.38124106087305
          ],
          [
            -119.21633719987344,
            34.381680209242944
          ],
          [
            -119.21687660572543,
            34.38212327479976
          ],
          [
            -119.21741132479356,
            34.382570223802325
          ],
          [
            -119.21794131635691,
            34.383021022213754
          ],
          [
            -119.21846654005458,
            34.383475635704
          ],
          [
            -119.21898695588875,
            34.38393402965249
          ],
          [
            -119.21950252422772,
            34.38439616915074
          ],
          [
            -119.22001320580898,
            34.38486201900505
          ],
          [
            -119.22051896174214,
            34.385331543739134
          ],
          [
            -119.22101975351195,
            34.385804707596876
          ],
          [
            -119.22151554298117,
            34.38628147454502
          ],
          [
            -119.22200629239349,
            34.386761808275914
          ],
          [
            -119.22249196437646,
            34.38724567221028
          ],
          [
            -119.22297252194429,
            34.387733029500005
          ],
          [
            -119.22344792850062,
            34.38822384303096
          ],
          [
            -119.22391814784145,
            34.38871807542577
          ],
          [
            -119.22438314415773,
            34.38921568904674
          ],
          [
            -119.22484288203819,
            34.389716645998675
          ],
          [
            -119.225297326472,
            34.390220908131745
          ],
          [
            -119.22574644285149,
            34.390728437044444
          ],
          [
            -119.22619019697468,
            34.391239194086474
          ],
          [
            -119.226628555048,
            34.39175314036172
          ],
          [
            -119.22706148368876,
            34.39227023673118
          ],
          [
            -119.22748894992779,
            34.39279044381596
          ],
          [
            -119.22791092121186,
            34.39331372200028
          ],
          [
            -119.22832736540623,
            34.39384003143447
          ],
          [
            -119.22873825079706,
            34.394369332038046
          ],
          [
            -119.22914354609387,
            34.3949015835027
          ],
          [
            -119.2295432204318,
            34.39543674529544
          ],
          [
            -119.22993724337412,
            34.39597477666161
          ],
          [
            -119.2303255849145,
            34.396515636628045
          ],
          [
            -119.23070821547917,
            34.39705928400616
          ],
          [
            -119.23108510592935,
            34.39760567739511
          ],
          [
            -119.23145622756338,
            34.39815477518491
          ],
          [
            -119.23182155211892,
            34.398706535559654
          ],
          [
            -119.23218105177507,
            34.399260916500644
          ],
          [
            -119.23253469915454,
            34.39981787578962
          ],
          [
            -119.23288246732574,
            34.400377371011984
          ],
          [
            -119.23322432980474,
            34.400939359560006
          ],
          [
            -119.23356026055741,
            34.40150379863608
          ],
          [
            -119.23389023400134,
            34.40207064525599
          ],
          [
            -119.23421422500773,
            34.402639856252165
          ],
          [
            -119.23453220890345,
            34.40321138827699
          ],
          [
            -119.23484416147276,
            34.40378519780609
          ],
          [
            -119.2351500589593,
            34.404361241141636
          ],
          [
            -119.23544987806777,
            34.404939474415706
          ],
          [
            -119.2357435959658,
            34.4055198535936
          ],
          [
            -119.23603119028562,
            34.4061023344772
          ],
          [
            -119.2363126391258,
            34.40668687270831
          ],
          [
            -119.23658792105296,
            34.407273423772104
          ],
          [
            -119.23685701510327,
            34.40786194300044
          ],
          [
            -119.23711990078421,
            34.408452385575295
          ],
          [
            -119.237376558076,
            34.40904470653219
          ],
          [
            -119.23762696743319,
            34.409638860763586
          ],
          [
            -119.23787110978616,
            34.410234803022334
          ],
          [
            -119.2381089665425,
            34.41083248792513
          ],
          [
            -119.2383405195885,
            34.411431869955955
          ],
          [
            -119.23856575129052,
            34.41203290346954
          ],
          [
            -119.23878464449628,
            34.41263554269486
          ],
          [
            -119.23899718253621,
            34.41323974173861
          ],
          [
            -119.23920334922472,
            34.41384545458868
          ],
          [
            -119.23940312886143,
            34.414452635117705
          ],
          [
            -119.23959650623233,
            34.41506123708653
          ],
          [
            -119.23978346661099,
            34.415671214147764
          ],
          [
            -119.23996399575965,
            34.41628251984928
          ],
          [
            -119.24013807993033,
            34.4168951076378
          ],
          [
            -119.24030570586584,
            34.41750893086238
          ],
          [
            -119.2404668608008,
            34.41812394277801
          ],
          [
            -119.24062153246265,
            34.41874009654914
          ],
          [
            -119.24076970907255,
            34.419357345253296
          ],
          [
            -119.24091137934627,
            34.419975641884584
          ],
          [
            -119.24104653249509,
            34.42059493935732
          ],
          [
            -119.24117515822654,
            34.42121519050961
          ],
          [
            -119.24129724674529,
            34.421836348106936
          ],
          [
            -119.24141278875383,
            34.422458364845724
          ],
          [
            -119.24152177545318,
            34.423081193357
          ],
          [
            -119.24162419854359,
            34.42370478620996
          ],
          [
            -119.24172005022514,
            34.424329095915596
          ],
          [
            -119.24180932319837,
            34.424954074930305
          ],
          [
            -119.24189201066476,
            34.42557967565952
          ],
          [
            -119.24196810632736,
            34.426205850461315
          ],
          [
            -119.2420376043912,
            34.42683255165006
          ],
          [
            -119.24210049956373,
            34.427459731500036
          ],
          [
            -119.24215678705524,
            34.42808734224906
          ],
          [
            -119.24220646257919,
            34.42871533610215
          ],
          [
            -119.24224952235264,
            34.42934366523514
          ],
          [
            -119.24228596309639,
            34.429972281798335
          ],
          [
            -119.24231578203536,
            34.430601137920156
          ],
          [
            -119.2423389768987,
            34.43123018571076
          ],
          [
            -119.24235554592005,
            34.43185937726574
          ],
          [
            -119.2423654878376,
            34.432488664669705
          ],
          [
            -119.24236880189424,
            34.433118
          ],
          [
            -119.2423654878376,
            34.433747335330295
          ],
          [
            -119.24235554592005,
            34.43437662273426
          ],
          [
            -119.2423389768987,
            34.43500581428924
          ],
          [
            -119.24231578203536,
            34.435634862079844
          ],
          [
            -119.24228596309639,
            34.436263718201666
          ],
          [
            -119.24224952235264,
            34.43689233476486
          ],
          [
            -119.24220646257919,
            34.43752066389785
          ],
          [
            -119.24215678705524,
            34.43814865775094
          ],
          [
            -119.24210049956373,
            34.438776268499964
          ],
          [
            -119.2420376043912,
            34.43940344834994
          ],
          [
            -119.24196810632736,
            34.440030149538686
          ],
          [
            -119.24189201066476,
            34.44065632434048
          ],
          [
            -119.24180932319837,
            34.441281925069696
          ],
          [
            -119.24172005022514,
            34.441906904084405
          ],
          [
            -119.24162419854359,
            34.44253121379004
          ],
          [
            -119.24152177545318,
            34.443154806643
          ],
          [
            -119.24141278875383,
            34.44377763515428
          ],
          [
            -119.24129724674529,
            34.444399651893065
          ],
          [
            -119.24117515822654,
            34.44502080949039
          ],
          [
            -119.24104653249509,
            34.44564106064268
          ],
          [
            -119.24091137934627,
            34.44626035811542
          ],
          [
            -119.24076970907255,
            34.446878654746705
          ],
          [
            -119.24062153246265,
            34.44749590345086
          ],
          [
            -119.2404668608008,
            34.44811205722199
          ],
          [
            -119.24030570586584,
            34.44872706913762
          ],
          [
            -119.24013807993033,
            34.4493408923622
          ],
          [
            -119.23996399575965,
            34.44995348015072
          ],
          [
            -119.23978346661099,
            34.45056478585224
          ],
          [
            -119.23959650623233,
            34.45117476291347
          ],
          [
            -119.23940312886143,
            34.451783364882296
          ],
          [
            -119.23920334922472,
            34.45239054541132
          ],
          [
            -119.23899718253621,
            34.45299625826139
          ],
          [
            -119.23878464449628,
            34.45360045730514
          ],
          [
            -119.23856575129052,
            34.45420309653046
          ],
          [
            -119.2383405195885,
            34.454804130044046
          ],
          [
            -119.2381089665425,
            34.455403512074874
          ],
          [
            -119.23787110978616,
            34.45600119697767
          ],
          [
            -119.23762696743319,
            34.456597139236415
          ],
          [
            -119.237376558076,
            34.45719129346781
          ],
          [
            -119.23711990078421,
            34.457783614424706
          ],
          [
            -119.23685701510327,
            34.45837405699956
          ],
          [
            -119.23658792105296,
            34.4589625762279
          ],
          [
            -119.2363126391258,
            34.45954912729169
          ],
          [
            -119.23603119028562,
            34.460133665522804
          ],
          [
            -119.2357435959658,
            34.4607161464064
          ],
          [
            -119.23544987806777,
            34.461296525584295
          ],
          [
            -119.2351500589593,
            34.461874758858364
          ],
          [
            -119.23484416147276,
            34.46245080219391
          ],
          [
            -119.23453220890345,
            34.46302461172301
          ],
          [
            -119.23421422500773,
            34.463596143747836
          ],
          [
            -119.23389023400134,
            34.46416535474401
          ],
          [
            -119.23356026055741,
            34.46473220136392
          ],
          [
            -119.23322432980474,
            34.465296640439995
          ],
          [
            -119.23288246732574,
            34.465858628988016
          ],
          [
            -119.23253469915454,
            34.46641812421038
          ],
          [
            -119.23218105177507,
            34.46697508349936
          ],
          [
            -119.23182155211892,
            34.46752946444035
          ],
          [
            -119.23145622756338,
            34.46808122481509
          ],
          [
            -119.23108510592935,
            34.46863032260489
          ],
          [
            -119.23070821547917,
            34.46917671599384
          ],
          [
            -119.2303255849145,
            34.469720363371955
          ],
          [
            -119.22993724337412,
            34.47026122333839
          ],
          [
            -119.2295432204318,
            34.47079925470456
          ],
          [
            -119.22914354609387,
            34.4713344164973
          ],
          [
            -119.22873825079706,
            34.471866667961955
          ],
          [
            -119.22832736540623,
            34.47239596856553
          ],
          [
            -119.22791092121186,
            34.47292227799972
          ],
          [
            -119.22748894992779,
            34.47344555618404
          ],
          [
            -119.22706148368876,
            34.47396576326882
          ],
          [
            -119.226628555048,
            34.47448285963828
          ],
          [
            -119.22619019697468,
            34.47499680591353
          ],
          [
            -119.22574644285149,
            34.475507562955556
          ],
          [
            -119.225297326472,
            34.476015091868256
          ],
          [
            -119.22484288203819,
            34.476519354001326
          ],
          [
            -119.22438314415773,
            34.47702031095326
          ],
          [
            -119.22391814784145,
            34.47751792457423
          ],
          [
            -119.22344792850062,
            34.478012156969044
          ],
          [
            -119.22297252194429,
            34.478502970499996
          ],
          [
            -119.22249196437646,
            34.478990327789724
          ],
          [
            -119.22200629239349,
            34.47947419172409
          ],
          [
            -119.22151554298117,
            34.47995452545498
          ],
          [
            -119.22101975351195,
            34.480431292403125
          ],
          [
            -119.22051896174214,
            34.480904456260866
          ],
          [
            -119.22001320580898,
            34.48137398099495
          ],
          [
            -119.21950252422772,
            34.48183983084926
          ],
          [
            -119.21898695588875,
            34.482301970347514
          ],
          [
            -119.21846654005458,
            34.482760364296
          ],
          [
            -119.21794131635691,
            34.48321497778625
          ],
          [
            -119.21741132479356,
            34.483665776197675
          ],
          [
            -119.21687660572543,
            34.48411272520024
          ],
          [
            -119.21633719987344,
            34.48455579075706
          ],
          [
            -119.21579314831544,
            34.48499493912695
          ],
          [
            -119.21524449248308,
            34.48543013686708
          ],
          [
            -119.2146912741586,
            34.48586135083546
          ],
          [
            -119.21413353547173,
            34.48628854819346
          ],
          [
            -119.21357131889643,
            34.486711696408356
          ],
          [
            -119.21300466724766,
            34.48713076325578
          ],
          [
            -119.21243362367815,
            34.48754571682216
          ],
          [
            -119.21185823167507,
            34.48795652550718
          ],
          [
            -119.21127853505675,
            34.48836315802617
          ],
          [
            -119.21069457796933,
            34.48876558341248
          ],
          [
            -119.21010640488342,
            34.48916377101987
          ],
          [
            -119.20951406059066,
            34.489557690524805
          ],
          [
            -119.20891759020036,
            34.48994731192879
          ],
          [
            -119.20831703913606,
            34.490332605560646
          ],
          [
            -119.20771245313205,
            34.49071354207878
          ],
          [
            -119.20710387822987,
            34.491090092473385
          ],
          [
            -119.20649136077489,
            34.491462228068706
          ],
          [
            -119.20587494741265,
            34.49182992052517
          ],
          [
            -119.20525468508545,
            34.492193141841575
          ],
          [
            -119.20463062102866,
            34.49255186435721
          ],
          [
            -119.20400280276715,
            34.49290606075397
          ],
          [
            -119.20337127811173,
            34.49325570405841
          ],
          [
            -119.20273609515544,
            34.49360076764387
          ],
          [
            -119.20209730226993,
            34.4939412252324
          ],
          [
            -119.20145494810174,
            34.494277050896834
          ],
          [
            -119.20080908156864,
            34.49460821906276
          ],
          [
            -119.20015975185586,
            34.49493470451044
          ],
          [
            -119.19950700841237,
            34.49525648237674
          ],
          [
            -119.19885090094712,
            34.495573528157024
          ],
          [
            -119.19819147942522,
            34.49588581770703
          ],
          [
            -119.19752879406418,
            34.496193327244704
          ],
          [
            -119.19686289533006,
            34.496496033352
          ],
          [
            -119.1961938339336,
            34.496793912976685
          ],
          [
            -119.19552166082646,
            34.49708694343406
          ],
          [
            -119.19484642719719,
            34.497375102408725
          ],
          [
            -119.19416818446747,
            34.49765836795626
          ],
          [
            -119.19348698428809,
            34.4979367185049
          ],
          [
            -119.19280287853508,
            34.498210132857174
          ],
          [
            -119.19211591930575,
            34.49847859019152
          ],
          [
            -119.19142615891471,
            34.498742070063855
          ],
          [
            -119.19073364988988,
            34.499000552409186
          ],
          [
            -119.1900384449685,
            34.49925401754308
          ],
          [
            -119.1893405970931,
            34.49950244616318
          ],
          [
            -119.18864015940754,
            34.499745819350686
          ],
          [
            -119.18793718525282,
            34.49998411857179
          ],
          [
            -119.18723172816317,
            34.50021732567908
          ],
          [
            -119.18652384186187,
            34.50044542291293
          ],
          [
            -119.1858135802572,
            34.50066839290287
          ],
          [
            -119.18510099743833,
            34.500886218668846
          ],
          [
            -119.1843861476712,
            34.501098883622596
          ],
          [
            -119.1836690853944,
            34.501306371568866
          ],
          [
            -119.182949865215,
            34.501508666706634
          ],
          [
            -119.18222854190437,
            34.50170575363035
          ],
          [
            -119.1815051703941,
            34.501897617331075
          ],
          [
            -119.18077980577173,
            34.50208424319765
          ],
          [
            -119.18005250327657,
            34.5022656170178
          ],
          [
            -119.17932331829554,
            34.502441724979185
          ],
          [
            -119.17859230635888,
            34.502612553670524
          ],
          [
            -119.177859523136,
            34.502778090082536
          ],
          [
            -119.17712502443116,
            34.502938321608994
          ],
          [
            -119.1763888661793,
            34.50309323604764
          ],
          [
            -119.17565110444168,
            34.50324282160114
          ],
          [
            -119.17491179540177,
            34.50338706687798
          ],
          [
            -119.17417099536078,
            34.503525960893306
          ],
          [
            -119.17342876073351,
            34.503659493069826
          ],
          [
            -119.172685148044,
            34.50378765323853
          ],
          [
            -119.17194021392123,
            34.50391043163954
          ],
          [
            -119.17119401509483,
            34.504027818922786
          ],
          [
            -119.17044660839072,
            34.50413980614879
          ],
          [
            -119.16969805072681,
            34.50424638478928
          ],
          [
            -119.16894839910867,
            34.504347546727885
          ],
          [
            -119.16819771062518,
            34.50444328426073
          ],
          [
            -119.16744604244417,
            34.50453359009703
          ],
          [
            -119.16669345180807,
            34.504618457359655
          ],
          [
            -119.16593999602959,
            34.50469787958562
          ],
          [
            -119.16518573248729,
            34.50477185072662
          ],
          [
            -119.16443071862128,
            34.50484036514947
          ],
          [
            -119.16367501192876,
            34.504903417636534
          ],
          [
            -119.16291866995972,
            34.504961003386114
          ],
          [
            -119.16216175031256,
            34.50501311801283
          ],
          [
            -119.16140431062964,
            34.50505975754796
          ],
          [
            -119.16064640859288,
            34.505100918439716
          ],
          [
            -119.1598881019195,
            34.505136597553545
          ],
          [
            -119.15912944835748,
            34.50516679217233
          ],
          [
            -119.1583705056812,
            34.505191499996656
          ],
          [
            -119.15761133168712,
            34.505210719144905
          ],
          [
            -119.15685198418925,
            34.50522444815347
          ],
          [
            -119.15609252101486,
            34.50523268597684
          ],
          [
            -119.155333,
            34.50523543198767
          ]
        ]
      }
    },
    {
      "type": "Feature",
      "properties": {
        "viewpoint": "ceremonial",
        "draw_radius_m": 8000.0,
        "azimuth_deg": [
          0.0,
          0.5,
          1.0,
          1.5,
          2.0,
          2.5,
          3.0,
          3.5,
          4.0,
          4.5,
          5.0,
          5.5,
          6.0,
          6.5,
          7.0,
          7.5,
          8.0,
          8.5,
          9.0,
          9.5,
          10.0,
          10.5,
          11.0,
          11.5,
          12.0,
          12.5,
          13.0,
          13.5,
          14.0,
          14.5,
          15.0,
          15.5,
          16.0,
          16.5,
          17.0,
          17.5,
          18.0,
          18.5,
          19.0,
          19.5,
          20.0,
          20.5,
          21.0,
          21.5,
          22.0,
          22.5,
          23.0,
          23.5,
          24.0,
          24.5,
          25.0,
          25.5,
          26.0,
          26.5,
          27.0,
          27.5,
          28.0,
          28.5,
          29.0,
          29.5,
          30.0,
          30.5,
          31.0,
          31.5,
          32.0,
          32.5,
          33.0,
          33.5,
          34.0,
          34.5,
          35.0,
          35.5,
          36.0,
          36.5,
          37.0,
          37.5,
          38.0,
          38.5,
          39.0,
          39.5,
          40.0,
          40.5,
          41.0,
          41.5,
          42.0,
          42.5,
          43.0,
          43.5,
          44.0,
          44.5,
          45.0,
          45.5,
          46.0,
          46.5,
          47.0,
          47.5,
          48.0,
          48.5,
          49.0,
          49.5,
          50.0,
          50.5,
          51.0,
          51.5,
          52.0,
          52.5,
          53.0,
          53.5,
          54.0,
          54.5,
          55.0,
          55.5,
          56.0,
          56.5,
          57.0,
          57.5,
          58.0,
          58.5,
          59.0,
          59.5,
          60.0,
          60.5,
          61.0,
          61.5,
          62.0,
          62.5,
          63.0,
          63.5,
          64.0,
          64.5,
          65.0,
          65.5,
          66.0,
          66.5,
          67.0,
          67.5,
          68.0,
          68.5,
          69.0,
          69.5,
          70.0,
          70.5,
          71.0,
          71.5,
          72.0,
          72.5,
          73.0,
          73.5,
          74.0,
          74.5,
          75.0,
          75.5,
          76.0,
          76.5,
          77.0,
          77.5,
          78.0,
          78.5,
          79.0,
          79.5,
          80.0,
          80.5,
          81.0,
          81.5,
          82.0,
          82.5,
          83.0,
          83.5,
          84.0,
          84.5,
          85.0,
          85.5,
          86.0,
          86.5,
          87.0,
          87.5,
          88.0,
          88.5,
          89.0,
          89.5,
          90.0,
          90.5,
          91.0,
          91.5,
          92.0,
          92.5,
          93.0,
          93.5,
          94.0,
          94.5,
          95.0,
          95.5,
          96.0,
          96.5,
          97.0,
          97.5,
          98.0,
          98.5,
          99.0,
          99.5,
          100.0,
          100.5,
          101.0,
          101.5,
          102.0,
          102.5,
          103.0,
          103.5,
          104.0,
          104.5,
          105.0,
          105.5,
          106.0,
          106.5,
          107.0,
          107.5,
          108.0,
          108.5,
          109.0,
          109.5,
          110.0,
          110.5,
          111.0,
          111.5,
          112.0,
          112.5,
          113.0,
          113.5,
          114.0,
          114.5,
          115.0,
          115.5,
          116.0,
          116.5,
          117.0,
          117.5,
          118.0,
          118.5,
          119.0,
          119.5,
          120.0,
          120.5,
          121.0,
          121.5,
          122.0,
          122.5,
          123.0,
          123.5,
          124.0,
          124.5,
          125.0,
          125.5,
          126.0,
          126.5,
          127.0,
          127.5,
          128.0,
          128.5,
          129.0,
          129.5,
          130.0,
          130.5,
          131.0,
          131.5,
          132.0,
          132.5,
          133.0,
          133.5,
          134.0,
          134.5,
          135.0,
          135.5,
          136.0,
          136.5,
          137.0,
          137.5,
          138.0,
          138.5,
          139.0,
          139.5,
          140.0,
          140.5,
          141.0,
          141.5,
          142.0,
          142.5,
          143.0,
          143.5,
          144.0,
          144.5,
          145.0,
          145.5,
          146.0,
          146.5,
          147.0,
          147.5,
          148.0,
          148.5,
          149.0,
          149.5,
          150.0,
          150.5,
          151.0,
          151.5,
          152.0,
          152.5,
          153.0,
          153.5,
          154.0,
          154.5,
          155.0,
          155.5,
          156.0,
          156.5,
          157.0,
          157.5,
          158.0,
          158.5,
          159.0,
          159.5,
          160.0,
          160.5,
          161.0,
          161.5,
          162.0,
          162.5,
          163.0,
          163.5,
          164.0,
          164.5,
          165.0,
          165.5,
          166.0,
          166.5,
          167.0,
          167.5,
          168.0,
          168.5,
          169.0,
          169.5,
          170.0,
          170.5,
          171.0,
          171.5,
          172.0,
          172.5,
          173.0,
          173.5,
          174.0,
          174.5,
          175.0,
          175.5,
          176.0,
          176.5,
          177.0,
          177.5,
          178.0,
          178.5,
          179.0,
          179.5,
          180.0,
          180.5,
          181.0,
          181.5,
          182.0,
          182.5,
          183.0,
          183.5,
          184.0,
          184.5,
          185.0,
          185.5,
          186.0,
          186.5,
          187.0,
          187.5,
          188.0,
          188.5,
          189.0,
          189.5,
          190.0,
          190.5,
          191.0,
          191.5,
          192.0,
          192.5,
          193.0,
          193.5,
          194.0,
          194.5,
          195.0,
          195.5,
          196.0,
          196.5,
          197.0,
          197.5,
          198.0,
          198.5,
          199.0,
          199.5,
          200.0,
          200.5,
          201.0,
          201.5,
          202.0,
          202.5,
          203.0,
          203.5,
          204.0,
          204.5,
          205.0,
          205.5,
          206.0,
          206.5,
          207.0,
          207.5,
          208.0,
          208.5,
          209.0,
          209.5,
          210.0,
          210.5,
          211.0,
          211.5,
          212.0,
          212.5,
          213.0,
          213.5,
          214.0,
          214.5,
          215.0,
          215.5,
          216.0,
          216.5,
          217.0,
          217.5,
          218.0,
          218.5,
          219.0,
          219.5,
          220.0,
          220.5,
          221.0,
          221.5,
          222.0,
          222.5,
          223.0,
          223.5,
          224.0,
          224.5,
          225.0,
          225.5,
          226.0,
          226.5,
          227.0,
          227.5,
          228.0,
          228.5,
          229.0,
          229.5,
          230.0,
          230.5,
          231.0,
          231.5,
          232.0,
          232.5,
          233.0,
          233.5,
          234.0,
          234.5,
          235.0,
          235.5,
          236.0,
          236.5,
          237.0,
          237.5,
          238.0,
          238.5,
          239.0,
          239.5,
          240.0,
          240.5,
          241.0,
          241.5,
          242.0,
          242.5,
          243.0,
          243.5,
          244.0,
          244.5,
          245.0,
          245.5,
          246.0,
          246.5,
          247.0,
          247.5,
          248.0,
          248.5,
          249.0,
          249.5,
          250.0,
          250.5,
          251.0,
          251.5,
          252.0,
          252.5,
          253.0,
          253.5,
          254.0,
          254.5,
          255.0,
          255.5,
          256.0,
          256.5,
          257.0,
          257.5,
          258.0,
          258.5,
          259.0,
          259.5,
          260.0,
          260.5,
          261.0,
          261.5,
          262.0,
          262.5,
          263.0,
          263.5,
          264.0,
          264.5,
          265.0,
          265.5,
          266.0,
          266.5,
          267.0,
          267.5,
          268.0,
          268.5,
          269.0,
          269.5,
          270.0,
          270.5,
          271.0,
          271.5,
          272.0,
          272.5,
          273.0,
          273.5,
          274.0,
          274.5,
          275.0,
          275.5,
          276.0,
          276.5,
          277.0,
          277.5,
          278.0,
          278.5,
          279.0,
          279.5,
          280.0,
          280.5,
          281.0,
          281.5,
          282.0,
          282.5,
          283.0,
          283.5,
          284.0,
          284.5,
          285.0,
          285.5,
          286.0,
          286.5,
          287.0,
          287.5,
          288.0,
          288.5,
          289.0,
          289.5,
          290.0,
          290.5,
          291.0,
          291.5,
          292.0,
          292.5,
          293.0,
          293.5,
          294.0,
          294.5,
          295.0,
          295.5,
          296.0,
          296.5,
          297.0,
          297.5,
          298.0,
          298.5,
          299.0,
          299.5,
          300.0,
          300.5,
          301.0,
          301.5,
          302.0,
          302.5,
          303.0,
          303.5,
          304.0,
          304.5,
          305.0,
          305.5,
          306.0,
          306.5,
          307.0,
          307.5,
          308.0,
          308.5,
          309.0,
          309.5,
          310.0,
          310.5,
          311.0,
          311.5,
          312.0,
          312.5,
          313.0,
          313.5,
          314.0,
          314.5,
          315.0,
          315.5,
          316.0,
          316.5,
          317.0,
          317.5,
          318.0,
          318.5,
          319.0,
          319.5,
          320.0,
          320.5,
          321.0,
          321.5,
          322.0,
          322.5,
          323.0,
          323.5,
          324.0,
          324.5,
          325.0,
          325.5,
          326.0,
          326.5,
          327.0,
          327.5,
          328.0,
          328.5,
          329.0,
          329.5,
          330.0,
          330.5,
          331.0,
          331.5,
          332.0,
          332.5,
          333.0,
          333.5,
          334.0,
          334.5,
          335.0,
          335.5,
          336.0,
          336.5,
          337.0,
          337.5,
          338.0,
          338.5,
          339.0,
          339.5,
          340.0,
          340.5,
          341.0,
          341.5,
          342.0,
          342.5,
          343.0,
          343.5,
          344.0,
          344.5,
          345.0,
          345.5,
          346.0,
          346.5,
          347.0,
          347.5,
          348.0,
          348.5,
          349.0,
          349.5,
          350.0,
          350.5,
          351.0,
          351.5,
          352.0,
          352.5,
          353.0,
          353.5,
          354.0,
          354.5,
          355.0,
          355.5,
          356.0,
          356.5,
          357.0,
          357.5,
          358.0,
          358.5,
          359.0,
          359.5
        ],
        "altitude_deg": [
          7.495,
          7.472,
          7.449,
          7.492,
          7.57,
          7.653,
          7.736,
          7.819,
          7.901,
          7.983,
          8.064,
          8.145,
          8.226,
          8.306,
          8.389,
          8.481,
          8.582,
          8.69,
          8.805,
          8.787,
          8.744,
          8.699,
          8.664,
          8.632,
          8.598,
          8.586,
          8.607,
          8.609,
          8.609,
          8.606,
          8.602,
          8.605,
          8.591,
          8.533,
          8.473,
          8.41,
          8.354,
          8.326,
          8.258,
          8.188,
          8.131,
          8.098,
          8.032,
          7.952,
          7.912,
          7.869,
          7.869,
          7.915,
          7.966,
          8.021,
          8.079,
          8.14,
          8.188,
          8.241,
          8.309,
          8.354,
          8.402,
          8.478,
          8.5,
          8.572,
          8.653,
          8.69,
          8.778,
          8.813,
          8.895,
          8.952,
          9.013,
          9.079,
          9.131,
          9.2,
          9.258,
          9.327,
          9.399,
          9.471,
          9.54,
          9.605,
          9.665,
          9.74,
          9.833,
          9.928,
          9.828,
          9.75,
          9.67,
          9.588,
          9.496,
          9.413,
          9.328,
          9.239,
          9.152,
          9.066,
          8.981,
          8.898,
          8.816,
          8.735,
          8.651,
          8.564,
          8.488,
          8.4,
          8.311,
          8.219,
          8.126,
          7.966,
          7.815,
          7.656,
          7.507,
          7.353,
          7.205,
          7.064,
          6.929,
          6.802,
          6.684,
          6.572,
          6.467,
          6.409,
          6.441,
          6.434,
          6.417,
          6.458,
          6.368,
          6.194,
          6.022,
          5.854,
          5.685,
          5.521,
          5.359,
          5.201,
          5.048,
          4.896,
          4.751,
          4.609,
          4.473,
          4.463,
          4.467,
          4.486,
          4.51,
          4.533,
          4.575,
          4.579,
          4.631,
          4.647,
          4.674,
          4.721,
          4.721,
          4.747,
          4.636,
          4.504,
          4.387,
          4.266,
          4.141,
          4.02,
          3.909,
          3.866,
          3.902,
          3.968,
          4.046,
          4.13,
          4.152,
          4.096,
          4.064,
          4.033,
          3.972,
          3.91,
          3.88,
          3.85,
          3.803,
          3.715,
          3.636,
          3.579,
          3.518,
          3.546,
          3.627,
          3.708,
          3.584,
          3.458,
          3.357,
          3.461,
          3.576,
          3.703,
          3.872,
          4.041,
          4.146,
          3.989,
          3.832,
          3.675,
          3.519,
          3.363,
          3.208,
          3.054,
          2.901,
          2.75,
          2.669,
          2.732,
          2.794,
          2.857,
          2.919,
          2.98,
          3.042,
          3.103,
          3.164,
          3.225,
          3.285,
          3.345,
          3.478,
          3.624,
          3.769,
          3.912,
          4.054,
          4.194,
          4.332,
          4.469,
          4.614,
          4.775,
          4.937,
          5.101,
          5.265,
          5.416,
          5.546,
          5.655,
          5.618,
          5.577,
          5.585,
          5.582,
          5.535,
          5.538,
          5.5,
          5.499,
          5.474,
          5.465,
          5.452,
          5.49,
          5.687,
          5.923,
          6.038,
          6.348,
          6.513,
          6.745,
          6.975,
          7.103,
          7.407,
          7.638,
          7.805,
          8.118,
          8.3,
          8.507,
          8.818,
          8.896,
          9.207,
          9.477,
          9.648,
          9.977,
          10.106,
          10.342,
          10.702,
          10.726,
          11.071,
          11.323,
          11.355,
          11.65,
          11.912,
          12.01,
          12.25,
          12.557,
          12.625,
          12.864,
          13.0,
          13.034,
          13.124,
          13.238,
          13.41,
          13.34,
          13.659,
          13.802,
          13.802,
          13.908,
          13.873,
          14.156,
          14.121,
          14.298,
          14.475,
          14.404,
          14.652,
          14.652,
          14.757,
          14.757,
          14.863,
          14.863,
          14.969,
          14.969,
          15.109,
          15.109,
          15.354,
          15.465,
          15.465,
          15.834,
          15.834,
          16.164,
          16.164,
          16.421,
          16.482,
          16.482,
          16.641,
          16.869,
          16.896,
          17.177,
          17.254,
          17.254,
          17.561,
          17.599,
          17.599,
          17.867,
          17.905,
          18.02,
          18.101,
          18.182,
          18.182,
          18.424,
          18.424,
          18.424,
          18.665,
          18.665,
          18.625,
          18.585,
          18.585,
          18.746,
          18.706,
          18.706,
          18.665,
          18.786,
          18.786,
          18.746,
          18.665,
          18.665,
          18.666,
          18.706,
          18.706,
          18.585,
          18.464,
          18.343,
          18.343,
          18.409,
          18.409,
          18.237,
          18.107,
          18.107,
          18.064,
          18.021,
          18.021,
          17.935,
          18.079,
          18.026,
          18.026,
          17.918,
          17.918,
          17.809,
          17.809,
          17.647,
          17.647,
          17.538,
          17.538,
          17.376,
          17.376,
          17.158,
          16.994,
          16.994,
          16.8,
          16.741,
          16.681,
          16.621,
          16.502,
          16.272,
          16.112,
          16.007,
          15.901,
          15.781,
          15.66,
          15.569,
          15.499,
          15.499,
          15.856,
          15.883,
          16.213,
          16.304,
          16.517,
          16.517,
          16.666,
          16.871,
          16.871,
          17.223,
          17.223,
          17.524,
          17.524,
          17.848,
          17.848,
          18.107,
          18.392,
          18.668,
          18.916,
          18.714,
          18.965,
          18.988,
          19.26,
          19.26,
          19.505,
          19.359,
          19.603,
          19.603,
          19.799,
          19.603,
          19.841,
          19.943,
          19.994,
          19.943,
          19.946,
          19.946,
          20.091,
          20.042,
          20.052,
          20.188,
          20.188,
          20.124,
          20.139,
          20.139,
          20.285,
          20.214,
          20.139,
          20.139,
          20.304,
          20.034,
          20.169,
          20.169,
          20.034,
          20.034,
          19.9,
          19.808,
          19.853,
          19.604,
          19.646,
          19.646,
          19.477,
          19.477,
          19.264,
          19.264,
          19.126,
          18.966,
          18.966,
          18.709,
          18.709,
          18.668,
          18.372,
          18.346,
          17.976,
          17.976,
          17.524,
          17.474,
          17.372,
          16.972,
          16.718,
          16.416,
          16.247,
          15.805,
          15.805,
          15.14,
          15.14,
          14.574,
          14.419,
          13.849,
          13.849,
          13.552,
          13.068,
          13.068,
          12.334,
          12.334,
          11.835,
          11.619,
          11.619,
          11.129,
          11.045,
          10.772,
          10.605,
          10.259,
          10.12,
          9.958,
          9.773,
          9.455,
          9.306,
          9.099,
          8.959,
          8.773,
          8.61,
          8.426,
          8.042,
          7.815,
          7.633,
          7.442,
          7.089,
          6.935,
          6.748,
          6.496,
          6.302,
          6.062,
          5.785,
          5.551,
          5.31,
          5.008,
          4.707,
          4.485,
          4.297,
          3.941,
          3.689,
          3.346,
          3.109,
          2.836,
          2.608,
          2.448,
          2.246,
          2.044,
          1.826,
          1.577,
          1.36,
          1.095,
          0.978,
          0.904,
          0.831,
          0.757,
          0.684,
          0.61,
          0.537,
          0.465,
          0.394,
          0.322,
          0.291,
          0.349,
          0.408,
          0.466,
          0.524,
          0.582,
          0.639,
          0.697,
          0.754,
          0.811,
          0.867,
          0.799,
          0.66,
          0.707,
          0.768,
          0.816,
          0.799,
          0.781,
          0.798,
          0.828,
          0.896,
          0.971,
          1.061,
          1.153,
          1.228,
          1.361,
          1.533,
          1.601,
          1.705,
          1.824,
          1.955,
          2.062,
          2.094,
          2.149,
          2.188,
          2.233,
          2.253,
          2.245,
          2.319,
          2.151,
          1.944,
          1.743,
          1.781,
          1.899,
          1.815,
          1.817,
          1.973,
          2.097,
          1.962,
          1.882,
          1.894,
          1.917,
          1.94,
          1.969,
          2.03,
          2.046,
          2.056,
          2.044,
          1.983,
          1.916,
          1.855,
          1.801,
          1.751,
          1.735,
          1.752,
          1.805,
          1.898,
          2.03,
          2.117,
          2.179,
          2.221,
          2.09,
          2.149,
          2.197,
          2.27,
          2.31,
          2.487,
          2.675,
          2.866,
          3.065,
          3.227,
          3.286,
          3.317,
          3.381,
          3.405,
          3.538,
          3.675,
          3.814,
          3.957,
          4.103,
          4.253,
          4.404,
          4.55,
          4.47,
          4.321,
          4.173,
          4.039,
          3.919,
          3.811,
          3.717,
          3.635,
          3.567,
          3.513,
          3.472,
          3.443,
          3.429,
          3.423,
          3.428,
          3.49,
          3.566,
          3.644,
          3.732,
          3.815,
          3.896,
          3.987,
          4.075,
          4.171,
          4.276,
          4.391,
          4.51,
          4.611,
          4.733,
          4.862,
          4.915,
          4.919,
          4.964,
          4.975,
          4.993,
          5.028,
          5.022,
          5.078,
          5.061,
          5.116,
          5.083,
          5.124,
          5.11,
          5.123,
          5.136,
          5.112,
          5.16,
          5.144,
          5.154,
          5.164,
          5.138,
          5.127,
          5.1,
          5.072,
          5.06,
          5.033,
          5.005,
          4.992,
          4.964,
          4.936,
          4.938,
          5.003,
          5.056,
          5.135,
          5.211,
          5.281,
          5.378,
          5.479,
          5.583,
          5.689,
          5.798,
          5.908,
          6.02,
          6.131,
          6.234,
          6.335,
          6.438,
          6.549,
          6.66,
          6.772,
          6.883,
          6.992,
          7.09,
          7.131,
          7.151,
          7.169,
          7.198,
          7.234,
          7.268,
          7.3,
          7.332,
          7.362,
          7.391,
          7.419,
          7.446,
          7.472,
          7.497
        ]
      },
      "geometry": {
        "type": "LineString",
        "coordinates": [
          [
            -119.155582,
            34.50461843198767
          ],
          [
            -119.15482247898514,
            34.504615685976844
          ],
          [
            -119.15406301581075,
            34.50460744815347
          ],
          [
            -119.15330366831287,
            34.50459371914491
          ],
          [
            -119.15254449431879,
            34.50457449999666
          ],
          [
            -119.15178555164252,
            34.504549792172334
          ],
          [
            -119.15102689808049,
            34.504519597553546
          ],
          [
            -119.15026859140711,
            34.50448391843972
          ],
          [
            -119.14951068937036,
            34.50444275754796
          ],
          [
            -119.14875324968743,
            34.504396118012835
          ],
          [
            -119.14799633004027,
            34.504344003386116
          ],
          [
            -119.14723998807123,
            34.504286417636536
          ],
          [
            -119.14648428137872,
            34.50422336514947
          ],
          [
            -119.1457292675127,
            34.50415485072662
          ],
          [
            -119.1449750039704,
            34.50408087958562
          ],
          [
            -119.14422154819192,
            34.50400145735966
          ],
          [
            -119.14346895755583,
            34.503916590097035
          ],
          [
            -119.14271728937481,
            34.50382628426073
          ],
          [
            -119.14196660089132,
            34.50373054672789
          ],
          [
            -119.14121694927319,
            34.503629384789285
          ],
          [
            -119.14046839160928,
            34.503522806148794
          ],
          [
            -119.13972098490517,
            34.50341081892279
          ],
          [
            -119.13897478607876,
            34.50329343163954
          ],
          [
            -119.138229851956,
            34.503170653238534
          ],
          [
            -119.13748623926648,
            34.50304249306983
          ],
          [
            -119.13674400463921,
            34.50290896089331
          ],
          [
            -119.13600320459823,
            34.50277006687798
          ],
          [
            -119.13526389555831,
            34.50262582160114
          ],
          [
            -119.1345261338207,
            34.50247623604764
          ],
          [
            -119.13378997556883,
            34.502321321608996
          ],
          [
            -119.133055476864,
            34.50216109008254
          ],
          [
            -119.13232269364111,
            34.501995553670525
          ],
          [
            -119.13159168170445,
            34.50182472497919
          ],
          [
            -119.13086249672342,
            34.5016486170178
          ],
          [
            -119.13013519422826,
            34.50146724319765
          ],
          [
            -119.12940982960589,
            34.501280617331076
          ],
          [
            -119.12868645809563,
            34.50108875363035
          ],
          [
            -119.127965134785,
            34.500891666706636
          ],
          [
            -119.1272459146056,
            34.50068937156887
          ],
          [
            -119.12652885232879,
            34.5004818836226
          ],
          [
            -119.12581400256167,
            34.50026921866885
          ],
          [
            -119.12510141974279,
            34.50005139290287
          ],
          [
            -119.12439115813812,
            34.499828422912934
          ],
          [
            -119.12368327183682,
            34.49960032567908
          ],
          [
            -119.12297781474717,
            34.49936711857179
          ],
          [
            -119.12227484059245,
            34.49912881935069
          ],
          [
            -119.12157440290689,
            34.49888544616318
          ],
          [
            -119.1208765550315,
            34.49863701754308
          ],
          [
            -119.12018135011012,
            34.49838355240919
          ],
          [
            -119.11948884108529,
            34.49812507006386
          ],
          [
            -119.11879908069425,
            34.49786159019152
          ],
          [
            -119.11811212146492,
            34.497593132857176
          ],
          [
            -119.11742801571191,
            34.497319718504905
          ],
          [
            -119.11674681553252,
            34.497041367956264
          ],
          [
            -119.1160685728028,
            34.49675810240873
          ],
          [
            -119.11539333917354,
            34.496469943434064
          ],
          [
            -119.11472116606639,
            34.496176912976686
          ],
          [
            -119.11405210466994,
            34.495879033352004
          ],
          [
            -119.11338620593581,
            34.495576327244706
          ],
          [
            -119.11272352057478,
            34.49526881770703
          ],
          [
            -119.11206409905287,
            34.494956528157026
          ],
          [
            -119.11140799158763,
            34.49463948237674
          ],
          [
            -119.11075524814413,
            34.49431770451044
          ],
          [
            -119.11010591843136,
            34.493991219062764
          ],
          [
            -119.10946005189825,
            34.493660050896835
          ],
          [
            -119.10881769773006,
            34.4933242252324
          ],
          [
            -119.10817890484455,
            34.49298376764387
          ],
          [
            -119.10754372188826,
            34.492638704058415
          ],
          [
            -119.10691219723284,
            34.49228906075397
          ],
          [
            -119.10628437897134,
            34.49193486435721
          ],
          [
            -119.10566031491454,
            34.49157614184158
          ],
          [
            -119.10504005258734,
            34.49121292052517
          ],
          [
            -119.1044236392251,
            34.49084522806871
          ],
          [
            -119.10381112177012,
            34.49047309247339
          ],
          [
            -119.10320254686795,
            34.49009654207878
          ],
          [
            -119.10259796086393,
            34.48971560556065
          ],
          [
            -119.10199740979964,
            34.48933031192879
          ],
          [
            -119.10140093940933,
            34.48894069052481
          ],
          [
            -119.10080859511658,
            34.48854677101987
          ],
          [
            -119.10022042203066,
            34.48814858341248
          ],
          [
            -119.09963646494325,
            34.48774615802617
          ],
          [
            -119.09905676832493,
            34.48733952550718
          ],
          [
            -119.09848137632184,
            34.48692871682216
          ],
          [
            -119.09791033275233,
            34.48651376325578
          ],
          [
            -119.09734368110357,
            34.48609469640836
          ],
          [
            -119.09678146452826,
            34.48567154819346
          ],
          [
            -119.0962237258414,
            34.48524435083546
          ],
          [
            -119.09567050751691,
            34.48481313686708
          ],
          [
            -119.09512185168455,
            34.48437793912695
          ],
          [
            -119.09457780012656,
            34.48393879075706
          ],
          [
            -119.09403839427456,
            34.48349572520024
          ],
          [
            -119.09350367520643,
            34.48304877619768
          ],
          [
            -119.09297368364308,
            34.48259797778625
          ],
          [
            -119.09244845994542,
            34.482143364296
          ],
          [
            -119.09192804411124,
            34.481684970347516
          ],
          [
            -119.09141247577227,
            34.48122283084926
          ],
          [
            -119.09090179419101,
            34.480756980994954
          ],
          [
            -119.09039603825785,
            34.48028745626087
          ],
          [
            -119.08989524648804,
            34.47981429240313
          ],
          [
            -119.08939945701883,
            34.47933752545498
          ],
          [
            -119.0889087076065,
            34.47885719172409
          ],
          [
            -119.08842303562353,
            34.478373327789726
          ],
          [
            -119.08794247805571,
            34.4778859705
          ],
          [
            -119.08746707149938,
            34.477395156969045
          ],
          [
            -119.08699685215855,
            34.47690092457423
          ],
          [
            -119.08653185584227,
            34.47640331095326
          ],
          [
            -119.0860721179618,
            34.47590235400133
          ],
          [
            -119.08561767352799,
            34.47539809186826
          ],
          [
            -119.0851685571485,
            34.47489056295556
          ],
          [
            -119.08472480302531,
            34.47437980591353
          ],
          [
            -119.084286444952,
            34.47386585963828
          ],
          [
            -119.08385351631124,
            34.473348763268824
          ],
          [
            -119.0834260500722,
            34.47282855618404
          ],
          [
            -119.08300407878814,
            34.47230527799972
          ],
          [
            -119.08258763459376,
            34.47177896856553
          ],
          [
            -119.08217674920293,
            34.471249667961956
          ],
          [
            -119.08177145390613,
            34.4707174164973
          ],
          [
            -119.0813717795682,
            34.47018225470456
          ],
          [
            -119.08097775662587,
            34.46964422333839
          ],
          [
            -119.0805894150855,
            34.46910336337196
          ],
          [
            -119.08020678452083,
            34.46855971599384
          ],
          [
            -119.07982989407064,
            34.46801332260489
          ],
          [
            -119.07945877243661,
            34.46746422481509
          ],
          [
            -119.07909344788108,
            34.46691246444035
          ],
          [
            -119.07873394822492,
            34.46635808349936
          ],
          [
            -119.07838030084545,
            34.46580112421038
          ],
          [
            -119.07803253267426,
            34.46524162898802
          ],
          [
            -119.07769067019525,
            34.464679640439996
          ],
          [
            -119.07735473944258,
            34.464115201363924
          ],
          [
            -119.07702476599866,
            34.46354835474401
          ],
          [
            -119.07670077499226,
            34.46297914374784
          ],
          [
            -119.07638279109655,
            34.46240761172301
          ],
          [
            -119.07607083852723,
            34.461833802193915
          ],
          [
            -119.07576494104069,
            34.461257758858366
          ],
          [
            -119.07546512193223,
            34.4606795255843
          ],
          [
            -119.0751714040342,
            34.4600991464064
          ],
          [
            -119.07488380971438,
            34.459516665522806
          ],
          [
            -119.0746023608742,
            34.45893212729169
          ],
          [
            -119.07432707894704,
            34.4583455762279
          ],
          [
            -119.07405798489673,
            34.45775705699956
          ],
          [
            -119.07379509921579,
            34.45716661442471
          ],
          [
            -119.073538441924,
            34.45657429346781
          ],
          [
            -119.07328803256681,
            34.45598013923642
          ],
          [
            -119.07304389021384,
            34.45538419697767
          ],
          [
            -119.0728060334575,
            34.454786512074875
          ],
          [
            -119.07257448041149,
            34.45418713004405
          ],
          [
            -119.07234924870947,
            34.453586096530465
          ],
          [
            -119.07213035550372,
            34.452983457305145
          ],
          [
            -119.07191781746378,
            34.452379258261395
          ],
          [
            -119.07171165077527,
            34.45177354541132
          ],
          [
            -119.07151187113857,
            34.4511663648823
          ],
          [
            -119.07131849376766,
            34.45055776291347
          ],
          [
            -119.071131533389,
            34.44994778585224
          ],
          [
            -119.07095100424034,
            34.44933648015072
          ],
          [
            -119.07077692006966,
            34.4487238923622
          ],
          [
            -119.07060929413416,
            34.44811006913762
          ],
          [
            -119.0704481391992,
            34.44749505722199
          ],
          [
            -119.07029346753734,
            34.44687890345086
          ],
          [
            -119.07014529092744,
            34.446261654746706
          ],
          [
            -119.07000362065372,
            34.44564335811542
          ],
          [
            -119.0698684675049,
            34.44502406064268
          ],
          [
            -119.06973984177345,
            34.44440380949039
          ],
          [
            -119.0696177532547,
            34.443782651893066
          ],
          [
            -119.06950221124616,
            34.44316063515428
          ],
          [
            -119.06939322454681,
            34.442537806643
          ],
          [
            -119.0692908014564,
            34.44191421379004
          ],
          [
            -119.06919494977485,
            34.44128990408441
          ],
          [
            -119.06910567680163,
            34.4406649250697
          ],
          [
            -119.06902298933524,
            34.44003932434048
          ],
          [
            -119.06894689367263,
            34.43941314953869
          ],
          [
            -119.0688773956088,
            34.438786448349944
          ],
          [
            -119.06881450043626,
            34.438159268499966
          ],
          [
            -119.06875821294476,
            34.437531657750945
          ],
          [
            -119.0687085374208,
            34.43690366389785
          ],
          [
            -119.06866547764736,
            34.436275334764865
          ],
          [
            -119.0686290369036,
            34.43564671820167
          ],
          [
            -119.06859921796463,
            34.435017862079846
          ],
          [
            -119.0685760231013,
            34.43438881428924
          ],
          [
            -119.06855945407995,
            34.433759622734264
          ],
          [
            -119.06854951216239,
            34.4331303353303
          ],
          [
            -119.06854619810575,
            34.432501
          ],
          [
            -119.06854951216239,
            34.43187166466971
          ],
          [
            -119.06855945407995,
            34.43124237726574
          ],
          [
            -119.0685760231013,
            34.43061318571076
          ],
          [
            -119.06859921796463,
            34.42998413792016
          ],
          [
            -119.0686290369036,
            34.42935528179834
          ],
          [
            -119.06866547764736,
            34.42872666523514
          ],
          [
            -119.0687085374208,
            34.42809833610215
          ],
          [
            -119.06875821294476,
            34.42747034224906
          ],
          [
            -119.06881450043626,
            34.42684273150004
          ],
          [
            -119.0688773956088,
            34.42621555165006
          ],
          [
            -119.06894689367263,
            34.42558885046132
          ],
          [
            -119.06902298933524,
            34.42496267565952
          ],
          [
            -119.06910567680163,
            34.42433707493031
          ],
          [
            -119.06919494977485,
            34.4237120959156
          ],
          [
            -119.0692908014564,
            34.42308778620996
          ],
          [
            -119.06939322454681,
            34.422464193357
          ],
          [
            -119.06950221124616,
            34.421841364845726
          ],
          [
            -119.0696177532547,
            34.42121934810694
          ],
          [
            -119.06973984177345,
            34.420598190509615
          ],
          [
            -119.0698684675049,
            34.419977939357324
          ],
          [
            -119.07000362065372,
            34.419358641884585
          ],
          [
            -119.07014529092744,
            34.4187403452533
          ],
          [
            -119.07029346753734,
            34.418123096549145
          ],
          [
            -119.0704481391992,
            34.41750694277801
          ],
          [
            -119.07060929413416,
            34.416891930862384
          ],
          [
            -119.07077692006966,
            34.4162781076378
          ],
          [
            -119.07095100424034,
            34.415665519849284
          ],
          [
            -119.071131533389,
            34.415054214147766
          ],
          [
            -119.07131849376766,
            34.414444237086535
          ],
          [
            -119.07151187113857,
            34.41383563511771
          ],
          [
            -119.07171165077527,
            34.41322845458868
          ],
          [
            -119.07191781746378,
            34.41262274173861
          ],
          [
            -119.07213035550372,
            34.41201854269486
          ],
          [
            -119.07234924870947,
            34.41141590346954
          ],
          [
            -119.07257448041149,
            34.410814869955956
          ],
          [
            -119.0728060334575,
            34.41021548792513
          ],
          [
            -119.07304389021384,
            34.409617803022336
          ],
          [
            -119.07328803256681,
            34.40902186076359
          ],
          [
            -119.073538441924,
            34.408427706532194
          ],
          [
            -119.07379509921579,
            34.4078353855753
          ],
          [
            -119.07405798489673,
            34.40724494300044
          ],
          [
            -119.07432707894704,
            34.406656423772105
          ],
          [
            -119.0746023608742,
            34.406069872708315
          ],
          [
            -119.07488380971438,
            34.4054853344772
          ],
          [
            -119.0751714040342,
            34.404902853593605
          ],
          [
            -119.07546512193223,
            34.40432247441571
          ],
          [
            -119.07576494104069,
            34.40374424114164
          ],
          [
            -119.07607083852723,
            34.40316819780609
          ],
          [
            -119.07638279109655,
            34.402594388276995
          ],
          [
            -119.07670077499226,
            34.40202285625217
          ],
          [
            -119.07702476599866,
            34.40145364525599
          ],
          [
            -119.07735473944258,
            34.40088679863608
          ],
          [
            -119.07769067019525,
            34.40032235956001
          ],
          [
            -119.07803253267426,
            34.399760371011986
          ],
          [
            -119.07838030084545,
            34.399200875789624
          ],
          [
            -119.07873394822492,
            34.398643916500646
          ],
          [
            -119.07909344788108,
            34.398089535559656
          ],
          [
            -119.07945877243661,
            34.397537775184915
          ],
          [
            -119.07982989407064,
            34.396988677395115
          ],
          [
            -119.08020678452083,
            34.39644228400616
          ],
          [
            -119.0805894150855,
            34.39589863662805
          ],
          [
            -119.08097775662587,
            34.39535777666161
          ],
          [
            -119.0813717795682,
            34.39481974529544
          ],
          [
            -119.08177145390613,
            34.3942845835027
          ],
          [
            -119.08217674920293,
            34.39375233203805
          ],
          [
            -119.08258763459376,
            34.393223031434474
          ],
          [
            -119.08300407878814,
            34.39269672200028
          ],
          [
            -119.0834260500722,
            34.39217344381596
          ],
          [
            -119.08385351631124,
            34.39165323673118
          ],
          [
            -119.084286444952,
            34.39113614036172
          ],
          [
            -119.08472480302531,
            34.390622194086475
          ],
          [
            -119.0851685571485,
            34.390111437044446
          ],
          [
            -119.08561767352799,
            34.38960390813175
          ],
          [
            -119.0860721179618,
            34.38909964599868
          ],
          [
            -119.08653185584227,
            34.388598689046745
          ],
          [
            -119.08699685215855,
            34.38810107542577
          ],
          [
            -119.08746707149938,
            34.38760684303096
          ],
          [
            -119.08794247805571,
            34.38711602950001
          ],
          [
            -119.08842303562353,
            34.38662867221028
          ],
          [
            -119.0889087076065,
            34.386144808275915
          ],
          [
            -119.08939945701883,
            34.385664474545024
          ],
          [
            -119.08989524648804,
            34.38518770759688
          ],
          [
            -119.09039603825785,
            34.384714543739136
          ],
          [
            -119.09090179419101,
            34.38424501900505
          ],
          [
            -119.09141247577227,
            34.38377916915074
          ],
          [
            -119.09192804411124,
            34.38331702965249
          ],
          [
            -119.09244845994542,
            34.382858635704004
          ],
          [
            -119.09297368364308,
            34.382404022213755
          ],
          [
            -119.09350367520643,
            34.38195322380233
          ],
          [
            -119.09403839427456,
            34.38150627479976
          ],
          [
            -119.09457780012656,
            34.381063209242946
          ],
          [
            -119.09512185168455,
            34.38062406087305
          ],
          [
            -119.09567050751691,
            34.38018886313292
          ],
          [
            -119.0962237258414,
            34.379757649164546
          ],
          [
            -119.09678146452826,
            34.379330451806545
          ],
          [
            -119.09734368110357,
            34.378907303591646
          ],
          [
            -119.09791033275233,
            34.378488236744225
          ],
          [
            -119.09848137632184,
            34.37807328317784
          ],
          [
            -119.09905676832493,
            34.37766247449282
          ],
          [
            -119.09963646494325,
            34.377255841973835
          ],
          [
            -119.10022042203066,
            34.37685341658752
          ],
          [
            -119.10080859511658,
            34.376455228980134
          ],
          [
            -119.10140093940933,
            34.3760613094752
          ],
          [
            -119.10199740979964,
            34.375671688071215
          ],
          [
            -119.10259796086393,
            34.37528639443936
          ],
          [
            -119.10320254686795,
            34.37490545792122
          ],
          [
            -119.10381112177012,
            34.37452890752662
          ],
          [
            -119.1044236392251,
            34.3741567719313
          ],
          [
            -119.10504005258734,
            34.37378907947483
          ],
          [
            -119.10566031491454,
            34.37342585815843
          ],
          [
            -119.10628437897134,
            34.37306713564279
          ],
          [
            -119.10691219723284,
            34.372712939246036
          ],
          [
            -119.10754372188826,
            34.37236329594159
          ],
          [
            -119.10817890484455,
            34.37201823235613
          ],
          [
            -119.10881769773006,
            34.371677774767605
          ],
          [
            -119.10946005189825,
            34.37134194910317
          ],
          [
            -119.11010591843136,
            34.37101078093724
          ],
          [
            -119.11075524814413,
            34.37068429548956
          ],
          [
            -119.11140799158763,
            34.37036251762326
          ],
          [
            -119.11206409905287,
            34.37004547184298
          ],
          [
            -119.11272352057478,
            34.369733182292975
          ],
          [
            -119.11338620593581,
            34.3694256727553
          ],
          [
            -119.11405210466994,
            34.369122966648
          ],
          [
            -119.11472116606639,
            34.36882508702332
          ],
          [
            -119.11539333917354,
            34.36853205656594
          ],
          [
            -119.1160685728028,
            34.36824389759128
          ],
          [
            -119.11674681553252,
            34.36796063204374
          ],
          [
            -119.11742801571191,
            34.3676822814951
          ],
          [
            -119.11811212146492,
            34.36740886714283
          ],
          [
            -119.11879908069425,
            34.367140409808485
          ],
          [
            -119.11948884108529,
            34.36687692993615
          ],
          [
            -119.12018135011012,
            34.36661844759082
          ],
          [
            -119.1208765550315,
            34.36636498245692
          ],
          [
            -119.12157440290689,
            34.366116553836825
          ],
          [
            -119.12227484059245,
            34.36587318064932
          ],
          [
            -119.12297781474717,
            34.365634881428214
          ],
          [
            -119.12368327183682,
            34.36540167432092
          ],
          [
            -119.12439115813812,
            34.36517357708707
          ],
          [
            -119.12510141974279,
            34.364950607097136
          ],
          [
            -119.12581400256167,
            34.364732781331156
          ],
          [
            -119.12652885232879,
            34.364520116377406
          ],
          [
            -119.1272459146056,
            34.364312628431136
          ],
          [
            -119.127965134785,
            34.36411033329337
          ],
          [
            -119.12868645809563,
            34.363913246369655
          ],
          [
            -119.12940982960589,
            34.36372138266893
          ],
          [
            -119.13013519422826,
            34.36353475680235
          ],
          [
            -119.13086249672342,
            34.363353382982204
          ],
          [
            -119.13159168170445,
            34.36317727502082
          ],
          [
            -119.13232269364111,
            34.36300644632948
          ],
          [
            -119.133055476864,
            34.362840909917466
          ],
          [
            -119.13378997556883,
            34.36268067839101
          ],
          [
            -119.1345261338207,
            34.36252576395236
          ],
          [
            -119.13526389555831,
            34.36237617839886
          ],
          [
            -119.13600320459823,
            34.362231933122025
          ],
          [
            -119.13674400463921,
            34.362093039106696
          ],
          [
            -119.13748623926648,
            34.36195950693018
          ],
          [
            -119.138229851956,
            34.36183134676147
          ],
          [
            -119.13897478607876,
            34.36170856836046
          ],
          [
            -119.13972098490517,
            34.361591181077216
          ],
          [
            -119.14046839160928,
            34.36147919385121
          ],
          [
            -119.14121694927319,
            34.36137261521072
          ],
          [
            -119.14196660089132,
            34.36127145327212
          ],
          [
            -119.14271728937481,
            34.36117571573927
          ],
          [
            -119.14346895755583,
            34.36108540990297
          ],
          [
            -119.14422154819192,
            34.36100054264035
          ],
          [
            -119.1449750039704,
            34.36092112041438
          ],
          [
            -119.1457292675127,
            34.36084714927338
          ],
          [
            -119.14648428137872,
            34.36077863485053
          ],
          [
            -119.14723998807123,
            34.36071558236347
          ],
          [
            -119.14799633004027,
            34.36065799661389
          ],
          [
            -119.14875324968743,
            34.36060588198717
          ],
          [
            -119.14951068937036,
            34.36055924245204
          ],
          [
            -119.15026859140711,
            34.360518081560286
          ],
          [
            -119.15102689808049,
            34.36048240244646
          ],
          [
            -119.15178555164252,
            34.36045220782767
          ],
          [
            -119.15254449431879,
            34.36042750000335
          ],
          [
            -119.15330366831287,
            34.3604082808551
          ],
          [
            -119.15406301581075,
            34.36039455184653
          ],
          [
            -119.15482247898514,
            34.36038631402316
          ],
          [
            -119.155582,
            34.36038356801233
          ],
          [
            -119.15634152101485,
            34.36038631402316
          ],
          [
            -119.15710098418924,
            34.36039455184653
          ],
          [
            -119.15786033168712,
            34.3604082808551
          ],
          [
            -119.1586195056812,
            34.36042750000335
          ],
          [
            -119.15937844835747,
            34.36045220782767
          ],
          [
            -119.1601371019195,
            34.36048240244646
          ],
          [
            -119.16089540859288,
            34.360518081560286
          ],
          [
            -119.16165331062963,
            34.36055924245204
          ],
          [
            -119.16241075031256,
            34.36060588198717
          ],
          [
            -119.16316766995972,
            34.36065799661389
          ],
          [
            -119.16392401192876,
            34.36071558236347
          ],
          [
            -119.16467971862127,
            34.36077863485053
          ],
          [
            -119.16543473248728,
            34.36084714927338
          ],
          [
            -119.16618899602959,
            34.36092112041438
          ],
          [
            -119.16694245180807,
            34.36100054264035
          ],
          [
            -119.16769504244417,
            34.36108540990297
          ],
          [
            -119.16844671062518,
            34.36117571573927
          ],
          [
            -119.16919739910867,
            34.36127145327212
          ],
          [
            -119.1699470507268,
            34.36137261521072
          ],
          [
            -119.17069560839072,
            34.36147919385121
          ],
          [
            -119.17144301509482,
            34.361591181077216
          ],
          [
            -119.17218921392123,
            34.36170856836046
          ],
          [
            -119.17293414804399,
            34.36183134676147
          ],
          [
            -119.17367776073351,
            34.36195950693018
          ],
          [
            -119.17441999536078,
            34.362093039106696
          ],
          [
            -119.17516079540177,
            34.362231933122025
          ],
          [
            -119.17590010444168,
            34.36237617839886
          ],
          [
            -119.17663786617929,
            34.36252576395236
          ],
          [
            -119.17737402443116,
            34.36268067839101
          ],
          [
            -119.17810852313599,
            34.362840909917466
          ],
          [
            -119.17884130635888,
            34.36300644632948
          ],
          [
            -119.17957231829554,
            34.36317727502082
          ],
          [
            -119.18030150327657,
            34.363353382982204
          ],
          [
            -119.18102880577173,
            34.36353475680235
          ],
          [
            -119.1817541703941,
            34.36372138266893
          ],
          [
            -119.18247754190436,
            34.363913246369655
          ],
          [
            -119.18319886521499,
            34.36411033329337
          ],
          [
            -119.1839180853944,
            34.364312628431136
          ],
          [
            -119.1846351476712,
            34.364520116377406
          ],
          [
            -119.18534999743832,
            34.364732781331156
          ],
          [
            -119.1860625802572,
            34.364950607097136
          ],
          [
            -119.18677284186187,
            34.36517357708707
          ],
          [
            -119.18748072816317,
            34.36540167432092
          ],
          [
            -119.18818618525282,
            34.365634881428214
          ],
          [
            -119.18888915940754,
            34.36587318064932
          ],
          [
            -119.1895895970931,
            34.366116553836825
          ],
          [
            -119.19028744496849,
            34.36636498245692
          ],
          [
            -119.19098264988988,
            34.36661844759082
          ],
          [
            -119.1916751589147,
            34.36687692993615
          ],
          [
            -119.19236491930575,
            34.367140409808485
          ],
          [
            -119.19305187853507,
            34.36740886714283
          ],
          [
            -119.19373598428808,
            34.3676822814951
          ],
          [
            -119.19441718446747,
            34.36796063204374
          ],
          [
            -119.19509542719719,
            34.36824389759128
          ],
          [
            -119.19577066082645,
            34.36853205656594
          ],
          [
            -119.1964428339336,
            34.36882508702332
          ],
          [
            -119.19711189533005,
            34.369122966648
          ],
          [
            -119.19777779406418,
            34.3694256727553
          ],
          [
            -119.19844047942522,
            34.369733182292975
          ],
          [
            -119.19909990094712,
            34.37004547184298
          ],
          [
            -119.19975600841236,
            34.37036251762326
          ],
          [
            -119.20040875185586,
            34.37068429548956
          ],
          [
            -119.20105808156863,
            34.37101078093724
          ],
          [
            -119.20170394810174,
            34.37134194910317
          ],
          [
            -119.20234630226993,
            34.371677774767605
          ],
          [
            -119.20298509515544,
            34.37201823235613
          ],
          [
            -119.20362027811173,
            34.37236329594159
          ],
          [
            -119.20425180276715,
            34.372712939246036
          ],
          [
            -119.20487962102865,
            34.37306713564279
          ],
          [
            -119.20550368508545,
            34.37342585815843
          ],
          [
            -119.20612394741265,
            34.37378907947483
          ],
          [
            -119.20674036077489,
            34.3741567719313
          ],
          [
            -119.20735287822987,
            34.37452890752662
          ],
          [
            -119.20796145313204,
            34.37490545792122
          ],
          [
            -119.20856603913606,
            34.37528639443936
          ],
          [
            -119.20916659020035,
            34.375671688071215
          ],
          [
            -119.20976306059066,
            34.3760613094752
          ],
          [
            -119.21035540488342,
            34.376455228980134
          ],
          [
            -119.21094357796933,
            34.37685341658752
          ],
          [
            -119.21152753505675,
            34.377255841973835
          ],
          [
            -119.21210723167506,
            34.37766247449282
          ],
          [
            -119.21268262367815,
            34.37807328317784
          ],
          [
            -119.21325366724766,
            34.378488236744225
          ],
          [
            -119.21382031889642,
            34.378907303591646
          ],
          [
            -119.21438253547173,
            34.379330451806545
          ],
          [
            -119.2149402741586,
            34.379757649164546
          ],
          [
            -119.21549349248308,
            34.38018886313292
          ],
          [
            -119.21604214831544,
            34.38062406087305
          ],
          [
            -119.21658619987343,
            34.381063209242946
          ],
          [
            -119.21712560572543,
            34.38150627479976
          ],
          [
            -119.21766032479356,
            34.38195322380233
          ],
          [
            -119.21819031635691,
            34.382404022213755
          ],
          [
            -119.21871554005457,
            34.382858635704004
          ],
          [
            -119.21923595588875,
            34.38331702965249
          ],
          [
            -119.21975152422772,
            34.38377916915074
          ],
          [
            -119.22026220580898,
            34.38424501900505
          ],
          [
            -119.22076796174214,
            34.384714543739136
          ],
          [
            -119.22126875351195,
            34.38518770759688
          ],
          [
            -119.22176454298116,
            34.385664474545024
          ],
          [
            -119.22225529239348,
            34.386144808275915
          ],
          [
            -119.22274096437646,
            34.38662867221028
          ],
          [
            -119.22322152194428,
            34.38711602950001
          ],
          [
            -119.22369692850062,
            34.38760684303096
          ],
          [
            -119.22416714784144,
            34.38810107542577
          ],
          [
            -119.22463214415772,
            34.388598689046745
          ],
          [
            -119.22509188203819,
            34.38909964599868
          ],
          [
            -119.225546326472,
            34.38960390813175
          ],
          [
            -119.22599544285148,
            34.390111437044446
          ],
          [
            -119.22643919697468,
            34.390622194086475
          ],
          [
            -119.22687755504799,
            34.39113614036172
          ],
          [
            -119.22731048368875,
            34.39165323673118
          ],
          [
            -119.22773794992779,
            34.39217344381596
          ],
          [
            -119.22815992121186,
            34.39269672200028
          ],
          [
            -119.22857636540623,
            34.393223031434474
          ],
          [
            -119.22898725079706,
            34.39375233203805
          ],
          [
            -119.22939254609386,
            34.3942845835027
          ],
          [
            -119.22979222043179,
            34.39481974529544
          ],
          [
            -119.23018624337412,
            34.39535777666161
          ],
          [
            -119.23057458491449,
            34.39589863662805
          ],
          [
            -119.23095721547917,
            34.39644228400616
          ],
          [
            -119.23133410592935,
            34.396988677395115
          ],
          [
            -119.23170522756338,
            34.397537775184915
          ],
          [
            -119.23207055211891,
            34.398089535559656
          ],
          [
            -119.23243005177507,
            34.398643916500646
          ],
          [
            -119.23278369915454,
            34.399200875789624
          ],
          [
            -119.23313146732573,
            34.399760371011986
          ],
          [
            -119.23347332980474,
            34.40032235956001
          ],
          [
            -119.23380926055741,
            34.40088679863608
          ],
          [
            -119.23413923400133,
            34.40145364525599
          ],
          [
            -119.23446322500773,
            34.40202285625217
          ],
          [
            -119.23478120890344,
            34.402594388276995
          ],
          [
            -119.23509316147276,
            34.40316819780609
          ],
          [
            -119.2353990589593,
            34.40374424114164
          ],
          [
            -119.23569887806777,
            34.40432247441571
          ],
          [
            -119.2359925959658,
            34.404902853593605
          ],
          [
            -119.23628019028561,
            34.4054853344772
          ],
          [
            -119.2365616391258,
            34.406069872708315
          ],
          [
            -119.23683692105296,
            34.406656423772105
          ],
          [
            -119.23710601510327,
            34.40724494300044
          ],
          [
            -119.2373689007842,
            34.4078353855753
          ],
          [
            -119.23762555807599,
            34.408427706532194
          ],
          [
            -119.23787596743318,
            34.40902186076359
          ],
          [
            -119.23812010978615,
            34.409617803022336
          ],
          [
            -119.2383579665425,
            34.41021548792513
          ],
          [
            -119.2385895195885,
            34.410814869955956
          ],
          [
            -119.23881475129052,
            34.41141590346954
          ],
          [
            -119.23903364449627,
            34.41201854269486
          ],
          [
            -119.2392461825362,
            34.41262274173861
          ],
          [
            -119.23945234922472,
            34.41322845458868
          ],
          [
            -119.23965212886142,
            34.41383563511771
          ],
          [
            -119.23984550623233,
            34.414444237086535
          ],
          [
            -119.24003246661098,
            34.415054214147766
          ],
          [
            -119.24021299575965,
            34.415665519849284
          ],
          [
            -119.24038707993033,
            34.4162781076378
          ],
          [
            -119.24055470586583,
            34.416891930862384
          ],
          [
            -119.24071586080079,
            34.41750694277801
          ],
          [
            -119.24087053246265,
            34.418123096549145
          ],
          [
            -119.24101870907255,
            34.4187403452533
          ],
          [
            -119.24116037934627,
            34.419358641884585
          ],
          [
            -119.24129553249509,
            34.419977939357324
          ],
          [
            -119.24142415822654,
            34.420598190509615
          ],
          [
            -119.24154624674529,
            34.42121934810694
          ],
          [
            -119.24166178875383,
            34.421841364845726
          ],
          [
            -119.24177077545318,
            34.422464193357
          ],
          [
            -119.24187319854359,
            34.42308778620996
          ],
          [
            -119.24196905022514,
            34.4237120959156
          ],
          [
            -119.24205832319836,
            34.42433707493031
          ],
          [
            -119.24214101066475,
            34.42496267565952
          ],
          [
            -119.24221710632736,
            34.42558885046132
          ],
          [
            -119.2422866043912,
            34.42621555165006
          ],
          [
            -119.24234949956373,
            34.42684273150004
          ],
          [
            -119.24240578705523,
            34.42747034224906
          ],
          [
            -119.24245546257919,
            34.42809833610215
          ],
          [
            -119.24249852235263,
            34.42872666523514
          ],
          [
            -119.24253496309639,
            34.42935528179834
          ],
          [
            -119.24256478203536,
            34.42998413792016
          ],
          [
            -119.24258797689869,
            34.43061318571076
          ],
          [
            -119.24260454592005,
            34.43124237726574
          ],
          [
            -119.2426144878376,
            34.43187166466971
          ],
          [
            -119.24261780189424,
            34.432501
          ],
          [
            -119.2426144878376,
            34.4331303353303
          ],
          [
            -119.24260454592005,
            34.433759622734264
          ],
          [
            -119.24258797689869,
            34.43438881428924
          ],
          [
            -119.24256478203536,
            34.435017862079846
          ],
          [
            -119.24253496309639,
            34.43564671820167
          ],
          [
            -119.24249852235263,
            34.436275334764865
          ],
          [
            -119.24245546257919,
            34.43690366389785
          ],
          [
            -119.24240578705523,
            34.437531657750945
          ],
          [
            -119.24234949956373,
            34.438159268499966
          ],
          [
            -119.2422866043912,
            34.438786448349944
          ],
          [
            -119.24221710632736,
            34.43941314953869
          ],
          [
            -119.24214101066475,
            34.44003932434048
          ],
          [
            -119.24205832319836,
            34.4406649250697
          ],
          [
            -119.24196905022514,
            34.44128990408441
          ],
          [
            -119.24187319854359,
            34.44191421379004
          ],
          [
            -119.24177077545318,
            34.442537806643
          ],
          [
            -119.24166178875383,
            34.44316063515428
          ],
          [
            -119.24154624674529,
            34.443782651893066
          ],
          [
            -119.24142415822654,
            34.44440380949039
          ],
          [
            -119.24129553249509,
            34.44502406064268
          ],
          [
            -119.24116037934627,
            34.44564335811542
          ],
          [
            -119.24101870907255,
            34.446261654746706
          ],
          [
            -119.24087053246265,
            34.44687890345086
          ],
          [
            -119.24071586080079,
            34.44749505722199
          ],
          [
            -119.24055470586583,
            34.44811006913762
          ],
          [
            -119.24038707993033,
            34.4487238923622
          ],
          [
            -119.24021299575965,
            34.44933648015072
          ],
          [
            -119.24003246661098,
            34.44994778585224
          ],
          [
            -119.23984550623233,
            34.45055776291347
          ],
          [
            -119.23965212886142,
            34.4511663648823
          ],
          [
            -119.23945234922472,
            34.45177354541132
          ],
          [
            -119.2392461825362,
            34.452379258261395
          ],
          [
            -119.23903364449627,
            34.452983457305145
          ],
          [
            -119.23881475129052,
            34.453586096530465
          ],
          [
            -119.2385895195885,
            34.45418713004405
          ],
          [
            -119.2383579665425,
            34.454786512074875
          ],
          [
            -119.23812010978615,
            34.45538419697767
          ],
          [
            -119.23787596743318,
            34.45598013923642
          ],
          [
            -119.23762555807599,
            34.45657429346781
          ],
          [
            -119.2373689007842,
            34.45716661442471
          ],
          [
            -119.23710601510327,
            34.45775705699956
          ],
          [
            -119.23683692105296,
            34.4583455762279
          ],
          [
            -119.2365616391258,
            34.45893212729169
          ],
          [
            -119.23628019028561,
            34.459516665522806
          ],
          [
            -119.2359925959658,
            34.4600991464064
          ],
          [
            -119.23569887806777,
            34.4606795255843
          ],
          [
            -119.2353990589593,
            34.461257758858366
          ],
          [
            -119.23509316147276,
            34.461833802193915
          ],
          [
            -119.23478120890344,
            34.46240761172301
          ],
          [
            -119.23446322500773,
            34.46297914374784
          ],
          [
            -119.23413923400133,
            34.46354835474401
          ],
          [
            -119.23380926055741,
            34.464115201363924
          ],
          [
            -119.23347332980474,
            34.464679640439996
          ],
          [
            -119.23313146732573,
            34.46524162898802
          ],
          [
            -119.23278369915454,
            34.46580112421038
          ],
          [
            -119.23243005177507,
            34.46635808349936
          ],
          [
            -119.23207055211891,
            34.46691246444035
          ],
          [
            -119.23170522756338,
            34.46746422481509
          ],
          [
            -119.23133410592935,
            34.46801332260489
          ],
          [
            -119.23095721547917,
            34.46855971599384
          ],
          [
            -119.23057458491449,
            34.46910336337196
          ],
          [
            -119.23018624337412,
            34.46964422333839
          ],
          [
            -119.22979222043179,
            34.47018225470456
          ],
          [
            -119.22939254609386,
            34.4707174164973
          ],
          [
            -119.22898725079706,
            34.471249667961956
          ],
          [
            -119.22857636540623,
            34.47177896856553
          ],
          [
            -119.22815992121186,
            34.47230527799972
          ],
          [
            -119.22773794992779,
            34.47282855618404
          ],
          [
            -119.22731048368875,
            34.473348763268824
          ],
          [
            -119.22687755504799,
            34.47386585963828
          ],
          [
            -119.22643919697468,
            34.47437980591353
          ],
          [
            -119.22599544285148,
            34.47489056295556
          ],
          [
            -119.225546326472,
            34.47539809186826
          ],
          [
            -119.22509188203819,
            34.47590235400133
          ],
          [
            -119.22463214415772,
            34.47640331095326
          ],
          [
            -119.22416714784144,
            34.47690092457423
          ],
          [
            -119.22369692850062,
            34.477395156969045
          ],
          [
            -119.22322152194428,
            34.4778859705
          ],
          [
            -119.22274096437646,
            34.478373327789726
          ],
          [
            -119.22225529239348,
            34.47885719172409
          ],
          [
            -119.22176454298116,
            34.47933752545498
          ],
          [
            -119.22126875351195,
            34.47981429240313
          ],
          [
            -119.22076796174214,
            34.48028745626087
          ],
          [
            -119.22026220580898,
            34.480756980994954
          ],
          [
            -119.21975152422772,
            34.48122283084926
          ],
          [
            -119.21923595588875,
            34.481684970347516
          ],
          [
            -119.21871554005457,
            34.482143364296
          ],
          [
            -119.21819031635691,
            34.48259797778625
          ],
          [
            -119.21766032479356,
            34.48304877619768
          ],
          [
            -119.21712560572543,
            34.48349572520024
          ],
          [
            -119.21658619987343,
            34.48393879075706
          ],
          [
            -119.21604214831544,
            34.48437793912695
          ],
          [
            -119.21549349248308,
            34.48481313686708
          ],
          [
            -119.2149402741586,
            34.48524435083546
          ],
          [
            -119.21438253547173,
            34.48567154819346
          ],
          [
            -119.21382031889642,
            34.48609469640836
          ],
          [
            -119.21325366724766,
            34.48651376325578
          ],
          [
            -119.21268262367815,
            34.48692871682216
          ],
          [
            -119.21210723167506,
            34.48733952550718
          ],
          [
            -119.21152753505675,
            34.48774615802617
          ],
          [
            -119.21094357796933,
            34.48814858341248
          ],
          [
            -119.21035540488342,
            34.48854677101987
          ],
          [
            -119.20976306059066,
            34.48894069052481
          ],
          [
            -119.20916659020035,
            34.48933031192879
          ],
          [
            -119.20856603913606,
            34.48971560556065
          ],
          [
            -119.20796145313204,
            34.49009654207878
          ],
          [
            -119.20735287822987,
            34.49047309247339
          ],
          [
            -119.20674036077489,
            34.49084522806871
          ],
          [
            -119.20612394741265,
            34.49121292052517
          ],
          [
            -119.20550368508545,
            34.49157614184158
          ],
          [
            -119.20487962102865,
            34.49193486435721
          ],
          [
            -119.20425180276715,
            34.49228906075397
          ],
          [
            -119.20362027811173,
            34.492638704058415
          ],
          [
            -119.20298509515544,
            34.49298376764387
          ],
          [
            -119.20234630226993,
            34.4933242252324
          ],
          [
            -119.20170394810174,
            34.493660050896835
          ],
          [
            -119.20105808156863,
            34.493991219062764
          ],
          [
            -119.20040875185586,
            34.49431770451044
          ],
          [
            -119.19975600841236,
            34.49463948237674
          ],
          [
            -119.19909990094712,
            34.494956528157026
          ],
          [
            -119.19844047942522,
            34.49526881770703
          ],
          [
            -119.19777779406418,
            34.495576327244706
          ],
          [
            -119.19711189533005,
            34.495879033352004
          ],
          [
            -119.1964428339336,
            34.496176912976686
          ],
          [
            -119.19577066082645,
            34.496469943434064
          ],
          [
            -119.19509542719719,
            34.49675810240873
          ],
          [
            -119.19441718446747,
            34.497041367956264
          ],
          [
            -119.19373598428808,
            34.497319718504905
          ],
          [
            -119.19305187853507,
            34.497593132857176
          ],
          [
            -119.19236491930575,
            34.49786159019152
          ],
          [
            -119.1916751589147,
            34.49812507006386
          ],
          [
            -119.19098264988988,
            34.49838355240919
          ],
          [
            -119.19028744496849,
            34.49863701754308
          ],
          [
            -119.1895895970931,
            34.49888544616318
          ],
          [
            -119.18888915940754,
            34.49912881935069
          ],
          [
            -119.18818618525282,
            34.49936711857179
          ],
          [
            -119.18748072816317,
            34.49960032567908
          ],
          [
            -119.18677284186187,
            34.499828422912934
          ],
          [
            -119.1860625802572,
            34.50005139290287
          ],
          [
            -119.18534999743832,
            34.50026921866885
          ],
          [
            -119.1846351476712,
            34.5004818836226
          ],
          [
            -119.1839180853944,
            34.50068937156887
          ],
          [
            -119.18319886521499,
            34.500891666706636
          ],
          [
            -119.18247754190436,
            34.50108875363035
          ],
          [
            -119.1817541703941,
            34.501280617331076
          ],
          [
            -119.18102880577173,
            34.50146724319765
          ],
          [
            -119.18030150327657,
            34.5016486170178
          ],
          [
            -119.17957231829554,
            34.50182472497919
          ],
          [
            -119.17884130635888,
            34.501995553670525
          ],
          [
            -119.17810852313599,
            34.50216109008254
          ],
          [
            -119.17737402443116,
            34.502321321608996
          ],
          [
            -119.17663786617929,
            34.50247623604764
          ],
          [
            -119.17590010444168,
            34.50262582160114
          ],
          [
            -119.17516079540177,
            34.50277006687798
          ],
          [
            -119.17441999536078,
            34.50290896089331
          ],
          [
            -119.17367776073351,
            34.50304249306983
          ],
          [
            -119.17293414804399,
            34.503170653238534
          ],
          [
            -119.17218921392123,
            34.50329343163954
          ],
          [
            -119.17144301509482,
            34.50341081892279
          ],
          [
            -119.17069560839072,
            34.503522806148794
          ],
          [
            -119.1699470507268,
            34.503629384789285
          ],
          [
            -119.16919739910867,
            34.50373054672789
          ],
          [
            -119.16844671062518,
            34.50382628426073
          ],
          [
            -119.16769504244417,
            34.503916590097035
          ],
          [
            -119.16694245180807,
            34.50400145735966
          ],
          [
            -119.16618899602959,
            34.50408087958562
          ],
          [
            -119.16543473248728,
            34.50415485072662
          ],
          [
            -119.16467971862127,
            34.50422336514947
          ],
          [
            -119.16392401192876,
            34.504286417636536
          ],
          [
            -119.16316766995972,
            34.504344003386116
          ],
          [
            -119.16241075031256,
            34.504396118012835
          ],
          [
            -119.16165331062963,
            34.50444275754796
          ],
          [
            -119.16089540859288,
            34.50448391843972
          ],
          [
            -119.1601371019195,
            34.504519597553546
          ],
          [
            -119.15937844835747,
            34.504549792172334
          ],
          [
            -119.1586195056812,
            34.50457449999666
          ],
          [
            -119.15786033168712,
            34.50459371914491
          ],
          [
            -119.15710098418924,
            34.50460744815347
          ],
          [
            -119.15634152101485,
            34.504615685976844
          ],
          [
            -119.155582,
            34.50461843198767
          ]
        ]
      }
    }
  ]
}
