{
  "type": "FeatureCollection",
  "properties": {
    "authority": "derived",
    "evidence": "modelled",
    "method": "keypoints on valley lines; keylines at keypoint contour; swale lines 0.5-1%; valleys/ridges from accum/TPI. Algorithm inspired by topo_drain_core (MIT, vendor/).",
    "inputs": [
      "terrain 1 m 2018",
      "scripts/drainage.py methods"
    ],
    "check": {
      "ford_en": [
        275.0,
        234.0
      ],
      "keypoint_to_ford_m": 26.69,
      "keyline_to_ford_m": 24.98,
      "keypoint_accum_m2": 1418.0
    }
  },
  "features": [
    {
      "type": "Feature",
      "properties": {
        "kind": "keypoint",
        "elev_m": 418.69,
        "accum_m2": 3815.0
      },
      "geometry": {
        "type": "Point",
        "coordinates": [
          -119.15683870880298,
          34.4323822688139
        ]
      }
    },
    {
      "type": "Feature",
      "properties": {
        "kind": "keyline",
        "elev_m": 418.69
      },
      "geometry": {
        "type": "LineString",
        "coordinates": [
          [
            -119.1568602816026,
            34.43237991551045
          ],
          [
            -119.15682332290154,
            34.4323695201326
          ],
          [
            -119.15681713600334,
            34.43238462211735
          ],
          [
            -119.15683870880298,
            34.4324002981719
          ],
          [
            -119.15686046775345,
            34.4323822688139
          ]
        ]
      }
    },
    {
      "type": "Feature",
      "properties": {
        "kind": "swale_line",
        "target_slope": "0.5-1%"
      },
      "geometry": {
        "type": "LineString",
        "coordinates": [
          [
            -119.15683870880298,
            34.4323822688139
          ],
          [
            -119.15683870880298,
            34.4324002981719
          ],
          [
            -119.15686046775345,
            34.4323822688139
          ]
        ]
      }
    },
    {
      "type": "Feature",
      "properties": {
        "kind": "keypoint",
        "elev_m": 429.31,
        "accum_m2": 3649.0
      },
      "geometry": {
        "type": "Point",
        "coordinates": [
          -119.15560932810122,
          34.43222901927093
        ]
      }
    },
    {
      "type": "Feature",
      "properties": {
        "kind": "keyline",
        "elev_m": 429.31
      },
      "geometry": {
        "type": "LineString",
        "coordinates": [
          [
            -119.15558775530158,
            34.432226665967484
          ],
          [
            -119.15559394219979,
            34.43224176795223
          ],
          [
            -119.15563034563344,
            34.43223368561215
          ]
        ]
      }
    },
    {
      "type": "Feature",
      "properties": {
        "kind": "swale_line",
        "target_slope": "0.5-1%"
      },
      "geometry": {
        "type": "LineString",
        "coordinates": [
          [
            -119.15560932810122,
            34.43222901927093
          ],
          [
            -119.15560932810122,
            34.43224704862892
          ],
          [
            -119.15560932810122,
            34.43226507798692
          ],
          [
            -119.15560932810122,
            34.432283107344915
          ],
          [
            -119.15560932810122,
            34.43230113670292
          ],
          [
            -119.15560932810122,
            34.432319166060914
          ],
          [
            -119.15560932810122,
            34.43233719541891
          ],
          [
            -119.15560932810122,
            34.432355224776906
          ],
          [
            -119.15560932810122,
            34.4323732541349
          ],
          [
            -119.15563108705169,
            34.4323912834929
          ],
          [
            -119.15565284600217,
            34.4324093128509
          ],
          [
            -119.15565284600217,
            34.4324273422089
          ],
          [
            -119.15565284600217,
            34.43244537156689
          ],
          [
            -119.15565284600217,
            34.43246340092489
          ],
          [
            -119.15565284600217,
            34.432481430282884
          ],
          [
            -119.15565284600217,
            34.43249945964088
          ],
          [
            -119.15565284600217,
            34.432517488998876
          ],
          [
            -119.15565284600217,
            34.43253551835688
          ],
          [
            -119.15565284600217,
            34.432553547714875
          ],
          [
            -119.15565284600217,
            34.43257157707287
          ],
          [
            -119.15567460495264,
            34.43258960643087
          ],
          [
            -119.15565284600217,
            34.43260763578886
          ],
          [
            -119.15565284600217,
            34.43262566514686
          ],
          [
            -119.15565284600217,
            34.432643694504854
          ],
          [
            -119.15567460495264,
            34.432643694504854
          ],
          [
            -119.15569636390312,
            34.43262566514686
          ]
        ]
      }
    },
    {
      "type": "Feature",
      "properties": {
        "kind": "keypoint",
        "elev_m": 431.06,
        "accum_m2": 3473.0
      },
      "geometry": {
        "type": "Point",
        "coordinates": [
          -119.15562020757646,
          34.432183945875934
        ]
      }
    },
    {
      "type": "Feature",
      "properties": {
        "kind": "keyline",
        "elev_m": 431.06
      },
      "geometry": {
        "type": "LineString",
        "coordinates": [
          [
            -119.15559863477682,
            34.43218159257249
          ],
          [
            -119.15560294504041,
            34.43219492145367
          ],
          [
            -119.15567199518458,
            34.43221687260915
          ],
          [
            -119.15578102876839,
            34.43223914216875
          ]
        ]
      }
    },
    {
      "type": "Feature",
      "properties": {
        "kind": "swale_line",
        "target_slope": "0.5-1%"
      },
      "geometry": {
        "type": "LineString",
        "coordinates": [
          [
            -119.15562020757646,
            34.432183945875934
          ],
          [
            -119.15562020757646,
            34.43220197523393
          ],
          [
            -119.15562020757646,
            34.432220004591926
          ],
          [
            -119.15559844862598,
            34.43223803394993
          ],
          [
            -119.15559844862598,
            34.432256063307925
          ],
          [
            -119.15562020757646,
            34.43227409266592
          ],
          [
            -119.15562020757646,
            34.43229212202392
          ],
          [
            -119.15562020757646,
            34.43231015138191
          ],
          [
            -119.15562020757646,
            34.43232818073991
          ],
          [
            -119.15562020757646,
            34.43234621009791
          ],
          [
            -119.15562020757646,
            34.43236423945591
          ],
          [
            -119.15562020757646,
            34.4323822688139
          ],
          [
            -119.15564196652693,
            34.4324002981719
          ],
          [
            -119.15564196652693,
            34.432418327529895
          ],
          [
            -119.15564196652693,
            34.43243635688789
          ],
          [
            -119.15564196652693,
            34.43245438624589
          ],
          [
            -119.1556637254774,
            34.43247241560389
          ],
          [
            -119.1556637254774,
            34.432490444961886
          ],
          [
            -119.1556637254774,
            34.43250847431988
          ],
          [
            -119.1556637254774,
            34.43252650367788
          ],
          [
            -119.1556637254774,
            34.43254453303587
          ],
          [
            -119.1556637254774,
            34.43256256239387
          ],
          [
            -119.1556637254774,
            34.432580591751865
          ],
          [
            -119.1556637254774,
            34.43259862110987
          ],
          [
            -119.15564196652693,
            34.432616650467864
          ],
          [
            -119.15564196652693,
            34.43263467982586
          ],
          [
            -119.1556637254774,
            34.432652709183856
          ],
          [
            -119.15568548442788,
            34.43263467982586
          ],
          [
            -119.15568548442788,
            34.432652709183856
          ],
          [
            -119.15568548442788,
            34.43263467982586
          ],
          [
            -119.15568548442788,
            34.432652709183856
          ],
          [
            -119.15568548442788,
            34.43263467982586
          ],
          [
            -119.15568548442788,
            34.432652709183856
          ],
          [
            -119.15568548442788,
            34.43263467982586
          ],
          [
            -119.15568548442788,
            34.432652709183856
          ],
          [
            -119.15568548442788,
            34.43263467982586
          ],
          [
            -119.15568548442788,
            34.432652709183856
          ],
          [
            -119.15568548442788,
            34.43263467982586
          ],
          [
            -119.15568548442788,
            34.432652709183856
          ],
          [
            -119.15568548442788,
            34.43263467982586
          ],
          [
            -119.15568548442788,
            34.432652709183856
          ],
          [
            -119.15568548442788,
            34.43263467982586
          ],
          [
            -119.15568548442788,
            34.432652709183856
          ],
          [
            -119.15568548442788,
            34.43263467982586
          ],
          [
            -119.15568548442788,
            34.432652709183856
          ],
          [
            -119.15568548442788,
            34.43263467982586
          ],
          [
            -119.15568548442788,
            34.432652709183856
          ],
          [
            -119.15568548442788,
            34.43263467982586
          ],
          [
            -119.15568548442788,
            34.432652709183856
          ],
          [
            -119.15568548442788,
            34.43263467982586
          ],
          [
            -119.15568548442788,
            34.432652709183856
          ],
          [
            -119.15568548442788,
            34.43263467982586
          ],
          [
            -119.15568548442788,
            34.432652709183856
          ],
          [
            -119.15568548442788,
            34.43263467982586
          ],
          [
            -119.15568548442788,
            34.432652709183856
          ],
          [
            -119.15568548442788,
            34.43263467982586
          ],
          [
            -119.15568548442788,
            34.432652709183856
          ],
          [
            -119.15568548442788,
            34.43263467982586
          ],
          [
            -119.15568548442788,
            34.432652709183856
          ],
          [
            -119.15568548442788,
            34.43263467982586
          ],
          [
            -119.15568548442788,
            34.432652709183856
          ],
          [
            -119.15568548442788,
            34.43263467982586
          ],
          [
            -119.15568548442788,
            34.432652709183856
          ],
          [
            -119.15568548442788,
            34.43263467982586
          ],
          [
            -119.15568548442788,
            34.432652709183856
          ],
          [
            -119.15568548442788,
            34.43263467982586
          ],
          [
            -119.15568548442788,
            34.432652709183856
          ],
          [
            -119.15568548442788,
            34.43263467982586
          ],
          [
            -119.15568548442788,
            34.432652709183856
          ],
          [
            -119.15568548442788,
            34.43263467982586
          ],
          [
            -119.15568548442788,
            34.432652709183856
          ],
          [
            -119.15568548442788,
            34.43263467982586
          ],
          [
            -119.15568548442788,
            34.432652709183856
          ],
          [
            -119.15568548442788,
            34.43263467982586
          ],
          [
            -119.15568548442788,
            34.432652709183856
          ],
          [
            -119.15568548442788,
            34.43263467982586
          ],
          [
            -119.15568548442788,
            34.432652709183856
          ],
          [
            -119.15568548442788,
            34.43263467982586
          ],
          [
            -119.15568548442788,
            34.432652709183856
          ],
          [
            -119.15568548442788,
            34.43263467982586
          ],
          [
            -119.15568548442788,
            34.432652709183856
          ]
        ]
      }
    },
    {
      "type": "Feature",
      "properties": {
        "kind": "keypoint",
        "elev_m": 421.25,
        "accum_m2": 3276.0
      },
      "geometry": {
        "type": "Point",
        "coordinates": [
          -119.15602274816021,
          34.43336486882473
        ]
      }
    },
    {
      "type": "Feature",
      "properties": {
        "kind": "keyline",
        "elev_m": 421.25
      },
      "geometry": {
        "type": "LineString",
        "coordinates": [
          [
            -119.15604432095985,
            34.43336251552129
          ],
          [
            -119.15601990804727,
            34.433346993710394
          ],
          [
            -119.15600098920974,
            34.43336486882473
          ],
          [
            -119.15602274816021,
            34.43338289818273
          ],
          [
            -119.15604450711069,
            34.43336486882473
          ]
        ]
      }
    },
    {
      "type": "Feature",
      "properties": {
        "kind": "swale_line",
        "target_slope": "0.5-1%"
      },
      "geometry": {
        "type": "LineString",
        "coordinates": [
          [
            -119.15602274816021,
            34.43336486882473
          ],
          [
            -119.15604450711069,
            34.43338289818273
          ],
          [
            -119.15606626606116,
            34.43338289818273
          ],
          [
            -119.15608802501164,
            34.43338289818273
          ],
          [
            -119.15610978396211,
            34.43340092754073
          ],
          [
            -119.15613154291259,
            34.43340092754073
          ],
          [
            -119.15615330186306,
            34.43338289818273
          ]
        ]
      }
    },
    {
      "type": "Feature",
      "properties": {
        "kind": "keypoint",
        "elev_m": 434.38,
        "accum_m2": 3153.0
      },
      "geometry": {
        "type": "Point",
        "coordinates": [
          -119.15564196652693,
          34.43211182844395
        ]
      }
    },
    {
      "type": "Feature",
      "properties": {
        "kind": "keyline",
        "elev_m": 434.38
      },
      "geometry": {
        "type": "LineString",
        "coordinates": [
          [
            -119.15562094899471,
            34.43211649478517
          ],
          [
            -119.15571101667109,
            34.4321557307549
          ],
          [
            -119.15598371155978,
            34.43222912056618
          ]
        ]
      }
    },
    {
      "type": "Feature",
      "properties": {
        "kind": "swale_line",
        "target_slope": "0.5-1%"
      },
      "geometry": {
        "type": "LineString",
        "coordinates": [
          [
            -119.15564196652693,
            34.43211182844395
          ],
          [
            -119.15564196652693,
            34.43212985780195
          ],
          [
            -119.15564196652693,
            34.43214788715994
          ],
          [
            -119.15562020757646,
            34.43216591651794
          ],
          [
            -119.15562020757646,
            34.432183945875934
          ],
          [
            -119.15562020757646,
            34.43220197523393
          ],
          [
            -119.15562020757646,
            34.432220004591926
          ],
          [
            -119.15559844862598,
            34.43223803394993
          ],
          [
            -119.15559844862598,
            34.432256063307925
          ],
          [
            -119.15562020757646,
            34.43227409266592
          ],
          [
            -119.15562020757646,
            34.43229212202392
          ],
          [
            -119.15562020757646,
            34.43231015138191
          ],
          [
            -119.15562020757646,
            34.43232818073991
          ],
          [
            -119.15562020757646,
            34.43234621009791
          ],
          [
            -119.15562020757646,
            34.43236423945591
          ],
          [
            -119.15562020757646,
            34.4323822688139
          ],
          [
            -119.15564196652693,
            34.4324002981719
          ],
          [
            -119.15564196652693,
            34.432418327529895
          ],
          [
            -119.15564196652693,
            34.43243635688789
          ],
          [
            -119.15564196652693,
            34.43245438624589
          ],
          [
            -119.1556637254774,
            34.43247241560389
          ],
          [
            -119.1556637254774,
            34.432490444961886
          ],
          [
            -119.1556637254774,
            34.43250847431988
          ],
          [
            -119.1556637254774,
            34.43252650367788
          ],
          [
            -119.1556637254774,
            34.43254453303587
          ],
          [
            -119.1556637254774,
            34.43256256239387
          ],
          [
            -119.1556637254774,
            34.432580591751865
          ],
          [
            -119.1556637254774,
            34.43259862110987
          ],
          [
            -119.15564196652693,
            34.432616650467864
          ],
          [
            -119.15564196652693,
            34.43263467982586
          ],
          [
            -119.1556637254774,
            34.432652709183856
          ],
          [
            -119.15568548442788,
            34.43263467982586
          ],
          [
            -119.15568548442788,
            34.432652709183856
          ],
          [
            -119.15568548442788,
            34.43263467982586
          ],
          [
            -119.15568548442788,
            34.432652709183856
          ],
          [
            -119.15568548442788,
            34.43263467982586
          ],
          [
            -119.15568548442788,
            34.432652709183856
          ],
          [
            -119.15568548442788,
            34.43263467982586
          ],
          [
            -119.15568548442788,
            34.432652709183856
          ],
          [
            -119.15568548442788,
            34.43263467982586
          ],
          [
            -119.15568548442788,
            34.432652709183856
          ],
          [
            -119.15568548442788,
            34.43263467982586
          ],
          [
            -119.15568548442788,
            34.432652709183856
          ],
          [
            -119.15568548442788,
            34.43263467982586
          ],
          [
            -119.15568548442788,
            34.432652709183856
          ],
          [
            -119.15568548442788,
            34.43263467982586
          ],
          [
            -119.15568548442788,
            34.432652709183856
          ],
          [
            -119.15568548442788,
            34.43263467982586
          ],
          [
            -119.15568548442788,
            34.432652709183856
          ],
          [
            -119.15568548442788,
            34.43263467982586
          ],
          [
            -119.15568548442788,
            34.432652709183856
          ],
          [
            -119.15568548442788,
            34.43263467982586
          ],
          [
            -119.15568548442788,
            34.432652709183856
          ],
          [
            -119.15568548442788,
            34.43263467982586
          ],
          [
            -119.15568548442788,
            34.432652709183856
          ],
          [
            -119.15568548442788,
            34.43263467982586
          ],
          [
            -119.15568548442788,
            34.432652709183856
          ],
          [
            -119.15568548442788,
            34.43263467982586
          ],
          [
            -119.15568548442788,
            34.432652709183856
          ],
          [
            -119.15568548442788,
            34.43263467982586
          ],
          [
            -119.15568548442788,
            34.432652709183856
          ],
          [
            -119.15568548442788,
            34.43263467982586
          ],
          [
            -119.15568548442788,
            34.432652709183856
          ],
          [
            -119.15568548442788,
            34.43263467982586
          ],
          [
            -119.15568548442788,
            34.432652709183856
          ],
          [
            -119.15568548442788,
            34.43263467982586
          ],
          [
            -119.15568548442788,
            34.432652709183856
          ],
          [
            -119.15568548442788,
            34.43263467982586
          ],
          [
            -119.15568548442788,
            34.432652709183856
          ],
          [
            -119.15568548442788,
            34.43263467982586
          ],
          [
            -119.15568548442788,
            34.432652709183856
          ],
          [
            -119.15568548442788,
            34.43263467982586
          ],
          [
            -119.15568548442788,
            34.432652709183856
          ],
          [
            -119.15568548442788,
            34.43263467982586
          ],
          [
            -119.15568548442788,
            34.432652709183856
          ],
          [
            -119.15568548442788,
            34.43263467982586
          ],
          [
            -119.15568548442788,
            34.432652709183856
          ],
          [
            -119.15568548442788,
            34.43263467982586
          ],
          [
            -119.15568548442788,
            34.432652709183856
          ],
          [
            -119.15568548442788,
            34.43263467982586
          ],
          [
            -119.15568548442788,
            34.432652709183856
          ]
        ]
      }
    },
    {
      "type": "Feature",
      "properties": {
        "kind": "keypoint",
        "elev_m": 436.69,
        "accum_m2": 2904.0
      },
      "geometry": {
        "type": "Point",
        "coordinates": [
          -119.15565284600217,
          34.43206675504896
        ]
      }
    },
    {
      "type": "Feature",
      "properties": {
        "kind": "keyline",
        "elev_m": 436.69
      },
      "geometry": {
        "type": "LineString",
        "coordinates": [
          [
            -119.15563127320253,
            34.43206440174551
          ],
          [
            -119.15567460495264,
            34.43209798281303
          ],
          [
            -119.15566823190359,
            34.43207950373026
          ],
          [
            -119.15584128404086,
            34.43215690183894
          ],
          [
            -119.156034796333,
            34.432197846244385
          ]
        ]
      }
    },
    {
      "type": "Feature",
      "properties": {
        "kind": "swale_line",
        "target_slope": "0.5-1%"
      },
      "geometry": {
        "type": "LineString",
        "coordinates": [
          [
            -119.15565284600217,
            34.43206675504896
          ],
          [
            -119.15565284600217,
            34.43208478440695
          ],
          [
            -119.15565284600217,
            34.43210281376495
          ],
          [
            -119.15563108705169,
            34.432120843122945
          ],
          [
            -119.15563108705169,
            34.43213887248094
          ],
          [
            -119.15563108705169,
            34.43215690183894
          ],
          [
            -119.15563108705169,
            34.43217493119694
          ],
          [
            -119.15560932810122,
            34.432192960554936
          ],
          [
            -119.15560932810122,
            34.43221098991293
          ],
          [
            -119.15560932810122,
            34.43222901927093
          ],
          [
            -119.15560932810122,
            34.43224704862892
          ],
          [
            -119.15560932810122,
            34.43226507798692
          ],
          [
            -119.15560932810122,
            34.432283107344915
          ],
          [
            -119.15560932810122,
            34.43230113670292
          ],
          [
            -119.15560932810122,
            34.432319166060914
          ],
          [
            -119.15560932810122,
            34.43233719541891
          ],
          [
            -119.15560932810122,
            34.432355224776906
          ],
          [
            -119.15560932810122,
            34.4323732541349
          ],
          [
            -119.15563108705169,
            34.4323912834929
          ],
          [
            -119.15565284600217,
            34.4324093128509
          ],
          [
            -119.15565284600217,
            34.4324273422089
          ],
          [
            -119.15565284600217,
            34.43244537156689
          ],
          [
            -119.15565284600217,
            34.43246340092489
          ],
          [
            -119.15565284600217,
            34.432481430282884
          ],
          [
            -119.15565284600217,
            34.43249945964088
          ],
          [
            -119.15565284600217,
            34.432517488998876
          ],
          [
            -119.15565284600217,
            34.43253551835688
          ],
          [
            -119.15565284600217,
            34.432553547714875
          ],
          [
            -119.15565284600217,
            34.43257157707287
          ],
          [
            -119.15567460495264,
            34.43258960643087
          ],
          [
            -119.15565284600217,
            34.43260763578886
          ],
          [
            -119.15565284600217,
            34.43262566514686
          ],
          [
            -119.15565284600217,
            34.432643694504854
          ],
          [
            -119.15567460495264,
            34.432643694504854
          ],
          [
            -119.15569636390312,
            34.43262566514686
          ]
        ]
      }
    },
    {
      "type": "Feature",
      "properties": {
        "kind": "keypoint",
        "elev_m": 437.44,
        "accum_m2": 2869.0
      },
      "geometry": {
        "type": "Point",
        "coordinates": [
          -119.15565284600217,
          34.43204872569096
        ]
      }
    },
    {
      "type": "Feature",
      "properties": {
        "kind": "keyline",
        "elev_m": 437.44
      },
      "geometry": {
        "type": "LineString",
        "coordinates": [
          [
            -119.15560970040289,
            34.432053432297856
          ],
          [
            -119.15567460495264,
            34.43207995345504
          ],
          [
            -119.15566823190359,
            34.43206147437226
          ],
          [
            -119.15584128404086,
            34.43213887248094
          ]
        ]
      }
    },
    {
      "type": "Feature",
      "properties": {
        "kind": "swale_line",
        "target_slope": "0.5-1%"
      },
      "geometry": {
        "type": "LineString",
        "coordinates": [
          [
            -119.15565284600217,
            34.43204872569096
          ],
          [
            -119.15565284600217,
            34.43206675504896
          ],
          [
            -119.15565284600217,
            34.43208478440695
          ],
          [
            -119.15565284600217,
            34.43210281376495
          ],
          [
            -119.15563108705169,
            34.432120843122945
          ],
          [
            -119.15563108705169,
            34.43213887248094
          ],
          [
            -119.15563108705169,
            34.43215690183894
          ],
          [
            -119.15563108705169,
            34.43217493119694
          ],
          [
            -119.15560932810122,
            34.432192960554936
          ],
          [
            -119.15560932810122,
            34.43221098991293
          ],
          [
            -119.15560932810122,
            34.43222901927093
          ],
          [
            -119.15560932810122,
            34.43224704862892
          ],
          [
            -119.15560932810122,
            34.43226507798692
          ],
          [
            -119.15560932810122,
            34.432283107344915
          ],
          [
            -119.15560932810122,
            34.43230113670292
          ],
          [
            -119.15560932810122,
            34.432319166060914
          ],
          [
            -119.15560932810122,
            34.43233719541891
          ],
          [
            -119.15560932810122,
            34.432355224776906
          ],
          [
            -119.15560932810122,
            34.4323732541349
          ],
          [
            -119.15563108705169,
            34.4323912834929
          ],
          [
            -119.15565284600217,
            34.4324093128509
          ],
          [
            -119.15565284600217,
            34.4324273422089
          ],
          [
            -119.15565284600217,
            34.43244537156689
          ],
          [
            -119.15565284600217,
            34.43246340092489
          ],
          [
            -119.15565284600217,
            34.432481430282884
          ],
          [
            -119.15565284600217,
            34.43249945964088
          ],
          [
            -119.15565284600217,
            34.432517488998876
          ],
          [
            -119.15565284600217,
            34.43253551835688
          ],
          [
            -119.15565284600217,
            34.432553547714875
          ],
          [
            -119.15565284600217,
            34.43257157707287
          ],
          [
            -119.15567460495264,
            34.43258960643087
          ],
          [
            -119.15565284600217,
            34.43260763578886
          ],
          [
            -119.15565284600217,
            34.43262566514686
          ],
          [
            -119.15565284600217,
            34.432643694504854
          ],
          [
            -119.15567460495264,
            34.432643694504854
          ],
          [
            -119.15569636390312,
            34.43262566514686
          ]
        ]
      }
    },
    {
      "type": "Feature",
      "properties": {
        "kind": "keypoint",
        "elev_m": 438.94,
        "accum_m2": 2657.0
      },
      "geometry": {
        "type": "Point",
        "coordinates": [
          -119.1556637254774,
          34.43201266697496
        ]
      }
    },
    {
      "type": "Feature",
      "properties": {
        "kind": "keyline",
        "elev_m": 438.94
      },
      "geometry": {
        "type": "LineString",
        "coordinates": [
          [
            -119.15564215267777,
            34.43201031367152
          ],
          [
            -119.15564833957598,
            34.43202541565626
          ],
          [
            -119.15567911137883,
            34.43202541565626
          ],
          [
            -119.15578456322967,
            34.43208949601913
          ],
          [
            -119.15592753873158,
            34.43213887248094
          ]
        ]
      }
    },
    {
      "type": "Feature",
      "properties": {
        "kind": "swale_line",
        "target_slope": "0.5-1%"
      },
      "geometry": {
        "type": "LineString",
        "coordinates": [
          [
            -119.1556637254774,
            34.43201266697496
          ],
          [
            -119.1556637254774,
            34.43203069633296
          ],
          [
            -119.1556637254774,
            34.43204872569096
          ],
          [
            -119.15564196652693,
            34.43206675504896
          ],
          [
            -119.15564196652693,
            34.43208478440695
          ],
          [
            -119.15564196652693,
            34.43210281376495
          ],
          [
            -119.15564196652693,
            34.432120843122945
          ],
          [
            -119.15564196652693,
            34.43213887248094
          ],
          [
            -119.15562020757646,
            34.43215690183894
          ],
          [
            -119.15562020757646,
            34.43217493119694
          ],
          [
            -119.15562020757646,
            34.432192960554936
          ],
          [
            -119.15562020757646,
            34.43221098991293
          ],
          [
            -119.15562020757646,
            34.43222901927093
          ],
          [
            -119.15559844862598,
            34.43224704862892
          ],
          [
            -119.15559844862598,
            34.43226507798692
          ],
          [
            -119.15562020757646,
            34.432283107344915
          ],
          [
            -119.15562020757646,
            34.43230113670292
          ],
          [
            -119.15562020757646,
            34.432319166060914
          ],
          [
            -119.15562020757646,
            34.43233719541891
          ],
          [
            -119.15562020757646,
            34.432355224776906
          ],
          [
            -119.15562020757646,
            34.4323732541349
          ],
          [
            -119.15564196652693,
            34.4323912834929
          ],
          [
            -119.1556637254774,
            34.4324093128509
          ],
          [
            -119.1556637254774,
            34.4324273422089
          ],
          [
            -119.1556637254774,
            34.43244537156689
          ],
          [
            -119.1556637254774,
            34.43246340092489
          ],
          [
            -119.15568548442788,
            34.432481430282884
          ],
          [
            -119.15568548442788,
            34.43249945964088
          ],
          [
            -119.15568548442788,
            34.432517488998876
          ],
          [
            -119.15570724337834,
            34.432517488998876
          ],
          [
            -119.15572900232883,
            34.432517488998876
          ],
          [
            -119.1557507612793,
            34.432517488998876
          ],
          [
            -119.15577252022977,
            34.432517488998876
          ],
          [
            -119.15579427918024,
            34.432517488998876
          ],
          [
            -119.15581603813072,
            34.432517488998876
          ],
          [
            -119.15583779708119,
            34.43253551835688
          ],
          [
            -119.15585955603166,
            34.432553547714875
          ],
          [
            -119.15588131498214,
            34.43257157707287
          ],
          [
            -119.15588131498214,
            34.43258960643087
          ],
          [
            -119.15588131498214,
            34.43260763578886
          ],
          [
            -119.1559030739326,
            34.43262566514686
          ],
          [
            -119.15592483288309,
            34.43262566514686
          ],
          [
            -119.15594659183355,
            34.43260763578886
          ]
        ]
      }
    },
    {
      "type": "Feature",
      "properties": {
        "kind": "keypoint",
        "elev_m": 422.19,
        "accum_m2": 2528.0
      },
      "geometry": {
        "type": "Point",
        "coordinates": [
          -119.15583779708119,
          34.433373883503734
        ]
      }
    },
    {
      "type": "Feature",
      "properties": {
        "kind": "keyline",
        "elev_m": 422.19
      },
      "geometry": {
        "type": "LineString",
        "coordinates": [
          [
            -119.15585936988083,
            34.43337153020028
          ],
          [
            -119.15583495696823,
            34.433356008389396
          ],
          [
            -119.15581603813072,
            34.433373883503734
          ],
          [
            -119.15583779708119,
            34.43339191286173
          ],
          [
            -119.15585955603166,
            34.433373883503734
          ]
        ]
      }
    },
    {
      "type": "Feature",
      "properties": {
        "kind": "swale_line",
        "target_slope": "0.5-1%"
      },
      "geometry": {
        "type": "LineString",
        "coordinates": [
          [
            -119.15583779708119,
            34.433373883503734
          ],
          [
            -119.15585955603166,
            34.43339191286173
          ],
          [
            -119.15588131498214,
            34.433373883503734
          ]
        ]
      }
    },
    {
      "type": "Feature",
      "properties": {
        "kind": "keypoint",
        "elev_m": 422.31,
        "accum_m2": 2522.0
      },
      "geometry": {
        "type": "Point",
        "coordinates": [
          -119.15581603813072,
          34.43336486882473
        ]
      }
    },
    {
      "type": "Feature",
      "properties": {
        "kind": "keyline",
        "elev_m": 422.31
      },
      "geometry": {
        "type": "LineString",
        "coordinates": [
          [
            -119.15583761093035,
            34.43336251552129
          ],
          [
            -119.15581319801777,
            34.433346993710394
          ],
          [
            -119.15579427918024,
            34.43336486882473
          ],
          [
            -119.15581603813072,
            34.43338289818273
          ],
          [
            -119.15583779708119,
            34.43336486882473
          ]
        ]
      }
    },
    {
      "type": "Feature",
      "properties": {
        "kind": "swale_line",
        "target_slope": "0.5-1%"
      },
      "geometry": {
        "type": "LineString",
        "coordinates": [
          [
            -119.15581603813072,
            34.43336486882473
          ],
          [
            -119.15583779708119,
            34.43338289818273
          ],
          [
            -119.15585955603166,
            34.43338289818273
          ],
          [
            -119.15588131498214,
            34.43338289818273
          ],
          [
            -119.1559030739326,
            34.43338289818273
          ],
          [
            -119.15592483288309,
            34.43338289818273
          ],
          [
            -119.15594659183355,
            34.43338289818273
          ],
          [
            -119.15596835078404,
            34.43338289818273
          ],
          [
            -119.15596835078404,
            34.43336486882473
          ],
          [
            -119.1559901097345,
            34.433346839466736
          ]
        ]
      }
    },
    {
      "type": "Feature",
      "properties": {
        "kind": "keypoint",
        "elev_m": 422.81,
        "accum_m2": 2433.0
      },
      "geometry": {
        "type": "Point",
        "coordinates": [
          -119.15572900232883,
          34.43335585414574
        ]
      }
    },
    {
      "type": "Feature",
      "properties": {
        "kind": "keyline",
        "elev_m": 422.81
      },
      "geometry": {
        "type": "LineString",
        "coordinates": [
          [
            -119.15575057512847,
            34.43335350084229
          ],
          [
            -119.15572616221587,
            34.43333797903139
          ],
          [
            -119.15570724337834,
            34.43335585414574
          ],
          [
            -119.15572900232883,
            34.433373883503734
          ],
          [
            -119.1557507612793,
            34.43335585414574
          ]
        ]
      }
    },
    {
      "type": "Feature",
      "properties": {
        "kind": "swale_line",
        "target_slope": "0.5-1%"
      },
      "geometry": {
        "type": "LineString",
        "coordinates": [
          [
            -119.15572900232883,
            34.43335585414574
          ],
          [
            -119.1557507612793,
            34.433373883503734
          ],
          [
            -119.15577252022977,
            34.433373883503734
          ],
          [
            -119.15579427918024,
            34.433373883503734
          ],
          [
            -119.15581603813072,
            34.433373883503734
          ],
          [
            -119.15583779708119,
            34.433373883503734
          ],
          [
            -119.15585955603166,
            34.43339191286173
          ],
          [
            -119.15588131498214,
            34.433373883503734
          ]
        ]
      }
    },
    {
      "type": "Feature",
      "properties": {
        "kind": "keypoint",
        "elev_m": 440.19,
        "accum_m2": 2135.0
      },
      "geometry": {
        "type": "Point",
        "coordinates": [
          -119.15567460495264,
          34.43196759357997
        ]
      }
    },
    {
      "type": "Feature",
      "properties": {
        "kind": "keyline",
        "elev_m": 440.19
      },
      "geometry": {
        "type": "LineString",
        "coordinates": [
          [
            -119.1556592190512,
            34.43195484489867
          ],
          [
            -119.15566135894285,
            34.43198189723136
          ],
          [
            -119.15568999085407,
            34.43198034226127
          ],
          [
            -119.15591628045719,
            34.432121251668306
          ]
        ]
      }
    },
    {
      "type": "Feature",
      "properties": {
        "kind": "swale_line",
        "target_slope": "0.5-1%"
      },
      "geometry": {
        "type": "LineString",
        "coordinates": [
          [
            -119.15567460495264,
            34.43196759357997
          ],
          [
            -119.15567460495264,
            34.43198562293797
          ],
          [
            -119.15567460495264,
            34.43200365229597
          ],
          [
            -119.15565284600217,
            34.432021681653964
          ],
          [
            -119.15565284600217,
            34.43203971101196
          ],
          [
            -119.15565284600217,
            34.432057740369956
          ],
          [
            -119.15565284600217,
            34.43207576972795
          ],
          [
            -119.15565284600217,
            34.43209379908595
          ],
          [
            -119.15563108705169,
            34.43211182844395
          ],
          [
            -119.15563108705169,
            34.43212985780195
          ],
          [
            -119.15563108705169,
            34.43214788715994
          ],
          [
            -119.15563108705169,
            34.43216591651794
          ],
          [
            -119.15563108705169,
            34.432183945875934
          ],
          [
            -119.15560932810122,
            34.43220197523393
          ],
          [
            -119.15560932810122,
            34.432220004591926
          ],
          [
            -119.15560932810122,
            34.43223803394993
          ],
          [
            -119.15560932810122,
            34.432256063307925
          ],
          [
            -119.15560932810122,
            34.43227409266592
          ],
          [
            -119.15560932810122,
            34.43229212202392
          ],
          [
            -119.15560932810122,
            34.43231015138191
          ],
          [
            -119.15560932810122,
            34.43232818073991
          ],
          [
            -119.15560932810122,
            34.43234621009791
          ],
          [
            -119.15560932810122,
            34.43236423945591
          ],
          [
            -119.15560932810122,
            34.4323822688139
          ],
          [
            -119.15563108705169,
            34.4324002981719
          ],
          [
            -119.15563108705169,
            34.432418327529895
          ],
          [
            -119.15563108705169,
            34.43243635688789
          ],
          [
            -119.15563108705169,
            34.43245438624589
          ],
          [
            -119.15563108705169,
            34.43247241560389
          ],
          [
            -119.15563108705169,
            34.432490444961886
          ],
          [
            -119.15563108705169,
            34.43250847431988
          ],
          [
            -119.15563108705169,
            34.43252650367788
          ],
          [
            -119.15563108705169,
            34.43254453303587
          ],
          [
            -119.15563108705169,
            34.43256256239387
          ],
          [
            -119.15563108705169,
            34.432580591751865
          ],
          [
            -119.15565284600217,
            34.43259862110987
          ],
          [
            -119.15565284600217,
            34.432616650467864
          ],
          [
            -119.15565284600217,
            34.43263467982586
          ],
          [
            -119.15567460495264,
            34.432652709183856
          ],
          [
            -119.15567460495264,
            34.43263467982586
          ],
          [
            -119.15567460495264,
            34.432652709183856
          ],
          [
            -119.15567460495264,
            34.43263467982586
          ],
          [
            -119.15567460495264,
            34.432652709183856
          ],
          [
            -119.15567460495264,
            34.43263467982586
          ],
          [
            -119.15567460495264,
            34.432652709183856
          ],
          [
            -119.15567460495264,
            34.43263467982586
          ],
          [
            -119.15567460495264,
            34.432652709183856
          ],
          [
            -119.15567460495264,
            34.43263467982586
          ],
          [
            -119.15567460495264,
            34.432652709183856
          ],
          [
            -119.15567460495264,
            34.43263467982586
          ],
          [
            -119.15567460495264,
            34.432652709183856
          ],
          [
            -119.15567460495264,
            34.43263467982586
          ],
          [
            -119.15567460495264,
            34.432652709183856
          ],
          [
            -119.15567460495264,
            34.43263467982586
          ],
          [
            -119.15567460495264,
            34.432652709183856
          ],
          [
            -119.15567460495264,
            34.43263467982586
          ],
          [
            -119.15567460495264,
            34.432652709183856
          ],
          [
            -119.15567460495264,
            34.43263467982586
          ],
          [
            -119.15567460495264,
            34.432652709183856
          ],
          [
            -119.15567460495264,
            34.43263467982586
          ],
          [
            -119.15567460495264,
            34.432652709183856
          ],
          [
            -119.15567460495264,
            34.43263467982586
          ],
          [
            -119.15567460495264,
            34.432652709183856
          ],
          [
            -119.15567460495264,
            34.43263467982586
          ],
          [
            -119.15567460495264,
            34.432652709183856
          ],
          [
            -119.15567460495264,
            34.43263467982586
          ],
          [
            -119.15567460495264,
            34.432652709183856
          ],
          [
            -119.15567460495264,
            34.43263467982586
          ],
          [
            -119.15567460495264,
            34.432652709183856
          ],
          [
            -119.15567460495264,
            34.43263467982586
          ],
          [
            -119.15567460495264,
            34.432652709183856
          ],
          [
            -119.15567460495264,
            34.43263467982586
          ],
          [
            -119.15567460495264,
            34.432652709183856
          ],
          [
            -119.15567460495264,
            34.43263467982586
          ],
          [
            -119.15567460495264,
            34.432652709183856
          ],
          [
            -119.15567460495264,
            34.43263467982586
          ],
          [
            -119.15567460495264,
            34.432652709183856
          ],
          [
            -119.15567460495264,
            34.43263467982586
          ],
          [
            -119.15567460495264,
            34.432652709183856
          ],
          [
            -119.15567460495264,
            34.43263467982586
          ],
          [
            -119.15567460495264,
            34.432652709183856
          ]
        ]
      }
    },
    {
      "type": "Feature",
      "properties": {
        "kind": "keypoint",
        "elev_m": 422.0,
        "accum_m2": 2074.0
      },
      "geometry": {
        "type": "Point",
        "coordinates": [
          -119.15572900232883,
          34.43359925047869
        ]
      }
    },
    {
      "type": "Feature",
      "properties": {
        "kind": "keyline",
        "elev_m": 422.0
      },
      "geometry": {
        "type": "LineString",
        "coordinates": [
          [
            -119.15575057512847,
            34.43359689717525
          ],
          [
            -119.15572616221587,
            34.433581375364355
          ],
          [
            -119.15570742952919,
            34.433601603782144
          ],
          [
            -119.15582691760595,
            34.433739775417045
          ],
          [
            -119.15582172439731,
            34.433699376038426
          ],
          [
            -119.15574438823026,
            34.43361199915999
          ],
          [
            -119.1557507612793,
            34.43359925047869
          ]
        ]
      }
    },
    {
      "type": "Feature",
      "properties": {
        "kind": "swale_line",
        "target_slope": "0.5-1%"
      },
      "geometry": {
        "type": "LineString",
        "coordinates": [
          [
            -119.15572900232883,
            34.43359925047869
          ],
          [
            -119.1557507612793,
            34.43359925047869
          ],
          [
            -119.1557507612793,
            34.4335812211207
          ]
        ]
      }
    },
    {
      "type": "Feature",
      "properties": {
        "kind": "keypoint",
        "elev_m": 441.81,
        "accum_m2": 2066.0
      },
      "geometry": {
        "type": "Point",
        "coordinates": [
          -119.15567460495264,
          34.43190449082698
        ]
      }
    },
    {
      "type": "Feature",
      "properties": {
        "kind": "keyline",
        "elev_m": 441.81
      },
      "geometry": {
        "type": "LineString",
        "coordinates": [
          [
            -119.15565358742042,
            34.43190915716821
          ],
          [
            -119.15568999085407,
            34.43191723950828
          ]
        ]
      }
    },
    {
      "type": "Feature",
      "properties": {
        "kind": "swale_line",
        "target_slope": "0.5-1%"
      },
      "geometry": {
        "type": "LineString",
        "coordinates": [
          [
            -119.15567460495264,
            34.43190449082698
          ],
          [
            -119.15567460495264,
            34.43192252018498
          ],
          [
            -119.15567460495264,
            34.43194054954298
          ],
          [
            -119.15567460495264,
            34.431958578900975
          ],
          [
            -119.15567460495264,
            34.43197660825897
          ],
          [
            -119.15565284600217,
            34.43199463761697
          ],
          [
            -119.15565284600217,
            34.43201266697496
          ],
          [
            -119.15565284600217,
            34.43203069633296
          ],
          [
            -119.15565284600217,
            34.43204872569096
          ],
          [
            -119.15565284600217,
            34.43206675504896
          ],
          [
            -119.15565284600217,
            34.43208478440695
          ],
          [
            -119.15565284600217,
            34.43210281376495
          ],
          [
            -119.15563108705169,
            34.432120843122945
          ],
          [
            -119.15563108705169,
            34.43213887248094
          ],
          [
            -119.15563108705169,
            34.43215690183894
          ],
          [
            -119.15563108705169,
            34.43217493119694
          ],
          [
            -119.15560932810122,
            34.432192960554936
          ],
          [
            -119.15560932810122,
            34.43221098991293
          ],
          [
            -119.15560932810122,
            34.43222901927093
          ],
          [
            -119.15560932810122,
            34.43224704862892
          ],
          [
            -119.15560932810122,
            34.43226507798692
          ],
          [
            -119.15560932810122,
            34.432283107344915
          ],
          [
            -119.15560932810122,
            34.43230113670292
          ],
          [
            -119.15560932810122,
            34.432319166060914
          ],
          [
            -119.15560932810122,
            34.43233719541891
          ],
          [
            -119.15560932810122,
            34.432355224776906
          ],
          [
            -119.15560932810122,
            34.4323732541349
          ],
          [
            -119.15563108705169,
            34.4323912834929
          ],
          [
            -119.15565284600217,
            34.4324093128509
          ],
          [
            -119.15565284600217,
            34.4324273422089
          ],
          [
            -119.15565284600217,
            34.43244537156689
          ],
          [
            -119.15565284600217,
            34.43246340092489
          ],
          [
            -119.15565284600217,
            34.432481430282884
          ],
          [
            -119.15565284600217,
            34.43249945964088
          ],
          [
            -119.15565284600217,
            34.432517488998876
          ],
          [
            -119.15565284600217,
            34.43253551835688
          ],
          [
            -119.15565284600217,
            34.432553547714875
          ],
          [
            -119.15565284600217,
            34.43257157707287
          ],
          [
            -119.15567460495264,
            34.43258960643087
          ],
          [
            -119.15565284600217,
            34.43260763578886
          ],
          [
            -119.15565284600217,
            34.43262566514686
          ],
          [
            -119.15565284600217,
            34.432643694504854
          ],
          [
            -119.15567460495264,
            34.432643694504854
          ],
          [
            -119.15569636390312,
            34.43262566514686
          ]
        ]
      }
    },
    {
      "type": "Feature",
      "properties": {
        "kind": "keypoint",
        "elev_m": 443.5,
        "accum_m2": 1748.0
      },
      "geometry": {
        "type": "Point",
        "coordinates": [
          -119.15568548442788,
          34.43185040275299
        ]
      }
    },
    {
      "type": "Feature",
      "properties": {
        "kind": "keyline",
        "elev_m": 443.5
      },
      "geometry": {
        "type": "LineString",
        "coordinates": [
          [
            -119.15566446689566,
            34.43185506909421
          ],
          [
            -119.15570087032931,
            34.43186315143429
          ]
        ]
      }
    },
    {
      "type": "Feature",
      "properties": {
        "kind": "swale_line",
        "target_slope": "0.5-1%"
      },
      "geometry": {
        "type": "LineString",
        "coordinates": [
          [
            -119.15568548442788,
            34.43185040275299
          ],
          [
            -119.15568548442788,
            34.43186843211099
          ],
          [
            -119.15568548442788,
            34.431886461468984
          ],
          [
            -119.1556637254774,
            34.43190449082698
          ],
          [
            -119.1556637254774,
            34.43192252018498
          ],
          [
            -119.1556637254774,
            34.43194054954298
          ],
          [
            -119.1556637254774,
            34.431958578900975
          ],
          [
            -119.1556637254774,
            34.43197660825897
          ],
          [
            -119.1556637254774,
            34.43199463761697
          ],
          [
            -119.1556637254774,
            34.43201266697496
          ],
          [
            -119.1556637254774,
            34.43203069633296
          ],
          [
            -119.1556637254774,
            34.43204872569096
          ],
          [
            -119.15564196652693,
            34.43206675504896
          ],
          [
            -119.15564196652693,
            34.43208478440695
          ],
          [
            -119.15564196652693,
            34.43210281376495
          ],
          [
            -119.15564196652693,
            34.432120843122945
          ],
          [
            -119.15564196652693,
            34.43213887248094
          ],
          [
            -119.15562020757646,
            34.43215690183894
          ],
          [
            -119.15562020757646,
            34.43217493119694
          ],
          [
            -119.15562020757646,
            34.432192960554936
          ],
          [
            -119.15562020757646,
            34.43221098991293
          ],
          [
            -119.15562020757646,
            34.43222901927093
          ],
          [
            -119.15559844862598,
            34.43224704862892
          ],
          [
            -119.15559844862598,
            34.43226507798692
          ],
          [
            -119.15562020757646,
            34.432283107344915
          ],
          [
            -119.15562020757646,
            34.43230113670292
          ],
          [
            -119.15562020757646,
            34.432319166060914
          ],
          [
            -119.15562020757646,
            34.43233719541891
          ],
          [
            -119.15562020757646,
            34.432355224776906
          ],
          [
            -119.15562020757646,
            34.4323732541349
          ],
          [
            -119.15564196652693,
            34.4323912834929
          ],
          [
            -119.1556637254774,
            34.4324093128509
          ],
          [
            -119.1556637254774,
            34.4324273422089
          ],
          [
            -119.1556637254774,
            34.43244537156689
          ],
          [
            -119.1556637254774,
            34.43246340092489
          ],
          [
            -119.15568548442788,
            34.432481430282884
          ],
          [
            -119.15568548442788,
            34.43249945964088
          ],
          [
            -119.15568548442788,
            34.432517488998876
          ],
          [
            -119.15570724337834,
            34.432517488998876
          ],
          [
            -119.15572900232883,
            34.432517488998876
          ],
          [
            -119.1557507612793,
            34.432517488998876
          ],
          [
            -119.15577252022977,
            34.432517488998876
          ],
          [
            -119.15579427918024,
            34.432517488998876
          ],
          [
            -119.15581603813072,
            34.432517488998876
          ],
          [
            -119.15583779708119,
            34.43253551835688
          ],
          [
            -119.15585955603166,
            34.432553547714875
          ],
          [
            -119.15588131498214,
            34.43257157707287
          ],
          [
            -119.15588131498214,
            34.43258960643087
          ],
          [
            -119.15588131498214,
            34.43260763578886
          ],
          [
            -119.1559030739326,
            34.43262566514686
          ],
          [
            -119.15592483288309,
            34.43262566514686
          ],
          [
            -119.15594659183355,
            34.43260763578886
          ]
        ]
      }
    },
    {
      "type": "Feature",
      "properties": {
        "kind": "keypoint",
        "elev_m": 423.38,
        "accum_m2": 1711.0
      },
      "geometry": {
        "type": "Point",
        "coordinates": [
          -119.15494568011178,
          34.4323912834929
        ]
      }
    },
    {
      "type": "Feature",
      "properties": {
        "kind": "keyline",
        "elev_m": 423.38
      },
      "geometry": {
        "type": "LineString",
        "coordinates": [
          [
            -119.1549672529114,
            34.432388930189454
          ],
          [
            -119.15493029421035,
            34.4323785348116
          ],
          [
            -119.1549239211613,
            34.4323912834929
          ],
          [
            -119.15494568011178,
            34.4324093128509
          ],
          [
            -119.15496743906225,
            34.4323912834929
          ]
        ]
      }
    },
    {
      "type": "Feature",
      "properties": {
        "kind": "swale_line",
        "target_slope": "0.5-1%"
      },
      "geometry": {
        "type": "LineString",
        "coordinates": [
          [
            -119.15494568011178,
            34.4323912834929
          ],
          [
            -119.15494568011178,
            34.4324093128509
          ],
          [
            -119.15496743906225,
            34.4324273422089
          ],
          [
            -119.15494568011178,
            34.43244537156689
          ],
          [
            -119.15494568011178,
            34.43246340092489
          ],
          [
            -119.15494568011178,
            34.432481430282884
          ],
          [
            -119.1549239211613,
            34.432481430282884
          ],
          [
            -119.15494568011178,
            34.43246340092489
          ]
        ]
      }
    },
    {
      "type": "Feature",
      "properties": {
        "kind": "keypoint",
        "elev_m": 429.25,
        "accum_m2": 1651.0
      },
      "geometry": {
        "type": "Point",
        "coordinates": [
          -119.154956559587,
          34.43226507798692
        ]
      }
    },
    {
      "type": "Feature",
      "properties": {
        "kind": "keyline",
        "elev_m": 429.25
      },
      "geometry": {
        "type": "LineString",
        "coordinates": [
          [
            -119.1548918411881,
            34.43225801807658
          ],
          [
            -119.15494117368559,
            34.43227782666822
          ],
          [
            -119.15499970518628,
            34.432269784593814
          ]
        ]
      }
    },
    {
      "type": "Feature",
      "properties": {
        "kind": "swale_line",
        "target_slope": "0.5-1%"
      },
      "geometry": {
        "type": "LineString",
        "coordinates": [
          [
            -119.154956559587,
            34.43226507798692
          ],
          [
            -119.154956559587,
            34.432283107344915
          ],
          [
            -119.154956559587,
            34.43230113670292
          ],
          [
            -119.154956559587,
            34.432319166060914
          ],
          [
            -119.154956559587,
            34.43233719541891
          ],
          [
            -119.154956559587,
            34.432355224776906
          ],
          [
            -119.15493480063654,
            34.4323732541349
          ],
          [
            -119.15493480063654,
            34.4323912834929
          ],
          [
            -119.154956559587,
            34.4324093128509
          ],
          [
            -119.154956559587,
            34.4324273422089
          ],
          [
            -119.154956559587,
            34.43244537156689
          ],
          [
            -119.15493480063654,
            34.43246340092489
          ],
          [
            -119.15493480063654,
            34.432481430282884
          ],
          [
            -119.154956559587,
            34.43246340092489
          ]
        ]
      }
    },
    {
      "type": "Feature",
      "properties": {
        "kind": "keypoint",
        "elev_m": 444.31,
        "accum_m2": 1648.0
      },
      "geometry": {
        "type": "Point",
        "coordinates": [
          -119.15569636390312,
          34.431814344037
        ]
      }
    },
    {
      "type": "Feature",
      "properties": {
        "kind": "keyline",
        "elev_m": 444.31
      },
      "geometry": {
        "type": "LineString",
        "coordinates": [
          [
            -119.1556753463709,
            34.43181901037822
          ],
          [
            -119.15571174980454,
            34.4318270927183
          ]
        ]
      }
    },
    {
      "type": "Feature",
      "properties": {
        "kind": "swale_line",
        "target_slope": "0.5-1%"
      },
      "geometry": {
        "type": "LineString",
        "coordinates": [
          [
            -119.15569636390312,
            34.431814344037
          ],
          [
            -119.15569636390312,
            34.431832373395
          ],
          [
            -119.15567460495264,
            34.43185040275299
          ],
          [
            -119.15567460495264,
            34.43186843211099
          ],
          [
            -119.15567460495264,
            34.431886461468984
          ],
          [
            -119.15567460495264,
            34.43190449082698
          ],
          [
            -119.15567460495264,
            34.43192252018498
          ],
          [
            -119.15567460495264,
            34.43194054954298
          ],
          [
            -119.15567460495264,
            34.431958578900975
          ],
          [
            -119.15567460495264,
            34.43197660825897
          ],
          [
            -119.15565284600217,
            34.43199463761697
          ],
          [
            -119.15565284600217,
            34.43201266697496
          ],
          [
            -119.15565284600217,
            34.43203069633296
          ],
          [
            -119.15565284600217,
            34.43204872569096
          ],
          [
            -119.15565284600217,
            34.43206675504896
          ],
          [
            -119.15565284600217,
            34.43208478440695
          ],
          [
            -119.15565284600217,
            34.43210281376495
          ],
          [
            -119.15563108705169,
            34.432120843122945
          ],
          [
            -119.15563108705169,
            34.43213887248094
          ],
          [
            -119.15563108705169,
            34.43215690183894
          ],
          [
            -119.15563108705169,
            34.43217493119694
          ],
          [
            -119.15560932810122,
            34.432192960554936
          ],
          [
            -119.15560932810122,
            34.43221098991293
          ],
          [
            -119.15560932810122,
            34.43222901927093
          ],
          [
            -119.15560932810122,
            34.43224704862892
          ],
          [
            -119.15560932810122,
            34.43226507798692
          ],
          [
            -119.15560932810122,
            34.432283107344915
          ],
          [
            -119.15560932810122,
            34.43230113670292
          ],
          [
            -119.15560932810122,
            34.432319166060914
          ],
          [
            -119.15560932810122,
            34.43233719541891
          ],
          [
            -119.15560932810122,
            34.432355224776906
          ],
          [
            -119.15560932810122,
            34.4323732541349
          ],
          [
            -119.15563108705169,
            34.4323912834929
          ],
          [
            -119.15565284600217,
            34.4324093128509
          ],
          [
            -119.15565284600217,
            34.4324273422089
          ],
          [
            -119.15565284600217,
            34.43244537156689
          ],
          [
            -119.15565284600217,
            34.43246340092489
          ],
          [
            -119.15565284600217,
            34.432481430282884
          ],
          [
            -119.15565284600217,
            34.43249945964088
          ],
          [
            -119.15565284600217,
            34.432517488998876
          ],
          [
            -119.15565284600217,
            34.43253551835688
          ],
          [
            -119.15565284600217,
            34.432553547714875
          ],
          [
            -119.15565284600217,
            34.43257157707287
          ],
          [
            -119.15567460495264,
            34.43258960643087
          ],
          [
            -119.15565284600217,
            34.43260763578886
          ],
          [
            -119.15565284600217,
            34.43262566514686
          ],
          [
            -119.15565284600217,
            34.432643694504854
          ],
          [
            -119.15567460495264,
            34.432643694504854
          ],
          [
            -119.15569636390312,
            34.43262566514686
          ]
        ]
      }
    },
    {
      "type": "Feature",
      "properties": {
        "kind": "keypoint",
        "elev_m": 418.75,
        "accum_m2": 1418.0
      },
      "geometry": {
        "type": "Point",
        "coordinates": [
          -119.15671903457537,
          34.4324002981719
        ]
      }
    },
    {
      "type": "Feature",
      "properties": {
        "kind": "keyline",
        "elev_m": 418.75
      },
      "geometry": {
        "type": "LineString",
        "coordinates": [
          [
            -119.156740607375,
            34.43239794486845
          ],
          [
            -119.15671619446242,
            34.43238242305756
          ],
          [
            -119.15669746177574,
            34.43240265147534
          ],
          [
            -119.15671903457537,
            34.432418327529895
          ],
          [
            -119.15674079352584,
            34.4324002981719
          ]
        ]
      }
    },
    {
      "type": "Feature",
      "properties": {
        "kind": "swale_line",
        "target_slope": "0.5-1%"
      },
      "geometry": {
        "type": "LineString",
        "coordinates": [
          [
            -119.15671903457537,
            34.4324002981719
          ],
          [
            -119.15671903457537,
            34.432418327529895
          ],
          [
            -119.15671903457537,
            34.43243635688789
          ]
        ]
      }
    },
    {
      "type": "Feature",
      "properties": {
        "kind": "keypoint",
        "elev_m": 423.56,
        "accum_m2": 1385.0
      },
      "geometry": {
        "type": "Point",
        "coordinates": [
          -119.15554405124979,
          34.43332881010874
        ]
      }
    },
    {
      "type": "Feature",
      "properties": {
        "kind": "keyline",
        "elev_m": 423.56
      },
      "geometry": {
        "type": "LineString",
        "coordinates": [
          [
            -119.15556562404943,
            34.43332645680529
          ],
          [
            -119.15554121113685,
            34.4333109349944
          ],
          [
            -119.15552229229932,
            34.43332881010874
          ],
          [
            -119.15554405124979,
            34.433346839466736
          ],
          [
            -119.15556581020027,
            34.43332881010874
          ]
        ]
      }
    },
    {
      "type": "Feature",
      "properties": {
        "kind": "swale_line",
        "target_slope": "0.5-1%"
      },
      "geometry": {
        "type": "LineString",
        "coordinates": [
          [
            -119.15554405124979,
            34.43332881010874
          ],
          [
            -119.15556581020027,
            34.433346839466736
          ],
          [
            -119.15558756915074,
            34.43336486882473
          ],
          [
            -119.15560932810122,
            34.43338289818273
          ],
          [
            -119.15560932810122,
            34.43336486882473
          ],
          [
            -119.15563108705169,
            34.43336486882473
          ],
          [
            -119.15565284600217,
            34.43336486882473
          ],
          [
            -119.15567460495264,
            34.43336486882473
          ],
          [
            -119.15569636390312,
            34.43336486882473
          ],
          [
            -119.15571812285359,
            34.43336486882473
          ],
          [
            -119.15573988180405,
            34.43336486882473
          ],
          [
            -119.15576164075453,
            34.433346839466736
          ]
        ]
      }
    },
    {
      "type": "Feature",
      "properties": {
        "kind": "keypoint",
        "elev_m": 423.94,
        "accum_m2": 1373.0
      },
      "geometry": {
        "type": "Point",
        "coordinates": [
          -119.15548965387362,
          34.43329275139275
        ]
      }
    },
    {
      "type": "Feature",
      "properties": {
        "kind": "keyline",
        "elev_m": 423.94
      },
      "geometry": {
        "type": "LineString",
        "coordinates": [
          [
            -119.15551122667326,
            34.4332903980893
          ],
          [
            -119.15548681376066,
            34.433274876278404
          ],
          [
            -119.15546789492313,
            34.43329275139275
          ],
          [
            -119.15548965387362,
            34.433310780750745
          ],
          [
            -119.15551141282408,
            34.43329275139275
          ]
        ]
      }
    },
    {
      "type": "Feature",
      "properties": {
        "kind": "swale_line",
        "target_slope": "0.5-1%"
      },
      "geometry": {
        "type": "LineString",
        "coordinates": [
          [
            -119.15548965387362,
            34.43329275139275
          ],
          [
            -119.15551141282408,
            34.433310780750745
          ],
          [
            -119.15553317177456,
            34.433310780750745
          ],
          [
            -119.15555493072503,
            34.43332881010874
          ],
          [
            -119.15555493072503,
            34.433346839466736
          ],
          [
            -119.15557668967551,
            34.433346839466736
          ],
          [
            -119.15559844862598,
            34.433346839466736
          ],
          [
            -119.15562020757646,
            34.433346839466736
          ],
          [
            -119.15564196652693,
            34.43336486882473
          ],
          [
            -119.1556637254774,
            34.43338289818273
          ],
          [
            -119.15568548442788,
            34.43340092754073
          ],
          [
            -119.15568548442788,
            34.43341895689873
          ],
          [
            -119.15570724337834,
            34.43340092754073
          ]
        ]
      }
    },
    {
      "type": "Feature",
      "properties": {
        "kind": "keypoint",
        "elev_m": 424.0,
        "accum_m2": 1364.0
      },
      "geometry": {
        "type": "Point",
        "coordinates": [
          -119.15546789492313,
          34.43329275139275
        ]
      }
    },
    {
      "type": "Feature",
      "properties": {
        "kind": "keyline",
        "elev_m": 424.0
      },
      "geometry": {
        "type": "LineString",
        "coordinates": [
          [
            -119.15548946772277,
            34.4332903980893
          ],
          [
            -119.1554650548102,
            34.433274876278404
          ],
          [
            -119.15544613597267,
            34.43329275139275
          ],
          [
            -119.15546789492313,
            34.433310780750745
          ],
          [
            -119.15548965387362,
            34.43329275139275
          ]
        ]
      }
    },
    {
      "type": "Feature",
      "properties": {
        "kind": "swale_line",
        "target_slope": "0.5-1%"
      },
      "geometry": {
        "type": "LineString",
        "coordinates": [
          [
            -119.15546789492313,
            34.43329275139275
          ],
          [
            -119.15548965387362,
            34.433310780750745
          ],
          [
            -119.15551141282408,
            34.43332881010874
          ],
          [
            -119.15553317177456,
            34.433346839466736
          ],
          [
            -119.15555493072503,
            34.433346839466736
          ],
          [
            -119.15557668967551,
            34.433346839466736
          ],
          [
            -119.15559844862598,
            34.433346839466736
          ],
          [
            -119.15562020757646,
            34.433346839466736
          ],
          [
            -119.15564196652693,
            34.43336486882473
          ],
          [
            -119.1556637254774,
            34.43338289818273
          ],
          [
            -119.15568548442788,
            34.43340092754073
          ],
          [
            -119.15568548442788,
            34.43341895689873
          ],
          [
            -119.15570724337834,
            34.43340092754073
          ]
        ]
      }
    },
    {
      "type": "Feature",
      "properties": {
        "kind": "keypoint",
        "elev_m": 422.12,
        "accum_m2": 966.0
      },
      "geometry": {
        "type": "Point",
        "coordinates": [
          -119.15528294384411,
          34.43246340092489
        ]
      }
    },
    {
      "type": "Feature",
      "properties": {
        "kind": "keyline",
        "elev_m": 422.12
      },
      "geometry": {
        "type": "LineString",
        "coordinates": [
          [
            -119.15530451664375,
            34.43246104762144
          ],
          [
            -119.15526568130808,
            34.43245242534715
          ],
          [
            -119.15526118489365,
            34.43246340092489
          ],
          [
            -119.15528294384411,
            34.432481430282884
          ],
          [
            -119.1553047027946,
            34.43246340092489
          ]
        ]
      }
    },
    {
      "type": "Feature",
      "properties": {
        "kind": "swale_line",
        "target_slope": "0.5-1%"
      },
      "geometry": {
        "type": "LineString",
        "coordinates": [
          [
            -119.15528294384411,
            34.43246340092489
          ],
          [
            -119.15528294384411,
            34.432481430282884
          ],
          [
            -119.1553047027946,
            34.432481430282884
          ],
          [
            -119.15528294384411,
            34.432481430282884
          ],
          [
            -119.1553047027946,
            34.432481430282884
          ],
          [
            -119.15528294384411,
            34.432481430282884
          ],
          [
            -119.1553047027946,
            34.432481430282884
          ],
          [
            -119.15528294384411,
            34.432481430282884
          ],
          [
            -119.1553047027946,
            34.432481430282884
          ],
          [
            -119.15528294384411,
            34.432481430282884
          ],
          [
            -119.1553047027946,
            34.432481430282884
          ],
          [
            -119.15528294384411,
            34.432481430282884
          ],
          [
            -119.1553047027946,
            34.432481430282884
          ],
          [
            -119.15528294384411,
            34.432481430282884
          ],
          [
            -119.1553047027946,
            34.432481430282884
          ],
          [
            -119.15528294384411,
            34.432481430282884
          ],
          [
            -119.1553047027946,
            34.432481430282884
          ],
          [
            -119.15528294384411,
            34.432481430282884
          ],
          [
            -119.1553047027946,
            34.432481430282884
          ],
          [
            -119.15528294384411,
            34.432481430282884
          ],
          [
            -119.1553047027946,
            34.432481430282884
          ],
          [
            -119.15528294384411,
            34.432481430282884
          ],
          [
            -119.1553047027946,
            34.432481430282884
          ],
          [
            -119.15528294384411,
            34.432481430282884
          ],
          [
            -119.1553047027946,
            34.432481430282884
          ],
          [
            -119.15528294384411,
            34.432481430282884
          ],
          [
            -119.1553047027946,
            34.432481430282884
          ],
          [
            -119.15528294384411,
            34.432481430282884
          ],
          [
            -119.1553047027946,
            34.432481430282884
          ],
          [
            -119.15528294384411,
            34.432481430282884
          ],
          [
            -119.1553047027946,
            34.432481430282884
          ],
          [
            -119.15528294384411,
            34.432481430282884
          ],
          [
            -119.1553047027946,
            34.432481430282884
          ],
          [
            -119.15528294384411,
            34.432481430282884
          ],
          [
            -119.1553047027946,
            34.432481430282884
          ],
          [
            -119.15528294384411,
            34.432481430282884
          ],
          [
            -119.1553047027946,
            34.432481430282884
          ],
          [
            -119.15528294384411,
            34.432481430282884
          ],
          [
            -119.1553047027946,
            34.432481430282884
          ],
          [
            -119.15528294384411,
            34.432481430282884
          ],
          [
            -119.1553047027946,
            34.432481430282884
          ],
          [
            -119.15528294384411,
            34.432481430282884
          ],
          [
            -119.1553047027946,
            34.432481430282884
          ],
          [
            -119.15528294384411,
            34.432481430282884
          ],
          [
            -119.1553047027946,
            34.432481430282884
          ],
          [
            -119.15528294384411,
            34.432481430282884
          ],
          [
            -119.1553047027946,
            34.432481430282884
          ],
          [
            -119.15528294384411,
            34.432481430282884
          ],
          [
            -119.1553047027946,
            34.432481430282884
          ],
          [
            -119.15528294384411,
            34.432481430282884
          ],
          [
            -119.1553047027946,
            34.432481430282884
          ],
          [
            -119.15528294384411,
            34.432481430282884
          ],
          [
            -119.1553047027946,
            34.432481430282884
          ],
          [
            -119.15528294384411,
            34.432481430282884
          ],
          [
            -119.1553047027946,
            34.432481430282884
          ],
          [
            -119.15528294384411,
            34.432481430282884
          ],
          [
            -119.1553047027946,
            34.432481430282884
          ],
          [
            -119.15528294384411,
            34.432481430282884
          ],
          [
            -119.1553047027946,
            34.432481430282884
          ],
          [
            -119.15528294384411,
            34.432481430282884
          ],
          [
            -119.1553047027946,
            34.432481430282884
          ],
          [
            -119.15528294384411,
            34.432481430282884
          ],
          [
            -119.1553047027946,
            34.432481430282884
          ],
          [
            -119.15528294384411,
            34.432481430282884
          ],
          [
            -119.1553047027946,
            34.432481430282884
          ],
          [
            -119.15528294384411,
            34.432481430282884
          ],
          [
            -119.1553047027946,
            34.432481430282884
          ],
          [
            -119.15528294384411,
            34.432481430282884
          ],
          [
            -119.1553047027946,
            34.432481430282884
          ],
          [
            -119.15528294384411,
            34.432481430282884
          ],
          [
            -119.1553047027946,
            34.432481430282884
          ],
          [
            -119.15528294384411,
            34.432481430282884
          ],
          [
            -119.1553047027946,
            34.432481430282884
          ],
          [
            -119.15528294384411,
            34.432481430282884
          ],
          [
            -119.1553047027946,
            34.432481430282884
          ],
          [
            -119.15528294384411,
            34.432481430282884
          ],
          [
            -119.1553047027946,
            34.432481430282884
          ],
          [
            -119.15528294384411,
            34.432481430282884
          ],
          [
            -119.1553047027946,
            34.432481430282884
          ],
          [
            -119.15528294384411,
            34.432481430282884
          ],
          [
            -119.1553047027946,
            34.432481430282884
          ]
        ]
      }
    },
    {
      "type": "Feature",
      "properties": {
        "kind": "keypoint",
        "elev_m": 433.62,
        "accum_m2": 716.0
      },
      "geometry": {
        "type": "Point",
        "coordinates": [
          -119.15496743906225,
          34.43215690183894
        ]
      }
    },
    {
      "type": "Feature",
      "properties": {
        "kind": "keyline",
        "elev_m": 433.62
      },
      "geometry": {
        "type": "LineString",
        "coordinates": [
          [
            -119.15498901186189,
            34.43215454853549
          ],
          [
            -119.15468699266698,
            34.43212630889412
          ],
          [
            -119.15495205316081,
            34.43216965052024
          ],
          [
            -119.15498282496368,
            34.43216965052024
          ],
          [
            -119.15498919801273,
            34.43215690183894
          ]
        ]
      }
    },
    {
      "type": "Feature",
      "properties": {
        "kind": "swale_line",
        "target_slope": "0.5-1%"
      },
      "geometry": {
        "type": "LineString",
        "coordinates": [
          [
            -119.15496743906225,
            34.43215690183894
          ],
          [
            -119.15496743906225,
            34.43217493119694
          ],
          [
            -119.15496743906225,
            34.432192960554936
          ],
          [
            -119.15496743906225,
            34.43221098991293
          ],
          [
            -119.15496743906225,
            34.43222901927093
          ],
          [
            -119.15496743906225,
            34.43224704862892
          ],
          [
            -119.15496743906225,
            34.43226507798692
          ],
          [
            -119.15496743906225,
            34.432283107344915
          ],
          [
            -119.15496743906225,
            34.43230113670292
          ],
          [
            -119.15494568011178,
            34.432319166060914
          ],
          [
            -119.15494568011178,
            34.43233719541891
          ],
          [
            -119.15494568011178,
            34.432355224776906
          ],
          [
            -119.15494568011178,
            34.4323732541349
          ],
          [
            -119.15494568011178,
            34.4323912834929
          ],
          [
            -119.15494568011178,
            34.4324093128509
          ],
          [
            -119.15496743906225,
            34.4324273422089
          ],
          [
            -119.15494568011178,
            34.43244537156689
          ],
          [
            -119.15494568011178,
            34.43246340092489
          ],
          [
            -119.15494568011178,
            34.432481430282884
          ],
          [
            -119.1549239211613,
            34.432481430282884
          ],
          [
            -119.15494568011178,
            34.43246340092489
          ]
        ]
      }
    },
    {
      "type": "Feature",
      "properties": {
        "kind": "keypoint",
        "elev_m": 436.38,
        "accum_m2": 579.0
      },
      "geometry": {
        "type": "Point",
        "coordinates": [
          -119.15497831853749,
          34.43209379908595
        ]
      }
    },
    {
      "type": "Feature",
      "properties": {
        "kind": "keyline",
        "elev_m": 436.38
      },
      "geometry": {
        "type": "LineString",
        "coordinates": [
          [
            -119.15499989133713,
            34.432091445782504
          ],
          [
            -119.154956559587,
            34.43209379908595
          ],
          [
            -119.15496293263605,
            34.43210654776725
          ],
          [
            -119.15499370443892,
            34.43210654776725
          ],
          [
            -119.15500007748795,
            34.43209379908595
          ]
        ]
      }
    },
    {
      "type": "Feature",
      "properties": {
        "kind": "swale_line",
        "target_slope": "0.5-1%"
      },
      "geometry": {
        "type": "LineString",
        "coordinates": [
          [
            -119.15497831853749,
            34.43209379908595
          ],
          [
            -119.15497831853749,
            34.43211182844395
          ],
          [
            -119.15497831853749,
            34.43212985780195
          ],
          [
            -119.15497831853749,
            34.43214788715994
          ],
          [
            -119.15497831853749,
            34.43216591651794
          ],
          [
            -119.15497831853749,
            34.432183945875934
          ],
          [
            -119.15497831853749,
            34.43220197523393
          ],
          [
            -119.15497831853749,
            34.432220004591926
          ],
          [
            -119.15497831853749,
            34.43223803394993
          ],
          [
            -119.154956559587,
            34.432256063307925
          ],
          [
            -119.154956559587,
            34.43227409266592
          ],
          [
            -119.154956559587,
            34.43229212202392
          ],
          [
            -119.154956559587,
            34.43231015138191
          ],
          [
            -119.154956559587,
            34.43232818073991
          ],
          [
            -119.154956559587,
            34.43234621009791
          ],
          [
            -119.154956559587,
            34.43236423945591
          ],
          [
            -119.15493480063654,
            34.4323822688139
          ],
          [
            -119.15493480063654,
            34.4324002981719
          ],
          [
            -119.15493480063654,
            34.432418327529895
          ],
          [
            -119.15491304168606,
            34.43243635688789
          ],
          [
            -119.15491304168606,
            34.43245438624589
          ],
          [
            -119.15493480063654,
            34.43243635688789
          ]
        ]
      }
    },
    {
      "type": "Feature",
      "properties": {
        "kind": "keypoint",
        "elev_m": 437.19,
        "accum_m2": 577.0
      },
      "geometry": {
        "type": "Point",
        "coordinates": [
          -119.15497831853749,
          34.43207576972795
        ]
      }
    },
    {
      "type": "Feature",
      "properties": {
        "kind": "keyline",
        "elev_m": 437.19
      },
      "geometry": {
        "type": "LineString",
        "coordinates": [
          [
            -119.15499989133713,
            34.43207341642451
          ],
          [
            -119.154956559587,
            34.43207576972795
          ],
          [
            -119.15496293263605,
            34.43208851840925
          ],
          [
            -119.15500007748795,
            34.43207576972795
          ]
        ]
      }
    },
    {
      "type": "Feature",
      "properties": {
        "kind": "swale_line",
        "target_slope": "0.5-1%"
      },
      "geometry": {
        "type": "LineString",
        "coordinates": [
          [
            -119.15497831853749,
            34.43207576972795
          ],
          [
            -119.15497831853749,
            34.43209379908595
          ],
          [
            -119.15497831853749,
            34.43211182844395
          ],
          [
            -119.15497831853749,
            34.43212985780195
          ],
          [
            -119.15497831853749,
            34.43214788715994
          ],
          [
            -119.15497831853749,
            34.43216591651794
          ],
          [
            -119.15497831853749,
            34.432183945875934
          ],
          [
            -119.15497831853749,
            34.43220197523393
          ],
          [
            -119.15497831853749,
            34.432220004591926
          ],
          [
            -119.15497831853749,
            34.43223803394993
          ],
          [
            -119.154956559587,
            34.432256063307925
          ],
          [
            -119.154956559587,
            34.43227409266592
          ],
          [
            -119.154956559587,
            34.43229212202392
          ],
          [
            -119.154956559587,
            34.43231015138191
          ],
          [
            -119.154956559587,
            34.43232818073991
          ],
          [
            -119.154956559587,
            34.43234621009791
          ],
          [
            -119.154956559587,
            34.43236423945591
          ],
          [
            -119.15493480063654,
            34.4323822688139
          ],
          [
            -119.15493480063654,
            34.4324002981719
          ],
          [
            -119.15493480063654,
            34.432418327529895
          ],
          [
            -119.15491304168606,
            34.43243635688789
          ],
          [
            -119.15491304168606,
            34.43245438624589
          ],
          [
            -119.15493480063654,
            34.43243635688789
          ]
        ]
      }
    },
    {
      "type": "Feature",
      "properties": {
        "kind": "keypoint",
        "elev_m": 448.69,
        "accum_m2": 518.0
      },
      "geometry": {
        "type": "Point",
        "coordinates": [
          -119.15576164075453,
          34.43167010917303
        ]
      }
    },
    {
      "type": "Feature",
      "properties": {
        "kind": "keyline",
        "elev_m": 448.69
      },
      "geometry": {
        "type": "LineString",
        "coordinates": [
          [
            -119.15578321355417,
            34.431667755869576
          ],
          [
            -119.1557462548531,
            34.43165736049173
          ],
          [
            -119.15573988180405,
            34.43167010917303
          ],
          [
            -119.15576164075453,
            34.43168813853102
          ],
          [
            -119.155783399705,
            34.43167010917303
          ]
        ]
      }
    },
    {
      "type": "Feature",
      "properties": {
        "kind": "swale_line",
        "target_slope": "0.5-1%"
      },
      "geometry": {
        "type": "LineString",
        "coordinates": [
          [
            -119.15576164075453,
            34.43167010917303
          ],
          [
            -119.15576164075453,
            34.43168813853102
          ],
          [
            -119.15573988180405,
            34.43170616788902
          ],
          [
            -119.15573988180405,
            34.431724197247014
          ],
          [
            -119.15571812285359,
            34.43174222660501
          ],
          [
            -119.15571812285359,
            34.431760255963006
          ],
          [
            -119.15569636390312,
            34.431778285321
          ],
          [
            -119.15569636390312,
            34.431796314679005
          ],
          [
            -119.15569636390312,
            34.431814344037
          ],
          [
            -119.15569636390312,
            34.431832373395
          ],
          [
            -119.15567460495264,
            34.43185040275299
          ],
          [
            -119.15567460495264,
            34.43186843211099
          ],
          [
            -119.15567460495264,
            34.431886461468984
          ],
          [
            -119.15567460495264,
            34.43190449082698
          ],
          [
            -119.15567460495264,
            34.43192252018498
          ],
          [
            -119.15567460495264,
            34.43194054954298
          ],
          [
            -119.15567460495264,
            34.431958578900975
          ],
          [
            -119.15567460495264,
            34.43197660825897
          ],
          [
            -119.15565284600217,
            34.43199463761697
          ],
          [
            -119.15565284600217,
            34.43201266697496
          ],
          [
            -119.15565284600217,
            34.43203069633296
          ],
          [
            -119.15565284600217,
            34.43204872569096
          ],
          [
            -119.15565284600217,
            34.43206675504896
          ],
          [
            -119.15565284600217,
            34.43208478440695
          ],
          [
            -119.15565284600217,
            34.43210281376495
          ],
          [
            -119.15563108705169,
            34.432120843122945
          ],
          [
            -119.15563108705169,
            34.43213887248094
          ],
          [
            -119.15563108705169,
            34.43215690183894
          ],
          [
            -119.15563108705169,
            34.43217493119694
          ],
          [
            -119.15560932810122,
            34.432192960554936
          ],
          [
            -119.15560932810122,
            34.43221098991293
          ],
          [
            -119.15560932810122,
            34.43222901927093
          ],
          [
            -119.15560932810122,
            34.43224704862892
          ],
          [
            -119.15560932810122,
            34.43226507798692
          ],
          [
            -119.15560932810122,
            34.432283107344915
          ],
          [
            -119.15560932810122,
            34.43230113670292
          ],
          [
            -119.15560932810122,
            34.432319166060914
          ],
          [
            -119.15560932810122,
            34.43233719541891
          ],
          [
            -119.15560932810122,
            34.432355224776906
          ],
          [
            -119.15560932810122,
            34.4323732541349
          ],
          [
            -119.15563108705169,
            34.4323912834929
          ],
          [
            -119.15565284600217,
            34.4324093128509
          ],
          [
            -119.15565284600217,
            34.4324273422089
          ],
          [
            -119.15565284600217,
            34.43244537156689
          ],
          [
            -119.15565284600217,
            34.43246340092489
          ],
          [
            -119.15565284600217,
            34.432481430282884
          ],
          [
            -119.15565284600217,
            34.43249945964088
          ],
          [
            -119.15565284600217,
            34.432517488998876
          ],
          [
            -119.15565284600217,
            34.43253551835688
          ],
          [
            -119.15565284600217,
            34.432553547714875
          ],
          [
            -119.15565284600217,
            34.43257157707287
          ],
          [
            -119.15567460495264,
            34.43258960643087
          ],
          [
            -119.15565284600217,
            34.43260763578886
          ],
          [
            -119.15565284600217,
            34.43262566514686
          ],
          [
            -119.15565284600217,
            34.432643694504854
          ],
          [
            -119.15567460495264,
            34.432643694504854
          ],
          [
            -119.15569636390312,
            34.43262566514686
          ]
        ]
      }
    },
    {
      "type": "Feature",
      "properties": {
        "kind": "valley"
      },
      "geometry": {
        "type": "MultiPoint",
        "coordinates": [
          [
            -119.15569636390312,
            34.431814344037
          ],
          [
            -119.15567460495264,
            34.43192252018498
          ],
          [
            -119.1556637254774,
            34.43203069633296
          ],
          [
            -119.15564196652693,
            34.43213887248094
          ],
          [
            -119.15560932810122,
            34.43224704862892
          ],
          [
            -119.15560932810122,
            34.43230113670292
          ],
          [
            -119.15748059784194,
            34.43232818073991
          ],
          [
            -119.15746971836671,
            34.43233719541891
          ],
          [
            -119.15718685201055,
            34.432355224776906
          ],
          [
            -119.1569366240801,
            34.43236423945591
          ],
          [
            -119.15691486512964,
            34.4323732541349
          ],
          [
            -119.15494568011178,
            34.4323822688139
          ],
          [
            -119.15774170524763,
            34.4324093128509
          ],
          [
            -119.15494568011178,
            34.43244537156689
          ],
          [
            -119.15570724337834,
            34.43252650367788
          ],
          [
            -119.15596835078404,
            34.43262566514686
          ],
          [
            -119.15582691760595,
            34.43263467982586
          ],
          [
            -119.1560771455364,
            34.43270679725784
          ],
          [
            -119.15647968612016,
            34.43275187065284
          ],
          [
            -119.15617506081352,
            34.433346839466736
          ],
          [
            -119.15579427918024,
            34.43335585414574
          ],
          [
            -119.15609890448687,
            34.43336486882473
          ],
          [
            -119.15568548442788,
            34.43336486882473
          ],
          [
            -119.15591395340785,
            34.433373883503734
          ],
          [
            -119.15593571235833,
            34.4335812211207
          ],
          [
            -119.15589219445738,
            34.4335902357997
          ],
          [
            -119.15571812285359,
            34.4335902357997
          ],
          [
            -119.1560771455364,
            34.43359925047869
          ],
          [
            -119.15572900232883,
            34.43359925047869
          ],
          [
            -119.15550053334886,
            34.43359925047869
          ],
          [
            -119.15618594028876,
            34.43362629451569
          ],
          [
            -119.15631649399161,
            34.433644323873686
          ],
          [
            -119.15645792716968,
            34.43366235323168
          ],
          [
            -119.15641440926873,
            34.433671367910684
          ]
        ]
      }
    },
    {
      "type": "Feature",
      "properties": {
        "kind": "ridge"
      },
      "geometry": {
        "type": "MultiPoint",
        "coordinates": [
          [
            -119.15571812285359,
            34.43151685963005
          ],
          [
            -119.15558756915074,
            34.43151685963005
          ],
          [
            -119.15563108705169,
            34.431525874309045
          ],
          [
            -119.15463017532991,
            34.431796314679005
          ]
        ]
      }
    }
  ]
}
