{
  "type": "FeatureCollection",
  "properties": {
    "authority": "derived",
    "evidence": "modelled",
    "method": "mid-slope TPI band"
  },
  "features": [
    {
      "type": "Feature",
      "properties": {
        "kind": "thermal_belt"
      },
      "geometry": {
        "type": "MultiPoint",
        "coordinates": [
          [
            -119.15769818734668,
            34.43151685963005
          ],
          [
            -119.15748059784194,
            34.43151685963005
          ],
          [
            -119.15708893673342,
            34.43151685963005
          ],
          [
            -119.15604450711069,
            34.43151685963005
          ],
          [
            -119.15591395340785,
            34.43151685963005
          ],
          [
            -119.1553047027946,
            34.43151685963005
          ],
          [
            -119.15517414909175,
            34.43151685963005
          ],
          [
            -119.1550435953889,
            34.43151685963005
          ],
          [
            -119.15452138057753,
            34.43151685963005
          ],
          [
            -119.15800281265331,
            34.43155291834604
          ],
          [
            -119.15787225895046,
            34.43155291834604
          ],
          [
            -119.15774170524763,
            34.43155291834604
          ],
          [
            -119.15761115154478,
            34.43155291834604
          ],
          [
            -119.15748059784194,
            34.43155291834604
          ],
          [
            -119.15730652623816,
            34.43155291834604
          ],
          [
            -119.15717597253531,
            34.43155291834604
          ],
          [
            -119.15704541883247,
            34.43155291834604
          ],
          [
            -119.15691486512964,
            34.43155291834604
          ],
          [
            -119.15678431142679,
            34.43155291834604
          ],
          [
            -119.15665375772394,
            34.43155291834604
          ],
          [
            -119.15652320402111,
            34.43155291834604
          ],
          [
            -119.15639265031827,
            34.43155291834604
          ],
          [
            -119.15626209661542,
            34.43155291834604
          ],
          [
            -119.15613154291259,
            34.43155291834604
          ],
          [
            -119.15600098920974,
            34.43155291834604
          ],
          [
            -119.1558704355069,
            34.43155291834604
          ],
          [
            -119.15573988180405,
            34.43155291834604
          ],
          [
            -119.15539173859648,
            34.43155291834604
          ],
          [
            -119.15526118489365,
            34.43155291834604
          ],
          [
            -119.1551306311908,
            34.43155291834604
          ],
          [
            -119.15500007748795,
            34.43155291834604
          ],
          [
            -119.15486952378512,
            34.43155291834604
          ],
          [
            -119.15473897008228,
            34.43155291834604
          ],
          [
            -119.15813336635615,
            34.431588977062034
          ],
          [
            -119.15800281265331,
            34.431588977062034
          ],
          [
            -119.15787225895046,
            34.431588977062034
          ],
          [
            -119.15774170524763,
            34.431588977062034
          ],
          [
            -119.15756763364384,
            34.431588977062034
          ],
          [
            -119.15726300833721,
            34.431588977062034
          ],
          [
            -119.15713245463436,
            34.431588977062034
          ],
          [
            -119.15700190093153,
            34.431588977062034
          ],
          [
            -119.15687134722869,
            34.431588977062034
          ],
          [
            -119.15674079352584,
            34.431588977062034
          ],
          [
            -119.156610239823,
            34.431588977062034
          ],
          [
            -119.15647968612016,
            34.431588977062034
          ],
          [
            -119.15634913241732,
            34.431588977062034
          ],
          [
            -119.15621857871447,
            34.431588977062034
          ],
          [
            -119.15604450711069,
            34.431588977062034
          ],
          [
            -119.15591395340785,
            34.431588977062034
          ],
          [
            -119.15569636390312,
            34.431588977062034
          ],
          [
            -119.15556581020027,
            34.431588977062034
          ],
          [
            -119.15543525649743,
            34.431588977062034
          ],
          [
            -119.1553047027946,
            34.431588977062034
          ],
          [
            -119.15517414909175,
            34.431588977062034
          ],
          [
            -119.1550435953889,
            34.431588977062034
          ],
          [
            -119.15491304168606,
            34.431588977062034
          ],
          [
            -119.15478248798323,
            34.431588977062034
          ],
          [
            -119.15460841637943,
            34.431588977062034
          ],
          [
            -119.1580898484552,
            34.43162503577803
          ],
          [
            -119.15795929475236,
            34.43162503577803
          ],
          [
            -119.15782874104953,
            34.43162503577803
          ],
          [
            -119.15765466944573,
            34.43162503577803
          ],
          [
            -119.15752411574289,
            34.43162503577803
          ],
          [
            -119.15739356204006,
            34.43162503577803
          ],
          [
            -119.15726300833721,
            34.43162503577803
          ],
          [
            -119.15713245463436,
            34.43162503577803
          ],
          [
            -119.15700190093153,
            34.43162503577803
          ],
          [
            -119.15687134722869,
            34.43162503577803
          ],
          [
            -119.15674079352584,
            34.43162503577803
          ],
          [
            -119.156610239823,
            34.43162503577803
          ],
          [
            -119.15647968612016,
            34.43162503577803
          ],
          [
            -119.15634913241732,
            34.43162503577803
          ],
          [
            -119.15621857871447,
            34.43162503577803
          ],
          [
            -119.15608802501164,
            34.43162503577803
          ],
          [
            -119.1559574713088,
            34.43162503577803
          ],
          [
            -119.15569636390312,
            34.43162503577803
          ],
          [
            -119.15556581020027,
            34.43162503577803
          ],
          [
            -119.15539173859648,
            34.43162503577803
          ],
          [
            -119.15526118489365,
            34.43162503577803
          ],
          [
            -119.1551306311908,
            34.43162503577803
          ],
          [
            -119.15500007748795,
            34.43162503577803
          ],
          [
            -119.15486952378512,
            34.43162503577803
          ],
          [
            -119.15473897008228,
            34.43162503577803
          ],
          [
            -119.15813336635615,
            34.431661094494025
          ],
          [
            -119.15800281265331,
            34.431661094494025
          ],
          [
            -119.15787225895046,
            34.431661094494025
          ],
          [
            -119.15774170524763,
            34.431661094494025
          ],
          [
            -119.15756763364384,
            34.431661094494025
          ],
          [
            -119.15743707994099,
            34.431661094494025
          ],
          [
            -119.15730652623816,
            34.431661094494025
          ],
          [
            -119.15717597253531,
            34.431661094494025
          ],
          [
            -119.15704541883247,
            34.431661094494025
          ],
          [
            -119.15691486512964,
            34.431661094494025
          ],
          [
            -119.15678431142679,
            34.431661094494025
          ],
          [
            -119.15665375772394,
            34.431661094494025
          ],
          [
            -119.15652320402111,
            34.431661094494025
          ],
          [
            -119.15639265031827,
            34.431661094494025
          ],
          [
            -119.15626209661542,
            34.431661094494025
          ],
          [
            -119.15613154291259,
            34.431661094494025
          ],
          [
            -119.15600098920974,
            34.431661094494025
          ],
          [
            -119.1558704355069,
            34.431661094494025
          ],
          [
            -119.15560932810122,
            34.431661094494025
          ],
          [
            -119.15547877439838,
            34.431661094494025
          ],
          [
            -119.15534822069553,
            34.431661094494025
          ],
          [
            -119.1552176669927,
            34.431661094494025
          ],
          [
            -119.15508711328985,
            34.431661094494025
          ],
          [
            -119.154956559587,
            34.431661094494025
          ],
          [
            -119.15482600588417,
            34.431661094494025
          ],
          [
            -119.15813336635615,
            34.43169715321002
          ],
          [
            -119.15800281265331,
            34.43169715321002
          ],
          [
            -119.15787225895046,
            34.43169715321002
          ],
          [
            -119.15774170524763,
            34.43169715321002
          ],
          [
            -119.15756763364384,
            34.43169715321002
          ],
          [
            -119.15743707994099,
            34.43169715321002
          ],
          [
            -119.15730652623816,
            34.43169715321002
          ],
          [
            -119.15717597253531,
            34.43169715321002
          ],
          [
            -119.15704541883247,
            34.43169715321002
          ],
          [
            -119.15691486512964,
            34.43169715321002
          ],
          [
            -119.15678431142679,
            34.43169715321002
          ],
          [
            -119.15665375772394,
            34.43169715321002
          ],
          [
            -119.15652320402111,
            34.43169715321002
          ],
          [
            -119.15639265031827,
            34.43169715321002
          ],
          [
            -119.15626209661542,
            34.43169715321002
          ],
          [
            -119.15613154291259,
            34.43169715321002
          ],
          [
            -119.15600098920974,
            34.43169715321002
          ],
          [
            -119.1558704355069,
            34.43169715321002
          ],
          [
            -119.15556581020027,
            34.43169715321002
          ],
          [
            -119.15543525649743,
            34.43169715321002
          ],
          [
            -119.1553047027946,
            34.43169715321002
          ],
          [
            -119.15517414909175,
            34.43169715321002
          ],
          [
            -119.1550435953889,
            34.43169715321002
          ],
          [
            -119.15491304168606,
            34.43169715321002
          ],
          [
            -119.15456489847848,
            34.43169715321002
          ],
          [
            -119.1580898484552,
            34.431733211926016
          ],
          [
            -119.15795929475236,
            34.431733211926016
          ],
          [
            -119.15782874104953,
            34.431733211926016
          ],
          [
            -119.15769818734668,
            34.431733211926016
          ],
          [
            -119.15756763364384,
            34.431733211926016
          ],
          [
            -119.15735004413911,
            34.431733211926016
          ],
          [
            -119.15721949043626,
            34.431733211926016
          ],
          [
            -119.15708893673342,
            34.431733211926016
          ],
          [
            -119.15687134722869,
            34.431733211926016
          ],
          [
            -119.15674079352584,
            34.431733211926016
          ],
          [
            -119.156610239823,
            34.431733211926016
          ],
          [
            -119.15647968612016,
            34.431733211926016
          ],
          [
            -119.15634913241732,
            34.431733211926016
          ],
          [
            -119.15621857871447,
            34.431733211926016
          ],
          [
            -119.15608802501164,
            34.431733211926016
          ],
          [
            -119.1559574713088,
            34.431733211926016
          ],
          [
            -119.15582691760595,
            34.431733211926016
          ],
          [
            -119.15556581020027,
            34.431733211926016
          ],
          [
            -119.15543525649743,
            34.431733211926016
          ],
          [
            -119.1553047027946,
            34.431733211926016
          ],
          [
            -119.15517414909175,
            34.431733211926016
          ],
          [
            -119.1550435953889,
            34.431733211926016
          ],
          [
            -119.15491304168606,
            34.431733211926016
          ],
          [
            -119.15478248798323,
            34.431733211926016
          ],
          [
            -119.15465193428038,
            34.431733211926016
          ],
          [
            -119.1580898484552,
            34.43176927064201
          ],
          [
            -119.15795929475236,
            34.43176927064201
          ],
          [
            -119.15782874104953,
            34.43176927064201
          ],
          [
            -119.15769818734668,
            34.43176927064201
          ],
          [
            -119.15756763364384,
            34.43176927064201
          ],
          [
            -119.15739356204006,
            34.43176927064201
          ],
          [
            -119.15726300833721,
            34.43176927064201
          ],
          [
            -119.15713245463436,
            34.43176927064201
          ],
          [
            -119.15700190093153,
            34.43176927064201
          ],
          [
            -119.15687134722869,
            34.43176927064201
          ],
          [
            -119.15634913241732,
            34.43176927064201
          ],
          [
            -119.15621857871447,
            34.43176927064201
          ],
          [
            -119.15608802501164,
            34.43176927064201
          ],
          [
            -119.1559574713088,
            34.43176927064201
          ],
          [
            -119.15582691760595,
            34.43176927064201
          ],
          [
            -119.15556581020027,
            34.43176927064201
          ],
          [
            -119.15543525649743,
            34.43176927064201
          ],
          [
            -119.1553047027946,
            34.43176927064201
          ],
          [
            -119.15500007748795,
            34.43176927064201
          ],
          [
            -119.15486952378512,
            34.43176927064201
          ],
          [
            -119.15473897008228,
            34.43176927064201
          ],
          [
            -119.15813336635615,
            34.431805329358
          ],
          [
            -119.15800281265331,
            34.431805329358
          ],
          [
            -119.15782874104953,
            34.431805329358
          ],
          [
            -119.15769818734668,
            34.431805329358
          ],
          [
            -119.15756763364384,
            34.431805329358
          ],
          [
            -119.15743707994099,
            34.431805329358
          ],
          [
            -119.15730652623816,
            34.431805329358
          ],
          [
            -119.15717597253531,
            34.431805329358
          ],
          [
            -119.15704541883247,
            34.431805329358
          ],
          [
            -119.15691486512964,
            34.431805329358
          ],
          [
            -119.15678431142679,
            34.431805329358
          ],
          [
            -119.15665375772394,
            34.431805329358
          ],
          [
            -119.15630561451637,
            34.431805329358
          ],
          [
            -119.15613154291259,
            34.431805329358
          ],
          [
            -119.15600098920974,
            34.431805329358
          ],
          [
            -119.15582691760595,
            34.431805329358
          ],
          [
            -119.15565284600217,
            34.431805329358
          ],
          [
            -119.15552229229932,
            34.431805329358
          ],
          [
            -119.15539173859648,
            34.431805329358
          ],
          [
            -119.15491304168606,
            34.431805329358
          ],
          [
            -119.15478248798323,
            34.431805329358
          ],
          [
            -119.15813336635615,
            34.43184138807399
          ],
          [
            -119.15800281265331,
            34.43184138807399
          ],
          [
            -119.15778522314858,
            34.43184138807399
          ],
          [
            -119.15761115154478,
            34.43184138807399
          ],
          [
            -119.15748059784194,
            34.43184138807399
          ],
          [
            -119.15735004413911,
            34.43184138807399
          ],
          [
            -119.15721949043626,
            34.43184138807399
          ],
          [
            -119.15708893673342,
            34.43184138807399
          ],
          [
            -119.15695838303058,
            34.43184138807399
          ],
          [
            -119.15682782932774,
            34.43184138807399
          ],
          [
            -119.1566972756249,
            34.43184138807399
          ],
          [
            -119.15656672192206,
            34.43184138807399
          ],
          [
            -119.15621857871447,
            34.43184138807399
          ],
          [
            -119.15608802501164,
            34.43184138807399
          ],
          [
            -119.1559574713088,
            34.43184138807399
          ],
          [
            -119.15582691760595,
            34.43184138807399
          ],
          [
            -119.15565284600217,
            34.43184138807399
          ],
          [
            -119.15552229229932,
            34.43184138807399
          ],
          [
            -119.15539173859648,
            34.43184138807399
          ],
          [
            -119.1550435953889,
            34.43184138807399
          ],
          [
            -119.15486952378512,
            34.43184138807399
          ],
          [
            -119.15473897008228,
            34.43184138807399
          ],
          [
            -119.1580898484552,
            34.43187744678999
          ],
          [
            -119.15795929475236,
            34.43187744678999
          ],
          [
            -119.15782874104953,
            34.43187744678999
          ],
          [
            -119.15769818734668,
            34.43187744678999
          ],
          [
            -119.15756763364384,
            34.43187744678999
          ],
          [
            -119.15743707994099,
            34.43187744678999
          ],
          [
            -119.15730652623816,
            34.43187744678999
          ],
          [
            -119.15717597253531,
            34.43187744678999
          ],
          [
            -119.15704541883247,
            34.43187744678999
          ],
          [
            -119.15691486512964,
            34.43187744678999
          ],
          [
            -119.15678431142679,
            34.43187744678999
          ],
          [
            -119.15665375772394,
            34.43187744678999
          ],
          [
            -119.15652320402111,
            34.43187744678999
          ],
          [
            -119.15639265031827,
            34.43187744678999
          ],
          [
            -119.15626209661542,
            34.43187744678999
          ],
          [
            -119.15613154291259,
            34.43187744678999
          ],
          [
            -119.15600098920974,
            34.43187744678999
          ],
          [
            -119.1558704355069,
            34.43187744678999
          ],
          [
            -119.15573988180405,
            34.43187744678999
          ],
          [
            -119.15552229229932,
            34.43187744678999
          ],
          [
            -119.15539173859648,
            34.43187744678999
          ],
          [
            -119.15526118489365,
            34.43187744678999
          ],
          [
            -119.1551306311908,
            34.43187744678999
          ],
          [
            -119.15491304168606,
            34.43187744678999
          ],
          [
            -119.15469545218133,
            34.43187744678999
          ],
          [
            -119.15456489847848,
            34.43187744678999
          ],
          [
            -119.15804633055426,
            34.43191350550598
          ],
          [
            -119.15791577685141,
            34.43191350550598
          ],
          [
            -119.15778522314858,
            34.43191350550598
          ],
          [
            -119.15765466944573,
            34.43191350550598
          ],
          [
            -119.15752411574289,
            34.43191350550598
          ],
          [
            -119.15739356204006,
            34.43191350550598
          ],
          [
            -119.15726300833721,
            34.43191350550598
          ],
          [
            -119.15713245463436,
            34.43191350550598
          ],
          [
            -119.15700190093153,
            34.43191350550598
          ],
          [
            -119.15687134722869,
            34.43191350550598
          ],
          [
            -119.15674079352584,
            34.43191350550598
          ],
          [
            -119.156610239823,
            34.43191350550598
          ],
          [
            -119.15647968612016,
            34.43191350550598
          ],
          [
            -119.15634913241732,
            34.43191350550598
          ],
          [
            -119.15621857871447,
            34.43191350550598
          ],
          [
            -119.15608802501164,
            34.43191350550598
          ],
          [
            -119.1559574713088,
            34.43191350550598
          ],
          [
            -119.15582691760595,
            34.43191350550598
          ],
          [
            -119.15560932810122,
            34.43191350550598
          ],
          [
            -119.15547877439838,
            34.43191350550598
          ],
          [
            -119.15534822069553,
            34.43191350550598
          ],
          [
            -119.1552176669927,
            34.43191350550598
          ],
          [
            -119.15508711328985,
            34.43191350550598
          ],
          [
            -119.15486952378512,
            34.43191350550598
          ],
          [
            -119.15813336635615,
            34.43194956422197
          ],
          [
            -119.15800281265331,
            34.43194956422197
          ],
          [
            -119.15787225895046,
            34.43194956422197
          ],
          [
            -119.15774170524763,
            34.43194956422197
          ],
          [
            -119.15761115154478,
            34.43194956422197
          ],
          [
            -119.15748059784194,
            34.43194956422197
          ],
          [
            -119.15735004413911,
            34.43194956422197
          ],
          [
            -119.15721949043626,
            34.43194956422197
          ],
          [
            -119.15708893673342,
            34.43194956422197
          ],
          [
            -119.15695838303058,
            34.43194956422197
          ],
          [
            -119.15682782932774,
            34.43194956422197
          ],
          [
            -119.1566972756249,
            34.43194956422197
          ],
          [
            -119.15656672192206,
            34.43194956422197
          ],
          [
            -119.15643616821922,
            34.43194956422197
          ],
          [
            -119.15630561451637,
            34.43194956422197
          ],
          [
            -119.15613154291259,
            34.43194956422197
          ],
          [
            -119.15600098920974,
            34.43194956422197
          ],
          [
            -119.1558704355069,
            34.43194956422197
          ],
          [
            -119.15560932810122,
            34.43194956422197
          ],
          [
            -119.15539173859648,
            34.43194956422197
          ],
          [
            -119.15526118489365,
            34.43194956422197
          ],
          [
            -119.1551306311908,
            34.43194956422197
          ],
          [
            -119.15500007748795,
            34.43194956422197
          ],
          [
            -119.15482600588417,
            34.43194956422197
          ],
          [
            -119.15469545218133,
            34.43194956422197
          ],
          [
            -119.15456489847848,
            34.43194956422197
          ],
          [
            -119.15804633055426,
            34.43198562293797
          ],
          [
            -119.15791577685141,
            34.43198562293797
          ],
          [
            -119.15778522314858,
            34.43198562293797
          ],
          [
            -119.15765466944573,
            34.43198562293797
          ],
          [
            -119.15752411574289,
            34.43198562293797
          ],
          [
            -119.15739356204006,
            34.43198562293797
          ],
          [
            -119.15726300833721,
            34.43198562293797
          ],
          [
            -119.15713245463436,
            34.43198562293797
          ],
          [
            -119.15700190093153,
            34.43198562293797
          ],
          [
            -119.15687134722869,
            34.43198562293797
          ],
          [
            -119.15674079352584,
            34.43198562293797
          ],
          [
            -119.156610239823,
            34.43198562293797
          ],
          [
            -119.15647968612016,
            34.43198562293797
          ],
          [
            -119.15634913241732,
            34.43198562293797
          ],
          [
            -119.15621857871447,
            34.43198562293797
          ],
          [
            -119.15604450711069,
            34.43198562293797
          ],
          [
            -119.15591395340785,
            34.43198562293797
          ],
          [
            -119.15560932810122,
            34.43198562293797
          ],
          [
            -119.15539173859648,
            34.43198562293797
          ],
          [
            -119.1552176669927,
            34.43198562293797
          ],
          [
            -119.15508711328985,
            34.43198562293797
          ],
          [
            -119.154956559587,
            34.43198562293797
          ],
          [
            -119.15482600588417,
            34.43198562293797
          ],
          [
            -119.15469545218133,
            34.43198562293797
          ],
          [
            -119.15456489847848,
            34.43198562293797
          ],
          [
            -119.15804633055426,
            34.432021681653964
          ],
          [
            -119.15791577685141,
            34.432021681653964
          ],
          [
            -119.15778522314858,
            34.432021681653964
          ],
          [
            -119.15765466944573,
            34.432021681653964
          ],
          [
            -119.15752411574289,
            34.432021681653964
          ],
          [
            -119.15739356204006,
            34.432021681653964
          ],
          [
            -119.15726300833721,
            34.432021681653964
          ],
          [
            -119.15713245463436,
            34.432021681653964
          ],
          [
            -119.15700190093153,
            34.432021681653964
          ],
          [
            -119.15682782932774,
            34.432021681653964
          ],
          [
            -119.1566972756249,
            34.432021681653964
          ],
          [
            -119.15656672192206,
            34.432021681653964
          ],
          [
            -119.15643616821922,
            34.432021681653964
          ],
          [
            -119.15630561451637,
            34.432021681653964
          ],
          [
            -119.15608802501164,
            34.432021681653964
          ],
          [
            -119.1559574713088,
            34.432021681653964
          ],
          [
            -119.15573988180405,
            34.432021681653964
          ],
          [
            -119.15556581020027,
            34.432021681653964
          ],
          [
            -119.15543525649743,
            34.432021681653964
          ],
          [
            -119.1553047027946,
            34.432021681653964
          ],
          [
            -119.15517414909175,
            34.432021681653964
          ],
          [
            -119.15500007748795,
            34.432021681653964
          ],
          [
            -119.15486952378512,
            34.432021681653964
          ],
          [
            -119.15473897008228,
            34.432021681653964
          ],
          [
            -119.15460841637943,
            34.432021681653964
          ],
          [
            -119.15813336635615,
            34.432057740369956
          ],
          [
            -119.15800281265331,
            34.432057740369956
          ],
          [
            -119.15787225895046,
            34.432057740369956
          ],
          [
            -119.15774170524763,
            34.432057740369956
          ],
          [
            -119.15761115154478,
            34.432057740369956
          ],
          [
            -119.15748059784194,
            34.432057740369956
          ],
          [
            -119.15735004413911,
            34.432057740369956
          ],
          [
            -119.15721949043626,
            34.432057740369956
          ],
          [
            -119.15708893673342,
            34.432057740369956
          ],
          [
            -119.15695838303058,
            34.432057740369956
          ],
          [
            -119.15678431142679,
            34.432057740369956
          ],
          [
            -119.15665375772394,
            34.432057740369956
          ],
          [
            -119.15652320402111,
            34.432057740369956
          ],
          [
            -119.15639265031827,
            34.432057740369956
          ],
          [
            -119.15626209661542,
            34.432057740369956
          ],
          [
            -119.15604450711069,
            34.432057740369956
          ],
          [
            -119.15591395340785,
            34.432057740369956
          ],
          [
            -119.155783399705,
            34.432057740369956
          ],
          [
            -119.15560932810122,
            34.432057740369956
          ],
          [
            -119.15547877439838,
            34.432057740369956
          ],
          [
            -119.15534822069553,
            34.432057740369956
          ],
          [
            -119.1551306311908,
            34.432057740369956
          ],
          [
            -119.15500007748795,
            34.432057740369956
          ],
          [
            -119.15486952378512,
            34.432057740369956
          ],
          [
            -119.15473897008228,
            34.432057740369956
          ],
          [
            -119.15460841637943,
            34.432057740369956
          ],
          [
            -119.1580898484552,
            34.43209379908595
          ],
          [
            -119.15795929475236,
            34.43209379908595
          ],
          [
            -119.15782874104953,
            34.43209379908595
          ],
          [
            -119.15769818734668,
            34.43209379908595
          ],
          [
            -119.15756763364384,
            34.43209379908595
          ],
          [
            -119.15743707994099,
            34.43209379908595
          ],
          [
            -119.15730652623816,
            34.43209379908595
          ],
          [
            -119.15717597253531,
            34.43209379908595
          ],
          [
            -119.15704541883247,
            34.43209379908595
          ],
          [
            -119.15691486512964,
            34.43209379908595
          ],
          [
            -119.1566972756249,
            34.43209379908595
          ],
          [
            -119.15656672192206,
            34.43209379908595
          ],
          [
            -119.15643616821922,
            34.43209379908595
          ],
          [
            -119.15630561451637,
            34.43209379908595
          ],
          [
            -119.15617506081352,
            34.43209379908595
          ],
          [
            -119.15591395340785,
            34.43209379908595
          ],
          [
            -119.155783399705,
            34.43209379908595
          ],
          [
            -119.15560932810122,
            34.43209379908595
          ],
          [
            -119.15547877439838,
            34.43209379908595
          ],
          [
            -119.15534822069553,
            34.43209379908595
          ],
          [
            -119.1552176669927,
            34.43209379908595
          ],
          [
            -119.1550435953889,
            34.43209379908595
          ],
          [
            -119.15491304168606,
            34.43209379908595
          ],
          [
            -119.15478248798323,
            34.43209379908595
          ],
          [
            -119.15465193428038,
            34.43209379908595
          ],
          [
            -119.15813336635615,
            34.43212985780195
          ],
          [
            -119.15800281265331,
            34.43212985780195
          ],
          [
            -119.15787225895046,
            34.43212985780195
          ],
          [
            -119.15774170524763,
            34.43212985780195
          ],
          [
            -119.15761115154478,
            34.43212985780195
          ],
          [
            -119.15748059784194,
            34.43212985780195
          ],
          [
            -119.15735004413911,
            34.43212985780195
          ],
          [
            -119.15721949043626,
            34.43212985780195
          ],
          [
            -119.15708893673342,
            34.43212985780195
          ],
          [
            -119.15695838303058,
            34.43212985780195
          ],
          [
            -119.15674079352584,
            34.43212985780195
          ],
          [
            -119.156610239823,
            34.43212985780195
          ],
          [
            -119.15647968612016,
            34.43212985780195
          ],
          [
            -119.15634913241732,
            34.43212985780195
          ],
          [
            -119.15621857871447,
            34.43212985780195
          ],
          [
            -119.15600098920974,
            34.43212985780195
          ],
          [
            -119.1558704355069,
            34.43212985780195
          ],
          [
            -119.15573988180405,
            34.43212985780195
          ],
          [
            -119.15552229229932,
            34.43212985780195
          ],
          [
            -119.15539173859648,
            34.43212985780195
          ],
          [
            -119.15526118489365,
            34.43212985780195
          ],
          [
            -119.1551306311908,
            34.43212985780195
          ],
          [
            -119.15500007748795,
            34.43212985780195
          ],
          [
            -119.15486952378512,
            34.43212985780195
          ],
          [
            -119.15473897008228,
            34.43212985780195
          ],
          [
            -119.15460841637943,
            34.43212985780195
          ],
          [
            -119.1580898484552,
            34.43216591651794
          ],
          [
            -119.15795929475236,
            34.43216591651794
          ],
          [
            -119.15782874104953,
            34.43216591651794
          ],
          [
            -119.15769818734668,
            34.43216591651794
          ],
          [
            -119.15756763364384,
            34.43216591651794
          ],
          [
            -119.15743707994099,
            34.43216591651794
          ],
          [
            -119.15730652623816,
            34.43216591651794
          ],
          [
            -119.15717597253531,
            34.43216591651794
          ],
          [
            -119.15704541883247,
            34.43216591651794
          ],
          [
            -119.15691486512964,
            34.43216591651794
          ],
          [
            -119.15674079352584,
            34.43216591651794
          ],
          [
            -119.156610239823,
            34.43216591651794
          ],
          [
            -119.15647968612016,
            34.43216591651794
          ],
          [
            -119.15634913241732,
            34.43216591651794
          ],
          [
            -119.15621857871447,
            34.43216591651794
          ],
          [
            -119.15608802501164,
            34.43216591651794
          ],
          [
            -119.1559574713088,
            34.43216591651794
          ],
          [
            -119.15582691760595,
            34.43216591651794
          ],
          [
            -119.15569636390312,
            34.43216591651794
          ],
          [
            -119.15552229229932,
            34.43216591651794
          ],
          [
            -119.15539173859648,
            34.43216591651794
          ],
          [
            -119.15526118489365,
            34.43216591651794
          ],
          [
            -119.1551306311908,
            34.43216591651794
          ],
          [
            -119.15491304168606,
            34.43216591651794
          ],
          [
            -119.15478248798323,
            34.43216591651794
          ],
          [
            -119.15465193428038,
            34.43216591651794
          ],
          [
            -119.15452138057753,
            34.43216591651794
          ],
          [
            -119.15804633055426,
            34.43220197523393
          ],
          [
            -119.15791577685141,
            34.43220197523393
          ],
          [
            -119.15778522314858,
            34.43220197523393
          ],
          [
            -119.15765466944573,
            34.43220197523393
          ],
          [
            -119.15752411574289,
            34.43220197523393
          ],
          [
            -119.15739356204006,
            34.43220197523393
          ],
          [
            -119.15726300833721,
            34.43220197523393
          ],
          [
            -119.15713245463436,
            34.43220197523393
          ],
          [
            -119.15700190093153,
            34.43220197523393
          ],
          [
            -119.15687134722869,
            34.43220197523393
          ],
          [
            -119.1566972756249,
            34.43220197523393
          ],
          [
            -119.15656672192206,
            34.43220197523393
          ],
          [
            -119.15643616821922,
            34.43220197523393
          ],
          [
            -119.15630561451637,
            34.43220197523393
          ],
          [
            -119.15617506081352,
            34.43220197523393
          ],
          [
            -119.15604450711069,
            34.43220197523393
          ],
          [
            -119.15591395340785,
            34.43220197523393
          ],
          [
            -119.155783399705,
            34.43220197523393
          ],
          [
            -119.15565284600217,
            34.43220197523393
          ],
          [
            -119.15547877439838,
            34.43220197523393
          ],
          [
            -119.15534822069553,
            34.43220197523393
          ],
          [
            -119.1552176669927,
            34.43220197523393
          ],
          [
            -119.1550435953889,
            34.43220197523393
          ],
          [
            -119.15491304168606,
            34.43220197523393
          ],
          [
            -119.15478248798323,
            34.43220197523393
          ],
          [
            -119.15465193428038,
            34.43220197523393
          ],
          [
            -119.15452138057753,
            34.43220197523393
          ],
          [
            -119.15804633055426,
            34.43223803394993
          ],
          [
            -119.15791577685141,
            34.43223803394993
          ],
          [
            -119.15778522314858,
            34.43223803394993
          ],
          [
            -119.15765466944573,
            34.43223803394993
          ],
          [
            -119.15752411574289,
            34.43223803394993
          ],
          [
            -119.15739356204006,
            34.43223803394993
          ],
          [
            -119.15717597253531,
            34.43223803394993
          ],
          [
            -119.15704541883247,
            34.43223803394993
          ],
          [
            -119.15691486512964,
            34.43223803394993
          ],
          [
            -119.15678431142679,
            34.43223803394993
          ],
          [
            -119.15656672192206,
            34.43223803394993
          ],
          [
            -119.15643616821922,
            34.43223803394993
          ],
          [
            -119.15630561451637,
            34.43223803394993
          ],
          [
            -119.15617506081352,
            34.43223803394993
          ],
          [
            -119.15604450711069,
            34.43223803394993
          ],
          [
            -119.15591395340785,
            34.43223803394993
          ],
          [
            -119.155783399705,
            34.43223803394993
          ],
          [
            -119.15565284600217,
            34.43223803394993
          ],
          [
            -119.15547877439838,
            34.43223803394993
          ],
          [
            -119.15534822069553,
            34.43223803394993
          ],
          [
            -119.15517414909175,
            34.43223803394993
          ],
          [
            -119.1550435953889,
            34.43223803394993
          ],
          [
            -119.15491304168606,
            34.43223803394993
          ],
          [
            -119.15478248798323,
            34.43223803394993
          ],
          [
            -119.15465193428038,
            34.43223803394993
          ],
          [
            -119.15452138057753,
            34.43223803394993
          ],
          [
            -119.15800281265331,
            34.43227409266592
          ],
          [
            -119.15787225895046,
            34.43227409266592
          ],
          [
            -119.15774170524763,
            34.43227409266592
          ],
          [
            -119.15761115154478,
            34.43227409266592
          ],
          [
            -119.15748059784194,
            34.43227409266592
          ],
          [
            -119.15735004413911,
            34.43227409266592
          ],
          [
            -119.15721949043626,
            34.43227409266592
          ],
          [
            -119.15708893673342,
            34.43227409266592
          ],
          [
            -119.15695838303058,
            34.43227409266592
          ],
          [
            -119.156610239823,
            34.43227409266592
          ],
          [
            -119.15647968612016,
            34.43227409266592
          ],
          [
            -119.15634913241732,
            34.43227409266592
          ],
          [
            -119.15621857871447,
            34.43227409266592
          ],
          [
            -119.15608802501164,
            34.43227409266592
          ],
          [
            -119.1559574713088,
            34.43227409266592
          ],
          [
            -119.15582691760595,
            34.43227409266592
          ],
          [
            -119.15569636390312,
            34.43227409266592
          ],
          [
            -119.15552229229932,
            34.43227409266592
          ],
          [
            -119.15539173859648,
            34.43227409266592
          ],
          [
            -119.1552176669927,
            34.43227409266592
          ],
          [
            -119.15508711328985,
            34.43227409266592
          ],
          [
            -119.15491304168606,
            34.43227409266592
          ],
          [
            -119.15478248798323,
            34.43227409266592
          ],
          [
            -119.15465193428038,
            34.43227409266592
          ],
          [
            -119.15452138057753,
            34.43227409266592
          ],
          [
            -119.15782874104953,
            34.43231015138191
          ],
          [
            -119.15769818734668,
            34.43231015138191
          ],
          [
            -119.15752411574289,
            34.43231015138191
          ],
          [
            -119.15739356204006,
            34.43231015138191
          ],
          [
            -119.15726300833721,
            34.43231015138191
          ],
          [
            -119.15704541883247,
            34.43231015138191
          ],
          [
            -119.15691486512964,
            34.43231015138191
          ],
          [
            -119.15647968612016,
            34.43231015138191
          ],
          [
            -119.15634913241732,
            34.43231015138191
          ],
          [
            -119.15621857871447,
            34.43231015138191
          ],
          [
            -119.15608802501164,
            34.43231015138191
          ],
          [
            -119.1559574713088,
            34.43231015138191
          ],
          [
            -119.15582691760595,
            34.43231015138191
          ],
          [
            -119.15569636390312,
            34.43231015138191
          ],
          [
            -119.15552229229932,
            34.43231015138191
          ],
          [
            -119.15539173859648,
            34.43231015138191
          ],
          [
            -119.15526118489365,
            34.43231015138191
          ],
          [
            -119.1551306311908,
            34.43231015138191
          ],
          [
            -119.15500007748795,
            34.43231015138191
          ],
          [
            -119.15482600588417,
            34.43231015138191
          ],
          [
            -119.15469545218133,
            34.43231015138191
          ],
          [
            -119.1581768842571,
            34.43234621009791
          ],
          [
            -119.15804633055426,
            34.43234621009791
          ],
          [
            -119.15774170524763,
            34.43234621009791
          ],
          [
            -119.15700190093153,
            34.43234621009791
          ],
          [
            -119.15687134722869,
            34.43234621009791
          ],
          [
            -119.15674079352584,
            34.43234621009791
          ],
          [
            -119.156610239823,
            34.43234621009791
          ],
          [
            -119.15630561451637,
            34.43234621009791
          ],
          [
            -119.15617506081352,
            34.43234621009791
          ],
          [
            -119.15604450711069,
            34.43234621009791
          ],
          [
            -119.15591395340785,
            34.43234621009791
          ],
          [
            -119.155783399705,
            34.43234621009791
          ],
          [
            -119.15565284600217,
            34.43234621009791
          ],
          [
            -119.15547877439838,
            34.43234621009791
          ],
          [
            -119.15534822069553,
            34.43234621009791
          ],
          [
            -119.1552176669927,
            34.43234621009791
          ],
          [
            -119.15508711328985,
            34.43234621009791
          ],
          [
            -119.15491304168606,
            34.43234621009791
          ],
          [
            -119.15465193428038,
            34.43234621009791
          ],
          [
            -119.1581768842571,
            34.4323822688139
          ],
          [
            -119.15804633055426,
            34.4323822688139
          ],
          [
            -119.15791577685141,
            34.4323822688139
          ],
          [
            -119.15778522314858,
            34.4323822688139
          ],
          [
            -119.15756763364384,
            34.4323822688139
          ],
          [
            -119.15695838303058,
            34.4323822688139
          ],
          [
            -119.15674079352584,
            34.4323822688139
          ],
          [
            -119.156610239823,
            34.4323822688139
          ],
          [
            -119.15630561451637,
            34.4323822688139
          ],
          [
            -119.15617506081352,
            34.4323822688139
          ],
          [
            -119.15604450711069,
            34.4323822688139
          ],
          [
            -119.15591395340785,
            34.4323822688139
          ],
          [
            -119.155783399705,
            34.4323822688139
          ],
          [
            -119.15565284600217,
            34.4323822688139
          ],
          [
            -119.15552229229932,
            34.4323822688139
          ],
          [
            -119.15539173859648,
            34.4323822688139
          ],
          [
            -119.15526118489365,
            34.4323822688139
          ],
          [
            -119.1551306311908,
            34.4323822688139
          ],
          [
            -119.15500007748795,
            34.4323822688139
          ],
          [
            -119.15473897008228,
            34.4323822688139
          ],
          [
            -119.15460841637943,
            34.4323822688139
          ],
          [
            -119.1581768842571,
            34.432418327529895
          ],
          [
            -119.15804633055426,
            34.432418327529895
          ],
          [
            -119.15791577685141,
            34.432418327529895
          ],
          [
            -119.15769818734668,
            34.432418327529895
          ],
          [
            -119.15756763364384,
            34.432418327529895
          ],
          [
            -119.15730652623816,
            34.432418327529895
          ],
          [
            -119.15717597253531,
            34.432418327529895
          ],
          [
            -119.15691486512964,
            34.432418327529895
          ],
          [
            -119.15678431142679,
            34.432418327529895
          ],
          [
            -119.15656672192206,
            34.432418327529895
          ],
          [
            -119.15643616821922,
            34.432418327529895
          ],
          [
            -119.15617506081352,
            34.432418327529895
          ],
          [
            -119.15604450711069,
            34.432418327529895
          ],
          [
            -119.15591395340785,
            34.432418327529895
          ],
          [
            -119.155783399705,
            34.432418327529895
          ],
          [
            -119.15565284600217,
            34.432418327529895
          ],
          [
            -119.15552229229932,
            34.432418327529895
          ],
          [
            -119.15539173859648,
            34.432418327529895
          ],
          [
            -119.15526118489365,
            34.432418327529895
          ],
          [
            -119.1551306311908,
            34.432418327529895
          ],
          [
            -119.15473897008228,
            34.432418327529895
          ],
          [
            -119.15460841637943,
            34.432418327529895
          ],
          [
            -119.1581768842571,
            34.43245438624589
          ],
          [
            -119.15804633055426,
            34.43245438624589
          ],
          [
            -119.15791577685141,
            34.43245438624589
          ],
          [
            -119.15765466944573,
            34.43245438624589
          ],
          [
            -119.15752411574289,
            34.43245438624589
          ],
          [
            -119.15739356204006,
            34.43245438624589
          ],
          [
            -119.15726300833721,
            34.43245438624589
          ],
          [
            -119.15713245463436,
            34.43245438624589
          ],
          [
            -119.15700190093153,
            34.43245438624589
          ],
          [
            -119.15678431142679,
            34.43245438624589
          ],
          [
            -119.15665375772394,
            34.43245438624589
          ],
          [
            -119.15652320402111,
            34.43245438624589
          ],
          [
            -119.15639265031827,
            34.43245438624589
          ],
          [
            -119.15626209661542,
            34.43245438624589
          ],
          [
            -119.15569636390312,
            34.43245438624589
          ],
          [
            -119.15556581020027,
            34.43245438624589
          ],
          [
            -119.15508711328985,
            34.43245438624589
          ],
          [
            -119.154956559587,
            34.43245438624589
          ],
          [
            -119.15482600588417,
            34.43245438624589
          ],
          [
            -119.15469545218133,
            34.43245438624589
          ],
          [
            -119.15456489847848,
            34.43245438624589
          ],
          [
            -119.15813336635615,
            34.432490444961886
          ],
          [
            -119.15800281265331,
            34.432490444961886
          ],
          [
            -119.15778522314858,
            34.432490444961886
          ],
          [
            -119.15765466944573,
            34.432490444961886
          ],
          [
            -119.15752411574289,
            34.432490444961886
          ],
          [
            -119.15739356204006,
            34.432490444961886
          ],
          [
            -119.15726300833721,
            34.432490444961886
          ],
          [
            -119.15713245463436,
            34.432490444961886
          ],
          [
            -119.15700190093153,
            34.432490444961886
          ],
          [
            -119.15687134722869,
            34.432490444961886
          ],
          [
            -119.15665375772394,
            34.432490444961886
          ],
          [
            -119.15652320402111,
            34.432490444961886
          ],
          [
            -119.15639265031827,
            34.432490444961886
          ],
          [
            -119.15626209661542,
            34.432490444961886
          ],
          [
            -119.15613154291259,
            34.432490444961886
          ],
          [
            -119.15600098920974,
            34.432490444961886
          ],
          [
            -119.1558704355069,
            34.432490444961886
          ],
          [
            -119.15573988180405,
            34.432490444961886
          ],
          [
            -119.15560932810122,
            34.432490444961886
          ],
          [
            -119.15547877439838,
            34.432490444961886
          ],
          [
            -119.1552176669927,
            34.432490444961886
          ],
          [
            -119.15508711328985,
            34.432490444961886
          ],
          [
            -119.154956559587,
            34.432490444961886
          ],
          [
            -119.15482600588417,
            34.432490444961886
          ],
          [
            -119.15469545218133,
            34.432490444961886
          ],
          [
            -119.15456489847848,
            34.432490444961886
          ],
          [
            -119.15813336635615,
            34.43252650367788
          ],
          [
            -119.15800281265331,
            34.43252650367788
          ],
          [
            -119.15782874104953,
            34.43252650367788
          ],
          [
            -119.15769818734668,
            34.43252650367788
          ],
          [
            -119.15756763364384,
            34.43252650367788
          ],
          [
            -119.15743707994099,
            34.43252650367788
          ],
          [
            -119.15730652623816,
            34.43252650367788
          ],
          [
            -119.15717597253531,
            34.43252650367788
          ],
          [
            -119.15704541883247,
            34.43252650367788
          ],
          [
            -119.15691486512964,
            34.43252650367788
          ],
          [
            -119.15678431142679,
            34.43252650367788
          ],
          [
            -119.156610239823,
            34.43252650367788
          ],
          [
            -119.15643616821922,
            34.43252650367788
          ],
          [
            -119.15630561451637,
            34.43252650367788
          ],
          [
            -119.15617506081352,
            34.43252650367788
          ],
          [
            -119.15604450711069,
            34.43252650367788
          ],
          [
            -119.15591395340785,
            34.43252650367788
          ],
          [
            -119.155783399705,
            34.43252650367788
          ],
          [
            -119.15565284600217,
            34.43252650367788
          ],
          [
            -119.15552229229932,
            34.43252650367788
          ],
          [
            -119.15539173859648,
            34.43252650367788
          ],
          [
            -119.15526118489365,
            34.43252650367788
          ],
          [
            -119.1551306311908,
            34.43252650367788
          ],
          [
            -119.15500007748795,
            34.43252650367788
          ],
          [
            -119.15486952378512,
            34.43252650367788
          ],
          [
            -119.15473897008228,
            34.43252650367788
          ],
          [
            -119.15456489847848,
            34.43252650367788
          ],
          [
            -119.15813336635615,
            34.43256256239387
          ],
          [
            -119.15795929475236,
            34.43256256239387
          ],
          [
            -119.15782874104953,
            34.43256256239387
          ],
          [
            -119.15769818734668,
            34.43256256239387
          ],
          [
            -119.15756763364384,
            34.43256256239387
          ],
          [
            -119.15743707994099,
            34.43256256239387
          ],
          [
            -119.15730652623816,
            34.43256256239387
          ],
          [
            -119.15717597253531,
            34.43256256239387
          ],
          [
            -119.15704541883247,
            34.43256256239387
          ],
          [
            -119.15691486512964,
            34.43256256239387
          ],
          [
            -119.15674079352584,
            34.43256256239387
          ],
          [
            -119.156610239823,
            34.43256256239387
          ],
          [
            -119.15647968612016,
            34.43256256239387
          ],
          [
            -119.15604450711069,
            34.43256256239387
          ],
          [
            -119.15591395340785,
            34.43256256239387
          ],
          [
            -119.155783399705,
            34.43256256239387
          ],
          [
            -119.15565284600217,
            34.43256256239387
          ],
          [
            -119.15552229229932,
            34.43256256239387
          ],
          [
            -119.15539173859648,
            34.43256256239387
          ],
          [
            -119.15526118489365,
            34.43256256239387
          ],
          [
            -119.1551306311908,
            34.43256256239387
          ],
          [
            -119.15500007748795,
            34.43256256239387
          ],
          [
            -119.15486952378512,
            34.43256256239387
          ],
          [
            -119.15473897008228,
            34.43256256239387
          ],
          [
            -119.15460841637943,
            34.43256256239387
          ],
          [
            -119.15813336635615,
            34.43259862110987
          ],
          [
            -119.15795929475236,
            34.43259862110987
          ],
          [
            -119.15782874104953,
            34.43259862110987
          ],
          [
            -119.15769818734668,
            34.43259862110987
          ],
          [
            -119.15756763364384,
            34.43259862110987
          ],
          [
            -119.15743707994099,
            34.43259862110987
          ],
          [
            -119.15730652623816,
            34.43259862110987
          ],
          [
            -119.15717597253531,
            34.43259862110987
          ],
          [
            -119.15704541883247,
            34.43259862110987
          ],
          [
            -119.15691486512964,
            34.43259862110987
          ],
          [
            -119.15678431142679,
            34.43259862110987
          ],
          [
            -119.15665375772394,
            34.43259862110987
          ],
          [
            -119.15652320402111,
            34.43259862110987
          ],
          [
            -119.15639265031827,
            34.43259862110987
          ],
          [
            -119.15626209661542,
            34.43259862110987
          ],
          [
            -119.15604450711069,
            34.43259862110987
          ],
          [
            -119.1558704355069,
            34.43259862110987
          ],
          [
            -119.15573988180405,
            34.43259862110987
          ],
          [
            -119.15560932810122,
            34.43259862110987
          ],
          [
            -119.15547877439838,
            34.43259862110987
          ],
          [
            -119.15534822069553,
            34.43259862110987
          ],
          [
            -119.1552176669927,
            34.43259862110987
          ],
          [
            -119.15508711328985,
            34.43259862110987
          ],
          [
            -119.154956559587,
            34.43259862110987
          ],
          [
            -119.15482600588417,
            34.43259862110987
          ],
          [
            -119.15469545218133,
            34.43259862110987
          ],
          [
            -119.15456489847848,
            34.43259862110987
          ],
          [
            -119.15813336635615,
            34.43263467982586
          ],
          [
            -119.15795929475236,
            34.43263467982586
          ],
          [
            -119.15782874104953,
            34.43263467982586
          ],
          [
            -119.15769818734668,
            34.43263467982586
          ],
          [
            -119.15756763364384,
            34.43263467982586
          ],
          [
            -119.15743707994099,
            34.43263467982586
          ],
          [
            -119.15730652623816,
            34.43263467982586
          ],
          [
            -119.15717597253531,
            34.43263467982586
          ],
          [
            -119.15704541883247,
            34.43263467982586
          ],
          [
            -119.15691486512964,
            34.43263467982586
          ],
          [
            -119.15678431142679,
            34.43263467982586
          ],
          [
            -119.15665375772394,
            34.43263467982586
          ],
          [
            -119.15652320402111,
            34.43263467982586
          ],
          [
            -119.15639265031827,
            34.43263467982586
          ],
          [
            -119.15617506081352,
            34.43263467982586
          ],
          [
            -119.15600098920974,
            34.43263467982586
          ],
          [
            -119.15539173859648,
            34.43263467982586
          ],
          [
            -119.15526118489365,
            34.43263467982586
          ],
          [
            -119.1551306311908,
            34.43263467982586
          ],
          [
            -119.15500007748795,
            34.43263467982586
          ],
          [
            -119.15486952378512,
            34.43263467982586
          ],
          [
            -119.15473897008228,
            34.43263467982586
          ],
          [
            -119.15460841637943,
            34.43263467982586
          ],
          [
            -119.15813336635615,
            34.43267073854185
          ],
          [
            -119.15800281265331,
            34.43267073854185
          ],
          [
            -119.15787225895046,
            34.43267073854185
          ],
          [
            -119.15774170524763,
            34.43267073854185
          ],
          [
            -119.15761115154478,
            34.43267073854185
          ],
          [
            -119.15748059784194,
            34.43267073854185
          ],
          [
            -119.15735004413911,
            34.43267073854185
          ],
          [
            -119.15721949043626,
            34.43267073854185
          ],
          [
            -119.15708893673342,
            34.43267073854185
          ],
          [
            -119.15695838303058,
            34.43267073854185
          ],
          [
            -119.15682782932774,
            34.43267073854185
          ],
          [
            -119.1566972756249,
            34.43267073854185
          ],
          [
            -119.15656672192206,
            34.43267073854185
          ],
          [
            -119.15643616821922,
            34.43267073854185
          ],
          [
            -119.15630561451637,
            34.43267073854185
          ],
          [
            -119.15617506081352,
            34.43267073854185
          ],
          [
            -119.15604450711069,
            34.43267073854185
          ],
          [
            -119.15591395340785,
            34.43267073854185
          ],
          [
            -119.155783399705,
            34.43267073854185
          ],
          [
            -119.15565284600217,
            34.43267073854185
          ],
          [
            -119.15526118489365,
            34.43267073854185
          ],
          [
            -119.1551306311908,
            34.43267073854185
          ],
          [
            -119.15500007748795,
            34.43267073854185
          ],
          [
            -119.15486952378512,
            34.43267073854185
          ],
          [
            -119.15469545218133,
            34.43267073854185
          ],
          [
            -119.15456489847848,
            34.43267073854185
          ],
          [
            -119.1580898484552,
            34.43270679725784
          ],
          [
            -119.15795929475236,
            34.43270679725784
          ],
          [
            -119.15782874104953,
            34.43270679725784
          ],
          [
            -119.15769818734668,
            34.43270679725784
          ],
          [
            -119.15756763364384,
            34.43270679725784
          ],
          [
            -119.15743707994099,
            34.43270679725784
          ],
          [
            -119.15730652623816,
            34.43270679725784
          ],
          [
            -119.15717597253531,
            34.43270679725784
          ],
          [
            -119.15704541883247,
            34.43270679725784
          ],
          [
            -119.15691486512964,
            34.43270679725784
          ],
          [
            -119.15678431142679,
            34.43270679725784
          ],
          [
            -119.15665375772394,
            34.43270679725784
          ],
          [
            -119.15652320402111,
            34.43270679725784
          ],
          [
            -119.15639265031827,
            34.43270679725784
          ],
          [
            -119.15626209661542,
            34.43270679725784
          ],
          [
            -119.15613154291259,
            34.43270679725784
          ],
          [
            -119.15591395340785,
            34.43270679725784
          ],
          [
            -119.155783399705,
            34.43270679725784
          ],
          [
            -119.15560932810122,
            34.43270679725784
          ],
          [
            -119.15547877439838,
            34.43270679725784
          ],
          [
            -119.15491304168606,
            34.43270679725784
          ],
          [
            -119.15473897008228,
            34.43270679725784
          ],
          [
            -119.15460841637943,
            34.43270679725784
          ],
          [
            -119.1581768842571,
            34.43274285597384
          ],
          [
            -119.15804633055426,
            34.43274285597384
          ],
          [
            -119.15791577685141,
            34.43274285597384
          ],
          [
            -119.15778522314858,
            34.43274285597384
          ],
          [
            -119.15765466944573,
            34.43274285597384
          ],
          [
            -119.15752411574289,
            34.43274285597384
          ],
          [
            -119.15739356204006,
            34.43274285597384
          ],
          [
            -119.15726300833721,
            34.43274285597384
          ],
          [
            -119.15713245463436,
            34.43274285597384
          ],
          [
            -119.15700190093153,
            34.43274285597384
          ],
          [
            -119.15687134722869,
            34.43274285597384
          ],
          [
            -119.15674079352584,
            34.43274285597384
          ],
          [
            -119.156610239823,
            34.43274285597384
          ],
          [
            -119.15643616821922,
            34.43274285597384
          ],
          [
            -119.15630561451637,
            34.43274285597384
          ],
          [
            -119.15617506081352,
            34.43274285597384
          ],
          [
            -119.15604450711069,
            34.43274285597384
          ],
          [
            -119.15591395340785,
            34.43274285597384
          ],
          [
            -119.155783399705,
            34.43274285597384
          ],
          [
            -119.15565284600217,
            34.43274285597384
          ],
          [
            -119.15552229229932,
            34.43274285597384
          ],
          [
            -119.15539173859648,
            34.43274285597384
          ],
          [
            -119.15526118489365,
            34.43274285597384
          ],
          [
            -119.1551306311908,
            34.43274285597384
          ],
          [
            -119.15500007748795,
            34.43274285597384
          ],
          [
            -119.15486952378512,
            34.43274285597384
          ],
          [
            -119.15473897008228,
            34.43274285597384
          ],
          [
            -119.15460841637943,
            34.43274285597384
          ],
          [
            -119.15813336635615,
            34.432778914689834
          ],
          [
            -119.15800281265331,
            34.432778914689834
          ],
          [
            -119.15787225895046,
            34.432778914689834
          ],
          [
            -119.15774170524763,
            34.432778914689834
          ],
          [
            -119.15761115154478,
            34.432778914689834
          ],
          [
            -119.15748059784194,
            34.432778914689834
          ],
          [
            -119.15735004413911,
            34.432778914689834
          ],
          [
            -119.15721949043626,
            34.432778914689834
          ],
          [
            -119.15708893673342,
            34.432778914689834
          ],
          [
            -119.15695838303058,
            34.432778914689834
          ],
          [
            -119.15682782932774,
            34.432778914689834
          ],
          [
            -119.1566972756249,
            34.432778914689834
          ],
          [
            -119.15656672192206,
            34.432778914689834
          ],
          [
            -119.15639265031827,
            34.432778914689834
          ],
          [
            -119.15626209661542,
            34.432778914689834
          ],
          [
            -119.15613154291259,
            34.432778914689834
          ],
          [
            -119.15600098920974,
            34.432778914689834
          ],
          [
            -119.1558704355069,
            34.432778914689834
          ],
          [
            -119.15573988180405,
            34.432778914689834
          ],
          [
            -119.15560932810122,
            34.432778914689834
          ],
          [
            -119.15547877439838,
            34.432778914689834
          ],
          [
            -119.15534822069553,
            34.432778914689834
          ],
          [
            -119.1552176669927,
            34.432778914689834
          ],
          [
            -119.15508711328985,
            34.432778914689834
          ],
          [
            -119.154956559587,
            34.432778914689834
          ],
          [
            -119.15482600588417,
            34.432778914689834
          ],
          [
            -119.15469545218133,
            34.432778914689834
          ],
          [
            -119.15456489847848,
            34.432778914689834
          ],
          [
            -119.15813336635615,
            34.432814973405826
          ],
          [
            -119.15800281265331,
            34.432814973405826
          ],
          [
            -119.15787225895046,
            34.432814973405826
          ],
          [
            -119.15774170524763,
            34.432814973405826
          ],
          [
            -119.15761115154478,
            34.432814973405826
          ],
          [
            -119.15748059784194,
            34.432814973405826
          ],
          [
            -119.15735004413911,
            34.432814973405826
          ],
          [
            -119.15721949043626,
            34.432814973405826
          ],
          [
            -119.15708893673342,
            34.432814973405826
          ],
          [
            -119.15695838303058,
            34.432814973405826
          ],
          [
            -119.15682782932774,
            34.432814973405826
          ],
          [
            -119.1566972756249,
            34.432814973405826
          ],
          [
            -119.15656672192206,
            34.432814973405826
          ],
          [
            -119.15643616821922,
            34.432814973405826
          ],
          [
            -119.15630561451637,
            34.432814973405826
          ],
          [
            -119.15617506081352,
            34.432814973405826
          ],
          [
            -119.15604450711069,
            34.432814973405826
          ],
          [
            -119.15591395340785,
            34.432814973405826
          ],
          [
            -119.155783399705,
            34.432814973405826
          ],
          [
            -119.15565284600217,
            34.432814973405826
          ],
          [
            -119.15552229229932,
            34.432814973405826
          ],
          [
            -119.15539173859648,
            34.432814973405826
          ],
          [
            -119.15526118489365,
            34.432814973405826
          ],
          [
            -119.1551306311908,
            34.432814973405826
          ],
          [
            -119.15478248798323,
            34.432814973405826
          ],
          [
            -119.15465193428038,
            34.432814973405826
          ],
          [
            -119.15452138057753,
            34.432814973405826
          ],
          [
            -119.1580898484552,
            34.432851032121825
          ],
          [
            -119.15795929475236,
            34.432851032121825
          ],
          [
            -119.15782874104953,
            34.432851032121825
          ],
          [
            -119.15769818734668,
            34.432851032121825
          ],
          [
            -119.15756763364384,
            34.432851032121825
          ],
          [
            -119.15743707994099,
            34.432851032121825
          ],
          [
            -119.15730652623816,
            34.432851032121825
          ],
          [
            -119.15717597253531,
            34.432851032121825
          ],
          [
            -119.15704541883247,
            34.432851032121825
          ],
          [
            -119.15691486512964,
            34.432851032121825
          ],
          [
            -119.15674079352584,
            34.432851032121825
          ],
          [
            -119.156610239823,
            34.432851032121825
          ],
          [
            -119.15647968612016,
            34.432851032121825
          ],
          [
            -119.15630561451637,
            34.432851032121825
          ],
          [
            -119.15617506081352,
            34.432851032121825
          ],
          [
            -119.15604450711069,
            34.432851032121825
          ],
          [
            -119.15591395340785,
            34.432851032121825
          ],
          [
            -119.155783399705,
            34.432851032121825
          ],
          [
            -119.15565284600217,
            34.432851032121825
          ],
          [
            -119.15552229229932,
            34.432851032121825
          ],
          [
            -119.15539173859648,
            34.432851032121825
          ],
          [
            -119.15526118489365,
            34.432851032121825
          ],
          [
            -119.1551306311908,
            34.432851032121825
          ],
          [
            -119.15500007748795,
            34.432851032121825
          ],
          [
            -119.15486952378512,
            34.432851032121825
          ],
          [
            -119.15473897008228,
            34.432851032121825
          ],
          [
            -119.15460841637943,
            34.432851032121825
          ],
          [
            -119.1581768842571,
            34.432887090837816
          ],
          [
            -119.15804633055426,
            34.432887090837816
          ],
          [
            -119.15791577685141,
            34.432887090837816
          ],
          [
            -119.15778522314858,
            34.432887090837816
          ],
          [
            -119.15765466944573,
            34.432887090837816
          ],
          [
            -119.15752411574289,
            34.432887090837816
          ],
          [
            -119.15739356204006,
            34.432887090837816
          ],
          [
            -119.15726300833721,
            34.432887090837816
          ],
          [
            -119.15713245463436,
            34.432887090837816
          ],
          [
            -119.15700190093153,
            34.432887090837816
          ],
          [
            -119.15687134722869,
            34.432887090837816
          ],
          [
            -119.1566972756249,
            34.432887090837816
          ],
          [
            -119.15656672192206,
            34.432887090837816
          ],
          [
            -119.15643616821922,
            34.432887090837816
          ],
          [
            -119.15600098920974,
            34.432887090837816
          ],
          [
            -119.1558704355069,
            34.432887090837816
          ],
          [
            -119.15573988180405,
            34.432887090837816
          ],
          [
            -119.15547877439838,
            34.432887090837816
          ],
          [
            -119.1551306311908,
            34.432887090837816
          ],
          [
            -119.15478248798323,
            34.432887090837816
          ],
          [
            -119.15465193428038,
            34.432887090837816
          ],
          [
            -119.15452138057753,
            34.432887090837816
          ],
          [
            -119.1580898484552,
            34.43292314955381
          ],
          [
            -119.15795929475236,
            34.43292314955381
          ],
          [
            -119.15782874104953,
            34.43292314955381
          ],
          [
            -119.15769818734668,
            34.43292314955381
          ],
          [
            -119.15756763364384,
            34.43292314955381
          ],
          [
            -119.15743707994099,
            34.43292314955381
          ],
          [
            -119.15730652623816,
            34.43292314955381
          ],
          [
            -119.15717597253531,
            34.43292314955381
          ],
          [
            -119.15704541883247,
            34.43292314955381
          ],
          [
            -119.15691486512964,
            34.43292314955381
          ],
          [
            -119.15678431142679,
            34.43292314955381
          ],
          [
            -119.15665375772394,
            34.43292314955381
          ],
          [
            -119.15652320402111,
            34.43292314955381
          ],
          [
            -119.15639265031827,
            34.43292314955381
          ],
          [
            -119.15626209661542,
            34.43292314955381
          ],
          [
            -119.15613154291259,
            34.43292314955381
          ],
          [
            -119.15600098920974,
            34.43292314955381
          ],
          [
            -119.15569636390312,
            34.43292314955381
          ],
          [
            -119.15552229229932,
            34.43292314955381
          ],
          [
            -119.15539173859648,
            34.43292314955381
          ],
          [
            -119.15526118489365,
            34.43292314955381
          ],
          [
            -119.15500007748795,
            34.43292314955381
          ],
          [
            -119.15486952378512,
            34.43292314955381
          ],
          [
            -119.15473897008228,
            34.43292314955381
          ],
          [
            -119.15460841637943,
            34.43292314955381
          ],
          [
            -119.1581768842571,
            34.4329592082698
          ],
          [
            -119.15804633055426,
            34.4329592082698
          ],
          [
            -119.15791577685141,
            34.4329592082698
          ],
          [
            -119.15778522314858,
            34.4329592082698
          ],
          [
            -119.15765466944573,
            34.4329592082698
          ],
          [
            -119.15752411574289,
            34.4329592082698
          ],
          [
            -119.15739356204006,
            34.4329592082698
          ],
          [
            -119.15726300833721,
            34.4329592082698
          ],
          [
            -119.15713245463436,
            34.4329592082698
          ],
          [
            -119.15700190093153,
            34.4329592082698
          ],
          [
            -119.15687134722869,
            34.4329592082698
          ],
          [
            -119.15674079352584,
            34.4329592082698
          ],
          [
            -119.156610239823,
            34.4329592082698
          ],
          [
            -119.15647968612016,
            34.4329592082698
          ],
          [
            -119.15634913241732,
            34.4329592082698
          ],
          [
            -119.15621857871447,
            34.4329592082698
          ],
          [
            -119.15608802501164,
            34.4329592082698
          ],
          [
            -119.1559574713088,
            34.4329592082698
          ],
          [
            -119.15582691760595,
            34.4329592082698
          ],
          [
            -119.15569636390312,
            34.4329592082698
          ],
          [
            -119.15556581020027,
            34.4329592082698
          ],
          [
            -119.15543525649743,
            34.4329592082698
          ],
          [
            -119.1553047027946,
            34.4329592082698
          ],
          [
            -119.15517414909175,
            34.4329592082698
          ],
          [
            -119.1550435953889,
            34.4329592082698
          ],
          [
            -119.15491304168606,
            34.4329592082698
          ],
          [
            -119.15478248798323,
            34.4329592082698
          ],
          [
            -119.15465193428038,
            34.4329592082698
          ],
          [
            -119.15452138057753,
            34.4329592082698
          ],
          [
            -119.1580898484552,
            34.4329952669858
          ],
          [
            -119.15795929475236,
            34.4329952669858
          ],
          [
            -119.15782874104953,
            34.4329952669858
          ],
          [
            -119.15769818734668,
            34.4329952669858
          ],
          [
            -119.15756763364384,
            34.4329952669858
          ],
          [
            -119.15743707994099,
            34.4329952669858
          ],
          [
            -119.15730652623816,
            34.4329952669858
          ],
          [
            -119.15717597253531,
            34.4329952669858
          ],
          [
            -119.15704541883247,
            34.4329952669858
          ],
          [
            -119.15691486512964,
            34.4329952669858
          ],
          [
            -119.15678431142679,
            34.4329952669858
          ],
          [
            -119.15665375772394,
            34.4329952669858
          ],
          [
            -119.15652320402111,
            34.4329952669858
          ],
          [
            -119.15639265031827,
            34.4329952669858
          ],
          [
            -119.15604450711069,
            34.4329952669858
          ],
          [
            -119.15591395340785,
            34.4329952669858
          ],
          [
            -119.155783399705,
            34.4329952669858
          ],
          [
            -119.15565284600217,
            34.4329952669858
          ],
          [
            -119.15552229229932,
            34.4329952669858
          ],
          [
            -119.15539173859648,
            34.4329952669858
          ],
          [
            -119.1551306311908,
            34.4329952669858
          ],
          [
            -119.15500007748795,
            34.4329952669858
          ],
          [
            -119.15486952378512,
            34.4329952669858
          ],
          [
            -119.15473897008228,
            34.4329952669858
          ],
          [
            -119.15460841637943,
            34.4329952669858
          ],
          [
            -119.1581768842571,
            34.43303132570179
          ],
          [
            -119.15804633055426,
            34.43303132570179
          ],
          [
            -119.15791577685141,
            34.43303132570179
          ],
          [
            -119.15778522314858,
            34.43303132570179
          ],
          [
            -119.15765466944573,
            34.43303132570179
          ],
          [
            -119.15743707994099,
            34.43303132570179
          ],
          [
            -119.15730652623816,
            34.43303132570179
          ],
          [
            -119.15717597253531,
            34.43303132570179
          ],
          [
            -119.15695838303058,
            34.43303132570179
          ],
          [
            -119.15682782932774,
            34.43303132570179
          ],
          [
            -119.1566972756249,
            34.43303132570179
          ],
          [
            -119.15656672192206,
            34.43303132570179
          ],
          [
            -119.15643616821922,
            34.43303132570179
          ],
          [
            -119.15630561451637,
            34.43303132570179
          ],
          [
            -119.15617506081352,
            34.43303132570179
          ],
          [
            -119.15604450711069,
            34.43303132570179
          ],
          [
            -119.15591395340785,
            34.43303132570179
          ],
          [
            -119.155783399705,
            34.43303132570179
          ],
          [
            -119.15565284600217,
            34.43303132570179
          ],
          [
            -119.15552229229932,
            34.43303132570179
          ],
          [
            -119.15539173859648,
            34.43303132570179
          ],
          [
            -119.15526118489365,
            34.43303132570179
          ],
          [
            -119.1551306311908,
            34.43303132570179
          ],
          [
            -119.15500007748795,
            34.43303132570179
          ],
          [
            -119.15486952378512,
            34.43303132570179
          ],
          [
            -119.15473897008228,
            34.43303132570179
          ],
          [
            -119.15460841637943,
            34.43303132570179
          ],
          [
            -119.1581768842571,
            34.43306738441778
          ],
          [
            -119.15804633055426,
            34.43306738441778
          ],
          [
            -119.15791577685141,
            34.43306738441778
          ],
          [
            -119.15778522314858,
            34.43306738441778
          ],
          [
            -119.15761115154478,
            34.43306738441778
          ],
          [
            -119.15695838303058,
            34.43306738441778
          ],
          [
            -119.15682782932774,
            34.43306738441778
          ],
          [
            -119.1566972756249,
            34.43306738441778
          ],
          [
            -119.15656672192206,
            34.43306738441778
          ],
          [
            -119.15643616821922,
            34.43306738441778
          ],
          [
            -119.15630561451637,
            34.43306738441778
          ],
          [
            -119.15617506081352,
            34.43306738441778
          ],
          [
            -119.15604450711069,
            34.43306738441778
          ],
          [
            -119.15591395340785,
            34.43306738441778
          ],
          [
            -119.155783399705,
            34.43306738441778
          ],
          [
            -119.15556581020027,
            34.43306738441778
          ],
          [
            -119.15543525649743,
            34.43306738441778
          ],
          [
            -119.1553047027946,
            34.43306738441778
          ],
          [
            -119.15517414909175,
            34.43306738441778
          ],
          [
            -119.1550435953889,
            34.43306738441778
          ],
          [
            -119.15491304168606,
            34.43306738441778
          ],
          [
            -119.15478248798323,
            34.43306738441778
          ],
          [
            -119.15465193428038,
            34.43306738441778
          ],
          [
            -119.15452138057753,
            34.43306738441778
          ],
          [
            -119.1580898484552,
            34.43310344313378
          ],
          [
            -119.15795929475236,
            34.43310344313378
          ],
          [
            -119.15782874104953,
            34.43310344313378
          ],
          [
            -119.15769818734668,
            34.43310344313378
          ],
          [
            -119.15756763364384,
            34.43310344313378
          ],
          [
            -119.15726300833721,
            34.43310344313378
          ],
          [
            -119.15713245463436,
            34.43310344313378
          ],
          [
            -119.15700190093153,
            34.43310344313378
          ],
          [
            -119.15687134722869,
            34.43310344313378
          ],
          [
            -119.15674079352584,
            34.43310344313378
          ],
          [
            -119.156610239823,
            34.43310344313378
          ],
          [
            -119.15647968612016,
            34.43310344313378
          ],
          [
            -119.15634913241732,
            34.43310344313378
          ],
          [
            -119.15621857871447,
            34.43310344313378
          ],
          [
            -119.15608802501164,
            34.43310344313378
          ],
          [
            -119.1559574713088,
            34.43310344313378
          ],
          [
            -119.15582691760595,
            34.43310344313378
          ],
          [
            -119.15569636390312,
            34.43310344313378
          ],
          [
            -119.15556581020027,
            34.43310344313378
          ],
          [
            -119.15543525649743,
            34.43310344313378
          ],
          [
            -119.1553047027946,
            34.43310344313378
          ],
          [
            -119.15517414909175,
            34.43310344313378
          ],
          [
            -119.1550435953889,
            34.43310344313378
          ],
          [
            -119.15491304168606,
            34.43310344313378
          ],
          [
            -119.15478248798323,
            34.43310344313378
          ],
          [
            -119.15465193428038,
            34.43310344313378
          ],
          [
            -119.15452138057753,
            34.43310344313378
          ],
          [
            -119.15800281265331,
            34.43313950184977
          ],
          [
            -119.15787225895046,
            34.43313950184977
          ],
          [
            -119.15774170524763,
            34.43313950184977
          ],
          [
            -119.15761115154478,
            34.43313950184977
          ],
          [
            -119.15748059784194,
            34.43313950184977
          ],
          [
            -119.15708893673342,
            34.43313950184977
          ],
          [
            -119.15695838303058,
            34.43313950184977
          ],
          [
            -119.15682782932774,
            34.43313950184977
          ],
          [
            -119.1566972756249,
            34.43313950184977
          ],
          [
            -119.15656672192206,
            34.43313950184977
          ],
          [
            -119.15643616821922,
            34.43313950184977
          ],
          [
            -119.15630561451637,
            34.43313950184977
          ],
          [
            -119.15617506081352,
            34.43313950184977
          ],
          [
            -119.15604450711069,
            34.43313950184977
          ],
          [
            -119.15591395340785,
            34.43313950184977
          ],
          [
            -119.155783399705,
            34.43313950184977
          ],
          [
            -119.15565284600217,
            34.43313950184977
          ],
          [
            -119.15552229229932,
            34.43313950184977
          ],
          [
            -119.15539173859648,
            34.43313950184977
          ],
          [
            -119.15526118489365,
            34.43313950184977
          ],
          [
            -119.1551306311908,
            34.43313950184977
          ],
          [
            -119.15500007748795,
            34.43313950184977
          ],
          [
            -119.15486952378512,
            34.43313950184977
          ],
          [
            -119.15473897008228,
            34.43313950184977
          ],
          [
            -119.15460841637943,
            34.43313950184977
          ],
          [
            -119.15813336635615,
            34.433175560565765
          ],
          [
            -119.15800281265331,
            34.433175560565765
          ],
          [
            -119.15787225895046,
            34.433175560565765
          ],
          [
            -119.15774170524763,
            34.433175560565765
          ],
          [
            -119.15761115154478,
            34.433175560565765
          ],
          [
            -119.15748059784194,
            34.433175560565765
          ],
          [
            -119.15730652623816,
            34.433175560565765
          ],
          [
            -119.15717597253531,
            34.433175560565765
          ],
          [
            -119.15704541883247,
            34.433175560565765
          ],
          [
            -119.15691486512964,
            34.433175560565765
          ],
          [
            -119.15678431142679,
            34.433175560565765
          ],
          [
            -119.15665375772394,
            34.433175560565765
          ],
          [
            -119.15652320402111,
            34.433175560565765
          ],
          [
            -119.15639265031827,
            34.433175560565765
          ],
          [
            -119.15626209661542,
            34.433175560565765
          ],
          [
            -119.15613154291259,
            34.433175560565765
          ],
          [
            -119.15600098920974,
            34.433175560565765
          ],
          [
            -119.1558704355069,
            34.433175560565765
          ],
          [
            -119.15573988180405,
            34.433175560565765
          ],
          [
            -119.15560932810122,
            34.433175560565765
          ],
          [
            -119.15547877439838,
            34.433175560565765
          ],
          [
            -119.15534822069553,
            34.433175560565765
          ],
          [
            -119.1552176669927,
            34.433175560565765
          ],
          [
            -119.15508711328985,
            34.433175560565765
          ],
          [
            -119.154956559587,
            34.433175560565765
          ],
          [
            -119.15482600588417,
            34.433175560565765
          ],
          [
            -119.15469545218133,
            34.433175560565765
          ],
          [
            -119.15456489847848,
            34.433175560565765
          ],
          [
            -119.15813336635615,
            34.43321161928176
          ],
          [
            -119.15800281265331,
            34.43321161928176
          ],
          [
            -119.15787225895046,
            34.43321161928176
          ],
          [
            -119.15774170524763,
            34.43321161928176
          ],
          [
            -119.15761115154478,
            34.43321161928176
          ],
          [
            -119.15748059784194,
            34.43321161928176
          ],
          [
            -119.15735004413911,
            34.43321161928176
          ],
          [
            -119.15721949043626,
            34.43321161928176
          ],
          [
            -119.15708893673342,
            34.43321161928176
          ],
          [
            -119.15695838303058,
            34.43321161928176
          ],
          [
            -119.15682782932774,
            34.43321161928176
          ],
          [
            -119.1566972756249,
            34.43321161928176
          ],
          [
            -119.15656672192206,
            34.43321161928176
          ],
          [
            -119.15634913241732,
            34.43321161928176
          ],
          [
            -119.15621857871447,
            34.43321161928176
          ],
          [
            -119.15608802501164,
            34.43321161928176
          ],
          [
            -119.1559574713088,
            34.43321161928176
          ],
          [
            -119.15582691760595,
            34.43321161928176
          ],
          [
            -119.15569636390312,
            34.43321161928176
          ],
          [
            -119.15556581020027,
            34.43321161928176
          ],
          [
            -119.15543525649743,
            34.43321161928176
          ],
          [
            -119.1553047027946,
            34.43321161928176
          ],
          [
            -119.15517414909175,
            34.43321161928176
          ],
          [
            -119.1550435953889,
            34.43321161928176
          ],
          [
            -119.15491304168606,
            34.43321161928176
          ],
          [
            -119.15478248798323,
            34.43321161928176
          ],
          [
            -119.15465193428038,
            34.43321161928176
          ],
          [
            -119.15452138057753,
            34.43321161928176
          ],
          [
            -119.1580898484552,
            34.433247677997755
          ],
          [
            -119.15795929475236,
            34.433247677997755
          ],
          [
            -119.15782874104953,
            34.433247677997755
          ],
          [
            -119.15769818734668,
            34.433247677997755
          ],
          [
            -119.15756763364384,
            34.433247677997755
          ],
          [
            -119.15743707994099,
            34.433247677997755
          ],
          [
            -119.15730652623816,
            34.433247677997755
          ],
          [
            -119.15704541883247,
            34.433247677997755
          ],
          [
            -119.15691486512964,
            34.433247677997755
          ],
          [
            -119.15678431142679,
            34.433247677997755
          ],
          [
            -119.15665375772394,
            34.433247677997755
          ],
          [
            -119.15652320402111,
            34.433247677997755
          ],
          [
            -119.15639265031827,
            34.433247677997755
          ],
          [
            -119.15626209661542,
            34.433247677997755
          ],
          [
            -119.15613154291259,
            34.433247677997755
          ],
          [
            -119.15600098920974,
            34.433247677997755
          ],
          [
            -119.1558704355069,
            34.433247677997755
          ],
          [
            -119.15573988180405,
            34.433247677997755
          ],
          [
            -119.15560932810122,
            34.433247677997755
          ],
          [
            -119.15547877439838,
            34.433247677997755
          ],
          [
            -119.15534822069553,
            34.433247677997755
          ],
          [
            -119.1552176669927,
            34.433247677997755
          ],
          [
            -119.15508711328985,
            34.433247677997755
          ],
          [
            -119.154956559587,
            34.433247677997755
          ],
          [
            -119.15482600588417,
            34.433247677997755
          ],
          [
            -119.15469545218133,
            34.433247677997755
          ],
          [
            -119.15456489847848,
            34.433247677997755
          ],
          [
            -119.15813336635615,
            34.43328373671375
          ],
          [
            -119.15800281265331,
            34.43328373671375
          ],
          [
            -119.15787225895046,
            34.43328373671375
          ],
          [
            -119.15774170524763,
            34.43328373671375
          ],
          [
            -119.15761115154478,
            34.43328373671375
          ],
          [
            -119.15748059784194,
            34.43328373671375
          ],
          [
            -119.15735004413911,
            34.43328373671375
          ],
          [
            -119.15717597253531,
            34.43328373671375
          ],
          [
            -119.15695838303058,
            34.43328373671375
          ],
          [
            -119.15682782932774,
            34.43328373671375
          ],
          [
            -119.1566972756249,
            34.43328373671375
          ],
          [
            -119.15656672192206,
            34.43328373671375
          ],
          [
            -119.15643616821922,
            34.43328373671375
          ],
          [
            -119.15630561451637,
            34.43328373671375
          ],
          [
            -119.15617506081352,
            34.43328373671375
          ],
          [
            -119.15604450711069,
            34.43328373671375
          ],
          [
            -119.15591395340785,
            34.43328373671375
          ],
          [
            -119.155783399705,
            34.43328373671375
          ],
          [
            -119.15565284600217,
            34.43328373671375
          ],
          [
            -119.15552229229932,
            34.43328373671375
          ],
          [
            -119.1553047027946,
            34.43328373671375
          ],
          [
            -119.15517414909175,
            34.43328373671375
          ],
          [
            -119.1550435953889,
            34.43328373671375
          ],
          [
            -119.15491304168606,
            34.43328373671375
          ],
          [
            -119.15478248798323,
            34.43328373671375
          ],
          [
            -119.15465193428038,
            34.43328373671375
          ],
          [
            -119.15452138057753,
            34.43328373671375
          ],
          [
            -119.1580898484552,
            34.43331979542974
          ],
          [
            -119.15795929475236,
            34.43331979542974
          ],
          [
            -119.15782874104953,
            34.43331979542974
          ],
          [
            -119.15769818734668,
            34.43331979542974
          ],
          [
            -119.15756763364384,
            34.43331979542974
          ],
          [
            -119.15743707994099,
            34.43331979542974
          ],
          [
            -119.15730652623816,
            34.43331979542974
          ],
          [
            -119.15691486512964,
            34.43331979542974
          ],
          [
            -119.15678431142679,
            34.43331979542974
          ],
          [
            -119.15665375772394,
            34.43331979542974
          ],
          [
            -119.15652320402111,
            34.43331979542974
          ],
          [
            -119.15639265031827,
            34.43331979542974
          ],
          [
            -119.15626209661542,
            34.43331979542974
          ],
          [
            -119.15613154291259,
            34.43331979542974
          ],
          [
            -119.15600098920974,
            34.43331979542974
          ],
          [
            -119.1558704355069,
            34.43331979542974
          ],
          [
            -119.15573988180405,
            34.43331979542974
          ],
          [
            -119.15560932810122,
            34.43331979542974
          ],
          [
            -119.15547877439838,
            34.43331979542974
          ],
          [
            -119.15534822069553,
            34.43331979542974
          ],
          [
            -119.1552176669927,
            34.43331979542974
          ],
          [
            -119.15508711328985,
            34.43331979542974
          ],
          [
            -119.154956559587,
            34.43331979542974
          ],
          [
            -119.15482600588417,
            34.43331979542974
          ],
          [
            -119.15469545218133,
            34.43331979542974
          ],
          [
            -119.15456489847848,
            34.43331979542974
          ],
          [
            -119.15813336635615,
            34.43335585414574
          ],
          [
            -119.15800281265331,
            34.43335585414574
          ],
          [
            -119.15787225895046,
            34.43335585414574
          ],
          [
            -119.15774170524763,
            34.43335585414574
          ],
          [
            -119.15761115154478,
            34.43335585414574
          ],
          [
            -119.15748059784194,
            34.43335585414574
          ],
          [
            -119.15726300833721,
            34.43335585414574
          ],
          [
            -119.15713245463436,
            34.43335585414574
          ],
          [
            -119.15700190093153,
            34.43335585414574
          ],
          [
            -119.15687134722869,
            34.43335585414574
          ],
          [
            -119.15674079352584,
            34.43335585414574
          ],
          [
            -119.156610239823,
            34.43335585414574
          ],
          [
            -119.15647968612016,
            34.43335585414574
          ],
          [
            -119.15634913241732,
            34.43335585414574
          ],
          [
            -119.15617506081352,
            34.43335585414574
          ],
          [
            -119.15604450711069,
            34.43335585414574
          ],
          [
            -119.15591395340785,
            34.43335585414574
          ],
          [
            -119.15573988180405,
            34.43335585414574
          ],
          [
            -119.15556581020027,
            34.43335585414574
          ],
          [
            -119.15543525649743,
            34.43335585414574
          ],
          [
            -119.1553047027946,
            34.43335585414574
          ],
          [
            -119.15517414909175,
            34.43335585414574
          ],
          [
            -119.1550435953889,
            34.43335585414574
          ],
          [
            -119.15491304168606,
            34.43335585414574
          ],
          [
            -119.15478248798323,
            34.43335585414574
          ],
          [
            -119.15465193428038,
            34.43335585414574
          ],
          [
            -119.15452138057753,
            34.43335585414574
          ],
          [
            -119.1580898484552,
            34.43339191286173
          ],
          [
            -119.15795929475236,
            34.43339191286173
          ],
          [
            -119.15782874104953,
            34.43339191286173
          ],
          [
            -119.15743707994099,
            34.43339191286173
          ],
          [
            -119.15730652623816,
            34.43339191286173
          ],
          [
            -119.15717597253531,
            34.43339191286173
          ],
          [
            -119.15704541883247,
            34.43339191286173
          ],
          [
            -119.15691486512964,
            34.43339191286173
          ],
          [
            -119.15678431142679,
            34.43339191286173
          ],
          [
            -119.15665375772394,
            34.43339191286173
          ],
          [
            -119.15652320402111,
            34.43339191286173
          ],
          [
            -119.15639265031827,
            34.43339191286173
          ],
          [
            -119.15626209661542,
            34.43339191286173
          ],
          [
            -119.15613154291259,
            34.43339191286173
          ],
          [
            -119.15600098920974,
            34.43339191286173
          ],
          [
            -119.1558704355069,
            34.43339191286173
          ],
          [
            -119.15573988180405,
            34.43339191286173
          ],
          [
            -119.15560932810122,
            34.43339191286173
          ],
          [
            -119.15547877439838,
            34.43339191286173
          ],
          [
            -119.15534822069553,
            34.43339191286173
          ],
          [
            -119.1552176669927,
            34.43339191286173
          ],
          [
            -119.15508711328985,
            34.43339191286173
          ],
          [
            -119.154956559587,
            34.43339191286173
          ],
          [
            -119.15482600588417,
            34.43339191286173
          ],
          [
            -119.15469545218133,
            34.43339191286173
          ],
          [
            -119.15456489847848,
            34.43339191286173
          ],
          [
            -119.15813336635615,
            34.43342797157772
          ],
          [
            -119.15769818734668,
            34.43342797157772
          ],
          [
            -119.15756763364384,
            34.43342797157772
          ],
          [
            -119.15743707994099,
            34.43342797157772
          ],
          [
            -119.15730652623816,
            34.43342797157772
          ],
          [
            -119.15717597253531,
            34.43342797157772
          ],
          [
            -119.15704541883247,
            34.43342797157772
          ],
          [
            -119.15691486512964,
            34.43342797157772
          ],
          [
            -119.15678431142679,
            34.43342797157772
          ],
          [
            -119.15665375772394,
            34.43342797157772
          ],
          [
            -119.15652320402111,
            34.43342797157772
          ],
          [
            -119.15639265031827,
            34.43342797157772
          ],
          [
            -119.15626209661542,
            34.43342797157772
          ],
          [
            -119.15608802501164,
            34.43342797157772
          ],
          [
            -119.1559574713088,
            34.43342797157772
          ],
          [
            -119.15582691760595,
            34.43342797157772
          ],
          [
            -119.15569636390312,
            34.43342797157772
          ],
          [
            -119.15556581020027,
            34.43342797157772
          ],
          [
            -119.15543525649743,
            34.43342797157772
          ],
          [
            -119.1553047027946,
            34.43342797157772
          ],
          [
            -119.15517414909175,
            34.43342797157772
          ],
          [
            -119.1550435953889,
            34.43342797157772
          ],
          [
            -119.15491304168606,
            34.43342797157772
          ],
          [
            -119.15478248798323,
            34.43342797157772
          ],
          [
            -119.15465193428038,
            34.43342797157772
          ],
          [
            -119.15452138057753,
            34.43342797157772
          ],
          [
            -119.15791577685141,
            34.43346403029372
          ],
          [
            -119.15778522314858,
            34.43346403029372
          ],
          [
            -119.15765466944573,
            34.43346403029372
          ],
          [
            -119.15752411574289,
            34.43346403029372
          ],
          [
            -119.15739356204006,
            34.43346403029372
          ],
          [
            -119.15726300833721,
            34.43346403029372
          ],
          [
            -119.15713245463436,
            34.43346403029372
          ],
          [
            -119.15700190093153,
            34.43346403029372
          ],
          [
            -119.15687134722869,
            34.43346403029372
          ],
          [
            -119.15674079352584,
            34.43346403029372
          ],
          [
            -119.156610239823,
            34.43346403029372
          ],
          [
            -119.15647968612016,
            34.43346403029372
          ],
          [
            -119.15634913241732,
            34.43346403029372
          ],
          [
            -119.15617506081352,
            34.43346403029372
          ],
          [
            -119.15604450711069,
            34.43346403029372
          ],
          [
            -119.15591395340785,
            34.43346403029372
          ],
          [
            -119.155783399705,
            34.43346403029372
          ],
          [
            -119.15565284600217,
            34.43346403029372
          ],
          [
            -119.15552229229932,
            34.43346403029372
          ],
          [
            -119.15539173859648,
            34.43346403029372
          ],
          [
            -119.15526118489365,
            34.43346403029372
          ],
          [
            -119.1551306311908,
            34.43346403029372
          ],
          [
            -119.15500007748795,
            34.43346403029372
          ],
          [
            -119.15486952378512,
            34.43346403029372
          ],
          [
            -119.15473897008228,
            34.43346403029372
          ],
          [
            -119.15460841637943,
            34.43346403029372
          ],
          [
            -119.1581768842571,
            34.43350008900971
          ],
          [
            -119.15804633055426,
            34.43350008900971
          ],
          [
            -119.15791577685141,
            34.43350008900971
          ],
          [
            -119.15778522314858,
            34.43350008900971
          ],
          [
            -119.15765466944573,
            34.43350008900971
          ],
          [
            -119.15752411574289,
            34.43350008900971
          ],
          [
            -119.15739356204006,
            34.43350008900971
          ],
          [
            -119.15726300833721,
            34.43350008900971
          ],
          [
            -119.15713245463436,
            34.43350008900971
          ],
          [
            -119.15700190093153,
            34.43350008900971
          ],
          [
            -119.15687134722869,
            34.43350008900971
          ],
          [
            -119.15674079352584,
            34.43350008900971
          ],
          [
            -119.156610239823,
            34.43350008900971
          ],
          [
            -119.15647968612016,
            34.43350008900971
          ],
          [
            -119.15634913241732,
            34.43350008900971
          ],
          [
            -119.15617506081352,
            34.43350008900971
          ],
          [
            -119.15604450711069,
            34.43350008900971
          ],
          [
            -119.15591395340785,
            34.43350008900971
          ],
          [
            -119.155783399705,
            34.43350008900971
          ],
          [
            -119.15565284600217,
            34.43350008900971
          ],
          [
            -119.15552229229932,
            34.43350008900971
          ],
          [
            -119.15539173859648,
            34.43350008900971
          ],
          [
            -119.15526118489365,
            34.43350008900971
          ],
          [
            -119.1551306311908,
            34.43350008900971
          ],
          [
            -119.15500007748795,
            34.43350008900971
          ],
          [
            -119.15486952378512,
            34.43350008900971
          ],
          [
            -119.15473897008228,
            34.43350008900971
          ],
          [
            -119.15460841637943,
            34.43350008900971
          ],
          [
            -119.1581768842571,
            34.433536147725704
          ],
          [
            -119.15804633055426,
            34.433536147725704
          ],
          [
            -119.15791577685141,
            34.433536147725704
          ],
          [
            -119.15778522314858,
            34.433536147725704
          ],
          [
            -119.15765466944573,
            34.433536147725704
          ],
          [
            -119.15752411574289,
            34.433536147725704
          ],
          [
            -119.15739356204006,
            34.433536147725704
          ],
          [
            -119.15726300833721,
            34.433536147725704
          ],
          [
            -119.15713245463436,
            34.433536147725704
          ],
          [
            -119.15700190093153,
            34.433536147725704
          ],
          [
            -119.15687134722869,
            34.433536147725704
          ],
          [
            -119.15674079352584,
            34.433536147725704
          ],
          [
            -119.156610239823,
            34.433536147725704
          ],
          [
            -119.15647968612016,
            34.433536147725704
          ],
          [
            -119.15634913241732,
            34.433536147725704
          ],
          [
            -119.15621857871447,
            34.433536147725704
          ],
          [
            -119.15608802501164,
            34.433536147725704
          ],
          [
            -119.1559574713088,
            34.433536147725704
          ],
          [
            -119.15582691760595,
            34.433536147725704
          ],
          [
            -119.15569636390312,
            34.433536147725704
          ],
          [
            -119.15556581020027,
            34.433536147725704
          ],
          [
            -119.15543525649743,
            34.433536147725704
          ],
          [
            -119.1553047027946,
            34.433536147725704
          ],
          [
            -119.15517414909175,
            34.433536147725704
          ],
          [
            -119.1550435953889,
            34.433536147725704
          ],
          [
            -119.15491304168606,
            34.433536147725704
          ],
          [
            -119.15478248798323,
            34.433536147725704
          ],
          [
            -119.15465193428038,
            34.433536147725704
          ],
          [
            -119.15452138057753,
            34.433536147725704
          ],
          [
            -119.1580898484552,
            34.433572206441696
          ],
          [
            -119.15795929475236,
            34.433572206441696
          ],
          [
            -119.15782874104953,
            34.433572206441696
          ],
          [
            -119.15769818734668,
            34.433572206441696
          ],
          [
            -119.15756763364384,
            34.433572206441696
          ],
          [
            -119.15743707994099,
            34.433572206441696
          ],
          [
            -119.15730652623816,
            34.433572206441696
          ],
          [
            -119.15717597253531,
            34.433572206441696
          ],
          [
            -119.15704541883247,
            34.433572206441696
          ],
          [
            -119.15691486512964,
            34.433572206441696
          ],
          [
            -119.15678431142679,
            34.433572206441696
          ],
          [
            -119.15665375772394,
            34.433572206441696
          ],
          [
            -119.15652320402111,
            34.433572206441696
          ],
          [
            -119.15639265031827,
            34.433572206441696
          ],
          [
            -119.15626209661542,
            34.433572206441696
          ],
          [
            -119.15613154291259,
            34.433572206441696
          ],
          [
            -119.15600098920974,
            34.433572206441696
          ],
          [
            -119.1558704355069,
            34.433572206441696
          ],
          [
            -119.15573988180405,
            34.433572206441696
          ],
          [
            -119.15560932810122,
            34.433572206441696
          ],
          [
            -119.15547877439838,
            34.433572206441696
          ],
          [
            -119.15534822069553,
            34.433572206441696
          ],
          [
            -119.1552176669927,
            34.433572206441696
          ],
          [
            -119.15508711328985,
            34.433572206441696
          ],
          [
            -119.154956559587,
            34.433572206441696
          ],
          [
            -119.15482600588417,
            34.433572206441696
          ],
          [
            -119.15469545218133,
            34.433572206441696
          ],
          [
            -119.15456489847848,
            34.433572206441696
          ],
          [
            -119.15813336635615,
            34.433608265157694
          ],
          [
            -119.15800281265331,
            34.433608265157694
          ],
          [
            -119.15787225895046,
            34.433608265157694
          ],
          [
            -119.15774170524763,
            34.433608265157694
          ],
          [
            -119.15761115154478,
            34.433608265157694
          ],
          [
            -119.15748059784194,
            34.433608265157694
          ],
          [
            -119.15735004413911,
            34.433608265157694
          ],
          [
            -119.15721949043626,
            34.433608265157694
          ],
          [
            -119.15708893673342,
            34.433608265157694
          ],
          [
            -119.15695838303058,
            34.433608265157694
          ],
          [
            -119.15682782932774,
            34.433608265157694
          ],
          [
            -119.1566972756249,
            34.433608265157694
          ],
          [
            -119.15656672192206,
            34.433608265157694
          ],
          [
            -119.15643616821922,
            34.433608265157694
          ],
          [
            -119.15630561451637,
            34.433608265157694
          ],
          [
            -119.15608802501164,
            34.433608265157694
          ],
          [
            -119.1559574713088,
            34.433608265157694
          ],
          [
            -119.15582691760595,
            34.433608265157694
          ],
          [
            -119.15547877439838,
            34.433608265157694
          ],
          [
            -119.15534822069553,
            34.433608265157694
          ],
          [
            -119.1552176669927,
            34.433608265157694
          ],
          [
            -119.15508711328985,
            34.433608265157694
          ],
          [
            -119.154956559587,
            34.433608265157694
          ],
          [
            -119.15482600588417,
            34.433608265157694
          ],
          [
            -119.15469545218133,
            34.433608265157694
          ],
          [
            -119.15456489847848,
            34.433608265157694
          ],
          [
            -119.15813336635615,
            34.433644323873686
          ],
          [
            -119.15800281265331,
            34.433644323873686
          ],
          [
            -119.15787225895046,
            34.433644323873686
          ],
          [
            -119.15774170524763,
            34.433644323873686
          ],
          [
            -119.15761115154478,
            34.433644323873686
          ],
          [
            -119.15748059784194,
            34.433644323873686
          ],
          [
            -119.15735004413911,
            34.433644323873686
          ],
          [
            -119.15721949043626,
            34.433644323873686
          ],
          [
            -119.15708893673342,
            34.433644323873686
          ],
          [
            -119.15691486512964,
            34.433644323873686
          ],
          [
            -119.15678431142679,
            34.433644323873686
          ],
          [
            -119.15665375772394,
            34.433644323873686
          ],
          [
            -119.15652320402111,
            34.433644323873686
          ],
          [
            -119.15639265031827,
            34.433644323873686
          ],
          [
            -119.15621857871447,
            34.433644323873686
          ],
          [
            -119.15608802501164,
            34.433644323873686
          ],
          [
            -119.1559574713088,
            34.433644323873686
          ],
          [
            -119.15582691760595,
            34.433644323873686
          ],
          [
            -119.15569636390312,
            34.433644323873686
          ],
          [
            -119.15556581020027,
            34.433644323873686
          ],
          [
            -119.15543525649743,
            34.433644323873686
          ],
          [
            -119.1553047027946,
            34.433644323873686
          ],
          [
            -119.15517414909175,
            34.433644323873686
          ],
          [
            -119.1550435953889,
            34.433644323873686
          ],
          [
            -119.15491304168606,
            34.433644323873686
          ],
          [
            -119.15478248798323,
            34.433644323873686
          ],
          [
            -119.15465193428038,
            34.433644323873686
          ],
          [
            -119.15452138057753,
            34.433644323873686
          ],
          [
            -119.1580898484552,
            34.43368038258968
          ],
          [
            -119.15795929475236,
            34.43368038258968
          ],
          [
            -119.15782874104953,
            34.43368038258968
          ],
          [
            -119.15769818734668,
            34.43368038258968
          ],
          [
            -119.15756763364384,
            34.43368038258968
          ],
          [
            -119.15743707994099,
            34.43368038258968
          ],
          [
            -119.15730652623816,
            34.43368038258968
          ],
          [
            -119.15717597253531,
            34.43368038258968
          ],
          [
            -119.15704541883247,
            34.43368038258968
          ],
          [
            -119.15691486512964,
            34.43368038258968
          ],
          [
            -119.15678431142679,
            34.43368038258968
          ],
          [
            -119.15665375772394,
            34.43368038258968
          ],
          [
            -119.15652320402111,
            34.43368038258968
          ],
          [
            -119.15639265031827,
            34.43368038258968
          ],
          [
            -119.15626209661542,
            34.43368038258968
          ],
          [
            -119.15613154291259,
            34.43368038258968
          ],
          [
            -119.15600098920974,
            34.43368038258968
          ],
          [
            -119.1558704355069,
            34.43368038258968
          ],
          [
            -119.15556581020027,
            34.43368038258968
          ],
          [
            -119.15543525649743,
            34.43368038258968
          ],
          [
            -119.1553047027946,
            34.43368038258968
          ],
          [
            -119.15517414909175,
            34.43368038258968
          ],
          [
            -119.1550435953889,
            34.43368038258968
          ],
          [
            -119.15491304168606,
            34.43368038258968
          ],
          [
            -119.15478248798323,
            34.43368038258968
          ],
          [
            -119.15465193428038,
            34.43368038258968
          ],
          [
            -119.15452138057753,
            34.43368038258968
          ],
          [
            -119.1580898484552,
            34.43371644130568
          ],
          [
            -119.15795929475236,
            34.43371644130568
          ],
          [
            -119.15782874104953,
            34.43371644130568
          ],
          [
            -119.15769818734668,
            34.43371644130568
          ],
          [
            -119.15756763364384,
            34.43371644130568
          ],
          [
            -119.15743707994099,
            34.43371644130568
          ],
          [
            -119.15730652623816,
            34.43371644130568
          ],
          [
            -119.15717597253531,
            34.43371644130568
          ],
          [
            -119.15704541883247,
            34.43371644130568
          ],
          [
            -119.15691486512964,
            34.43371644130568
          ],
          [
            -119.15678431142679,
            34.43371644130568
          ],
          [
            -119.15665375772394,
            34.43371644130568
          ],
          [
            -119.15652320402111,
            34.43371644130568
          ],
          [
            -119.15639265031827,
            34.43371644130568
          ],
          [
            -119.15626209661542,
            34.43371644130568
          ],
          [
            -119.15613154291259,
            34.43371644130568
          ],
          [
            -119.15600098920974,
            34.43371644130568
          ],
          [
            -119.1558704355069,
            34.43371644130568
          ],
          [
            -119.15573988180405,
            34.43371644130568
          ],
          [
            -119.15556581020027,
            34.43371644130568
          ],
          [
            -119.15543525649743,
            34.43371644130568
          ],
          [
            -119.1553047027946,
            34.43371644130568
          ],
          [
            -119.15517414909175,
            34.43371644130568
          ],
          [
            -119.1550435953889,
            34.43371644130568
          ],
          [
            -119.15491304168606,
            34.43371644130568
          ],
          [
            -119.15478248798323,
            34.43371644130568
          ],
          [
            -119.15465193428038,
            34.43371644130568
          ],
          [
            -119.15452138057753,
            34.43371644130568
          ],
          [
            -119.1580898484552,
            34.43375250002167
          ],
          [
            -119.15795929475236,
            34.43375250002167
          ],
          [
            -119.15782874104953,
            34.43375250002167
          ],
          [
            -119.15769818734668,
            34.43375250002167
          ],
          [
            -119.15756763364384,
            34.43375250002167
          ],
          [
            -119.15743707994099,
            34.43375250002167
          ],
          [
            -119.15730652623816,
            34.43375250002167
          ],
          [
            -119.15717597253531,
            34.43375250002167
          ],
          [
            -119.15704541883247,
            34.43375250002167
          ],
          [
            -119.15687134722869,
            34.43375250002167
          ],
          [
            -119.15674079352584,
            34.43375250002167
          ],
          [
            -119.156610239823,
            34.43375250002167
          ],
          [
            -119.15647968612016,
            34.43375250002167
          ],
          [
            -119.15634913241732,
            34.43375250002167
          ],
          [
            -119.15621857871447,
            34.43375250002167
          ],
          [
            -119.15608802501164,
            34.43375250002167
          ],
          [
            -119.1559574713088,
            34.43375250002167
          ],
          [
            -119.15582691760595,
            34.43375250002167
          ],
          [
            -119.15565284600217,
            34.43375250002167
          ],
          [
            -119.15552229229932,
            34.43375250002167
          ],
          [
            -119.15539173859648,
            34.43375250002167
          ],
          [
            -119.15526118489365,
            34.43375250002167
          ],
          [
            -119.1551306311908,
            34.43375250002167
          ],
          [
            -119.15500007748795,
            34.43375250002167
          ],
          [
            -119.15486952378512,
            34.43375250002167
          ],
          [
            -119.15473897008228,
            34.43375250002167
          ],
          [
            -119.15460841637943,
            34.43375250002167
          ],
          [
            -119.1581768842571,
            34.43378855873766
          ],
          [
            -119.15804633055426,
            34.43378855873766
          ],
          [
            -119.15791577685141,
            34.43378855873766
          ],
          [
            -119.15778522314858,
            34.43378855873766
          ],
          [
            -119.15765466944573,
            34.43378855873766
          ],
          [
            -119.15752411574289,
            34.43378855873766
          ],
          [
            -119.15739356204006,
            34.43378855873766
          ],
          [
            -119.15726300833721,
            34.43378855873766
          ],
          [
            -119.15713245463436,
            34.43378855873766
          ],
          [
            -119.15700190093153,
            34.43378855873766
          ],
          [
            -119.15687134722869,
            34.43378855873766
          ],
          [
            -119.15674079352584,
            34.43378855873766
          ],
          [
            -119.156610239823,
            34.43378855873766
          ],
          [
            -119.15647968612016,
            34.43378855873766
          ],
          [
            -119.15634913241732,
            34.43378855873766
          ],
          [
            -119.15621857871447,
            34.43378855873766
          ],
          [
            -119.15608802501164,
            34.43378855873766
          ],
          [
            -119.1559574713088,
            34.43378855873766
          ],
          [
            -119.15582691760595,
            34.43378855873766
          ],
          [
            -119.15569636390312,
            34.43378855873766
          ],
          [
            -119.15556581020027,
            34.43378855873766
          ],
          [
            -119.15543525649743,
            34.43378855873766
          ],
          [
            -119.1553047027946,
            34.43378855873766
          ],
          [
            -119.15517414909175,
            34.43378855873766
          ],
          [
            -119.1550435953889,
            34.43378855873766
          ],
          [
            -119.15491304168606,
            34.43378855873766
          ],
          [
            -119.15478248798323,
            34.43378855873766
          ],
          [
            -119.15465193428038,
            34.43378855873766
          ],
          [
            -119.15452138057753,
            34.43378855873766
          ],
          [
            -119.1580898484552,
            34.43382461745365
          ],
          [
            -119.15795929475236,
            34.43382461745365
          ],
          [
            -119.15782874104953,
            34.43382461745365
          ],
          [
            -119.15769818734668,
            34.43382461745365
          ],
          [
            -119.15756763364384,
            34.43382461745365
          ],
          [
            -119.15743707994099,
            34.43382461745365
          ],
          [
            -119.15730652623816,
            34.43382461745365
          ],
          [
            -119.15717597253531,
            34.43382461745365
          ],
          [
            -119.15704541883247,
            34.43382461745365
          ],
          [
            -119.15691486512964,
            34.43382461745365
          ],
          [
            -119.15678431142679,
            34.43382461745365
          ],
          [
            -119.15665375772394,
            34.43382461745365
          ],
          [
            -119.15652320402111,
            34.43382461745365
          ],
          [
            -119.15639265031827,
            34.43382461745365
          ],
          [
            -119.15626209661542,
            34.43382461745365
          ],
          [
            -119.15613154291259,
            34.43382461745365
          ],
          [
            -119.15600098920974,
            34.43382461745365
          ],
          [
            -119.1558704355069,
            34.43382461745365
          ],
          [
            -119.15573988180405,
            34.43382461745365
          ],
          [
            -119.15560932810122,
            34.43382461745365
          ],
          [
            -119.15547877439838,
            34.43382461745365
          ],
          [
            -119.15534822069553,
            34.43382461745365
          ],
          [
            -119.1552176669927,
            34.43382461745365
          ],
          [
            -119.15508711328985,
            34.43382461745365
          ],
          [
            -119.154956559587,
            34.43382461745365
          ],
          [
            -119.15482600588417,
            34.43382461745365
          ],
          [
            -119.15469545218133,
            34.43382461745365
          ],
          [
            -119.15456489847848,
            34.43382461745365
          ]
        ]
      }
    }
  ]
}
