{
  "type": "FeatureCollection",
  "name": "trees-trunks",
  "properties": {
    "authority": "derived",
    "evidence": "measured",
    "generator": "scripts/export-drawable-extras.py",
    "source": "trees.csv"
  },
  "features": [
    {
      "type": "Feature",
      "properties": {
        "id": 1,
        "height_m": 8.7
      },
      "geometry": {
        "type": "Point",
        "coordinates": [
          -119.16061099497543,
          34.43468463091581
        ]
      }
    },
    {
      "type": "Feature",
      "properties": {
        "id": 2,
        "height_m": 12.3
      },
      "geometry": {
        "type": "Point",
        "coordinates": [
          -119.16055871800897,
          34.434640303034776
        ]
      }
    },
    {
      "type": "Feature",
      "properties": {
        "id": 3,
        "height_m": 10.2
      },
      "geometry": {
        "type": "Point",
        "coordinates": [
          -119.16052931187535,
          34.434600498719654
        ]
      }
    },
    {
      "type": "Feature",
      "properties": {
        "id": 4,
        "height_m": 3.3
      },
      "geometry": {
        "type": "Point",
        "coordinates": [
          -119.16051515332629,
          34.434704533524105
        ]
      }
    },
    {
      "type": "Feature",
      "properties": {
        "id": 5,
        "height_m": 14.3
      },
      "geometry": {
        "type": "Point",
        "coordinates": [
          -119.16046832153718,
          34.43462130550025
        ]
      }
    },
    {
      "type": "Feature",
      "properties": {
        "id": 6,
        "height_m": 13.0
      },
      "geometry": {
        "type": "Point",
        "coordinates": [
          -119.1604410934745,
          34.434461183166015
        ]
      }
    },
    {
      "type": "Feature",
      "properties": {
        "id": 7,
        "height_m": 2.6
      },
      "geometry": {
        "type": "Point",
        "coordinates": [
          -119.16034852001971,
          34.43465568207715
        ]
      }
    },
    {
      "type": "Feature",
      "properties": {
        "id": 8,
        "height_m": 5.8
      },
      "geometry": {
        "type": "Point",
        "coordinates": [
          -119.1603430737544,
          34.43441685528497
        ]
      }
    },
    {
      "type": "Feature",
      "properties": {
        "id": 9,
        "height_m": 8.5
      },
      "geometry": {
        "type": "Point",
        "coordinates": [
          -119.16032564809892,
          34.434231401702746
        ]
      }
    },
    {
      "type": "Feature",
      "properties": {
        "id": 10,
        "height_m": 9.1
      },
      "geometry": {
        "type": "Point",
        "coordinates": [
          -119.16030822244343,
          34.434358957607635
        ]
      }
    },
    {
      "type": "Feature",
      "properties": {
        "id": 11,
        "height_m": 11.4
      },
      "geometry": {
        "type": "Point",
        "coordinates": [
          -119.16029297485889,
          34.43452812707372
        ]
      }
    },
    {
      "type": "Feature",
      "properties": {
        "id": 12,
        "height_m": 7.9
      },
      "geometry": {
        "type": "Point",
        "coordinates": [
          -119.16028317353965,
          34.43423954376082
        ]
      }
    },
    {
      "type": "Feature",
      "properties": {
        "id": 13,
        "height_m": 8.6
      },
      "geometry": {
        "type": "Point",
        "coordinates": [
          -119.1602755492034,
          34.43417712251756
        ]
      }
    },
    {
      "type": "Feature",
      "properties": {
        "id": 14,
        "height_m": 8.2
      },
      "geometry": {
        "type": "Point",
        "coordinates": [
          -119.1602494101762,
          34.43450008240736
        ]
      }
    },
    {
      "type": "Feature",
      "properties": {
        "id": 15,
        "height_m": 9.2
      },
      "geometry": {
        "type": "Point",
        "coordinates": [
          -119.16023307355618,
          34.43359090966137
        ]
      }
    },
    {
      "type": "Feature",
      "properties": {
        "id": 16,
        "height_m": 9.7
      },
      "geometry": {
        "type": "Point",
        "coordinates": [
          -119.16020911368787,
          34.43362347699219
        ]
      }
    },
    {
      "type": "Feature",
      "properties": {
        "id": 17,
        "height_m": 4.5
      },
      "geometry": {
        "type": "Point",
        "coordinates": [
          -119.16019822224521,
          34.43407308771311
        ]
      }
    },
    {
      "type": "Feature",
      "properties": {
        "id": 18,
        "height_m": 3.9
      },
      "geometry": {
        "type": "Point",
        "coordinates": [
          -119.16018950996144,
          34.43459959454735
        ]
      }
    },
    {
      "type": "Feature",
      "properties": {
        "id": 19,
        "height_m": 5.0
      },
      "geometry": {
        "type": "Point",
        "coordinates": [
          -119.16018515273161,
          34.43352758424581
        ]
      }
    },
    {
      "type": "Feature",
      "properties": {
        "id": 20,
        "height_m": 5.4
      },
      "geometry": {
        "type": "Point",
        "coordinates": [
          -119.16015247949159,
          34.43355200951856
        ]
      }
    },
    {
      "type": "Feature",
      "properties": {
        "id": 21,
        "height_m": 8.4
      },
      "geometry": {
        "type": "Point",
        "coordinates": [
          -119.16013832203045,
          34.43463306605047
        ]
      }
    },
    {
      "type": "Feature",
      "properties": {
        "id": 22,
        "height_m": 4.6
      },
      "geometry": {
        "type": "Point",
        "coordinates": [
          -119.16012198541044,
          34.43322633530891
        ]
      }
    },
    {
      "type": "Feature",
      "properties": {
        "id": 23,
        "height_m": 6.6
      },
      "geometry": {
        "type": "Point",
        "coordinates": [
          -119.16011436107419,
          34.434573359127064
        ]
      }
    },
    {
      "type": "Feature",
      "properties": {
        "id": 24,
        "height_m": 6.9
      },
      "geometry": {
        "type": "Point",
        "coordinates": [
          -119.1601012915606,
          34.43341993094921
        ]
      }
    },
    {
      "type": "Feature",
      "properties": {
        "id": 25,
        "height_m": 4.6
      },
      "geometry": {
        "type": "Point",
        "coordinates": [
          -119.16009802445417,
          34.43331408689869
        ]
      }
    },
    {
      "type": "Feature",
      "properties": {
        "id": 26,
        "height_m": 4.2
      },
      "geometry": {
        "type": "Point",
        "coordinates": [
          -119.16007842072774,
          34.433585481923146
        ]
      }
    },
    {
      "type": "Feature",
      "properties": {
        "id": 27,
        "height_m": 10.9
      },
      "geometry": {
        "type": "Point",
        "coordinates": [
          -119.16007188542697,
          34.434121034086296
        ]
      }
    },
    {
      "type": "Feature",
      "properties": {
        "id": 28,
        "height_m": 4.2
      },
      "geometry": {
        "type": "Point",
        "coordinates": [
          -119.16006644024962,
          34.43306259358105
        ]
      }
    },
    {
      "type": "Feature",
      "properties": {
        "id": 29,
        "height_m": 6.8
      },
      "geometry": {
        "type": "Point",
        "coordinates": [
          -119.16006426217868,
          34.43339007703677
        ]
      }
    },
    {
      "type": "Feature",
      "properties": {
        "id": 30,
        "height_m": 8.3
      },
      "geometry": {
        "type": "Point",
        "coordinates": [
          -119.16004139134583,
          34.43351944218774
        ]
      }
    },
    {
      "type": "Feature",
      "properties": {
        "id": 31,
        "height_m": 4.2
      },
      "geometry": {
        "type": "Point",
        "coordinates": [
          -119.16003921218694,
          34.433289660724476
        ]
      }
    },
    {
      "type": "Feature",
      "properties": {
        "id": 32,
        "height_m": 3.7
      },
      "geometry": {
        "type": "Point",
        "coordinates": [
          -119.16003812315147,
          34.433676851103606
        ]
      }
    },
    {
      "type": "Feature",
      "properties": {
        "id": 33,
        "height_m": 5.2
      },
      "geometry": {
        "type": "Point",
        "coordinates": [
          -119.16003594508052,
          34.432797531368585
        ]
      }
    },
    {
      "type": "Feature",
      "properties": {
        "id": 34,
        "height_m": 3.6
      },
      "geometry": {
        "type": "Point",
        "coordinates": [
          -119.16003485604506,
          34.43320281510994
        ]
      }
    },
    {
      "type": "Feature",
      "properties": {
        "id": 35,
        "height_m": 8.7
      },
      "geometry": {
        "type": "Point",
        "coordinates": [
          -119.16002505472582,
          34.43276225061939
        ]
      }
    },
    {
      "type": "Feature",
      "properties": {
        "id": 36,
        "height_m": 4.6
      },
      "geometry": {
        "type": "Point",
        "coordinates": [
          -119.16002396569034,
          34.43324171435128
        ]
      }
    },
    {
      "type": "Feature",
      "properties": {
        "id": 37,
        "height_m": 6.0
      },
      "geometry": {
        "type": "Point",
        "coordinates": [
          -119.16002396569034,
          34.434573359127064
        ]
      }
    },
    {
      "type": "Feature",
      "properties": {
        "id": 38,
        "height_m": 4.4
      },
      "geometry": {
        "type": "Point",
        "coordinates": [
          -119.16000980714128,
          34.43271068485259
        ]
      }
    },
    {
      "type": "Feature",
      "properties": {
        "id": 39,
        "height_m": 14.8
      },
      "geometry": {
        "type": "Point",
        "coordinates": [
          -119.15999673762767,
          34.43400342948555
        ]
      }
    },
    {
      "type": "Feature",
      "properties": {
        "id": 40,
        "height_m": 6.7
      },
      "geometry": {
        "type": "Point",
        "coordinates": [
          -119.1599902023269,
          34.433575530619
        ]
      }
    },
    {
      "type": "Feature",
      "properties": {
        "id": 41,
        "height_m": 3.9
      },
      "geometry": {
        "type": "Point",
        "coordinates": [
          -119.15998693522049,
          34.43313858462061
        ]
      }
    },
    {
      "type": "Feature",
      "properties": {
        "id": 42,
        "height_m": 8.1
      },
      "geometry": {
        "type": "Point",
        "coordinates": [
          -119.1599825790786,
          34.43362347699219
        ]
      }
    },
    {
      "type": "Feature",
      "properties": {
        "id": 43,
        "height_m": 5.3
      },
      "geometry": {
        "type": "Point",
        "coordinates": [
          -119.15998149004312,
          34.43456340782292
        ]
      }
    },
    {
      "type": "Feature",
      "properties": {
        "id": 44,
        "height_m": 4.0
      },
      "geometry": {
        "type": "Point",
        "coordinates": [
          -119.15997931197218,
          34.433186530993794
        ]
      }
    },
    {
      "type": "Feature",
      "properties": {
        "id": 45,
        "height_m": 6.8
      },
      "geometry": {
        "type": "Point",
        "coordinates": [
          -119.15997822293672,
          34.43288709220444
        ]
      }
    },
    {
      "type": "Feature",
      "properties": {
        "id": 46,
        "height_m": 9.3
      },
      "geometry": {
        "type": "Point",
        "coordinates": [
          -119.15997604486577,
          34.43336203327188
        ]
      }
    },
    {
      "type": "Feature",
      "properties": {
        "id": 47,
        "height_m": 6.5
      },
      "geometry": {
        "type": "Point",
        "coordinates": [
          -119.15995099487404,
          34.43359271890745
        ]
      }
    },
    {
      "type": "Feature",
      "properties": {
        "id": 48,
        "height_m": 11.0
      },
      "geometry": {
        "type": "Point",
        "coordinates": [
          -119.15994990583857,
          34.43410927353608
        ]
      }
    },
    {
      "type": "Feature",
      "properties": {
        "id": 49,
        "height_m": 12.2
      },
      "geometry": {
        "type": "Point",
        "coordinates": [
          -119.15994446066121,
          34.43405499525236
        ]
      }
    },
    {
      "type": "Feature",
      "properties": {
        "id": 50,
        "height_m": 3.0
      },
      "geometry": {
        "type": "Point",
        "coordinates": [
          -119.15994228150232,
          34.43315667798282
        ]
      }
    },
    {
      "type": "Feature",
      "properties": {
        "id": 51,
        "height_m": 7.8
      },
      "geometry": {
        "type": "Point",
        "coordinates": [
          -119.15992703500572,
          34.43355200951856
        ]
      }
    },
    {
      "type": "Feature",
      "properties": {
        "id": 52,
        "height_m": 6.3
      },
      "geometry": {
        "type": "Point",
        "coordinates": [
          -119.15991614356307,
          34.43457245495476
        ]
      }
    },
    {
      "type": "Feature",
      "properties": {
        "id": 53,
        "height_m": 4.1
      },
      "geometry": {
        "type": "Point",
        "coordinates": [
          -119.15991178742118,
          34.43281743397688
        ]
      }
    },
    {
      "type": "Feature",
      "properties": {
        "id": 54,
        "height_m": 6.2
      },
      "geometry": {
        "type": "Point",
        "coordinates": [
          -119.15990851922682,
          34.433583672677074
        ]
      }
    },
    {
      "type": "Feature",
      "properties": {
        "id": 55,
        "height_m": 10.7
      },
      "geometry": {
        "type": "Point",
        "coordinates": [
          -119.15990743019135,
          34.433376507240474
        ]
      }
    },
    {
      "type": "Feature",
      "properties": {
        "id": 56,
        "height_m": 2.7
      },
      "geometry": {
        "type": "Point",
        "coordinates": [
          -119.15990416308493,
          34.433957292358436
        ]
      }
    },
    {
      "type": "Feature",
      "properties": {
        "id": 57,
        "height_m": 12.5
      },
      "geometry": {
        "type": "Point",
        "coordinates": [
          -119.15990307404947,
          34.434086657509404
        ]
      }
    },
    {
      "type": "Feature",
      "properties": {
        "id": 58,
        "height_m": 3.6
      },
      "geometry": {
        "type": "Point",
        "coordinates": [
          -119.15990089597852,
          34.4328563341197
        ]
      }
    },
    {
      "type": "Feature",
      "properties": {
        "id": 59,
        "height_m": 11.9
      },
      "geometry": {
        "type": "Point",
        "coordinates": [
          -119.15989980694305,
          34.433331275187136
        ]
      }
    },
    {
      "type": "Feature",
      "properties": {
        "id": 60,
        "height_m": 7.7
      },
      "geometry": {
        "type": "Point",
        "coordinates": [
          -119.15989109357133,
          34.43260031813761
        ]
      }
    },
    {
      "type": "Feature",
      "properties": {
        "id": 61,
        "height_m": 8.5
      },
      "geometry": {
        "type": "Point",
        "coordinates": [
          -119.15989109357133,
          34.43341631245706
        ]
      }
    },
    {
      "type": "Feature",
      "properties": {
        "id": 62,
        "height_m": 6.4
      },
      "geometry": {
        "type": "Point",
        "coordinates": [
          -119.15989000453587,
          34.43250442539123
        ]
      }
    },
    {
      "type": "Feature",
      "properties": {
        "id": 63,
        "height_m": 6.8
      },
      "geometry": {
        "type": "Point",
        "coordinates": [
          -119.15988347032304,
          34.43350044465322
        ]
      }
    },
    {
      "type": "Feature",
      "properties": {
        "id": 64,
        "height_m": 4.6
      },
      "geometry": {
        "type": "Point",
        "coordinates": [
          -119.15988238128756,
          34.43288799637674
        ]
      }
    },
    {
      "type": "Feature",
      "properties": {
        "id": 65,
        "height_m": 9.2
      },
      "geometry": {
        "type": "Point",
        "coordinates": [
          -119.15988020321662,
          34.43354748595264
        ]
      }
    },
    {
      "type": "Feature",
      "properties": {
        "id": 66,
        "height_m": 4.9
      },
      "geometry": {
        "type": "Point",
        "coordinates": [
          -119.15987693502225,
          34.432925991445785
        ]
      }
    },
    {
      "type": "Feature",
      "properties": {
        "id": 67,
        "height_m": 7.5
      },
      "geometry": {
        "type": "Point",
        "coordinates": [
          -119.15987040080942,
          34.432476380724864
        ]
      }
    },
    {
      "type": "Feature",
      "properties": {
        "id": 68,
        "height_m": 15.1
      },
      "geometry": {
        "type": "Point",
        "coordinates": [
          -119.15987040080942,
          34.434033283397994
        ]
      }
    },
    {
      "type": "Feature",
      "properties": {
        "id": 69,
        "height_m": 6.7
      },
      "geometry": {
        "type": "Point",
        "coordinates": [
          -119.15986495563207,
          34.43459145248928
        ]
      }
    },
    {
      "type": "Feature",
      "properties": {
        "id": 70,
        "height_m": 8.3
      },
      "geometry": {
        "type": "Point",
        "coordinates": [
          -119.15986168852567,
          34.43465296865877
        ]
      }
    },
    {
      "type": "Feature",
      "properties": {
        "id": 71,
        "height_m": 3.2
      },
      "geometry": {
        "type": "Point",
        "coordinates": [
          -119.15986059840225,
          34.43392924859354
        ]
      }
    },
    {
      "type": "Feature",
      "properties": {
        "id": 72,
        "height_m": 7.8
      },
      "geometry": {
        "type": "Point",
        "coordinates": [
          -119.15985950936677,
          34.43414636443281
        ]
      }
    },
    {
      "type": "Feature",
      "properties": {
        "id": 73,
        "height_m": 8.0
      },
      "geometry": {
        "type": "Point",
        "coordinates": [
          -119.15985733129583,
          34.43469458221996
        ]
      }
    },
    {
      "type": "Feature",
      "properties": {
        "id": 74,
        "height_m": 4.2
      },
      "geometry": {
        "type": "Point",
        "coordinates": [
          -119.15985515322488,
          34.432963082342525
        ]
      }
    },
    {
      "type": "Feature",
      "properties": {
        "id": 75,
        "height_m": 6.7
      },
      "geometry": {
        "type": "Point",
        "coordinates": [
          -119.15984644094112,
          34.43456793138884
        ]
      }
    },
    {
      "type": "Feature",
      "properties": {
        "id": 76,
        "height_m": 7.9
      },
      "geometry": {
        "type": "Point",
        "coordinates": [
          -119.15984535190564,
          34.433061689408746
        ]
      }
    },
    {
      "type": "Feature",
      "properties": {
        "id": 77,
        "height_m": 7.8
      },
      "geometry": {
        "type": "Point",
        "coordinates": [
          -119.15983990564034,
          34.43302550358578
        ]
      }
    },
    {
      "type": "Feature",
      "properties": {
        "id": 78,
        "height_m": 9.6
      },
      "geometry": {
        "type": "Point",
        "coordinates": [
          -119.15982030191391,
          34.43340726532522
        ]
      }
    },
    {
      "type": "Feature",
      "properties": {
        "id": 79,
        "height_m": 7.8
      },
      "geometry": {
        "type": "Point",
        "coordinates": [
          -119.15981049950672,
          34.43467196619329
        ]
      }
    },
    {
      "type": "Feature",
      "properties": {
        "id": 80,
        "height_m": 9.1
      },
      "geometry": {
        "type": "Point",
        "coordinates": [
          -119.15980723240031,
          34.43412465257845
        ]
      }
    },
    {
      "type": "Feature",
      "properties": {
        "id": 81,
        "height_m": 3.4
      },
      "geometry": {
        "type": "Point",
        "coordinates": [
          -119.15980178722296,
          34.43364157035441
        ]
      }
    },
    {
      "type": "Feature",
      "properties": {
        "id": 82,
        "height_m": 6.0
      },
      "geometry": {
        "type": "Point",
        "coordinates": [
          -119.15979525192218,
          34.432007772469426
        ]
      }
    },
    {
      "type": "Feature",
      "properties": {
        "id": 83,
        "height_m": 5.6
      },
      "geometry": {
        "type": "Point",
        "coordinates": [
          -119.15979525192218,
          34.43387858790051
        ]
      }
    },
    {
      "type": "Feature",
      "properties": {
        "id": 84,
        "height_m": 10.0
      },
      "geometry": {
        "type": "Point",
        "coordinates": [
          -119.15979416288671,
          34.43281833814918
        ]
      }
    },
    {
      "type": "Feature",
      "properties": {
        "id": 85,
        "height_m": 13.3
      },
      "geometry": {
        "type": "Point",
        "coordinates": [
          -119.15979416288671,
          34.43406223223666
        ]
      }
    },
    {
      "type": "Feature",
      "properties": {
        "id": 86,
        "height_m": 8.4
      },
      "geometry": {
        "type": "Point",
        "coordinates": [
          -119.15979089578029,
          34.43471719824663
        ]
      }
    },
    {
      "type": "Feature",
      "properties": {
        "id": 87,
        "height_m": 3.9
      },
      "geometry": {
        "type": "Point",
        "coordinates": [
          -119.15978653963842,
          34.43485199113582
        ]
      }
    },
    {
      "type": "Feature",
      "properties": {
        "id": 88,
        "height_m": 5.9
      },
      "geometry": {
        "type": "Point",
        "coordinates": [
          -119.15978545060294,
          34.43197701438468
        ]
      }
    },
    {
      "type": "Feature",
      "properties": {
        "id": 89,
        "height_m": 6.9
      },
      "geometry": {
        "type": "Point",
        "coordinates": [
          -119.15977782626669,
          34.43302459851201
        ]
      }
    },
    {
      "type": "Feature",
      "properties": {
        "id": 90,
        "height_m": 8.8
      },
      "geometry": {
        "type": "Point",
        "coordinates": [
          -119.15976693591199,
          34.43206386090068
        ]
      }
    },
    {
      "type": "Feature",
      "properties": {
        "id": 91,
        "height_m": 6.7
      },
      "geometry": {
        "type": "Point",
        "coordinates": [
          -119.1597604006112,
          34.431931781429874
        ]
      }
    },
    {
      "type": "Feature",
      "properties": {
        "id": 92,
        "height_m": 13.5
      },
      "geometry": {
        "type": "Point",
        "coordinates": [
          -119.15975277736291,
          34.433389172864466
        ]
      }
    },
    {
      "type": "Feature",
      "properties": {
        "id": 93,
        "height_m": 4.8
      },
      "geometry": {
        "type": "Point",
        "coordinates": [
          -119.15975059929197,
          34.43479047496634
        ]
      }
    },
    {
      "type": "Feature",
      "properties": {
        "id": 94,
        "height_m": 8.2
      },
      "geometry": {
        "type": "Point",
        "coordinates": [
          -119.15974951025649,
          34.43471177050841
        ]
      }
    },
    {
      "type": "Feature",
      "properties": {
        "id": 95,
        "height_m": 3.6
      },
      "geometry": {
        "type": "Point",
        "coordinates": [
          -119.1597440639912,
          34.433639760206866
        ]
      }
    },
    {
      "type": "Feature",
      "properties": {
        "id": 96,
        "height_m": 6.4
      },
      "geometry": {
        "type": "Point",
        "coordinates": [
          -119.15974297495572,
          34.434837517167225
        ]
      }
    },
    {
      "type": "Feature",
      "properties": {
        "id": 97,
        "height_m": 9.5
      },
      "geometry": {
        "type": "Point",
        "coordinates": [
          -119.15974188592025,
          34.434649350166616
        ]
      }
    },
    {
      "type": "Feature",
      "properties": {
        "id": 98,
        "height_m": 4.9
      },
      "geometry": {
        "type": "Point",
        "coordinates": [
          -119.159732084601,
          34.43420878567607
        ]
      }
    },
    {
      "type": "Feature",
      "properties": {
        "id": 99,
        "height_m": 5.8
      },
      "geometry": {
        "type": "Point",
        "coordinates": [
          -119.15972881640664,
          34.43418164608348
        ]
      }
    },
    {
      "type": "Feature",
      "properties": {
        "id": 100,
        "height_m": 8.8
      },
      "geometry": {
        "type": "Point",
        "coordinates": [
          -119.15972772737118,
          34.43406675580258
        ]
      }
    },
    {
      "type": "Feature",
      "properties": {
        "id": 101,
        "height_m": 13.2
      },
      "geometry": {
        "type": "Point",
        "coordinates": [
          -119.1597190150874,
          34.43209190466558
        ]
      }
    },
    {
      "type": "Feature",
      "properties": {
        "id": 102,
        "height_m": 5.2
      },
      "geometry": {
        "type": "Point",
        "coordinates": [
          -119.15971465785758,
          34.434005239633095
        ]
      }
    },
    {
      "type": "Feature",
      "properties": {
        "id": 103,
        "height_m": 5.4
      },
      "geometry": {
        "type": "Point",
        "coordinates": [
          -119.15970485653834,
          34.434232306776515
        ]
      }
    },
    {
      "type": "Feature",
      "properties": {
        "id": 104,
        "height_m": 9.8
      },
      "geometry": {
        "type": "Point",
        "coordinates": [
          -119.15970158943192,
          34.43385054413561
        ]
      }
    },
    {
      "type": "Feature",
      "properties": {
        "id": 105,
        "height_m": 8.1
      },
      "geometry": {
        "type": "Point",
        "coordinates": [
          -119.15970158943192,
          34.4347036293518
        ]
      }
    },
    {
      "type": "Feature",
      "properties": {
        "id": 106,
        "height_m": 11.7
      },
      "geometry": {
        "type": "Point",
        "coordinates": [
          -119.15969723220209,
          34.43246462017464
        ]
      }
    },
    {
      "type": "Feature",
      "properties": {
        "id": 107,
        "height_m": 5.8
      },
      "geometry": {
        "type": "Point",
        "coordinates": [
          -119.15969614316661,
          34.43479680777833
        ]
      }
    },
    {
      "type": "Feature",
      "properties": {
        "id": 108,
        "height_m": 4.9
      },
      "geometry": {
        "type": "Point",
        "coordinates": [
          -119.15969614316661,
          34.43483389867507
        ]
      }
    },
    {
      "type": "Feature",
      "properties": {
        "id": 109,
        "height_m": 7.7
      },
      "geometry": {
        "type": "Point",
        "coordinates": [
          -119.15969505413115,
          34.434644826600696
        ]
      }
    },
    {
      "type": "Feature",
      "properties": {
        "id": 110,
        "height_m": 11.8
      },
      "geometry": {
        "type": "Point",
        "coordinates": [
          -119.1596928760602,
          34.43341450321099
        ]
      }
    },
    {
      "type": "Feature",
      "properties": {
        "id": 111,
        "height_m": 5.2
      },
      "geometry": {
        "type": "Point",
        "coordinates": [
          -119.15969178702473,
          34.43474705215907
        ]
      }
    },
    {
      "type": "Feature",
      "properties": {
        "id": 112,
        "height_m": 6.0
      },
      "geometry": {
        "type": "Point",
        "coordinates": [
          -119.15968634184738,
          34.432707066360436
        ]
      }
    },
    {
      "type": "Feature",
      "properties": {
        "id": 113,
        "height_m": 5.5
      },
      "geometry": {
        "type": "Point",
        "coordinates": [
          -119.15968525281191,
          34.43300198248534
        ]
      }
    },
    {
      "type": "Feature",
      "properties": {
        "id": 114,
        "height_m": 10.5
      },
      "geometry": {
        "type": "Point",
        "coordinates": [
          -119.15968089558207,
          34.43381797680479
        ]
      }
    },
    {
      "type": "Feature",
      "properties": {
        "id": 115,
        "height_m": 7.1
      },
      "geometry": {
        "type": "Point",
        "coordinates": [
          -119.15967436136924,
          34.433778172489674
        ]
      }
    },
    {
      "type": "Feature",
      "properties": {
        "id": 116,
        "height_m": 4.9
      },
      "geometry": {
        "type": "Point",
        "coordinates": [
          -119.15966782715641,
          34.43424044793312
        ]
      }
    },
    {
      "type": "Feature",
      "properties": {
        "id": 117,
        "height_m": 9.9
      },
      "geometry": {
        "type": "Point",
        "coordinates": [
          -119.15966346992658,
          34.431578063455326
        ]
      }
    },
    {
      "type": "Feature",
      "properties": {
        "id": 118,
        "height_m": 5.3
      },
      "geometry": {
        "type": "Point",
        "coordinates": [
          -119.15966346992658,
          34.43417169477934
        ]
      }
    },
    {
      "type": "Feature",
      "properties": {
        "id": 119,
        "height_m": 4.7
      },
      "geometry": {
        "type": "Point",
        "coordinates": [
          -119.15965257957187,
          34.43463487529655
        ]
      }
    },
    {
      "type": "Feature",
      "properties": {
        "id": 120,
        "height_m": 4.8
      },
      "geometry": {
        "type": "Point",
        "coordinates": [
          -119.15965040041299,
          34.43420245286408
        ]
      }
    },
    {
      "type": "Feature",
      "properties": {
        "id": 121,
        "height_m": 13.0
      },
      "geometry": {
        "type": "Point",
        "coordinates": [
          -119.1596493113775,
          34.43403237832422
        ]
      }
    },
    {
      "type": "Feature",
      "properties": {
        "id": 122,
        "height_m": 3.4
      },
      "geometry": {
        "type": "Point",
        "coordinates": [
          -119.15964822234204,
          34.43259941306383
        ]
      }
    },
    {
      "type": "Feature",
      "properties": {
        "id": 123,
        "height_m": 14.3
      },
      "geometry": {
        "type": "Point",
        "coordinates": [
          -119.15964713330656,
          34.432857238292
        ]
      }
    },
    {
      "type": "Feature",
      "properties": {
        "id": 124,
        "height_m": 6.5
      },
      "geometry": {
        "type": "Point",
        "coordinates": [
          -119.15964713330656,
          34.43480223551656
        ]
      }
    },
    {
      "type": "Feature",
      "properties": {
        "id": 125,
        "height_m": 10.3
      },
      "geometry": {
        "type": "Point",
        "coordinates": [
          -119.15964386620016,
          34.43153102215591
        ]
      }
    },
    {
      "type": "Feature",
      "properties": {
        "id": 126,
        "height_m": 14.3
      },
      "geometry": {
        "type": "Point",
        "coordinates": [
          -119.15964386620016,
          34.43243838565582
        ]
      }
    },
    {
      "type": "Feature",
      "properties": {
        "id": 127,
        "height_m": 14.4
      },
      "geometry": {
        "type": "Point",
        "coordinates": [
          -119.15964277716469,
          34.43187659807238
        ]
      }
    },
    {
      "type": "Feature",
      "properties": {
        "id": 128,
        "height_m": 4.3
      },
      "geometry": {
        "type": "Point",
        "coordinates": [
          -119.15964277716469,
          34.43250804388338
        ]
      }
    },
    {
      "type": "Feature",
      "properties": {
        "id": 129,
        "height_m": 5.6
      },
      "geometry": {
        "type": "Point",
        "coordinates": [
          -119.15964277716469,
          34.432973938720444
        ]
      }
    },
    {
      "type": "Feature",
      "properties": {
        "id": 130,
        "height_m": 5.2
      },
      "geometry": {
        "type": "Point",
        "coordinates": [
          -119.15964277716469,
          34.434696391466034
        ]
      }
    },
    {
      "type": "Feature",
      "properties": {
        "id": 131,
        "height_m": 4.5
      },
      "geometry": {
        "type": "Point",
        "coordinates": [
          -119.15964277716469,
          34.43488093997449
        ]
      }
    },
    {
      "type": "Feature",
      "properties": {
        "id": 132,
        "height_m": 7.5
      },
      "geometry": {
        "type": "Point",
        "coordinates": [
          -119.1596384210228,
          34.43264283677257
        ]
      }
    },
    {
      "type": "Feature",
      "properties": {
        "id": 133,
        "height_m": 13.6
      },
      "geometry": {
        "type": "Point",
        "coordinates": [
          -119.1596329747575,
          34.431717379910445
        ]
      }
    },
    {
      "type": "Feature",
      "properties": {
        "id": 134,
        "height_m": 8.0
      },
      "geometry": {
        "type": "Point",
        "coordinates": [
          -119.15963079668656,
          34.4318015121066
        ]
      }
    },
    {
      "type": "Feature",
      "properties": {
        "id": 135,
        "height_m": 10.9
      },
      "geometry": {
        "type": "Point",
        "coordinates": [
          -119.15962861861561,
          34.43175989854541
        ]
      }
    },
    {
      "type": "Feature",
      "properties": {
        "id": 136,
        "height_m": 5.2
      },
      "geometry": {
        "type": "Point",
        "coordinates": [
          -119.15962644054467,
          34.43269621088398
        ]
      }
    },
    {
      "type": "Feature",
      "properties": {
        "id": 137,
        "height_m": 9.0
      },
      "geometry": {
        "type": "Point",
        "coordinates": [
          -119.15962426247373,
          34.4337836002279
        ]
      }
    },
    {
      "type": "Feature",
      "properties": {
        "id": 138,
        "height_m": 12.3
      },
      "geometry": {
        "type": "Point",
        "coordinates": [
          -119.15961881729638,
          34.43143060584361
        ]
      }
    },
    {
      "type": "Feature",
      "properties": {
        "id": 139,
        "height_m": 10.0
      },
      "geometry": {
        "type": "Point",
        "coordinates": [
          -119.15961881729638,
          34.43213532747285
        ]
      }
    },
    {
      "type": "Feature",
      "properties": {
        "id": 140,
        "height_m": 8.0
      },
      "geometry": {
        "type": "Point",
        "coordinates": [
          -119.15961663813748,
          34.432181464599964
        ]
      }
    },
    {
      "type": "Feature",
      "properties": {
        "id": 141,
        "height_m": 3.7
      },
      "geometry": {
        "type": "Point",
        "coordinates": [
          -119.15961554910201,
          34.4336976578842
        ]
      }
    },
    {
      "type": "Feature",
      "properties": {
        "id": 142,
        "height_m": 10.7
      },
      "geometry": {
        "type": "Point",
        "coordinates": [
          -119.15961554910201,
          34.433974481548354
        ]
      }
    },
    {
      "type": "Feature",
      "properties": {
        "id": 143,
        "height_m": 3.8
      },
      "geometry": {
        "type": "Point",
        "coordinates": [
          -119.15961337103107,
          34.432486332029015
        ]
      }
    },
    {
      "type": "Feature",
      "properties": {
        "id": 144,
        "height_m": 6.8
      },
      "geometry": {
        "type": "Point",
        "coordinates": [
          -119.15961337103107,
          34.43300741022356
        ]
      }
    },
    {
      "type": "Feature",
      "properties": {
        "id": 145,
        "height_m": 13.0
      },
      "geometry": {
        "type": "Point",
        "coordinates": [
          -119.15961119296013,
          34.43292508727348
        ]
      }
    },
    {
      "type": "Feature",
      "properties": {
        "id": 146,
        "height_m": 15.4
      },
      "geometry": {
        "type": "Point",
        "coordinates": [
          -119.15961010392465,
          34.43225202790129
        ]
      }
    },
    {
      "type": "Feature",
      "properties": {
        "id": 147,
        "height_m": 13.7
      },
      "geometry": {
        "type": "Point",
        "coordinates": [
          -119.15960683681824,
          34.434059517916815
        ]
      }
    },
    {
      "type": "Feature",
      "properties": {
        "id": 148,
        "height_m": 7.2
      },
      "geometry": {
        "type": "Point",
        "coordinates": [
          -119.159599212482,
          34.43468282166974
        ]
      }
    },
    {
      "type": "Feature",
      "properties": {
        "id": 149,
        "height_m": 5.1
      },
      "geometry": {
        "type": "Point",
        "coordinates": [
          -119.1595948563401,
          34.43489089127864
        ]
      }
    },
    {
      "type": "Feature",
      "properties": {
        "id": 150,
        "height_m": 3.8
      },
      "geometry": {
        "type": "Point",
        "coordinates": [
          -119.15958723309181,
          34.432773106095844
        ]
      }
    },
    {
      "type": "Feature",
      "properties": {
        "id": 151,
        "height_m": 2.8
      },
      "geometry": {
        "type": "Point",
        "coordinates": [
          -119.15958614405633,
          34.434547124608244
        ]
      }
    },
    {
      "type": "Feature",
      "properties": {
        "id": 152,
        "height_m": 12.4
      },
      "geometry": {
        "type": "Point",
        "coordinates": [
          -119.15958396489745,
          34.431520165778
        ]
      }
    },
    {
      "type": "Feature",
      "properties": {
        "id": 153,
        "height_m": 7.5
      },
      "geometry": {
        "type": "Point",
        "coordinates": [
          -119.15958396489745,
          34.43255689442887
        ]
      }
    },
    {
      "type": "Feature",
      "properties": {
        "id": 154,
        "height_m": 11.6
      },
      "geometry": {
        "type": "Point",
        "coordinates": [
          -119.15958396489745,
          34.43281471965704
        ]
      }
    },
    {
      "type": "Feature",
      "properties": {
        "id": 155,
        "height_m": 6.8
      },
      "geometry": {
        "type": "Point",
        "coordinates": [
          -119.15957960875556,
          34.43252523217183
        ]
      }
    },
    {
      "type": "Feature",
      "properties": {
        "id": 156,
        "height_m": 4.7
      },
      "geometry": {
        "type": "Point",
        "coordinates": [
          -119.15957743068462,
          34.43340636115291
        ]
      }
    },
    {
      "type": "Feature",
      "properties": {
        "id": 157,
        "height_m": 11.7
      },
      "geometry": {
        "type": "Point",
        "coordinates": [
          -119.15957525261368,
          34.431673956201706
        ]
      }
    },
    {
      "type": "Feature",
      "properties": {
        "id": 158,
        "height_m": 5.6
      },
      "geometry": {
        "type": "Point",
        "coordinates": [
          -119.15957198550727,
          34.43273872951895
        ]
      }
    },
    {
      "type": "Feature",
      "properties": {
        "id": 159,
        "height_m": 11.0
      },
      "geometry": {
        "type": "Point",
        "coordinates": [
          -119.15957198550727,
          34.43401971360169
        ]
      }
    },
    {
      "type": "Feature",
      "properties": {
        "id": 160,
        "height_m": 16.5
      },
      "geometry": {
        "type": "Point",
        "coordinates": [
          -119.15956980743633,
          34.4313989426851
        ]
      }
    },
    {
      "type": "Feature",
      "properties": {
        "id": 161,
        "height_m": 4.6
      },
      "geometry": {
        "type": "Point",
        "coordinates": [
          -119.15956871731291,
          34.43263831320665
        ]
      }
    },
    {
      "type": "Feature",
      "properties": {
        "id": 162,
        "height_m": 3.0
      },
      "geometry": {
        "type": "Point",
        "coordinates": [
          -119.15956000502914,
          34.43422054622629
        ]
      }
    },
    {
      "type": "Feature",
      "properties": {
        "id": 163,
        "height_m": 7.5
      },
      "geometry": {
        "type": "Point",
        "coordinates": [
          -119.15955891599367,
          34.434737100854925
        ]
      }
    },
    {
      "type": "Feature",
      "properties": {
        "id": 164,
        "height_m": 7.8
      },
      "geometry": {
        "type": "Point",
        "coordinates": [
          -119.15955782695819,
          34.43478776154796
        ]
      }
    },
    {
      "type": "Feature",
      "properties": {
        "id": 165,
        "height_m": 6.7
      },
      "geometry": {
        "type": "Point",
        "coordinates": [
          -119.15955673792273,
          34.43465477790484
        ]
      }
    },
    {
      "type": "Feature",
      "properties": {
        "id": 166,
        "height_m": 7.1
      },
      "geometry": {
        "type": "Point",
        "coordinates": [
          -119.15955673792273,
          34.43483842133953
        ]
      }
    },
    {
      "type": "Feature",
      "properties": {
        "id": 167,
        "height_m": 9.0
      },
      "geometry": {
        "type": "Point",
        "coordinates": [
          -119.1595534708163,
          34.43258584326754
        ]
      }
    },
    {
      "type": "Feature",
      "properties": {
        "id": 168,
        "height_m": 14.8
      },
      "geometry": {
        "type": "Point",
        "coordinates": [
          -119.15954911358648,
          34.431199920208044
        ]
      }
    },
    {
      "type": "Feature",
      "properties": {
        "id": 169,
        "height_m": 7.7
      },
      "geometry": {
        "type": "Point",
        "coordinates": [
          -119.15954475744459,
          34.43470724784395
        ]
      }
    },
    {
      "type": "Feature",
      "properties": {
        "id": 170,
        "height_m": 6.4
      },
      "geometry": {
        "type": "Point",
        "coordinates": [
          -119.15954475744459,
          34.434873702990195
        ]
      }
    },
    {
      "type": "Feature",
      "properties": {
        "id": 171,
        "height_m": 16.9
      },
      "geometry": {
        "type": "Point",
        "coordinates": [
          -119.1595404013027,
          34.43185669546409
        ]
      }
    },
    {
      "type": "Feature",
      "properties": {
        "id": 172,
        "height_m": 15.2
      },
      "geometry": {
        "type": "Point",
        "coordinates": [
          -119.1595404013027,
          34.43391567879725
        ]
      }
    },
    {
      "type": "Feature",
      "properties": {
        "id": 173,
        "height_m": 3.6
      },
      "geometry": {
        "type": "Point",
        "coordinates": [
          -119.15953822323176,
          34.43299926816549
        ]
      }
    },
    {
      "type": "Feature",
      "properties": {
        "id": 174,
        "height_m": 6.8
      },
      "geometry": {
        "type": "Point",
        "coordinates": [
          -119.1595349550374,
          34.432507138809605
        ]
      }
    },
    {
      "type": "Feature",
      "properties": {
        "id": 175,
        "height_m": 6.7
      },
      "geometry": {
        "type": "Point",
        "coordinates": [
          -119.159531687931,
          34.43340636115291
        ]
      }
    },
    {
      "type": "Feature",
      "properties": {
        "id": 176,
        "height_m": 6.4
      },
      "geometry": {
        "type": "Point",
        "coordinates": [
          -119.15953059889551,
          34.43490355690263
        ]
      }
    },
    {
      "type": "Feature",
      "properties": {
        "id": 177,
        "height_m": 7.8
      },
      "geometry": {
        "type": "Point",
        "coordinates": [
          -119.1595273317891,
          34.43246281092857
        ]
      }
    },
    {
      "type": "Feature",
      "properties": {
        "id": 178,
        "height_m": 15.5
      },
      "geometry": {
        "type": "Point",
        "coordinates": [
          -119.15952406468269,
          34.43282286171511
        ]
      }
    },
    {
      "type": "Feature",
      "properties": {
        "id": 179,
        "height_m": 4.5
      },
      "geometry": {
        "type": "Point",
        "coordinates": [
          -119.15952079648834,
          34.43442680568765
        ]
      }
    },
    {
      "type": "Feature",
      "properties": {
        "id": 180,
        "height_m": 12.7
      },
      "geometry": {
        "type": "Point",
        "coordinates": [
          -119.15951752938192,
          34.43178251457208
        ]
      }
    },
    {
      "type": "Feature",
      "properties": {
        "id": 181,
        "height_m": 12.6
      },
      "geometry": {
        "type": "Point",
        "coordinates": [
          -119.15951426227551,
          34.4312713867802
        ]
      }
    },
    {
      "type": "Feature",
      "properties": {
        "id": 182,
        "height_m": 15.8
      },
      "geometry": {
        "type": "Point",
        "coordinates": [
          -119.15951208420456,
          34.43376550686568
        ]
      }
    },
    {
      "type": "Feature",
      "properties": {
        "id": 183,
        "height_m": 7.2
      },
      "geometry": {
        "type": "Point",
        "coordinates": [
          -119.15950990613362,
          34.43474252859315
        ]
      }
    },
    {
      "type": "Feature",
      "properties": {
        "id": 184,
        "height_m": 13.8
      },
      "geometry": {
        "type": "Point",
        "coordinates": [
          -119.15950337083284,
          34.43147674297072
        ]
      }
    },
    {
      "type": "Feature",
      "properties": {
        "id": 185,
        "height_m": 16.8
      },
      "geometry": {
        "type": "Point",
        "coordinates": [
          -119.15950337083284,
          34.431550019690434
        ]
      }
    },
    {
      "type": "Feature",
      "properties": {
        "id": 186,
        "height_m": 11.3
      },
      "geometry": {
        "type": "Point",
        "coordinates": [
          -119.15950337083284,
          34.43332946594106
        ]
      }
    },
    {
      "type": "Feature",
      "properties": {
        "id": 187,
        "height_m": 13.4
      },
      "geometry": {
        "type": "Point",
        "coordinates": [
          -119.15950228179737,
          34.43136185178836
        ]
      }
    },
    {
      "type": "Feature",
      "properties": {
        "id": 188,
        "height_m": 13.1
      },
      "geometry": {
        "type": "Point",
        "coordinates": [
          -119.1595011927619,
          34.43115468725323
        ]
      }
    },
    {
      "type": "Feature",
      "properties": {
        "id": 189,
        "height_m": 3.8
      },
      "geometry": {
        "type": "Point",
        "coordinates": [
          -119.1595011927619,
          34.43213623254662
        ]
      }
    },
    {
      "type": "Feature",
      "properties": {
        "id": 190,
        "height_m": 9.9
      },
      "geometry": {
        "type": "Point",
        "coordinates": [
          -119.15949901469097,
          34.43327880524802
        ]
      }
    },
    {
      "type": "Feature",
      "properties": {
        "id": 191,
        "height_m": 7.4
      },
      "geometry": {
        "type": "Point",
        "coordinates": [
          -119.15949901469097,
          34.43478142873597
        ]
      }
    },
    {
      "type": "Feature",
      "properties": {
        "id": 192,
        "height_m": 6.3
      },
      "geometry": {
        "type": "Point",
        "coordinates": [
          -119.15949792565549,
          34.43488727278649
        ]
      }
    },
    {
      "type": "Feature",
      "properties": {
        "id": 193,
        "height_m": 12.9
      },
      "geometry": {
        "type": "Point",
        "coordinates": [
          -119.15949574758454,
          34.431676670521554
        ]
      }
    },
    {
      "type": "Feature",
      "properties": {
        "id": 194,
        "height_m": 5.5
      },
      "geometry": {
        "type": "Point",
        "coordinates": [
          -119.15949139144266,
          34.43340093341469
        ]
      }
    },
    {
      "type": "Feature",
      "properties": {
        "id": 195,
        "height_m": 7.5
      },
      "geometry": {
        "type": "Point",
        "coordinates": [
          -119.15949030240719,
          34.43310149372387
        ]
      }
    },
    {
      "type": "Feature",
      "properties": {
        "id": 196,
        "height_m": 11.3
      },
      "geometry": {
        "type": "Point",
        "coordinates": [
          -119.15948921337171,
          34.43189378636083
        ]
      }
    },
    {
      "type": "Feature",
      "properties": {
        "id": 197,
        "height_m": 13.5
      },
      "geometry": {
        "type": "Point",
        "coordinates": [
          -119.1594805,
          34.430974662310696
        ]
      }
    },
    {
      "type": "Feature",
      "properties": {
        "id": 198,
        "height_m": 14.6
      },
      "geometry": {
        "type": "Point",
        "coordinates": [
          -119.1594772328936,
          34.431966158006766
        ]
      }
    },
    {
      "type": "Feature",
      "properties": {
        "id": 199,
        "height_m": 9.7
      },
      "geometry": {
        "type": "Point",
        "coordinates": [
          -119.15947505482265,
          34.431312096169094
        ]
      }
    },
    {
      "type": "Feature",
      "properties": {
        "id": 200,
        "height_m": 3.0
      },
      "geometry": {
        "type": "Point",
        "coordinates": [
          -119.15947505482265,
          34.434200643618
        ]
      }
    },
    {
      "type": "Feature",
      "properties": {
        "id": 201,
        "height_m": 6.0
      },
      "geometry": {
        "type": "Point",
        "coordinates": [
          -119.1594728767517,
          34.43252432709805
        ]
      }
    },
    {
      "type": "Feature",
      "properties": {
        "id": 202,
        "height_m": 5.3
      },
      "geometry": {
        "type": "Point",
        "coordinates": [
          -119.15946960855734,
          34.432257455639515
        ]
      }
    },
    {
      "type": "Feature",
      "properties": {
        "id": 203,
        "height_m": 3.5
      },
      "geometry": {
        "type": "Point",
        "coordinates": [
          -119.15946851952187,
          34.43214256535862
        ]
      }
    },
    {
      "type": "Feature",
      "properties": {
        "id": 204,
        "height_m": 13.7
      },
      "geometry": {
        "type": "Point",
        "coordinates": [
          -119.15946634145092,
          34.43141070323532
        ]
      }
    },
    {
      "type": "Feature",
      "properties": {
        "id": 205,
        "height_m": 8.1
      },
      "geometry": {
        "type": "Point",
        "coordinates": [
          -119.15946634145092,
          34.432967605908445
        ]
      }
    },
    {
      "type": "Feature",
      "properties": {
        "id": 206,
        "height_m": 7.7
      },
      "geometry": {
        "type": "Point",
        "coordinates": [
          -119.15946525241546,
          34.43483389867507
        ]
      }
    },
    {
      "type": "Feature",
      "properties": {
        "id": 207,
        "height_m": 8.7
      },
      "geometry": {
        "type": "Point",
        "coordinates": [
          -119.15946416337998,
          34.43271973198443
        ]
      }
    },
    {
      "type": "Feature",
      "properties": {
        "id": 208,
        "height_m": 7.7
      },
      "geometry": {
        "type": "Point",
        "coordinates": [
          -119.15946307434452,
          34.434700915031954
        ]
      }
    },
    {
      "type": "Feature",
      "properties": {
        "id": 209,
        "height_m": 10.4
      },
      "geometry": {
        "type": "Point",
        "coordinates": [
          -119.15946198530904,
          34.43121349000434
        ]
      }
    },
    {
      "type": "Feature",
      "properties": {
        "id": 210,
        "height_m": 15.9
      },
      "geometry": {
        "type": "Point",
        "coordinates": [
          -119.15946089627357,
          34.43387677865443
        ]
      }
    },
    {
      "type": "Feature",
      "properties": {
        "id": 211,
        "height_m": 2.6
      },
      "geometry": {
        "type": "Point",
        "coordinates": [
          -119.15946089627357,
          34.434544410288396
        ]
      }
    },
    {
      "type": "Feature",
      "properties": {
        "id": 212,
        "height_m": 8.3
      },
      "geometry": {
        "type": "Point",
        "coordinates": [
          -119.15945871820263,
          34.43435171972187
        ]
      }
    },
    {
      "type": "Feature",
      "properties": {
        "id": 213,
        "height_m": 12.1
      },
      "geometry": {
        "type": "Point",
        "coordinates": [
          -119.15945545000827,
          34.43330232634847
        ]
      }
    },
    {
      "type": "Feature",
      "properties": {
        "id": 214,
        "height_m": 16.1
      },
      "geometry": {
        "type": "Point",
        "coordinates": [
          -119.1594543609728,
          34.43150026407117
        ]
      }
    },
    {
      "type": "Feature",
      "properties": {
        "id": 215,
        "height_m": 5.4
      },
      "geometry": {
        "type": "Point",
        "coordinates": [
          -119.15945109386638,
          34.433399124168616
        ]
      }
    },
    {
      "type": "Feature",
      "properties": {
        "id": 216,
        "height_m": 8.3
      },
      "geometry": {
        "type": "Point",
        "coordinates": [
          -119.15945000483092,
          34.4347316731167
        ]
      }
    },
    {
      "type": "Feature",
      "properties": {
        "id": 217,
        "height_m": 13.3
      },
      "geometry": {
        "type": "Point",
        "coordinates": [
          -119.15944891579544,
          34.431353710631754
        ]
      }
    },
    {
      "type": "Feature",
      "properties": {
        "id": 218,
        "height_m": 4.3
      },
      "geometry": {
        "type": "Point",
        "coordinates": [
          -119.15944347061809,
          34.43246552524842
        ]
      }
    },
    {
      "type": "Feature",
      "properties": {
        "id": 219,
        "height_m": 6.1
      },
      "geometry": {
        "type": "Point",
        "coordinates": [
          -119.15944238158261,
          34.43411108368362
        ]
      }
    },
    {
      "type": "Feature",
      "properties": {
        "id": 220,
        "height_m": 8.8
      },
      "geometry": {
        "type": "Point",
        "coordinates": [
          -119.15944238158261,
          34.434778715317584
        ]
      }
    },
    {
      "type": "Feature",
      "properties": {
        "id": 221,
        "height_m": 7.0
      },
      "geometry": {
        "type": "Point",
        "coordinates": [
          -119.15944020351166,
          34.43492255443715
        ]
      }
    },
    {
      "type": "Feature",
      "properties": {
        "id": 222,
        "height_m": 12.9
      },
      "geometry": {
        "type": "Point",
        "coordinates": [
          -119.15943802435278,
          34.431633246812815
        ]
      }
    },
    {
      "type": "Feature",
      "properties": {
        "id": 223,
        "height_m": 13.9
      },
      "geometry": {
        "type": "Point",
        "coordinates": [
          -119.15943802435278,
          34.43185398204571
        ]
      }
    },
    {
      "type": "Feature",
      "properties": {
        "id": 224,
        "height_m": 12.1
      },
      "geometry": {
        "type": "Point",
        "coordinates": [
          -119.15943584628184,
          34.43101537169959
        ]
      }
    },
    {
      "type": "Feature",
      "properties": {
        "id": 225,
        "height_m": 9.2
      },
      "geometry": {
        "type": "Point",
        "coordinates": [
          -119.15943149013995,
          34.434039616209986
        ]
      }
    },
    {
      "type": "Feature",
      "properties": {
        "id": 226,
        "height_m": 20.2
      },
      "geometry": {
        "type": "Point",
        "coordinates": [
          -119.15942277676824,
          34.433769125357834
        ]
      }
    },
    {
      "type": "Feature",
      "properties": {
        "id": 227,
        "height_m": 14.5
      },
      "geometry": {
        "type": "Point",
        "coordinates": [
          -119.15942168773276,
          34.43094933196418
        ]
      }
    },
    {
      "type": "Feature",
      "properties": {
        "id": 228,
        "height_m": 3.0
      },
      "geometry": {
        "type": "Point",
        "coordinates": [
          -119.15941842062635,
          34.433125014824306
        ]
      }
    },
    {
      "type": "Feature",
      "properties": {
        "id": 229,
        "height_m": 6.5
      },
      "geometry": {
        "type": "Point",
        "coordinates": [
          -119.15941624255541,
          34.43465568207715
        ]
      }
    },
    {
      "type": "Feature",
      "properties": {
        "id": 230,
        "height_m": 10.4
      },
      "geometry": {
        "type": "Point",
        "coordinates": [
          -119.15941406448447,
          34.43075754647142
        ]
      }
    },
    {
      "type": "Feature",
      "properties": {
        "id": 231,
        "height_m": 5.4
      },
      "geometry": {
        "type": "Point",
        "coordinates": [
          -119.159412975449,
          34.43449917823506
        ]
      }
    },
    {
      "type": "Feature",
      "properties": {
        "id": 232,
        "height_m": 7.7
      },
      "geometry": {
        "type": "Point",
        "coordinates": [
          -119.159412975449,
          34.43481218682071
        ]
      }
    },
    {
      "type": "Feature",
      "properties": {
        "id": 233,
        "height_m": 14.6
      },
      "geometry": {
        "type": "Point",
        "coordinates": [
          -119.15941079737806,
          34.431767135529704
        ]
      }
    },
    {
      "type": "Feature",
      "properties": {
        "id": 234,
        "height_m": 5.4
      },
      "geometry": {
        "type": "Point",
        "coordinates": [
          -119.15941079737806,
          34.43222850680085
        ]
      }
    },
    {
      "type": "Feature",
      "properties": {
        "id": 235,
        "height_m": 16.0
      },
      "geometry": {
        "type": "Point",
        "coordinates": [
          -119.1594075291837,
          34.431569921397255
        ]
      }
    },
    {
      "type": "Feature",
      "properties": {
        "id": 236,
        "height_m": 11.4
      },
      "geometry": {
        "type": "Point",
        "coordinates": [
          -119.15940644014822,
          34.43143603358184
        ]
      }
    },
    {
      "type": "Feature",
      "properties": {
        "id": 237,
        "height_m": 16.6
      },
      "geometry": {
        "type": "Point",
        "coordinates": [
          -119.15940644014822,
          34.43199420267313
        ]
      }
    },
    {
      "type": "Feature",
      "properties": {
        "id": 238,
        "height_m": 9.5
      },
      "geometry": {
        "type": "Point",
        "coordinates": [
          -119.15940644014822,
          34.433957292358436
        ]
      }
    },
    {
      "type": "Feature",
      "properties": {
        "id": 239,
        "height_m": 6.7
      },
      "geometry": {
        "type": "Point",
        "coordinates": [
          -119.15940535111275,
          34.434472942814764
        ]
      }
    },
    {
      "type": "Feature",
      "properties": {
        "id": 240,
        "height_m": 13.2
      },
      "geometry": {
        "type": "Point",
        "coordinates": [
          -119.15940208400633,
          34.431257817885374
        ]
      }
    },
    {
      "type": "Feature",
      "properties": {
        "id": 241,
        "height_m": 3.8
      },
      "geometry": {
        "type": "Point",
        "coordinates": [
          -119.15940099497087,
          34.43299474550104
        ]
      }
    },
    {
      "type": "Feature",
      "properties": {
        "id": 242,
        "height_m": 7.5
      },
      "geometry": {
        "type": "Point",
        "coordinates": [
          -119.15940099497087,
          34.434700009958185
        ]
      }
    },
    {
      "type": "Feature",
      "properties": {
        "id": 243,
        "height_m": 6.7
      },
      "geometry": {
        "type": "Point",
        "coordinates": [
          -119.15940099497087,
          34.43484746847137
        ]
      }
    },
    {
      "type": "Feature",
      "properties": {
        "id": 244,
        "height_m": 4.8
      },
      "geometry": {
        "type": "Point",
        "coordinates": [
          -119.15939990593539,
          34.43456612214276
        ]
      }
    },
    {
      "type": "Feature",
      "properties": {
        "id": 245,
        "height_m": 3.3
      },
      "geometry": {
        "type": "Point",
        "coordinates": [
          -119.15939881689992,
          34.43439604760291
        ]
      }
    },
    {
      "type": "Feature",
      "properties": {
        "id": 246,
        "height_m": 10.3
      },
      "geometry": {
        "type": "Point",
        "coordinates": [
          -119.15939772786446,
          34.43070507653231
        ]
      }
    },
    {
      "type": "Feature",
      "properties": {
        "id": 247,
        "height_m": 8.1
      },
      "geometry": {
        "type": "Point",
        "coordinates": [
          -119.15939554979352,
          34.43475609838944
        ]
      }
    },
    {
      "type": "Feature",
      "properties": {
        "id": 248,
        "height_m": 8.4
      },
      "geometry": {
        "type": "Point",
        "coordinates": [
          -119.15939010352821,
          34.43256865497909
        ]
      }
    },
    {
      "type": "Feature",
      "properties": {
        "id": 249,
        "height_m": 13.8
      },
      "geometry": {
        "type": "Point",
        "coordinates": [
          -119.15939010352821,
          34.43384963906184
        ]
      }
    },
    {
      "type": "Feature",
      "properties": {
        "id": 250,
        "height_m": 4.5
      },
      "geometry": {
        "type": "Point",
        "coordinates": [
          -119.15938901449273,
          34.43217694193551
        ]
      }
    },
    {
      "type": "Feature",
      "properties": {
        "id": 251,
        "height_m": 10.1
      },
      "geometry": {
        "type": "Point",
        "coordinates": [
          -119.15938792545727,
          34.431394420020645
        ]
      }
    },
    {
      "type": "Feature",
      "properties": {
        "id": 252,
        "height_m": 6.1
      },
      "geometry": {
        "type": "Point",
        "coordinates": [
          -119.15938792545727,
          34.432748680823096
        ]
      }
    },
    {
      "type": "Feature",
      "properties": {
        "id": 253,
        "height_m": 9.9
      },
      "geometry": {
        "type": "Point",
        "coordinates": [
          -119.15938574738632,
          34.43120082438035
        ]
      }
    },
    {
      "type": "Feature",
      "properties": {
        "id": 254,
        "height_m": 15.4
      },
      "geometry": {
        "type": "Point",
        "coordinates": [
          -119.15938465835085,
          34.431662195651484
        ]
      }
    },
    {
      "type": "Feature",
      "properties": {
        "id": 255,
        "height_m": 6.8
      },
      "geometry": {
        "type": "Point",
        "coordinates": [
          -119.15938356931538,
          34.43260212738368
        ]
      }
    },
    {
      "type": "Feature",
      "properties": {
        "id": 256,
        "height_m": 3.4
      },
      "geometry": {
        "type": "Point",
        "coordinates": [
          -119.15938139124444,
          34.43204033980024
        ]
      }
    },
    {
      "type": "Feature",
      "properties": {
        "id": 257,
        "height_m": 4.7
      },
      "geometry": {
        "type": "Point",
        "coordinates": [
          -119.15938139124444,
          34.43461587776203
        ]
      }
    },
    {
      "type": "Feature",
      "properties": {
        "id": 258,
        "height_m": 12.1
      },
      "geometry": {
        "type": "Point",
        "coordinates": [
          -119.15937594606709,
          34.43107869711515
        ]
      }
    },
    {
      "type": "Feature",
      "properties": {
        "id": 259,
        "height_m": 9.9
      },
      "geometry": {
        "type": "Point",
        "coordinates": [
          -119.15937594606709,
          34.433931057839615
        ]
      }
    },
    {
      "type": "Feature",
      "properties": {
        "id": 260,
        "height_m": 5.5
      },
      "geometry": {
        "type": "Point",
        "coordinates": [
          -119.15937485594367,
          34.43457607344691
        ]
      }
    },
    {
      "type": "Feature",
      "properties": {
        "id": 261,
        "height_m": 6.3
      },
      "geometry": {
        "type": "Point",
        "coordinates": [
          -119.15937376690819,
          34.434553457420236
        ]
      }
    },
    {
      "type": "Feature",
      "properties": {
        "id": 262,
        "height_m": 13.3
      },
      "geometry": {
        "type": "Point",
        "coordinates": [
          -119.15937049980178,
          34.43100632456774
        ]
      }
    },
    {
      "type": "Feature",
      "properties": {
        "id": 263,
        "height_m": 7.0
      },
      "geometry": {
        "type": "Point",
        "coordinates": [
          -119.15937049980178,
          34.43250352031746
        ]
      }
    },
    {
      "type": "Feature",
      "properties": {
        "id": 264,
        "height_m": 11.5
      },
      "geometry": {
        "type": "Point",
        "coordinates": [
          -119.1593661436599,
          34.43091495538729
        ]
      }
    },
    {
      "type": "Feature",
      "properties": {
        "id": 265,
        "height_m": 16.8
      },
      "geometry": {
        "type": "Point",
        "coordinates": [
          -119.1593661436599,
          34.43187750224469
        ]
      }
    },
    {
      "type": "Feature",
      "properties": {
        "id": 266,
        "height_m": 4.7
      },
      "geometry": {
        "type": "Point",
        "coordinates": [
          -119.15936505462442,
          34.432283690158336
        ]
      }
    },
    {
      "type": "Feature",
      "properties": {
        "id": 267,
        "height_m": 12.9
      },
      "geometry": {
        "type": "Point",
        "coordinates": [
          -119.15936396558895,
          34.431482170708954
        ]
      }
    },
    {
      "type": "Feature",
      "properties": {
        "id": 268,
        "height_m": 12.0
      },
      "geometry": {
        "type": "Point",
        "coordinates": [
          -119.15936178751801,
          34.43329328011809
        ]
      }
    },
    {
      "type": "Feature",
      "properties": {
        "id": 269,
        "height_m": 12.3
      },
      "geometry": {
        "type": "Point",
        "coordinates": [
          -119.15936069848253,
          34.43078649531009
        ]
      }
    },
    {
      "type": "Feature",
      "properties": {
        "id": 270,
        "height_m": 6.2
      },
      "geometry": {
        "type": "Point",
        "coordinates": [
          -119.15935960944707,
          34.43315577290905
        ]
      }
    },
    {
      "type": "Feature",
      "properties": {
        "id": 271,
        "height_m": 4.2
      },
      "geometry": {
        "type": "Point",
        "coordinates": [
          -119.15935743028817,
          34.430571187815424
        ]
      }
    },
    {
      "type": "Feature",
      "properties": {
        "id": 272,
        "height_m": 8.1
      },
      "geometry": {
        "type": "Point",
        "coordinates": [
          -119.15935525221724,
          34.43488455846664
        ]
      }
    },
    {
      "type": "Feature",
      "properties": {
        "id": 273,
        "height_m": 3.5
      },
      "geometry": {
        "type": "Point",
        "coordinates": [
          -119.15935416318176,
          34.43234068366337
        ]
      }
    },
    {
      "type": "Feature",
      "properties": {
        "id": 274,
        "height_m": 7.7
      },
      "geometry": {
        "type": "Point",
        "coordinates": [
          -119.1593530741463,
          34.432575891963396
        ]
      }
    },
    {
      "type": "Feature",
      "properties": {
        "id": 275,
        "height_m": 14.1
      },
      "geometry": {
        "type": "Point",
        "coordinates": [
          -119.15935198511082,
          34.4312768154199
        ]
      }
    },
    {
      "type": "Feature",
      "properties": {
        "id": 276,
        "height_m": 18.5
      },
      "geometry": {
        "type": "Point",
        "coordinates": [
          -119.15935198511082,
          34.4318159860752
        ]
      }
    },
    {
      "type": "Feature",
      "properties": {
        "id": 277,
        "height_m": 6.1
      },
      "geometry": {
        "type": "Point",
        "coordinates": [
          -119.15935198511082,
          34.43263198039465
        ]
      }
    },
    {
      "type": "Feature",
      "properties": {
        "id": 278,
        "height_m": 6.6
      },
      "geometry": {
        "type": "Point",
        "coordinates": [
          -119.15935198511082,
          34.43472353105863
        ]
      }
    },
    {
      "type": "Feature",
      "properties": {
        "id": 279,
        "height_m": 13.9
      },
      "geometry": {
        "type": "Point",
        "coordinates": [
          -119.15934980703987,
          34.432844573569476
        ]
      }
    },
    {
      "type": "Feature",
      "properties": {
        "id": 280,
        "height_m": 5.6
      },
      "geometry": {
        "type": "Point",
        "coordinates": [
          -119.15934980703987,
          34.434586024751056
        ]
      }
    },
    {
      "type": "Feature",
      "properties": {
        "id": 281,
        "height_m": 12.8
      },
      "geometry": {
        "type": "Point",
        "coordinates": [
          -119.15934871800441,
          34.43143422433576
        ]
      }
    },
    {
      "type": "Feature",
      "properties": {
        "id": 282,
        "height_m": 6.4
      },
      "geometry": {
        "type": "Point",
        "coordinates": [
          -119.15934871800441,
          34.434751575724995
        ]
      }
    },
    {
      "type": "Feature",
      "properties": {
        "id": 283,
        "height_m": 6.5
      },
      "geometry": {
        "type": "Point",
        "coordinates": [
          -119.15934545089799,
          34.43464663584677
        ]
      }
    },
    {
      "type": "Feature",
      "properties": {
        "id": 284,
        "height_m": 14.2
      },
      "geometry": {
        "type": "Point",
        "coordinates": [
          -119.15934436186252,
          34.43160520304792
        ]
      }
    },
    {
      "type": "Feature",
      "properties": {
        "id": 285,
        "height_m": 4.0
      },
      "geometry": {
        "type": "Point",
        "coordinates": [
          -119.15934109366816,
          34.430518718777776
        ]
      }
    },
    {
      "type": "Feature",
      "properties": {
        "id": 286,
        "height_m": 18.2
      },
      "geometry": {
        "type": "Point",
        "coordinates": [
          -119.15934000463268,
          34.433740176519166
        ]
      }
    },
    {
      "type": "Feature",
      "properties": {
        "id": 287,
        "height_m": 12.1
      },
      "geometry": {
        "type": "Point",
        "coordinates": [
          -119.15933891559722,
          34.43132566596539
        ]
      }
    },
    {
      "type": "Feature",
      "properties": {
        "id": 288,
        "height_m": 4.8
      },
      "geometry": {
        "type": "Point",
        "coordinates": [
          -119.15933891559722,
          34.43440328548868
        ]
      }
    },
    {
      "type": "Feature",
      "properties": {
        "id": 289,
        "height_m": 14.5
      },
      "geometry": {
        "type": "Point",
        "coordinates": [
          -119.15933782656174,
          34.43117368478775
        ]
      }
    },
    {
      "type": "Feature",
      "properties": {
        "id": 290,
        "height_m": 4.5
      },
      "geometry": {
        "type": "Point",
        "coordinates": [
          -119.15933455945533,
          34.4305521902809
        ]
      }
    },
    {
      "type": "Feature",
      "properties": {
        "id": 291,
        "height_m": 4.0
      },
      "geometry": {
        "type": "Point",
        "coordinates": [
          -119.15933020331344,
          34.43235515763197
        ]
      }
    },
    {
      "type": "Feature",
      "properties": {
        "id": 292,
        "height_m": 7.0
      },
      "geometry": {
        "type": "Point",
        "coordinates": [
          -119.15933020331344,
          34.432650073756875
        ]
      }
    },
    {
      "type": "Feature",
      "properties": {
        "id": 293,
        "height_m": 18.1
      },
      "geometry": {
        "type": "Point",
        "coordinates": [
          -119.15932911427798,
          34.4317010957943
        ]
      }
    },
    {
      "type": "Feature",
      "properties": {
        "id": 294,
        "height_m": 10.3
      },
      "geometry": {
        "type": "Point",
        "coordinates": [
          -119.15932693620704,
          34.43097375723693
        ]
      }
    },
    {
      "type": "Feature",
      "properties": {
        "id": 295,
        "height_m": 10.5
      },
      "geometry": {
        "type": "Point",
        "coordinates": [
          -119.15932584608362,
          34.43200596322335
        ]
      }
    },
    {
      "type": "Feature",
      "properties": {
        "id": 296,
        "height_m": 10.7
      },
      "geometry": {
        "type": "Point",
        "coordinates": [
          -119.15932584608362,
          34.43241576962915
        ]
      }
    },
    {
      "type": "Feature",
      "properties": {
        "id": 297,
        "height_m": 5.7
      },
      "geometry": {
        "type": "Point",
        "coordinates": [
          -119.15932475704814,
          34.432190511731804
        ]
      }
    },
    {
      "type": "Feature",
      "properties": {
        "id": 298,
        "height_m": 6.2
      },
      "geometry": {
        "type": "Point",
        "coordinates": [
          -119.15932475704814,
          34.433172057025196
        ]
      }
    },
    {
      "type": "Feature",
      "properties": {
        "id": 299,
        "height_m": 15.3
      },
      "geometry": {
        "type": "Point",
        "coordinates": [
          -119.15932366801268,
          34.43155454235489
        ]
      }
    },
    {
      "type": "Feature",
      "properties": {
        "id": 300,
        "height_m": 12.9
      },
      "geometry": {
        "type": "Point",
        "coordinates": [
          -119.15932366801268,
          34.433835165093235
        ]
      }
    },
    {
      "type": "Feature",
      "properties": {
        "id": 301,
        "height_m": 6.6
      },
      "geometry": {
        "type": "Point",
        "coordinates": [
          -119.15932040090625,
          34.43452722199995
        ]
      }
    },
    {
      "type": "Feature",
      "properties": {
        "id": 302,
        "height_m": 4.9
      },
      "geometry": {
        "type": "Point",
        "coordinates": [
          -119.15931822283531,
          34.434389715692376
        ]
      }
    },
    {
      "type": "Feature",
      "properties": {
        "id": 303,
        "height_m": 4.0
      },
      "geometry": {
        "type": "Point",
        "coordinates": [
          -119.15931713379985,
          34.43053319274638
        ]
      }
    },
    {
      "type": "Feature",
      "properties": {
        "id": 304,
        "height_m": 12.4
      },
      "geometry": {
        "type": "Point",
        "coordinates": [
          -119.15931713379985,
          34.434090276001555
        ]
      }
    },
    {
      "type": "Feature",
      "properties": {
        "id": 305,
        "height_m": 11.0
      },
      "geometry": {
        "type": "Point",
        "coordinates": [
          -119.1593149557289,
          34.43080549284461
        ]
      }
    },
    {
      "type": "Feature",
      "properties": {
        "id": 306,
        "height_m": 10.8
      },
      "geometry": {
        "type": "Point",
        "coordinates": [
          -119.1593149557289,
          34.43139532419295
        ]
      }
    },
    {
      "type": "Feature",
      "properties": {
        "id": 307,
        "height_m": 15.9
      },
      "geometry": {
        "type": "Point",
        "coordinates": [
          -119.15931386669344,
          34.43104070114463
        ]
      }
    },
    {
      "type": "Feature",
      "properties": {
        "id": 308,
        "height_m": 7.6
      },
      "geometry": {
        "type": "Point",
        "coordinates": [
          -119.15931277765796,
          34.43485561052944
        ]
      }
    },
    {
      "type": "Feature",
      "properties": {
        "id": 309,
        "height_m": 9.4
      },
      "geometry": {
        "type": "Point",
        "coordinates": [
          -119.15930842042813,
          34.43124424808908
        ]
      }
    },
    {
      "type": "Feature",
      "properties": {
        "id": 310,
        "height_m": 4.3
      },
      "geometry": {
        "type": "Point",
        "coordinates": [
          -119.1593018862153,
          34.43235606270574
        ]
      }
    },
    {
      "type": "Feature",
      "properties": {
        "id": 311,
        "height_m": 13.0
      },
      "geometry": {
        "type": "Point",
        "coordinates": [
          -119.15929970814436,
          34.43164229394466
        ]
      }
    },
    {
      "type": "Feature",
      "properties": {
        "id": 312,
        "height_m": 13.2
      },
      "geometry": {
        "type": "Point",
        "coordinates": [
          -119.15929426296701,
          34.43084620133203
        ]
      }
    },
    {
      "type": "Feature",
      "properties": {
        "id": 313,
        "height_m": 9.0
      },
      "geometry": {
        "type": "Point",
        "coordinates": [
          -119.15929317284359,
          34.43073131105113
        ]
      }
    },
    {
      "type": "Feature",
      "properties": {
        "id": 314,
        "height_m": 7.3
      },
      "geometry": {
        "type": "Point",
        "coordinates": [
          -119.15929317284359,
          34.43471719824663
        ]
      }
    },
    {
      "type": "Feature",
      "properties": {
        "id": 315,
        "height_m": 9.2
      },
      "geometry": {
        "type": "Point",
        "coordinates": [
          -119.15928990573717,
          34.43415088799874
        ]
      }
    },
    {
      "type": "Feature",
      "properties": {
        "id": 316,
        "height_m": 16.4
      },
      "geometry": {
        "type": "Point",
        "coordinates": [
          -119.1592888167017,
          34.43195801685016
        ]
      }
    },
    {
      "type": "Feature",
      "properties": {
        "id": 317,
        "height_m": 5.2
      },
      "geometry": {
        "type": "Point",
        "coordinates": [
          -119.1592888167017,
          34.432330732359226
        ]
      }
    },
    {
      "type": "Feature",
      "properties": {
        "id": 318,
        "height_m": 14.8
      },
      "geometry": {
        "type": "Point",
        "coordinates": [
          -119.15928772766623,
          34.43306892639305
        ]
      }
    },
    {
      "type": "Feature",
      "properties": {
        "id": 319,
        "height_m": 7.4
      },
      "geometry": {
        "type": "Point",
        "coordinates": [
          -119.15928772766623,
          34.434773286677895
        ]
      }
    },
    {
      "type": "Feature",
      "properties": {
        "id": 320,
        "height_m": 9.3
      },
      "geometry": {
        "type": "Point",
        "coordinates": [
          -119.15928554959528,
          34.43202315151179
        ]
      }
    },
    {
      "type": "Feature",
      "properties": {
        "id": 321,
        "height_m": 6.1
      },
      "geometry": {
        "type": "Point",
        "coordinates": [
          -119.15928446055982,
          34.43220317645433
        ]
      }
    },
    {
      "type": "Feature",
      "properties": {
        "id": 322,
        "height_m": 4.6
      },
      "geometry": {
        "type": "Point",
        "coordinates": [
          -119.15928337152434,
          34.43460864077773
        ]
      }
    },
    {
      "type": "Feature",
      "properties": {
        "id": 323,
        "height_m": 12.8
      },
      "geometry": {
        "type": "Point",
        "coordinates": [
          -119.1592811934534,
          34.4315997753097
        ]
      }
    },
    {
      "type": "Feature",
      "properties": {
        "id": 324,
        "height_m": 17.3
      },
      "geometry": {
        "type": "Point",
        "coordinates": [
          -119.15928010441793,
          34.43367413768522
        ]
      }
    },
    {
      "type": "Feature",
      "properties": {
        "id": 325,
        "height_m": 17.1
      },
      "geometry": {
        "type": "Point",
        "coordinates": [
          -119.15927683622357,
          34.43186393244839
        ]
      }
    },
    {
      "type": "Feature",
      "properties": {
        "id": 326,
        "height_m": 7.6
      },
      "geometry": {
        "type": "Point",
        "coordinates": [
          -119.15927683622357,
          34.432679022595536
        ]
      }
    },
    {
      "type": "Feature",
      "properties": {
        "id": 327,
        "height_m": 5.9
      },
      "geometry": {
        "type": "Point",
        "coordinates": [
          -119.15927465815263,
          34.434582406258905
        ]
      }
    },
    {
      "type": "Feature",
      "properties": {
        "id": 328,
        "height_m": 8.4
      },
      "geometry": {
        "type": "Point",
        "coordinates": [
          -119.15927139104622,
          34.43488727278649
        ]
      }
    },
    {
      "type": "Feature",
      "properties": {
        "id": 329,
        "height_m": 7.0
      },
      "geometry": {
        "type": "Point",
        "coordinates": [
          -119.15927030201074,
          34.4312704826079
        ]
      }
    },
    {
      "type": "Feature",
      "properties": {
        "id": 330,
        "height_m": 13.7
      },
      "geometry": {
        "type": "Point",
        "coordinates": [
          -119.15927030201074,
          34.43132566596539
        ]
      }
    },
    {
      "type": "Feature",
      "properties": {
        "id": 331,
        "height_m": 14.6
      },
      "geometry": {
        "type": "Point",
        "coordinates": [
          -119.15926921297527,
          34.431155592327
        ]
      }
    },
    {
      "type": "Feature",
      "properties": {
        "id": 332,
        "height_m": 5.3
      },
      "geometry": {
        "type": "Point",
        "coordinates": [
          -119.15926158863903,
          34.43428115732201
        ]
      }
    },
    {
      "type": "Feature",
      "properties": {
        "id": 333,
        "height_m": 11.8
      },
      "geometry": {
        "type": "Point",
        "coordinates": [
          -119.15925614346166,
          34.43144417563991
        ]
      }
    },
    {
      "type": "Feature",
      "properties": {
        "id": 334,
        "height_m": 4.6
      },
      "geometry": {
        "type": "Point",
        "coordinates": [
          -119.15925614346166,
          34.43231444824308
        ]
      }
    },
    {
      "type": "Feature",
      "properties": {
        "id": 335,
        "height_m": 14.0
      },
      "geometry": {
        "type": "Point",
        "coordinates": [
          -119.159245252019,
          34.433781790981826
        ]
      }
    },
    {
      "type": "Feature",
      "properties": {
        "id": 336,
        "height_m": 10.4
      },
      "geometry": {
        "type": "Point",
        "coordinates": [
          -119.159245252019,
          34.43405861374451
        ]
      }
    },
    {
      "type": "Feature",
      "properties": {
        "id": 337,
        "height_m": 11.9
      },
      "geometry": {
        "type": "Point",
        "coordinates": [
          -119.15924307394806,
          34.430866103940325
        ]
      }
    },
    {
      "type": "Feature",
      "properties": {
        "id": 338,
        "height_m": 12.4
      },
      "geometry": {
        "type": "Point",
        "coordinates": [
          -119.15924307394806,
          34.431363661935904
        ]
      }
    },
    {
      "type": "Feature",
      "properties": {
        "id": 339,
        "height_m": 6.1
      },
      "geometry": {
        "type": "Point",
        "coordinates": [
          -119.15924307394806,
          34.433976290794426
        ]
      }
    },
    {
      "type": "Feature",
      "properties": {
        "id": 340,
        "height_m": 8.2
      },
      "geometry": {
        "type": "Point",
        "coordinates": [
          -119.15923980684165,
          34.43259489039938
        ]
      }
    },
    {
      "type": "Feature",
      "properties": {
        "id": 341,
        "height_m": 4.2
      },
      "geometry": {
        "type": "Point",
        "coordinates": [
          -119.15923980684165,
          34.43318924531364
        ]
      }
    },
    {
      "type": "Feature",
      "properties": {
        "id": 342,
        "height_m": 7.1
      },
      "geometry": {
        "type": "Point",
        "coordinates": [
          -119.15923980684165,
          34.4346167828358
        ]
      }
    },
    {
      "type": "Feature",
      "properties": {
        "id": 343,
        "height_m": 10.2
      },
      "geometry": {
        "type": "Point",
        "coordinates": [
          -119.15923871780618,
          34.43081182475514
        ]
      }
    },
    {
      "type": "Feature",
      "properties": {
        "id": 344,
        "height_m": 7.7
      },
      "geometry": {
        "type": "Point",
        "coordinates": [
          -119.15923762877071,
          34.43097737572907
        ]
      }
    },
    {
      "type": "Feature",
      "properties": {
        "id": 345,
        "height_m": 4.2
      },
      "geometry": {
        "type": "Point",
        "coordinates": [
          -119.15923762877071,
          34.43327247243602
        ]
      }
    },
    {
      "type": "Feature",
      "properties": {
        "id": 346,
        "height_m": 7.6
      },
      "geometry": {
        "type": "Point",
        "coordinates": [
          -119.15923653973523,
          34.433382840052474
        ]
      }
    },
    {
      "type": "Feature",
      "properties": {
        "id": 347,
        "height_m": 3.8
      },
      "geometry": {
        "type": "Point",
        "coordinates": [
          -119.15923218359336,
          34.43018128401791
        ]
      }
    },
    {
      "type": "Feature",
      "properties": {
        "id": 348,
        "height_m": 5.0
      },
      "geometry": {
        "type": "Point",
        "coordinates": [
          -119.15923218359336,
          34.43223664885892
        ]
      }
    },
    {
      "type": "Feature",
      "properties": {
        "id": 349,
        "height_m": 13.7
      },
      "geometry": {
        "type": "Point",
        "coordinates": [
          -119.15922782636352,
          34.43072135974698
        ]
      }
    },
    {
      "type": "Feature",
      "properties": {
        "id": 350,
        "height_m": 7.8
      },
      "geometry": {
        "type": "Point",
        "coordinates": [
          -119.15922782636352,
          34.43246371600234
        ]
      }
    },
    {
      "type": "Feature",
      "properties": {
        "id": 351,
        "height_m": 15.4
      },
      "geometry": {
        "type": "Point",
        "coordinates": [
          -119.15922347022163,
          34.43165314942111
        ]
      }
    },
    {
      "type": "Feature",
      "properties": {
        "id": 352,
        "height_m": 5.0
      },
      "geometry": {
        "type": "Point",
        "coordinates": [
          -119.15922238118617,
          34.4342802531497
        ]
      }
    },
    {
      "type": "Feature",
      "properties": {
        "id": 353,
        "height_m": 9.1
      },
      "geometry": {
        "type": "Point",
        "coordinates": [
          -119.15922129215069,
          34.43012429141435
        ]
      }
    },
    {
      "type": "Feature",
      "properties": {
        "id": 354,
        "height_m": 7.2
      },
      "geometry": {
        "type": "Point",
        "coordinates": [
          -119.15922129215069,
          34.431256912811605
        ]
      }
    },
    {
      "type": "Feature",
      "properties": {
        "id": 355,
        "height_m": 15.3
      },
      "geometry": {
        "type": "Point",
        "coordinates": [
          -119.15922020311523,
          34.43197610931091
        ]
      }
    },
    {
      "type": "Feature",
      "properties": {
        "id": 356,
        "height_m": 13.5
      },
      "geometry": {
        "type": "Point",
        "coordinates": [
          -119.15921911407975,
          34.43117458986152
        ]
      }
    },
    {
      "type": "Feature",
      "properties": {
        "id": 357,
        "height_m": 16.6
      },
      "geometry": {
        "type": "Point",
        "coordinates": [
          -119.15921911407975,
          34.43176894477578
        ]
      }
    },
    {
      "type": "Feature",
      "properties": {
        "id": 358,
        "height_m": 11.6
      },
      "geometry": {
        "type": "Point",
        "coordinates": [
          -119.1592169360088,
          34.43364971151101
        ]
      }
    },
    {
      "type": "Feature",
      "properties": {
        "id": 359,
        "height_m": 5.5
      },
      "geometry": {
        "type": "Point",
        "coordinates": [
          -119.1592169360088,
          34.434225973964516
        ]
      }
    },
    {
      "type": "Feature",
      "properties": {
        "id": 360,
        "height_m": 13.7
      },
      "geometry": {
        "type": "Point",
        "coordinates": [
          -119.15921475793786,
          34.43154911461666
        ]
      }
    },
    {
      "type": "Feature",
      "properties": {
        "id": 361,
        "height_m": 10.9
      },
      "geometry": {
        "type": "Point",
        "coordinates": [
          -119.15921475793786,
          34.43408756258318
        ]
      }
    },
    {
      "type": "Feature",
      "properties": {
        "id": 362,
        "height_m": 9.6
      },
      "geometry": {
        "type": "Point",
        "coordinates": [
          -119.1592136689024,
          34.43278848513821
        ]
      }
    },
    {
      "type": "Feature",
      "properties": {
        "id": 363,
        "height_m": 8.3
      },
      "geometry": {
        "type": "Point",
        "coordinates": [
          -119.15921257877898,
          34.4313926098731
        ]
      }
    },
    {
      "type": "Feature",
      "properties": {
        "id": 364,
        "height_m": 7.0
      },
      "geometry": {
        "type": "Point",
        "coordinates": [
          -119.15921148974351,
          34.43241124606323
        ]
      }
    },
    {
      "type": "Feature",
      "properties": {
        "id": 365,
        "height_m": 9.6
      },
      "geometry": {
        "type": "Point",
        "coordinates": [
          -119.15921148974351,
          34.432521613679675
        ]
      }
    },
    {
      "type": "Feature",
      "properties": {
        "id": 366,
        "height_m": 6.4
      },
      "geometry": {
        "type": "Point",
        "coordinates": [
          -119.15921040070803,
          34.43390934598525
        ]
      }
    },
    {
      "type": "Feature",
      "properties": {
        "id": 367,
        "height_m": 5.0
      },
      "geometry": {
        "type": "Point",
        "coordinates": [
          -119.15920713360163,
          34.43230178352056
        ]
      }
    },
    {
      "type": "Feature",
      "properties": {
        "id": 368,
        "height_m": 4.5
      },
      "geometry": {
        "type": "Point",
        "coordinates": [
          -119.15920495553068,
          34.434518175769576
        ]
      }
    },
    {
      "type": "Feature",
      "properties": {
        "id": 369,
        "height_m": 8.4
      },
      "geometry": {
        "type": "Point",
        "coordinates": [
          -119.15920277745974,
          34.43130757350464
        ]
      }
    },
    {
      "type": "Feature",
      "properties": {
        "id": 370,
        "height_m": 9.6
      },
      "geometry": {
        "type": "Point",
        "coordinates": [
          -119.15919951035332,
          34.43270435294206
        ]
      }
    },
    {
      "type": "Feature",
      "properties": {
        "id": 371,
        "height_m": 15.9
      },
      "geometry": {
        "type": "Point",
        "coordinates": [
          -119.15919515312349,
          34.43185669546409
        ]
      }
    },
    {
      "type": "Feature",
      "properties": {
        "id": 372,
        "height_m": 6.7
      },
      "geometry": {
        "type": "Point",
        "coordinates": [
          -119.15919406408801,
          34.43340997964506
        ]
      }
    },
    {
      "type": "Feature",
      "properties": {
        "id": 373,
        "height_m": 3.8
      },
      "geometry": {
        "type": "Point",
        "coordinates": [
          -119.15918861891066,
          34.43042553944978
        ]
      }
    },
    {
      "type": "Feature",
      "properties": {
        "id": 374,
        "height_m": 11.7
      },
      "geometry": {
        "type": "Point",
        "coordinates": [
          -119.15918861891066,
          34.431706523532526
        ]
      }
    },
    {
      "type": "Feature",
      "properties": {
        "id": 375,
        "height_m": 9.3
      },
      "geometry": {
        "type": "Point",
        "coordinates": [
          -119.15918861891066,
          34.43255870367495
        ]
      }
    },
    {
      "type": "Feature",
      "properties": {
        "id": 376,
        "height_m": 8.2
      },
      "geometry": {
        "type": "Point",
        "coordinates": [
          -119.15918861891066,
          34.434614068515955
        ]
      }
    },
    {
      "type": "Feature",
      "properties": {
        "id": 377,
        "height_m": 4.7
      },
      "geometry": {
        "type": "Point",
        "coordinates": [
          -119.1591875298752,
          34.432351539139816
        ]
      }
    },
    {
      "type": "Feature",
      "properties": {
        "id": 378,
        "height_m": 8.9
      },
      "geometry": {
        "type": "Point",
        "coordinates": [
          -119.15918535180425,
          34.43136185178836
        ]
      }
    },
    {
      "type": "Feature",
      "properties": {
        "id": 379,
        "height_m": 2.7
      },
      "geometry": {
        "type": "Point",
        "coordinates": [
          -119.15918426276878,
          34.43026451204177
        ]
      }
    },
    {
      "type": "Feature",
      "properties": {
        "id": 380,
        "height_m": 6.9
      },
      "geometry": {
        "type": "Point",
        "coordinates": [
          -119.15918208469783,
          34.43110855012612
        ]
      }
    },
    {
      "type": "Feature",
      "properties": {
        "id": 381,
        "height_m": 6.9
      },
      "geometry": {
        "type": "Point",
        "coordinates": [
          -119.15918099566237,
          34.43266183430709
        ]
      }
    },
    {
      "type": "Feature",
      "properties": {
        "id": 382,
        "height_m": 5.7
      },
      "geometry": {
        "type": "Point",
        "coordinates": [
          -119.15917119325518,
          34.43396272099813
        ]
      }
    },
    {
      "type": "Feature",
      "properties": {
        "id": 383,
        "height_m": 3.9
      },
      "geometry": {
        "type": "Point",
        "coordinates": [
          -119.15917010421971,
          34.430383020814816
        ]
      }
    },
    {
      "type": "Feature",
      "properties": {
        "id": 384,
        "height_m": 8.5
      },
      "geometry": {
        "type": "Point",
        "coordinates": [
          -119.15916139084798,
          34.43061551569646
        ]
      }
    },
    {
      "type": "Feature",
      "properties": {
        "id": 385,
        "height_m": 4.7
      },
      "geometry": {
        "type": "Point",
        "coordinates": [
          -119.15916139084798,
          34.43235696687805
        ]
      }
    },
    {
      "type": "Feature",
      "properties": {
        "id": 386,
        "height_m": 5.5
      },
      "geometry": {
        "type": "Point",
        "coordinates": [
          -119.15916030181252,
          34.43046353451882
        ]
      }
    },
    {
      "type": "Feature",
      "properties": {
        "id": 387,
        "height_m": 14.2
      },
      "geometry": {
        "type": "Point",
        "coordinates": [
          -119.15915921277704,
          34.43069874372031
        ]
      }
    },
    {
      "type": "Feature",
      "properties": {
        "id": 388,
        "height_m": 9.9
      },
      "geometry": {
        "type": "Point",
        "coordinates": [
          -119.15915921277704,
          34.43123791527709
        ]
      }
    },
    {
      "type": "Feature",
      "properties": {
        "id": 389,
        "height_m": 10.4
      },
      "geometry": {
        "type": "Point",
        "coordinates": [
          -119.15915812374158,
          34.431662195651484
        ]
      }
    },
    {
      "type": "Feature",
      "properties": {
        "id": 390,
        "height_m": 7.0
      },
      "geometry": {
        "type": "Point",
        "coordinates": [
          -119.1591570347061,
          34.43427030184556
        ]
      }
    },
    {
      "type": "Feature",
      "properties": {
        "id": 391,
        "height_m": 14.0
      },
      "geometry": {
        "type": "Point",
        "coordinates": [
          -119.15915376759969,
          34.43281471965704
        ]
      }
    },
    {
      "type": "Feature",
      "properties": {
        "id": 392,
        "height_m": 6.3
      },
      "geometry": {
        "type": "Point",
        "coordinates": [
          -119.15915158952875,
          34.431119405602566
        ]
      }
    },
    {
      "type": "Feature",
      "properties": {
        "id": 393,
        "height_m": 14.6
      },
      "geometry": {
        "type": "Point",
        "coordinates": [
          -119.1591494114578,
          34.432875331654216
        ]
      }
    },
    {
      "type": "Feature",
      "properties": {
        "id": 394,
        "height_m": 3.5
      },
      "geometry": {
        "type": "Point",
        "coordinates": [
          -119.15914832242234,
          34.42988546372071
        ]
      }
    },
    {
      "type": "Feature",
      "properties": {
        "id": 395,
        "height_m": 5.0
      },
      "geometry": {
        "type": "Point",
        "coordinates": [
          -119.15914832242234,
          34.43057209288919
        ]
      }
    },
    {
      "type": "Feature",
      "properties": {
        "id": 396,
        "height_m": 8.6
      },
      "geometry": {
        "type": "Point",
        "coordinates": [
          -119.15914832242234,
          34.4312768154199
        ]
      }
    },
    {
      "type": "Feature",
      "properties": {
        "id": 397,
        "height_m": 7.5
      },
      "geometry": {
        "type": "Point",
        "coordinates": [
          -119.15914832242234,
          34.431479456389106
        ]
      }
    },
    {
      "type": "Feature",
      "properties": {
        "id": 398,
        "height_m": 16.2
      },
      "geometry": {
        "type": "Point",
        "coordinates": [
          -119.15914723229892,
          34.43092219237158
        ]
      }
    },
    {
      "type": "Feature",
      "properties": {
        "id": 399,
        "height_m": 11.5
      },
      "geometry": {
        "type": "Point",
        "coordinates": [
          -119.15914723229892,
          34.43379264645827
        ]
      }
    },
    {
      "type": "Feature",
      "properties": {
        "id": 400,
        "height_m": 11.4
      },
      "geometry": {
        "type": "Point",
        "coordinates": [
          -119.15914505422798,
          34.43250804388338
        ]
      }
    },
    {
      "type": "Feature",
      "properties": {
        "id": 401,
        "height_m": 4.5
      },
      "geometry": {
        "type": "Point",
        "coordinates": [
          -119.15914069808609,
          34.4301215770945
        ]
      }
    },
    {
      "type": "Feature",
      "properties": {
        "id": 402,
        "height_m": 14.4
      },
      "geometry": {
        "type": "Point",
        "coordinates": [
          -119.15913960905061,
          34.43158258702125
        ]
      }
    },
    {
      "type": "Feature",
      "properties": {
        "id": 403,
        "height_m": 14.9
      },
      "geometry": {
        "type": "Point",
        "coordinates": [
          -119.15913960905061,
          34.43180422642644
        ]
      }
    },
    {
      "type": "Feature",
      "properties": {
        "id": 404,
        "height_m": 6.4
      },
      "geometry": {
        "type": "Point",
        "coordinates": [
          -119.15913743097967,
          34.43394643688199
        ]
      }
    },
    {
      "type": "Feature",
      "properties": {
        "id": 405,
        "height_m": 9.3
      },
      "geometry": {
        "type": "Point",
        "coordinates": [
          -119.15913743097967,
          34.43459688022751
        ]
      }
    },
    {
      "type": "Feature",
      "properties": {
        "id": 406,
        "height_m": 12.5
      },
      "geometry": {
        "type": "Point",
        "coordinates": [
          -119.15913525290873,
          34.43119630171589
        ]
      }
    },
    {
      "type": "Feature",
      "properties": {
        "id": 407,
        "height_m": 11.7
      },
      "geometry": {
        "type": "Point",
        "coordinates": [
          -119.15913525290873,
          34.43201229513388
        ]
      }
    },
    {
      "type": "Feature",
      "properties": {
        "id": 408,
        "height_m": 7.4
      },
      "geometry": {
        "type": "Point",
        "coordinates": [
          -119.15912980664343,
          34.432290022970335
        ]
      }
    },
    {
      "type": "Feature",
      "properties": {
        "id": 409,
        "height_m": 4.0
      },
      "geometry": {
        "type": "Point",
        "coordinates": [
          -119.15912871760796,
          34.43039568643881
        ]
      }
    },
    {
      "type": "Feature",
      "properties": {
        "id": 410,
        "height_m": 12.4
      },
      "geometry": {
        "type": "Point",
        "coordinates": [
          -119.15912762857249,
          34.43076478345572
        ]
      }
    },
    {
      "type": "Feature",
      "properties": {
        "id": 411,
        "height_m": 7.1
      },
      "geometry": {
        "type": "Point",
        "coordinates": [
          -119.15912762857249,
          34.431506595981695
        ]
      }
    },
    {
      "type": "Feature",
      "properties": {
        "id": 412,
        "height_m": 10.4
      },
      "geometry": {
        "type": "Point",
        "coordinates": [
          -119.15912653953701,
          34.43368680240775
        ]
      }
    },
    {
      "type": "Feature",
      "properties": {
        "id": 413,
        "height_m": 7.5
      },
      "geometry": {
        "type": "Point",
        "coordinates": [
          -119.15912545050155,
          34.434258541295335
        ]
      }
    },
    {
      "type": "Feature",
      "properties": {
        "id": 414,
        "height_m": 2.8
      },
      "geometry": {
        "type": "Point",
        "coordinates": [
          -119.1591232724306,
          34.43026813053392
        ]
      }
    },
    {
      "type": "Feature",
      "properties": {
        "id": 415,
        "height_m": 3.9
      },
      "geometry": {
        "type": "Point",
        "coordinates": [
          -119.15912218339513,
          34.430355881222226
        ]
      }
    },
    {
      "type": "Feature",
      "properties": {
        "id": 416,
        "height_m": 12.9
      },
      "geometry": {
        "type": "Point",
        "coordinates": [
          -119.15912109435966,
          34.433742890839014
        ]
      }
    },
    {
      "type": "Feature",
      "properties": {
        "id": 417,
        "height_m": 15.5
      },
      "geometry": {
        "type": "Point",
        "coordinates": [
          -119.15911347002341,
          34.43184583998764
        ]
      }
    },
    {
      "type": "Feature",
      "properties": {
        "id": 418,
        "height_m": 11.3
      },
      "geometry": {
        "type": "Point",
        "coordinates": [
          -119.15911129195247,
          34.431155592327
        ]
      }
    },
    {
      "type": "Feature",
      "properties": {
        "id": 419,
        "height_m": 14.3
      },
      "geometry": {
        "type": "Point",
        "coordinates": [
          -119.15910911388153,
          34.430833536609505
        ]
      }
    },
    {
      "type": "Feature",
      "properties": {
        "id": 420,
        "height_m": 4.7
      },
      "geometry": {
        "type": "Point",
        "coordinates": [
          -119.15910693581058,
          34.43049248335749
        ]
      }
    },
    {
      "type": "Feature",
      "properties": {
        "id": 421,
        "height_m": 8.4
      },
      "geometry": {
        "type": "Point",
        "coordinates": [
          -119.15910366870418,
          34.4310551760147
        ]
      }
    },
    {
      "type": "Feature",
      "properties": {
        "id": 422,
        "height_m": 9.7
      },
      "geometry": {
        "type": "Point",
        "coordinates": [
          -119.15910366870418,
          34.43174180518319
        ]
      }
    },
    {
      "type": "Feature",
      "properties": {
        "id": 423,
        "height_m": 13.1
      },
      "geometry": {
        "type": "Point",
        "coordinates": [
          -119.1591025796687,
          34.43099546909129
        ]
      }
    },
    {
      "type": "Feature",
      "properties": {
        "id": 424,
        "height_m": 9.2
      },
      "geometry": {
        "type": "Point",
        "coordinates": [
          -119.15910149063323,
          34.42973348254307
        ]
      }
    },
    {
      "type": "Feature",
      "properties": {
        "id": 425,
        "height_m": 3.5
      },
      "geometry": {
        "type": "Point",
        "coordinates": [
          -119.15910149063323,
          34.4341065601177
        ]
      }
    },
    {
      "type": "Feature",
      "properties": {
        "id": 426,
        "height_m": 8.1
      },
      "geometry": {
        "type": "Point",
        "coordinates": [
          -119.15909931147434,
          34.43130033561887
        ]
      }
    },
    {
      "type": "Feature",
      "properties": {
        "id": 427,
        "height_m": 5.8
      },
      "geometry": {
        "type": "Point",
        "coordinates": [
          -119.15909495533245,
          34.431545496124514
        ]
      }
    },
    {
      "type": "Feature",
      "properties": {
        "id": 428,
        "height_m": 13.6
      },
      "geometry": {
        "type": "Point",
        "coordinates": [
          -119.15909386629698,
          34.43070778995069
        ]
      }
    },
    {
      "type": "Feature",
      "properties": {
        "id": 429,
        "height_m": 11.0
      },
      "geometry": {
        "type": "Point",
        "coordinates": [
          -119.15909386629698,
          34.432412151137
        ]
      }
    },
    {
      "type": "Feature",
      "properties": {
        "id": 430,
        "height_m": 14.2
      },
      "geometry": {
        "type": "Point",
        "coordinates": [
          -119.1590927772615,
          34.43194716047224
        ]
      }
    },
    {
      "type": "Feature",
      "properties": {
        "id": 431,
        "height_m": 3.9
      },
      "geometry": {
        "type": "Point",
        "coordinates": [
          -119.15909059919058,
          34.430326028211255
        ]
      }
    },
    {
      "type": "Feature",
      "properties": {
        "id": 432,
        "height_m": 4.7
      },
      "geometry": {
        "type": "Point",
        "coordinates": [
          -119.15909059919058,
          34.434422283023196
        ]
      }
    },
    {
      "type": "Feature",
      "properties": {
        "id": 433,
        "height_m": 3.6
      },
      "geometry": {
        "type": "Point",
        "coordinates": [
          -119.1590895101551,
          34.433417216629365
        ]
      }
    },
    {
      "type": "Feature",
      "properties": {
        "id": 434,
        "height_m": 7.4
      },
      "geometry": {
        "type": "Point",
        "coordinates": [
          -119.15908733208416,
          34.432280071666185
        ]
      }
    },
    {
      "type": "Feature",
      "properties": {
        "id": 435,
        "height_m": 3.8
      },
      "geometry": {
        "type": "Point",
        "coordinates": [
          -119.15908624304869,
          34.430478913561195
        ]
      }
    },
    {
      "type": "Feature",
      "properties": {
        "id": 436,
        "height_m": 8.4
      },
      "geometry": {
        "type": "Point",
        "coordinates": [
          -119.15908515401321,
          34.429865561112415
        ]
      }
    },
    {
      "type": "Feature",
      "properties": {
        "id": 437,
        "height_m": 9.1
      },
      "geometry": {
        "type": "Point",
        "coordinates": [
          -119.15908297485433,
          34.4346032130395
        ]
      }
    },
    {
      "type": "Feature",
      "properties": {
        "id": 438,
        "height_m": 15.1
      },
      "geometry": {
        "type": "Point",
        "coordinates": [
          -119.15908188581885,
          34.43282014739526
        ]
      }
    },
    {
      "type": "Feature",
      "properties": {
        "id": 439,
        "height_m": 7.9
      },
      "geometry": {
        "type": "Point",
        "coordinates": [
          -119.15907861871244,
          34.43058566268549
        ]
      }
    },
    {
      "type": "Feature",
      "properties": {
        "id": 440,
        "height_m": 11.2
      },
      "geometry": {
        "type": "Point",
        "coordinates": [
          -119.15907752967696,
          34.432451955452116
        ]
      }
    },
    {
      "type": "Feature",
      "properties": {
        "id": 441,
        "height_m": 12.6
      },
      "geometry": {
        "type": "Point",
        "coordinates": [
          -119.1590764406415,
          34.43166943353725
        ]
      }
    },
    {
      "type": "Feature",
      "properties": {
        "id": 442,
        "height_m": 14.1
      },
      "geometry": {
        "type": "Point",
        "coordinates": [
          -119.1590764406415,
          34.43383968865916
        ]
      }
    },
    {
      "type": "Feature",
      "properties": {
        "id": 443,
        "height_m": 11.2
      },
      "geometry": {
        "type": "Point",
        "coordinates": [
          -119.15907208449961,
          34.42963758979669
        ]
      }
    },
    {
      "type": "Feature",
      "properties": {
        "id": 444,
        "height_m": 5.3
      },
      "geometry": {
        "type": "Point",
        "coordinates": [
          -119.15906990642867,
          34.434448517542016
        ]
      }
    },
    {
      "type": "Feature",
      "properties": {
        "id": 445,
        "height_m": 5.3
      },
      "geometry": {
        "type": "Point",
        "coordinates": [
          -119.15906772835773,
          34.434680108251364
        ]
      }
    },
    {
      "type": "Feature",
      "properties": {
        "id": 446,
        "height_m": 13.6
      },
      "geometry": {
        "type": "Point",
        "coordinates": [
          -119.15906663823431,
          34.43182322396097
        ]
      }
    },
    {
      "type": "Feature",
      "properties": {
        "id": 447,
        "height_m": 9.4
      },
      "geometry": {
        "type": "Point",
        "coordinates": [
          -119.15906446016336,
          34.431316619735014
        ]
      }
    },
    {
      "type": "Feature",
      "properties": {
        "id": 448,
        "height_m": 10.1
      },
      "geometry": {
        "type": "Point",
        "coordinates": [
          -119.15906446016336,
          34.43142789152377
        ]
      }
    },
    {
      "type": "Feature",
      "properties": {
        "id": 449,
        "height_m": 11.9
      },
      "geometry": {
        "type": "Point",
        "coordinates": [
          -119.15906446016336,
          34.433781790981826
        ]
      }
    },
    {
      "type": "Feature",
      "properties": {
        "id": 450,
        "height_m": 12.7
      },
      "geometry": {
        "type": "Point",
        "coordinates": [
          -119.15906010402148,
          34.43063541830475
        ]
      }
    },
    {
      "type": "Feature",
      "properties": {
        "id": 451,
        "height_m": 10.9
      },
      "geometry": {
        "type": "Point",
        "coordinates": [
          -119.15905792595053,
          34.431871170334155
        ]
      }
    },
    {
      "type": "Feature",
      "properties": {
        "id": 452,
        "height_m": 4.6
      },
      "geometry": {
        "type": "Point",
        "coordinates": [
          -119.15905792595053,
          34.43442861493372
        ]
      }
    },
    {
      "type": "Feature",
      "properties": {
        "id": 453,
        "height_m": 11.7
      },
      "geometry": {
        "type": "Point",
        "coordinates": [
          -119.15905683691507,
          34.43097737572907
        ]
      }
    },
    {
      "type": "Feature",
      "properties": {
        "id": 454,
        "height_m": 4.3
      },
      "geometry": {
        "type": "Point",
        "coordinates": [
          -119.15905574787959,
          34.43043368150785
        ]
      }
    },
    {
      "type": "Feature",
      "properties": {
        "id": 455,
        "height_m": 12.5
      },
      "geometry": {
        "type": "Point",
        "coordinates": [
          -119.15905574787959,
          34.43162239133637
        ]
      }
    },
    {
      "type": "Feature",
      "properties": {
        "id": 456,
        "height_m": 9.9
      },
      "geometry": {
        "type": "Point",
        "coordinates": [
          -119.15905465884413,
          34.43259941306383
        ]
      }
    },
    {
      "type": "Feature",
      "properties": {
        "id": 457,
        "height_m": 10.0
      },
      "geometry": {
        "type": "Point",
        "coordinates": [
          -119.1590513917377,
          34.433517632941665
        ]
      }
    },
    {
      "type": "Feature",
      "properties": {
        "id": 458,
        "height_m": 12.6
      },
      "geometry": {
        "type": "Point",
        "coordinates": [
          -119.15905030161429,
          34.43275229931525
        ]
      }
    },
    {
      "type": "Feature",
      "properties": {
        "id": 459,
        "height_m": 4.2
      },
      "geometry": {
        "type": "Point",
        "coordinates": [
          -119.15904812354336,
          34.43341178889114
        ]
      }
    },
    {
      "type": "Feature",
      "properties": {
        "id": 460,
        "height_m": 15.2
      },
      "geometry": {
        "type": "Point",
        "coordinates": [
          -119.15904703450788,
          34.43124153376923
        ]
      }
    },
    {
      "type": "Feature",
      "properties": {
        "id": 461,
        "height_m": 12.3
      },
      "geometry": {
        "type": "Point",
        "coordinates": [
          -119.15904703450788,
          34.4338912535245
        ]
      }
    },
    {
      "type": "Feature",
      "properties": {
        "id": 462,
        "height_m": 4.5
      },
      "geometry": {
        "type": "Point",
        "coordinates": [
          -119.15904485643694,
          34.43039930493096
        ]
      }
    },
    {
      "type": "Feature",
      "properties": {
        "id": 463,
        "height_m": 14.0
      },
      "geometry": {
        "type": "Point",
        "coordinates": [
          -119.15904485643694,
          34.43114111745693
        ]
      }
    },
    {
      "type": "Feature",
      "properties": {
        "id": 464,
        "height_m": 5.2
      },
      "geometry": {
        "type": "Point",
        "coordinates": [
          -119.15904158933053,
          34.43444580412364
        ]
      }
    },
    {
      "type": "Feature",
      "properties": {
        "id": 465,
        "height_m": 3.6
      },
      "geometry": {
        "type": "Point",
        "coordinates": [
          -119.15903723318864,
          34.43029979279096
        ]
      }
    },
    {
      "type": "Feature",
      "properties": {
        "id": 466,
        "height_m": 15.8
      },
      "geometry": {
        "type": "Point",
        "coordinates": [
          -119.15903614415316,
          34.43174180518319
        ]
      }
    },
    {
      "type": "Feature",
      "properties": {
        "id": 467,
        "height_m": 6.9
      },
      "geometry": {
        "type": "Point",
        "coordinates": [
          -119.1590328759588,
          34.432194130223955
        ]
      }
    },
    {
      "type": "Feature",
      "properties": {
        "id": 468,
        "height_m": 10.3
      },
      "geometry": {
        "type": "Point",
        "coordinates": [
          -119.15903069788786,
          34.431185445337974
        ]
      }
    },
    {
      "type": "Feature",
      "properties": {
        "id": 469,
        "height_m": 17.4
      },
      "geometry": {
        "type": "Point",
        "coordinates": [
          -119.15902960885239,
          34.43075754647142
        ]
      }
    },
    {
      "type": "Feature",
      "properties": {
        "id": 470,
        "height_m": 3.7
      },
      "geometry": {
        "type": "Point",
        "coordinates": [
          -119.15902743078145,
          34.43023194471095
        ]
      }
    },
    {
      "type": "Feature",
      "properties": {
        "id": 471,
        "height_m": 12.3
      },
      "geometry": {
        "type": "Point",
        "coordinates": [
          -119.15902634174599,
          34.42967015712751
        ]
      }
    },
    {
      "type": "Feature",
      "properties": {
        "id": 472,
        "height_m": 10.4
      },
      "geometry": {
        "type": "Point",
        "coordinates": [
          -119.15902634174599,
          34.432674499029616
        ]
      }
    },
    {
      "type": "Feature",
      "properties": {
        "id": 473,
        "height_m": 21.1
      },
      "geometry": {
        "type": "Point",
        "coordinates": [
          -119.1590252527105,
          34.4294819901269
        ]
      }
    },
    {
      "type": "Feature",
      "properties": {
        "id": 474,
        "height_m": 7.6
      },
      "geometry": {
        "type": "Point",
        "coordinates": [
          -119.15902307463956,
          34.42973529178914
        ]
      }
    },
    {
      "type": "Feature",
      "properties": {
        "id": 475,
        "height_m": 7.5
      },
      "geometry": {
        "type": "Point",
        "coordinates": [
          -119.15902089656862,
          34.4346384937887
        ]
      }
    },
    {
      "type": "Feature",
      "properties": {
        "id": 476,
        "height_m": 17.8
      },
      "geometry": {
        "type": "Point",
        "coordinates": [
          -119.15901980753316,
          34.43363433246864
        ]
      }
    },
    {
      "type": "Feature",
      "properties": {
        "id": 477,
        "height_m": 12.2
      },
      "geometry": {
        "type": "Point",
        "coordinates": [
          -119.15901871849768,
          34.429570644987514
        ]
      }
    },
    {
      "type": "Feature",
      "properties": {
        "id": 478,
        "height_m": 11.8
      },
      "geometry": {
        "type": "Point",
        "coordinates": [
          -119.15901871849768,
          34.430888719966994
        ]
      }
    },
    {
      "type": "Feature",
      "properties": {
        "id": 479,
        "height_m": 13.1
      },
      "geometry": {
        "type": "Point",
        "coordinates": [
          -119.15901762837426,
          34.432515280867676
        ]
      }
    },
    {
      "type": "Feature",
      "properties": {
        "id": 480,
        "height_m": 11.2
      },
      "geometry": {
        "type": "Point",
        "coordinates": [
          -119.1590165393388,
          34.43145593619013
        ]
      }
    },
    {
      "type": "Feature",
      "properties": {
        "id": 481,
        "height_m": 15.4
      },
      "geometry": {
        "type": "Point",
        "coordinates": [
          -119.15901545030331,
          34.43204576753847
        ]
      }
    },
    {
      "type": "Feature",
      "properties": {
        "id": 482,
        "height_m": 4.0
      },
      "geometry": {
        "type": "Point",
        "coordinates": [
          -119.15901436126785,
          34.430447251304145
        ]
      }
    },
    {
      "type": "Feature",
      "properties": {
        "id": 483,
        "height_m": 9.9
      },
      "geometry": {
        "type": "Point",
        "coordinates": [
          -119.15901436126785,
          34.43459868947358
        ]
      }
    },
    {
      "type": "Feature",
      "properties": {
        "id": 484,
        "height_m": 4.0
      },
      "geometry": {
        "type": "Point",
        "coordinates": [
          -119.15900782705502,
          34.43025908430354
        ]
      }
    },
    {
      "type": "Feature",
      "properties": {
        "id": 485,
        "height_m": 14.4
      },
      "geometry": {
        "type": "Point",
        "coordinates": [
          -119.15900564898408,
          34.43156811215118
        ]
      }
    },
    {
      "type": "Feature",
      "properties": {
        "id": 486,
        "height_m": 4.6
      },
      "geometry": {
        "type": "Point",
        "coordinates": [
          -119.15900129175425,
          34.43131119199679
        ]
      }
    },
    {
      "type": "Feature",
      "properties": {
        "id": 487,
        "height_m": 17.2
      },
      "geometry": {
        "type": "Point",
        "coordinates": [
          -119.15900020271877,
          34.430809111336764
        ]
      }
    },
    {
      "type": "Feature",
      "properties": {
        "id": 488,
        "height_m": 10.4
      },
      "geometry": {
        "type": "Point",
        "coordinates": [
          -119.15899584657689,
          34.43210909295403
        ]
      }
    },
    {
      "type": "Feature",
      "properties": {
        "id": 489,
        "height_m": 12.1
      },
      "geometry": {
        "type": "Point",
        "coordinates": [
          -119.15899366850594,
          34.43097194799085
        ]
      }
    },
    {
      "type": "Feature",
      "properties": {
        "id": 490,
        "height_m": 17.2
      },
      "geometry": {
        "type": "Point",
        "coordinates": [
          -119.15899366850594,
          34.43189830992675
        ]
      }
    },
    {
      "type": "Feature",
      "properties": {
        "id": 491,
        "height_m": 14.1
      },
      "geometry": {
        "type": "Point",
        "coordinates": [
          -119.15899257947048,
          34.431377230830726
        ]
      }
    },
    {
      "type": "Feature",
      "properties": {
        "id": 492,
        "height_m": 15.6
      },
      "geometry": {
        "type": "Point",
        "coordinates": [
          -119.15899257947048,
          34.431672146955634
        ]
      }
    },
    {
      "type": "Feature",
      "properties": {
        "id": 493,
        "height_m": 11.5
      },
      "geometry": {
        "type": "Point",
        "coordinates": [
          -119.158991490435,
          34.42963125698469
        ]
      }
    },
    {
      "type": "Feature",
      "properties": {
        "id": 494,
        "height_m": 12.1
      },
      "geometry": {
        "type": "Point",
        "coordinates": [
          -119.15899040139954,
          34.43092671593751
        ]
      }
    },
    {
      "type": "Feature",
      "properties": {
        "id": 495,
        "height_m": 11.4
      },
      "geometry": {
        "type": "Point",
        "coordinates": [
          -119.15899040139954,
          34.43398171853265
        ]
      }
    },
    {
      "type": "Feature",
      "properties": {
        "id": 496,
        "height_m": 3.3
      },
      "geometry": {
        "type": "Point",
        "coordinates": [
          -119.15898713429313,
          34.43037849815036
        ]
      }
    },
    {
      "type": "Feature",
      "properties": {
        "id": 497,
        "height_m": 7.0
      },
      "geometry": {
        "type": "Point",
        "coordinates": [
          -119.15898495513423,
          34.432613887933904
        ]
      }
    },
    {
      "type": "Feature",
      "properties": {
        "id": 498,
        "height_m": 13.5
      },
      "geometry": {
        "type": "Point",
        "coordinates": [
          -119.15897950995688,
          34.43391025105902
        ]
      }
    },
    {
      "type": "Feature",
      "properties": {
        "id": 499,
        "height_m": 15.5
      },
      "geometry": {
        "type": "Point",
        "coordinates": [
          -119.1589784209214,
          34.431034369234105
        ]
      }
    },
    {
      "type": "Feature",
      "properties": {
        "id": 500,
        "height_m": 8.4
      },
      "geometry": {
        "type": "Point",
        "coordinates": [
          -119.15897515381499,
          34.429708152196554
        ]
      }
    },
    {
      "type": "Feature",
      "properties": {
        "id": 501,
        "height_m": 10.6
      },
      "geometry": {
        "type": "Point",
        "coordinates": [
          -119.15897406477951,
          34.43148307488126
        ]
      }
    },
    {
      "type": "Feature",
      "properties": {
        "id": 502,
        "height_m": 13.4
      },
      "geometry": {
        "type": "Point",
        "coordinates": [
          -119.15897188670857,
          34.43384692564346
        ]
      }
    },
    {
      "type": "Feature",
      "properties": {
        "id": 503,
        "height_m": 13.7
      },
      "geometry": {
        "type": "Point",
        "coordinates": [
          -119.1589653514078,
          34.43153011708214
        ]
      }
    },
    {
      "type": "Feature",
      "properties": {
        "id": 504,
        "height_m": 5.3
      },
      "geometry": {
        "type": "Point",
        "coordinates": [
          -119.1589653514078,
          34.43445665960009
        ]
      }
    },
    {
      "type": "Feature",
      "properties": {
        "id": 505,
        "height_m": 14.4
      },
      "geometry": {
        "type": "Point",
        "coordinates": [
          -119.15896426237234,
          34.43194987479209
        ]
      }
    },
    {
      "type": "Feature",
      "properties": {
        "id": 506,
        "height_m": 10.2
      },
      "geometry": {
        "type": "Point",
        "coordinates": [
          -119.15896426237234,
          34.43289432918874
        ]
      }
    },
    {
      "type": "Feature",
      "properties": {
        "id": 507,
        "height_m": 18.9
      },
      "geometry": {
        "type": "Point",
        "coordinates": [
          -119.15896426237234,
          34.433544772534255
        ]
      }
    },
    {
      "type": "Feature",
      "properties": {
        "id": 508,
        "height_m": 5.0
      },
      "geometry": {
        "type": "Point",
        "coordinates": [
          -119.15896317333686,
          34.43430015485653
        ]
      }
    },
    {
      "type": "Feature",
      "properties": {
        "id": 509,
        "height_m": 15.9
      },
      "geometry": {
        "type": "Point",
        "coordinates": [
          -119.15896099526591,
          34.42931010634097
        ]
      }
    },
    {
      "type": "Feature",
      "properties": {
        "id": 510,
        "height_m": 11.1
      },
      "geometry": {
        "type": "Point",
        "coordinates": [
          -119.15895990623045,
          34.4311763991076
        ]
      }
    },
    {
      "type": "Feature",
      "properties": {
        "id": 511,
        "height_m": 12.8
      },
      "geometry": {
        "type": "Point",
        "coordinates": [
          -119.15895990623045,
          34.431416130973545
        ]
      }
    },
    {
      "type": "Feature",
      "properties": {
        "id": 512,
        "height_m": 14.0
      },
      "geometry": {
        "type": "Point",
        "coordinates": [
          -119.15895990623045,
          34.43275229931525
        ]
      }
    },
    {
      "type": "Feature",
      "properties": {
        "id": 513,
        "height_m": 14.0
      },
      "geometry": {
        "type": "Point",
        "coordinates": [
          -119.15895663912403,
          34.43062908549276
        ]
      }
    },
    {
      "type": "Feature",
      "properties": {
        "id": 514,
        "height_m": 3.2
      },
      "geometry": {
        "type": "Point",
        "coordinates": [
          -119.15895555008856,
          34.43042192095763
        ]
      }
    },
    {
      "type": "Feature",
      "properties": {
        "id": 515,
        "height_m": 14.6
      },
      "geometry": {
        "type": "Point",
        "coordinates": [
          -119.15895555008856,
          34.432071097884986
        ]
      }
    },
    {
      "type": "Feature",
      "properties": {
        "id": 516,
        "height_m": 10.4
      },
      "geometry": {
        "type": "Point",
        "coordinates": [
          -119.15895555008856,
          34.43366599562715
        ]
      }
    },
    {
      "type": "Feature",
      "properties": {
        "id": 517,
        "height_m": 22.4
      },
      "geometry": {
        "type": "Point",
        "coordinates": [
          -119.15894901478778,
          34.42943766224586
        ]
      }
    },
    {
      "type": "Feature",
      "properties": {
        "id": 518,
        "height_m": 17.1
      },
      "geometry": {
        "type": "Point",
        "coordinates": [
          -119.15894574768137,
          34.431612440032225
        ]
      }
    },
    {
      "type": "Feature",
      "properties": {
        "id": 519,
        "height_m": 15.5
      },
      "geometry": {
        "type": "Point",
        "coordinates": [
          -119.15894465864591,
          34.430682460505636
        ]
      }
    },
    {
      "type": "Feature",
      "properties": {
        "id": 520,
        "height_m": 16.5
      },
      "geometry": {
        "type": "Point",
        "coordinates": [
          -119.15894465864591,
          34.43201862794587
        ]
      }
    },
    {
      "type": "Feature",
      "properties": {
        "id": 521,
        "height_m": 18.4
      },
      "geometry": {
        "type": "Point",
        "coordinates": [
          -119.15894356961043,
          34.429364385526156
        ]
      }
    },
    {
      "type": "Feature",
      "properties": {
        "id": 522,
        "height_m": 9.2
      },
      "geometry": {
        "type": "Point",
        "coordinates": [
          -119.15893921346854,
          34.429683726923805
        ]
      }
    },
    {
      "type": "Feature",
      "properties": {
        "id": 523,
        "height_m": 11.2
      },
      "geometry": {
        "type": "Point",
        "coordinates": [
          -119.15893812443308,
          34.43173456819889
        ]
      }
    },
    {
      "type": "Feature",
      "properties": {
        "id": 524,
        "height_m": 7.8
      },
      "geometry": {
        "type": "Point",
        "coordinates": [
          -119.15893703430966,
          34.43464211318232
        ]
      }
    },
    {
      "type": "Feature",
      "properties": {
        "id": 525,
        "height_m": 5.2
      },
      "geometry": {
        "type": "Point",
        "coordinates": [
          -119.15893594527418,
          34.43026451204177
        ]
      }
    },
    {
      "type": "Feature",
      "properties": {
        "id": 526,
        "height_m": 8.7
      },
      "geometry": {
        "type": "Point",
        "coordinates": [
          -119.15893594527418,
          34.43182231888719
        ]
      }
    },
    {
      "type": "Feature",
      "properties": {
        "id": 527,
        "height_m": 7.8
      },
      "geometry": {
        "type": "Point",
        "coordinates": [
          -119.15893267816777,
          34.434610450023804
        ]
      }
    },
    {
      "type": "Feature",
      "properties": {
        "id": 528,
        "height_m": 8.2
      },
      "geometry": {
        "type": "Point",
        "coordinates": [
          -119.1589315891323,
          34.43415903005681
        ]
      }
    },
    {
      "type": "Feature",
      "properties": {
        "id": 529,
        "height_m": 3.2
      },
      "geometry": {
        "type": "Point",
        "coordinates": [
          -119.15893050009683,
          34.43219232097788
        ]
      }
    },
    {
      "type": "Feature",
      "properties": {
        "id": 530,
        "height_m": 10.2
      },
      "geometry": {
        "type": "Point",
        "coordinates": [
          -119.15892941106135,
          34.43408122977118
        ]
      }
    },
    {
      "type": "Feature",
      "properties": {
        "id": 531,
        "height_m": 10.7
      },
      "geometry": {
        "type": "Point",
        "coordinates": [
          -119.15892505491948,
          34.42963578055061
        ]
      }
    },
    {
      "type": "Feature",
      "properties": {
        "id": 532,
        "height_m": 17.9
      },
      "geometry": {
        "type": "Point",
        "coordinates": [
          -119.15892505491948,
          34.43076478345572
        ]
      }
    },
    {
      "type": "Feature",
      "properties": {
        "id": 533,
        "height_m": 15.1
      },
      "geometry": {
        "type": "Point",
        "coordinates": [
          -119.158923965884,
          34.43124424808908
        ]
      }
    },
    {
      "type": "Feature",
      "properties": {
        "id": 534,
        "height_m": 16.4
      },
      "geometry": {
        "type": "Point",
        "coordinates": [
          -119.15892069768964,
          34.429511843137874
        ]
      }
    },
    {
      "type": "Feature",
      "properties": {
        "id": 535,
        "height_m": 10.6
      },
      "geometry": {
        "type": "Point",
        "coordinates": [
          -119.15891960865417,
          34.43145231679651
        ]
      }
    },
    {
      "type": "Feature",
      "properties": {
        "id": 536,
        "height_m": 14.2
      },
      "geometry": {
        "type": "Point",
        "coordinates": [
          -119.15891743058323,
          34.431130261980485
        ]
      }
    },
    {
      "type": "Feature",
      "properties": {
        "id": 537,
        "height_m": 10.0
      },
      "geometry": {
        "type": "Point",
        "coordinates": [
          -119.15891416347681,
          34.431767135529704
        ]
      }
    },
    {
      "type": "Feature",
      "properties": {
        "id": 538,
        "height_m": 5.7
      },
      "geometry": {
        "type": "Point",
        "coordinates": [
          -119.15891416347681,
          34.43226921618974
        ]
      }
    },
    {
      "type": "Feature",
      "properties": {
        "id": 539,
        "height_m": 12.9
      },
      "geometry": {
        "type": "Point",
        "coordinates": [
          -119.15891307444134,
          34.43059651816194
        ]
      }
    },
    {
      "type": "Feature",
      "properties": {
        "id": 540,
        "height_m": 8.6
      },
      "geometry": {
        "type": "Point",
        "coordinates": [
          -119.15891307444134,
          34.4318955956069
        ]
      }
    },
    {
      "type": "Feature",
      "properties": {
        "id": 541,
        "height_m": 13.7
      },
      "geometry": {
        "type": "Point",
        "coordinates": [
          -119.15891198540587,
          34.43098370854107
        ]
      }
    },
    {
      "type": "Feature",
      "properties": {
        "id": 542,
        "height_m": 3.2
      },
      "geometry": {
        "type": "Point",
        "coordinates": [
          -119.15891198540587,
          34.43372570255056
        ]
      }
    },
    {
      "type": "Feature",
      "properties": {
        "id": 543,
        "height_m": 13.0
      },
      "geometry": {
        "type": "Point",
        "coordinates": [
          -119.1589108963704,
          34.432108188781726
        ]
      }
    },
    {
      "type": "Feature",
      "properties": {
        "id": 544,
        "height_m": 12.3
      },
      "geometry": {
        "type": "Point",
        "coordinates": [
          -119.15890980733492,
          34.43392382085532
        ]
      }
    },
    {
      "type": "Feature",
      "properties": {
        "id": 545,
        "height_m": 14.2
      },
      "geometry": {
        "type": "Point",
        "coordinates": [
          -119.15890654022851,
          34.431187254584046
        ]
      }
    },
    {
      "type": "Feature",
      "properties": {
        "id": 546,
        "height_m": 3.2
      },
      "geometry": {
        "type": "Point",
        "coordinates": [
          -119.15890654022851,
          34.432615697179976
        ]
      }
    },
    {
      "type": "Feature",
      "properties": {
        "id": 547,
        "height_m": 8.0
      },
      "geometry": {
        "type": "Point",
        "coordinates": [
          -119.15890436106963,
          34.42997592872886
        ]
      }
    },
    {
      "type": "Feature",
      "properties": {
        "id": 548,
        "height_m": 13.9
      },
      "geometry": {
        "type": "Point",
        "coordinates": [
          -119.15890327203415,
          34.431363661935904
        ]
      }
    },
    {
      "type": "Feature",
      "properties": {
        "id": 549,
        "height_m": 11.5
      },
      "geometry": {
        "type": "Point",
        "coordinates": [
          -119.15890327203415,
          34.43336293744418
        ]
      }
    },
    {
      "type": "Feature",
      "properties": {
        "id": 550,
        "height_m": 13.4
      },
      "geometry": {
        "type": "Point",
        "coordinates": [
          -119.15889238167944,
          34.432771296849765
        ]
      }
    },
    {
      "type": "Feature",
      "properties": {
        "id": 551,
        "height_m": 11.2
      },
      "geometry": {
        "type": "Point",
        "coordinates": [
          -119.15889129264397,
          34.429932505020126
        ]
      }
    },
    {
      "type": "Feature",
      "properties": {
        "id": 552,
        "height_m": 12.0
      },
      "geometry": {
        "type": "Point",
        "coordinates": [
          -119.15889129264397,
          34.433863208858135
        ]
      }
    },
    {
      "type": "Feature",
      "properties": {
        "id": 553,
        "height_m": 10.4
      },
      "geometry": {
        "type": "Point",
        "coordinates": [
          -119.15889129264397,
          34.43397357647458
        ]
      }
    },
    {
      "type": "Feature",
      "properties": {
        "id": 554,
        "height_m": 6.7
      },
      "geometry": {
        "type": "Point",
        "coordinates": [
          -119.15889129264397,
          34.4344159502112
        ]
      }
    },
    {
      "type": "Feature",
      "properties": {
        "id": 555,
        "height_m": 14.9
      },
      "geometry": {
        "type": "Point",
        "coordinates": [
          -119.15888911457303,
          34.43198334629521
        ]
      }
    },
    {
      "type": "Feature",
      "properties": {
        "id": 556,
        "height_m": 11.5
      },
      "geometry": {
        "type": "Point",
        "coordinates": [
          -119.15888911457303,
          34.434130985390446
        ]
      }
    },
    {
      "type": "Feature",
      "properties": {
        "id": 557,
        "height_m": 11.2
      },
      "geometry": {
        "type": "Point",
        "coordinates": [
          -119.15888802444961,
          34.43092400161766
        ]
      }
    },
    {
      "type": "Feature",
      "properties": {
        "id": 558,
        "height_m": 6.4
      },
      "geometry": {
        "type": "Point",
        "coordinates": [
          -119.15888802444961,
          34.43462854338602
        ]
      }
    },
    {
      "type": "Feature",
      "properties": {
        "id": 559,
        "height_m": 4.3
      },
      "geometry": {
        "type": "Point",
        "coordinates": [
          -119.15888693541413,
          34.43036221403422
        ]
      }
    },
    {
      "type": "Feature",
      "properties": {
        "id": 560,
        "height_m": 13.9
      },
      "geometry": {
        "type": "Point",
        "coordinates": [
          -119.1588847573432,
          34.43152378427014
        ]
      }
    },
    {
      "type": "Feature",
      "properties": {
        "id": 561,
        "height_m": 6.4
      },
      "geometry": {
        "type": "Point",
        "coordinates": [
          -119.1588847573432,
          34.43460140379343
        ]
      }
    },
    {
      "type": "Feature",
      "properties": {
        "id": 562,
        "height_m": 10.7
      },
      "geometry": {
        "type": "Point",
        "coordinates": [
          -119.15888257927226,
          34.434072183540806
        ]
      }
    },
    {
      "type": "Feature",
      "properties": {
        "id": 563,
        "height_m": 12.8
      },
      "geometry": {
        "type": "Point",
        "coordinates": [
          -119.15888149023678,
          34.43168119318601
        ]
      }
    },
    {
      "type": "Feature",
      "properties": {
        "id": 564,
        "height_m": 12.1
      },
      "geometry": {
        "type": "Point",
        "coordinates": [
          -119.1588771340949,
          34.43361262151574
        ]
      }
    },
    {
      "type": "Feature",
      "properties": {
        "id": 565,
        "height_m": 7.4
      },
      "geometry": {
        "type": "Point",
        "coordinates": [
          -119.15887495602395,
          34.429636684722915
        ]
      }
    },
    {
      "type": "Feature",
      "properties": {
        "id": 566,
        "height_m": 13.8
      },
      "geometry": {
        "type": "Point",
        "coordinates": [
          -119.15887495602395,
          34.430843487913656
        ]
      }
    },
    {
      "type": "Feature",
      "properties": {
        "id": 567,
        "height_m": 10.2
      },
      "geometry": {
        "type": "Point",
        "coordinates": [
          -119.15887495602395,
          34.43490355690263
        ]
      }
    },
    {
      "type": "Feature",
      "properties": {
        "id": 568,
        "height_m": 17.7
      },
      "geometry": {
        "type": "Point",
        "coordinates": [
          -119.15887386698849,
          34.43069150673602
        ]
      }
    },
    {
      "type": "Feature",
      "properties": {
        "id": 569,
        "height_m": 13.7
      },
      "geometry": {
        "type": "Point",
        "coordinates": [
          -119.15887386698849,
          34.433507681637515
        ]
      }
    },
    {
      "type": "Feature",
      "properties": {
        "id": 570,
        "height_m": 4.6
      },
      "geometry": {
        "type": "Point",
        "coordinates": [
          -119.15887277795301,
          34.4297986172047
        ]
      }
    },
    {
      "type": "Feature",
      "properties": {
        "id": 571,
        "height_m": 4.4
      },
      "geometry": {
        "type": "Point",
        "coordinates": [
          -119.15887059879412,
          34.43477509592397
        ]
      }
    },
    {
      "type": "Feature",
      "properties": {
        "id": 572,
        "height_m": 6.8
      },
      "geometry": {
        "type": "Point",
        "coordinates": [
          -119.15886950975865,
          34.4345308404921
        ]
      }
    },
    {
      "type": "Feature",
      "properties": {
        "id": 573,
        "height_m": 3.3
      },
      "geometry": {
        "type": "Point",
        "coordinates": [
          -119.1588673316877,
          34.4325406112142
        ]
      }
    },
    {
      "type": "Feature",
      "properties": {
        "id": 574,
        "height_m": 15.4
      },
      "geometry": {
        "type": "Point",
        "coordinates": [
          -119.15886624265224,
          34.43146317317443
        ]
      }
    },
    {
      "type": "Feature",
      "properties": {
        "id": 575,
        "height_m": 14.7
      },
      "geometry": {
        "type": "Point",
        "coordinates": [
          -119.15886515361676,
          34.429292918052525
        ]
      }
    },
    {
      "type": "Feature",
      "properties": {
        "id": 576,
        "height_m": 19.5
      },
      "geometry": {
        "type": "Point",
        "coordinates": [
          -119.1588640645813,
          34.43108593409944
        ]
      }
    },
    {
      "type": "Feature",
      "properties": {
        "id": 577,
        "height_m": 9.2
      },
      "geometry": {
        "type": "Point",
        "coordinates": [
          -119.15886297554583,
          34.429970500990635
        ]
      }
    },
    {
      "type": "Feature",
      "properties": {
        "id": 578,
        "height_m": 15.5
      },
      "geometry": {
        "type": "Point",
        "coordinates": [
          -119.15886188651035,
          34.42946389676468
        ]
      }
    },
    {
      "type": "Feature",
      "properties": {
        "id": 579,
        "height_m": 5.7
      },
      "geometry": {
        "type": "Point",
        "coordinates": [
          -119.15886188651035,
          34.43183679375726
        ]
      }
    },
    {
      "type": "Feature",
      "properties": {
        "id": 580,
        "height_m": 9.7
      },
      "geometry": {
        "type": "Point",
        "coordinates": [
          -119.15886079747489,
          34.43175899347163
        ]
      }
    },
    {
      "type": "Feature",
      "properties": {
        "id": 581,
        "height_m": 17.3
      },
      "geometry": {
        "type": "Point",
        "coordinates": [
          -119.15885535120958,
          34.43101808511796
        ]
      }
    },
    {
      "type": "Feature",
      "properties": {
        "id": 582,
        "height_m": 10.0
      },
      "geometry": {
        "type": "Point",
        "coordinates": [
          -119.15885535120958,
          34.43129943144657
        ]
      }
    },
    {
      "type": "Feature",
      "properties": {
        "id": 583,
        "height_m": 10.7
      },
      "geometry": {
        "type": "Point",
        "coordinates": [
          -119.15885535120958,
          34.43389306277057
        ]
      }
    },
    {
      "type": "Feature",
      "properties": {
        "id": 584,
        "height_m": 11.6
      },
      "geometry": {
        "type": "Point",
        "coordinates": [
          -119.1588542621741,
          34.43164500736304
        ]
      }
    },
    {
      "type": "Feature",
      "properties": {
        "id": 585,
        "height_m": 13.1
      },
      "geometry": {
        "type": "Point",
        "coordinates": [
          -119.15885317313864,
          34.42953084067239
        ]
      }
    },
    {
      "type": "Feature",
      "properties": {
        "id": 586,
        "height_m": 10.6
      },
      "geometry": {
        "type": "Point",
        "coordinates": [
          -119.15885317313864,
          34.432179655353885
        ]
      }
    },
    {
      "type": "Feature",
      "properties": {
        "id": 587,
        "height_m": 9.8
      },
      "geometry": {
        "type": "Point",
        "coordinates": [
          -119.15885317313864,
          34.43230902050485
        ]
      }
    },
    {
      "type": "Feature",
      "properties": {
        "id": 588,
        "height_m": 15.9
      },
      "geometry": {
        "type": "Point",
        "coordinates": [
          -119.15884990603222,
          34.42936981326438
        ]
      }
    },
    {
      "type": "Feature",
      "properties": {
        "id": 589,
        "height_m": 12.4
      },
      "geometry": {
        "type": "Point",
        "coordinates": [
          -119.15884990603222,
          34.430632703984905
        ]
      }
    },
    {
      "type": "Feature",
      "properties": {
        "id": 590,
        "height_m": 16.0
      },
      "geometry": {
        "type": "Point",
        "coordinates": [
          -119.15884010362504,
          34.432118139184404
        ]
      }
    },
    {
      "type": "Feature",
      "properties": {
        "id": 591,
        "height_m": 15.3
      },
      "geometry": {
        "type": "Point",
        "coordinates": [
          -119.15884010362504,
          34.433417216629365
        ]
      }
    },
    {
      "type": "Feature",
      "properties": {
        "id": 592,
        "height_m": 9.0
      },
      "geometry": {
        "type": "Point",
        "coordinates": [
          -119.1588379255541,
          34.43190645108335
        ]
      }
    },
    {
      "type": "Feature",
      "properties": {
        "id": 593,
        "height_m": 12.7
      },
      "geometry": {
        "type": "Point",
        "coordinates": [
          -119.15883574748315,
          34.431713761418294
        ]
      }
    },
    {
      "type": "Feature",
      "properties": {
        "id": 594,
        "height_m": 14.9
      },
      "geometry": {
        "type": "Point",
        "coordinates": [
          -119.15883139134127,
          34.43140527549709
        ]
      }
    },
    {
      "type": "Feature",
      "properties": {
        "id": 595,
        "height_m": 17.1
      },
      "geometry": {
        "type": "Point",
        "coordinates": [
          -119.15882703519938,
          34.4320376254804
        ]
      }
    },
    {
      "type": "Feature",
      "properties": {
        "id": 596,
        "height_m": 7.1
      },
      "geometry": {
        "type": "Point",
        "coordinates": [
          -119.15882376700502,
          34.430287128068436
        ]
      }
    },
    {
      "type": "Feature",
      "properties": {
        "id": 597,
        "height_m": 13.4
      },
      "geometry": {
        "type": "Point",
        "coordinates": [
          -119.15882376700502,
          34.43123158246509
        ]
      }
    },
    {
      "type": "Feature",
      "properties": {
        "id": 598,
        "height_m": 15.5
      },
      "geometry": {
        "type": "Point",
        "coordinates": [
          -119.15882049989861,
          34.43151835653192
        ]
      }
    },
    {
      "type": "Feature",
      "properties": {
        "id": 599,
        "height_m": 4.1
      },
      "geometry": {
        "type": "Point",
        "coordinates": [
          -119.15882049989861,
          34.433222716816765
        ]
      }
    },
    {
      "type": "Feature",
      "properties": {
        "id": 600,
        "height_m": 9.3
      },
      "geometry": {
        "type": "Point",
        "coordinates": [
          -119.15881832182767,
          34.4332878514784
        ]
      }
    },
    {
      "type": "Feature",
      "properties": {
        "id": 601,
        "height_m": 8.7
      },
      "geometry": {
        "type": "Point",
        "coordinates": [
          -119.15881505472125,
          34.43127500617382
        ]
      }
    },
    {
      "type": "Feature",
      "properties": {
        "id": 602,
        "height_m": 14.7
      },
      "geometry": {
        "type": "Point",
        "coordinates": [
          -119.15881505472125,
          34.43337198457602
        ]
      }
    },
    {
      "type": "Feature",
      "properties": {
        "id": 603,
        "height_m": 6.6
      },
      "geometry": {
        "type": "Point",
        "coordinates": [
          -119.15881396568578,
          34.43423863868704
        ]
      }
    },
    {
      "type": "Feature",
      "properties": {
        "id": 604,
        "height_m": 8.7
      },
      "geometry": {
        "type": "Point",
        "coordinates": [
          -119.15881069857936,
          34.431874788826306
        ]
      }
    },
    {
      "type": "Feature",
      "properties": {
        "id": 605,
        "height_m": 18.0
      },
      "geometry": {
        "type": "Point",
        "coordinates": [
          -119.15881069857936,
          34.43242843435168
        ]
      }
    },
    {
      "type": "Feature",
      "properties": {
        "id": 606,
        "height_m": 9.1
      },
      "geometry": {
        "type": "Point",
        "coordinates": [
          -119.15880852050842,
          34.434294727118306
        ]
      }
    },
    {
      "type": "Feature",
      "properties": {
        "id": 607,
        "height_m": 14.1
      },
      "geometry": {
        "type": "Point",
        "coordinates": [
          -119.158807430385,
          34.430806397016916
        ]
      }
    },
    {
      "type": "Feature",
      "properties": {
        "id": 608,
        "height_m": 12.3
      },
      "geometry": {
        "type": "Point",
        "coordinates": [
          -119.158807430385,
          34.43132747521147
        ]
      }
    },
    {
      "type": "Feature",
      "properties": {
        "id": 609,
        "height_m": 13.0
      },
      "geometry": {
        "type": "Point",
        "coordinates": [
          -119.158807430385,
          34.433548391026406
        ]
      }
    },
    {
      "type": "Feature",
      "properties": {
        "id": 610,
        "height_m": 14.8
      },
      "geometry": {
        "type": "Point",
        "coordinates": [
          -119.15880525231405,
          34.43146588659281
        ]
      }
    },
    {
      "type": "Feature",
      "properties": {
        "id": 611,
        "height_m": 6.7
      },
      "geometry": {
        "type": "Point",
        "coordinates": [
          -119.15880525231405,
          34.434133699710294
        ]
      }
    },
    {
      "type": "Feature",
      "properties": {
        "id": 612,
        "height_m": 16.3
      },
      "geometry": {
        "type": "Point",
        "coordinates": [
          -119.15880416327859,
          34.43266907129139
        ]
      }
    },
    {
      "type": "Feature",
      "properties": {
        "id": 613,
        "height_m": 7.7
      },
      "geometry": {
        "type": "Point",
        "coordinates": [
          -119.15880416327859,
          34.43437343157623
        ]
      }
    },
    {
      "type": "Feature",
      "properties": {
        "id": 614,
        "height_m": 8.7
      },
      "geometry": {
        "type": "Point",
        "coordinates": [
          -119.15880307424312,
          34.43032874162963
        ]
      }
    },
    {
      "type": "Feature",
      "properties": {
        "id": 615,
        "height_m": 18.4
      },
      "geometry": {
        "type": "Point",
        "coordinates": [
          -119.15880307424312,
          34.43105155752255
        ]
      }
    },
    {
      "type": "Feature",
      "properties": {
        "id": 616,
        "height_m": 8.2
      },
      "geometry": {
        "type": "Point",
        "coordinates": [
          -119.15880198520765,
          34.43184493491387
        ]
      }
    },
    {
      "type": "Feature",
      "properties": {
        "id": 617,
        "height_m": 15.2
      },
      "geometry": {
        "type": "Point",
        "coordinates": [
          -119.15880089617218,
          34.43161877284422
        ]
      }
    },
    {
      "type": "Feature",
      "properties": {
        "id": 618,
        "height_m": 17.7
      },
      "geometry": {
        "type": "Point",
        "coordinates": [
          -119.1587998071367,
          34.43111669218419
        ]
      }
    },
    {
      "type": "Feature",
      "properties": {
        "id": 619,
        "height_m": 20.0
      },
      "geometry": {
        "type": "Point",
        "coordinates": [
          -119.15879871810124,
          34.43285452487362
        ]
      }
    },
    {
      "type": "Feature",
      "properties": {
        "id": 620,
        "height_m": 9.7
      },
      "geometry": {
        "type": "Point",
        "coordinates": [
          -119.15879436195935,
          34.43016952346769
        ]
      }
    },
    {
      "type": "Feature",
      "properties": {
        "id": 621,
        "height_m": 15.3
      },
      "geometry": {
        "type": "Point",
        "coordinates": [
          -119.15879218388841,
          34.43236782325596
        ]
      }
    },
    {
      "type": "Feature",
      "properties": {
        "id": 622,
        "height_m": 9.7
      },
      "geometry": {
        "type": "Point",
        "coordinates": [
          -119.15879000472951,
          34.43006367941717
        ]
      }
    },
    {
      "type": "Feature",
      "properties": {
        "id": 623,
        "height_m": 15.5
      },
      "geometry": {
        "type": "Point",
        "coordinates": [
          -119.15878455955216,
          34.433603574383895
        ]
      }
    },
    {
      "type": "Feature",
      "properties": {
        "id": 624,
        "height_m": 9.3
      },
      "geometry": {
        "type": "Point",
        "coordinates": [
          -119.15878020341027,
          34.4312912893885
        ]
      }
    },
    {
      "type": "Feature",
      "properties": {
        "id": 625,
        "height_m": 8.5
      },
      "geometry": {
        "type": "Point",
        "coordinates": [
          -119.15877911437481,
          34.43427301526394
        ]
      }
    },
    {
      "type": "Feature",
      "properties": {
        "id": 626,
        "height_m": 13.9
      },
      "geometry": {
        "type": "Point",
        "coordinates": [
          -119.15877584726839,
          34.43040744698903
        ]
      }
    },
    {
      "type": "Feature",
      "properties": {
        "id": 627,
        "height_m": 6.6
      },
      "geometry": {
        "type": "Point",
        "coordinates": [
          -119.15877475714497,
          34.43453626913179
        ]
      }
    },
    {
      "type": "Feature",
      "properties": {
        "id": 628,
        "height_m": 7.5
      },
      "geometry": {
        "type": "Point",
        "coordinates": [
          -119.15877257907403,
          34.43462040132795
        ]
      }
    },
    {
      "type": "Feature",
      "properties": {
        "id": 629,
        "height_m": 8.4
      },
      "geometry": {
        "type": "Point",
        "coordinates": [
          -119.15877149003856,
          34.42942771094172
        ]
      }
    },
    {
      "type": "Feature",
      "properties": {
        "id": 630,
        "height_m": 6.1
      },
      "geometry": {
        "type": "Point",
        "coordinates": [
          -119.15877149003856,
          34.43450460597328
        ]
      }
    },
    {
      "type": "Feature",
      "properties": {
        "id": 631,
        "height_m": 16.6
      },
      "geometry": {
        "type": "Point",
        "coordinates": [
          -119.15876931196762,
          34.42966291924174
        ]
      }
    },
    {
      "type": "Feature",
      "properties": {
        "id": 632,
        "height_m": 11.4
      },
      "geometry": {
        "type": "Point",
        "coordinates": [
          -119.1587660448612,
          34.43207743069698
        ]
      }
    },
    {
      "type": "Feature",
      "properties": {
        "id": 633,
        "height_m": 12.1
      },
      "geometry": {
        "type": "Point",
        "coordinates": [
          -119.1587660448612,
          34.43246914374056
        ]
      }
    },
    {
      "type": "Feature",
      "properties": {
        "id": 634,
        "height_m": 16.5
      },
      "geometry": {
        "type": "Point",
        "coordinates": [
          -119.1587660448612,
          34.43365333000316
        ]
      }
    },
    {
      "type": "Feature",
      "properties": {
        "id": 635,
        "height_m": 12.7
      },
      "geometry": {
        "type": "Point",
        "coordinates": [
          -119.15876495582573,
          34.43063089473883
        ]
      }
    },
    {
      "type": "Feature",
      "properties": {
        "id": 636,
        "height_m": 7.8
      },
      "geometry": {
        "type": "Point",
        "coordinates": [
          -119.15876495582573,
          34.432317162562924
        ]
      }
    },
    {
      "type": "Feature",
      "properties": {
        "id": 637,
        "height_m": 16.2
      },
      "geometry": {
        "type": "Point",
        "coordinates": [
          -119.15876386679025,
          34.43092219237158
        ]
      }
    },
    {
      "type": "Feature",
      "properties": {
        "id": 638,
        "height_m": 7.4
      },
      "geometry": {
        "type": "Point",
        "coordinates": [
          -119.15876168871932,
          34.43019394874044
        ]
      }
    },
    {
      "type": "Feature",
      "properties": {
        "id": 639,
        "height_m": 6.5
      },
      "geometry": {
        "type": "Point",
        "coordinates": [
          -119.15876168871932,
          34.43441956870335
        ]
      }
    },
    {
      "type": "Feature",
      "properties": {
        "id": 640,
        "height_m": 15.3
      },
      "geometry": {
        "type": "Point",
        "coordinates": [
          -119.15876059968384,
          34.43200505814958
        ]
      }
    },
    {
      "type": "Feature",
      "properties": {
        "id": 641,
        "height_m": 9.6
      },
      "geometry": {
        "type": "Point",
        "coordinates": [
          -119.15876059968384,
          34.43430467842245
        ]
      }
    },
    {
      "type": "Feature",
      "properties": {
        "id": 642,
        "height_m": 9.4
      },
      "geometry": {
        "type": "Point",
        "coordinates": [
          -119.15875842052496,
          34.434037806963914
        ]
      }
    },
    {
      "type": "Feature",
      "properties": {
        "id": 643,
        "height_m": 9.2
      },
      "geometry": {
        "type": "Point",
        "coordinates": [
          -119.15875624245402,
          34.43152649858999
        ]
      }
    },
    {
      "type": "Feature",
      "properties": {
        "id": 644,
        "height_m": 9.8
      },
      "geometry": {
        "type": "Point",
        "coordinates": [
          -119.15875624245402,
          34.43382611886286
        ]
      }
    },
    {
      "type": "Feature",
      "properties": {
        "id": 645,
        "height_m": 11.0
      },
      "geometry": {
        "type": "Point",
        "coordinates": [
          -119.15875624245402,
          34.43408394409103
        ]
      }
    },
    {
      "type": "Feature",
      "properties": {
        "id": 646,
        "height_m": 7.3
      },
      "geometry": {
        "type": "Point",
        "coordinates": [
          -119.15875624245402,
          34.43436528951816
        ]
      }
    },
    {
      "type": "Feature",
      "properties": {
        "id": 647,
        "height_m": 8.4
      },
      "geometry": {
        "type": "Point",
        "coordinates": [
          -119.15875406438307,
          34.43013152839865
        ]
      }
    },
    {
      "type": "Feature",
      "properties": {
        "id": 648,
        "height_m": 12.3
      },
      "geometry": {
        "type": "Point",
        "coordinates": [
          -119.15875188631213,
          34.43142155871177
        ]
      }
    },
    {
      "type": "Feature",
      "properties": {
        "id": 649,
        "height_m": 15.7
      },
      "geometry": {
        "type": "Point",
        "coordinates": [
          -119.15875188631213,
          34.433458831092025
        ]
      }
    },
    {
      "type": "Feature",
      "properties": {
        "id": 650,
        "height_m": 11.9
      },
      "geometry": {
        "type": "Point",
        "coordinates": [
          -119.15874861920571,
          34.433542058214414
        ]
      }
    },
    {
      "type": "Feature",
      "properties": {
        "id": 651,
        "height_m": 14.2
      },
      "geometry": {
        "type": "Point",
        "coordinates": [
          -119.1587453520993,
          34.431676670521554
        ]
      }
    },
    {
      "type": "Feature",
      "properties": {
        "id": 652,
        "height_m": 9.5
      },
      "geometry": {
        "type": "Point",
        "coordinates": [
          -119.1587453520993,
          34.43330775408669
        ]
      }
    },
    {
      "type": "Feature",
      "properties": {
        "id": 653,
        "height_m": 7.5
      },
      "geometry": {
        "type": "Point",
        "coordinates": [
          -119.15874208390494,
          34.43376007912746
        ]
      }
    },
    {
      "type": "Feature",
      "properties": {
        "id": 654,
        "height_m": 11.9
      },
      "geometry": {
        "type": "Point",
        "coordinates": [
          -119.15874099486948,
          34.4300139237979
        ]
      }
    },
    {
      "type": "Feature",
      "properties": {
        "id": 655,
        "height_m": 9.4
      },
      "geometry": {
        "type": "Point",
        "coordinates": [
          -119.15873772776305,
          34.43059561398964
        ]
      }
    },
    {
      "type": "Feature",
      "properties": {
        "id": 656,
        "height_m": 12.5
      },
      "geometry": {
        "type": "Point",
        "coordinates": [
          -119.15873663872759,
          34.43159525174377
        ]
      }
    },
    {
      "type": "Feature",
      "properties": {
        "id": 657,
        "height_m": 14.1
      },
      "geometry": {
        "type": "Point",
        "coordinates": [
          -119.15873663872759,
          34.43177980025223
        ]
      }
    },
    {
      "type": "Feature",
      "properties": {
        "id": 658,
        "height_m": 12.6
      },
      "geometry": {
        "type": "Point",
        "coordinates": [
          -119.15873554969211,
          34.43068336467795
        ]
      }
    },
    {
      "type": "Feature",
      "properties": {
        "id": 659,
        "height_m": 16.2
      },
      "geometry": {
        "type": "Point",
        "coordinates": [
          -119.15873554969211,
          34.431162829311305
        ]
      }
    },
    {
      "type": "Feature",
      "properties": {
        "id": 660,
        "height_m": 11.7
      },
      "geometry": {
        "type": "Point",
        "coordinates": [
          -119.15873446065665,
          34.43149393125917
        ]
      }
    },
    {
      "type": "Feature",
      "properties": {
        "id": 661,
        "height_m": 6.8
      },
      "geometry": {
        "type": "Point",
        "coordinates": [
          -119.15873446065665,
          34.43427301526394
        ]
      }
    },
    {
      "type": "Feature",
      "properties": {
        "id": 662,
        "height_m": 13.3
      },
      "geometry": {
        "type": "Point",
        "coordinates": [
          -119.1587322825857,
          34.43122796397294
        ]
      }
    },
    {
      "type": "Feature",
      "properties": {
        "id": 663,
        "height_m": 9.1
      },
      "geometry": {
        "type": "Point",
        "coordinates": [
          -119.1587322825857,
          34.4340061438054
        ]
      }
    },
    {
      "type": "Feature",
      "properties": {
        "id": 664,
        "height_m": 13.1
      },
      "geometry": {
        "type": "Point",
        "coordinates": [
          -119.15873119355022,
          34.429352624975934
        ]
      }
    },
    {
      "type": "Feature",
      "properties": {
        "id": 665,
        "height_m": 14.2
      },
      "geometry": {
        "type": "Point",
        "coordinates": [
          -119.15873010451476,
          34.43029255580666
        ]
      }
    },
    {
      "type": "Feature",
      "properties": {
        "id": 666,
        "height_m": 14.2
      },
      "geometry": {
        "type": "Point",
        "coordinates": [
          -119.15873010451476,
          34.43186845601431
        ]
      }
    },
    {
      "type": "Feature",
      "properties": {
        "id": 667,
        "height_m": 7.6
      },
      "geometry": {
        "type": "Point",
        "coordinates": [
          -119.15872792644382,
          34.4346240198201
        ]
      }
    },
    {
      "type": "Feature",
      "properties": {
        "id": 668,
        "height_m": 13.2
      },
      "geometry": {
        "type": "Point",
        "coordinates": [
          -119.15872574728492,
          34.43007724921346
        ]
      }
    },
    {
      "type": "Feature",
      "properties": {
        "id": 669,
        "height_m": 17.3
      },
      "geometry": {
        "type": "Point",
        "coordinates": [
          -119.15871812403662,
          34.43095837819455
        ]
      }
    },
    {
      "type": "Feature",
      "properties": {
        "id": 670,
        "height_m": 11.8
      },
      "geometry": {
        "type": "Point",
        "coordinates": [
          -119.15871485693022,
          34.430355881222226
        ]
      }
    },
    {
      "type": "Feature",
      "properties": {
        "id": 671,
        "height_m": 10.7
      },
      "geometry": {
        "type": "Point",
        "coordinates": [
          -119.15871376789474,
          34.43062818132045
        ]
      }
    },
    {
      "type": "Feature",
      "properties": {
        "id": 672,
        "height_m": 8.8
      },
      "geometry": {
        "type": "Point",
        "coordinates": [
          -119.15871050078833,
          34.43208466768128
        ]
      }
    },
    {
      "type": "Feature",
      "properties": {
        "id": 673,
        "height_m": 12.3
      },
      "geometry": {
        "type": "Point",
        "coordinates": [
          -119.15870941066491,
          34.43133833158938
        ]
      }
    },
    {
      "type": "Feature",
      "properties": {
        "id": 674,
        "height_m": 11.0
      },
      "geometry": {
        "type": "Point",
        "coordinates": [
          -119.15870614355849,
          34.4302147564225
        ]
      }
    },
    {
      "type": "Feature",
      "properties": {
        "id": 675,
        "height_m": 15.5
      },
      "geometry": {
        "type": "Point",
        "coordinates": [
          -119.15870505452303,
          34.43073040687883
        ]
      }
    },
    {
      "type": "Feature",
      "properties": {
        "id": 676,
        "height_m": 12.9
      },
      "geometry": {
        "type": "Point",
        "coordinates": [
          -119.15870069838114,
          34.43197610931091
        ]
      }
    },
    {
      "type": "Feature",
      "properties": {
        "id": 677,
        "height_m": 13.4
      },
      "geometry": {
        "type": "Point",
        "coordinates": [
          -119.1586985203102,
          34.43358005418492
        ]
      }
    },
    {
      "type": "Feature",
      "properties": {
        "id": 678,
        "height_m": 13.5
      },
      "geometry": {
        "type": "Point",
        "coordinates": [
          -119.15869743127473,
          34.430446346230376
        ]
      }
    },
    {
      "type": "Feature",
      "properties": {
        "id": 679,
        "height_m": 3.7
      },
      "geometry": {
        "type": "Point",
        "coordinates": [
          -119.15869416308037,
          34.429806759262775
        ]
      }
    },
    {
      "type": "Feature",
      "properties": {
        "id": 680,
        "height_m": 5.2
      },
      "geometry": {
        "type": "Point",
        "coordinates": [
          -119.15869307404489,
          34.433286042232325
        ]
      }
    },
    {
      "type": "Feature",
      "properties": {
        "id": 681,
        "height_m": 13.8
      },
      "geometry": {
        "type": "Point",
        "coordinates": [
          -119.15869089597395,
          34.431425178105385
        ]
      }
    },
    {
      "type": "Feature",
      "properties": {
        "id": 682,
        "height_m": 15.4
      },
      "geometry": {
        "type": "Point",
        "coordinates": [
          -119.158688717903,
          34.431715570664366
        ]
      }
    },
    {
      "type": "Feature",
      "properties": {
        "id": 683,
        "height_m": 11.1
      },
      "geometry": {
        "type": "Point",
        "coordinates": [
          -119.158688717903,
          34.43389939558257
        ]
      }
    },
    {
      "type": "Feature",
      "properties": {
        "id": 684,
        "height_m": 7.4
      },
      "geometry": {
        "type": "Point",
        "coordinates": [
          -119.15868653983206,
          34.43014962176087
        ]
      }
    },
    {
      "type": "Feature",
      "properties": {
        "id": 685,
        "height_m": 13.4
      },
      "geometry": {
        "type": "Point",
        "coordinates": [
          -119.15868218369017,
          34.4314722194048
        ]
      }
    },
    {
      "type": "Feature",
      "properties": {
        "id": 686,
        "height_m": 10.4
      },
      "geometry": {
        "type": "Point",
        "coordinates": [
          -119.15868218369017,
          34.43434357856527
        ]
      }
    },
    {
      "type": "Feature",
      "properties": {
        "id": 687,
        "height_m": 6.6
      },
      "geometry": {
        "type": "Point",
        "coordinates": [
          -119.15868218369017,
          34.43461949625418
        ]
      }
    },
    {
      "type": "Feature",
      "properties": {
        "id": 688,
        "height_m": 12.2
      },
      "geometry": {
        "type": "Point",
        "coordinates": [
          -119.15867891658377,
          34.42933091312157
        ]
      }
    },
    {
      "type": "Feature",
      "properties": {
        "id": 689,
        "height_m": 10.6
      },
      "geometry": {
        "type": "Point",
        "coordinates": [
          -119.15867891658377,
          34.42969910596617
        ]
      }
    },
    {
      "type": "Feature",
      "properties": {
        "id": 690,
        "height_m": 8.7
      },
      "geometry": {
        "type": "Point",
        "coordinates": [
          -119.15867782646035,
          34.434809473402325
        ]
      }
    },
    {
      "type": "Feature",
      "properties": {
        "id": 691,
        "height_m": 10.6
      },
      "geometry": {
        "type": "Point",
        "coordinates": [
          -119.15867673742488,
          34.43002658852043
        ]
      }
    },
    {
      "type": "Feature",
      "properties": {
        "id": 692,
        "height_m": 16.2
      },
      "geometry": {
        "type": "Point",
        "coordinates": [
          -119.15867673742488,
          34.43080549284461
        ]
      }
    },
    {
      "type": "Feature",
      "properties": {
        "id": 693,
        "height_m": 15.8
      },
      "geometry": {
        "type": "Point",
        "coordinates": [
          -119.15867673742488,
          34.431602488728075
        ]
      }
    },
    {
      "type": "Feature",
      "properties": {
        "id": 694,
        "height_m": 18.1
      },
      "geometry": {
        "type": "Point",
        "coordinates": [
          -119.1586756483894,
          34.43352486992597
        ]
      }
    },
    {
      "type": "Feature",
      "properties": {
        "id": 695,
        "height_m": 5.4
      },
      "geometry": {
        "type": "Point",
        "coordinates": [
          -119.15867347031846,
          34.433313181824914
        ]
      }
    },
    {
      "type": "Feature",
      "properties": {
        "id": 696,
        "height_m": 12.9
      },
      "geometry": {
        "type": "Point",
        "coordinates": [
          -119.158672381283,
          34.433645188846555
        ]
      }
    },
    {
      "type": "Feature",
      "properties": {
        "id": 697,
        "height_m": 15.1
      },
      "geometry": {
        "type": "Point",
        "coordinates": [
          -119.15867129224752,
          34.431138404038556
        ]
      }
    },
    {
      "type": "Feature",
      "properties": {
        "id": 698,
        "height_m": 19.2
      },
      "geometry": {
        "type": "Point",
        "coordinates": [
          -119.15866802514111,
          34.42962763849254
        ]
      }
    },
    {
      "type": "Feature",
      "properties": {
        "id": 699,
        "height_m": 15.2
      },
      "geometry": {
        "type": "Point",
        "coordinates": [
          -119.15866693610563,
          34.43027265409984
        ]
      }
    },
    {
      "type": "Feature",
      "properties": {
        "id": 700,
        "height_m": 3.3
      },
      "geometry": {
        "type": "Point",
        "coordinates": [
          -119.15866257996375,
          34.43337017532995
        ]
      }
    },
    {
      "type": "Feature",
      "properties": {
        "id": 701,
        "height_m": 12.5
      },
      "geometry": {
        "type": "Point",
        "coordinates": [
          -119.15866148984033,
          34.43049519767734
        ]
      }
    },
    {
      "type": "Feature",
      "properties": {
        "id": 702,
        "height_m": 14.2
      },
      "geometry": {
        "type": "Point",
        "coordinates": [
          -119.15865604466298,
          34.43123791527709
        ]
      }
    },
    {
      "type": "Feature",
      "properties": {
        "id": 703,
        "height_m": 12.4
      },
      "geometry": {
        "type": "Point",
        "coordinates": [
          -119.15865495562751,
          34.43384692564346
        ]
      }
    },
    {
      "type": "Feature",
      "properties": {
        "id": 704,
        "height_m": 17.5
      },
      "geometry": {
        "type": "Point",
        "coordinates": [
          -119.15865168852109,
          34.43090771750152
        ]
      }
    },
    {
      "type": "Feature",
      "properties": {
        "id": 705,
        "height_m": 11.9
      },
      "geometry": {
        "type": "Point",
        "coordinates": [
          -119.15864842141468,
          34.429489227111205
        ]
      }
    },
    {
      "type": "Feature",
      "properties": {
        "id": 706,
        "height_m": 10.6
      },
      "geometry": {
        "type": "Point",
        "coordinates": [
          -119.15864842141468,
          34.431193587396045
        ]
      }
    },
    {
      "type": "Feature",
      "properties": {
        "id": 707,
        "height_m": 11.5
      },
      "geometry": {
        "type": "Point",
        "coordinates": [
          -119.1586473323792,
          34.43053952555837
        ]
      }
    },
    {
      "type": "Feature",
      "properties": {
        "id": 708,
        "height_m": 11.4
      },
      "geometry": {
        "type": "Point",
        "coordinates": [
          -119.15864515322032,
          34.42943947149194
        ]
      }
    },
    {
      "type": "Feature",
      "properties": {
        "id": 709,
        "height_m": 14.2
      },
      "geometry": {
        "type": "Point",
        "coordinates": [
          -119.1586418861139,
          34.43150388256332
        ]
      }
    },
    {
      "type": "Feature",
      "properties": {
        "id": 710,
        "height_m": 16.2
      },
      "geometry": {
        "type": "Point",
        "coordinates": [
          -119.15863970804295,
          34.430739453109204
        ]
      }
    },
    {
      "type": "Feature",
      "properties": {
        "id": 711,
        "height_m": 14.1
      },
      "geometry": {
        "type": "Point",
        "coordinates": [
          -119.15863970804295,
          34.433204624356016
        ]
      }
    },
    {
      "type": "Feature",
      "properties": {
        "id": 712,
        "height_m": 13.0
      },
      "geometry": {
        "type": "Point",
        "coordinates": [
          -119.15863861900749,
          34.43182684245312
        ]
      }
    },
    {
      "type": "Feature",
      "properties": {
        "id": 713,
        "height_m": 15.2
      },
      "geometry": {
        "type": "Point",
        "coordinates": [
          -119.15863644093655,
          34.431933590675946
        ]
      }
    },
    {
      "type": "Feature",
      "properties": {
        "id": 714,
        "height_m": 11.9
      },
      "geometry": {
        "type": "Point",
        "coordinates": [
          -119.15863535190108,
          34.431426987351465
        ]
      }
    },
    {
      "type": "Feature",
      "properties": {
        "id": 715,
        "height_m": 17.7
      },
      "geometry": {
        "type": "Point",
        "coordinates": [
          -119.1586309957592,
          34.42954350629638
        ]
      }
    },
    {
      "type": "Feature",
      "properties": {
        "id": 716,
        "height_m": 11.1
      },
      "geometry": {
        "type": "Point",
        "coordinates": [
          -119.15862990672372,
          34.43039116287289
        ]
      }
    },
    {
      "type": "Feature",
      "properties": {
        "id": 717,
        "height_m": 15.2
      },
      "geometry": {
        "type": "Point",
        "coordinates": [
          -119.15862663852936,
          34.431065127318845
        ]
      }
    },
    {
      "type": "Feature",
      "properties": {
        "id": 718,
        "height_m": 7.8
      },
      "geometry": {
        "type": "Point",
        "coordinates": [
          -119.15862446045841,
          34.430134242718495
        ]
      }
    },
    {
      "type": "Feature",
      "properties": {
        "id": 719,
        "height_m": 12.8
      },
      "geometry": {
        "type": "Point",
        "coordinates": [
          -119.15862228238747,
          34.42992255461745
        ]
      }
    },
    {
      "type": "Feature",
      "properties": {
        "id": 720,
        "height_m": 17.3
      },
      "geometry": {
        "type": "Point",
        "coordinates": [
          -119.15862010431653,
          34.43172914046067
        ]
      }
    },
    {
      "type": "Feature",
      "properties": {
        "id": 721,
        "height_m": 5.6
      },
      "geometry": {
        "type": "Point",
        "coordinates": [
          -119.15862010431653,
          34.43312139633216
        ]
      }
    },
    {
      "type": "Feature",
      "properties": {
        "id": 722,
        "height_m": 14.2
      },
      "geometry": {
        "type": "Point",
        "coordinates": [
          -119.15861901528106,
          34.43024551450724
        ]
      }
    },
    {
      "type": "Feature",
      "properties": {
        "id": 723,
        "height_m": 16.3
      },
      "geometry": {
        "type": "Point",
        "coordinates": [
          -119.15861683721012,
          34.43031064916888
        ]
      }
    },
    {
      "type": "Feature",
      "properties": {
        "id": 724,
        "height_m": 6.1
      },
      "geometry": {
        "type": "Point",
        "coordinates": [
          -119.15861465913918,
          34.434643017354624
        ]
      }
    },
    {
      "type": "Feature",
      "properties": {
        "id": 725,
        "height_m": 14.3
      },
      "geometry": {
        "type": "Point",
        "coordinates": [
          -119.15861247998029,
          34.431316619735014
        ]
      }
    },
    {
      "type": "Feature",
      "properties": {
        "id": 726,
        "height_m": 12.0
      },
      "geometry": {
        "type": "Point",
        "coordinates": [
          -119.15861247998029,
          34.43216879987744
        ]
      }
    },
    {
      "type": "Feature",
      "properties": {
        "id": 727,
        "height_m": 8.0
      },
      "geometry": {
        "type": "Point",
        "coordinates": [
          -119.15861139094481,
          34.43210909295403
        ]
      }
    },
    {
      "type": "Feature",
      "properties": {
        "id": 728,
        "height_m": 16.5
      },
      "geometry": {
        "type": "Point",
        "coordinates": [
          -119.15861030190935,
          34.43086519976802
        ]
      }
    },
    {
      "type": "Feature",
      "properties": {
        "id": 729,
        "height_m": 13.4
      },
      "geometry": {
        "type": "Point",
        "coordinates": [
          -119.15861030190935,
          34.43345973526433
        ]
      }
    },
    {
      "type": "Feature",
      "properties": {
        "id": 730,
        "height_m": 13.9
      },
      "geometry": {
        "type": "Point",
        "coordinates": [
          -119.15860921287387,
          34.43136275686213
        ]
      }
    },
    {
      "type": "Feature",
      "properties": {
        "id": 731,
        "height_m": 10.0
      },
      "geometry": {
        "type": "Point",
        "coordinates": [
          -119.1586081238384,
          34.430096246747986
        ]
      }
    },
    {
      "type": "Feature",
      "properties": {
        "id": 732,
        "height_m": 16.4
      },
      "geometry": {
        "type": "Point",
        "coordinates": [
          -119.1586081238384,
          34.43178251457208
        ]
      }
    },
    {
      "type": "Feature",
      "properties": {
        "id": 733,
        "height_m": 8.1
      },
      "geometry": {
        "type": "Point",
        "coordinates": [
          -119.15860594576746,
          34.43112845273441
        ]
      }
    },
    {
      "type": "Feature",
      "properties": {
        "id": 734,
        "height_m": 10.9
      },
      "geometry": {
        "type": "Point",
        "coordinates": [
          -119.15860485673198,
          34.42997683290116
        ]
      }
    },
    {
      "type": "Feature",
      "properties": {
        "id": 735,
        "height_m": 11.2
      },
      "geometry": {
        "type": "Point",
        "coordinates": [
          -119.1586005005901,
          34.431221631160945
        ]
      }
    },
    {
      "type": "Feature",
      "properties": {
        "id": 736,
        "height_m": 16.4
      },
      "geometry": {
        "type": "Point",
        "coordinates": [
          -119.15859723348369,
          34.43163777037874
        ]
      }
    },
    {
      "type": "Feature",
      "properties": {
        "id": 737,
        "height_m": 11.8
      },
      "geometry": {
        "type": "Point",
        "coordinates": [
          -119.15859614336027,
          34.430449060550224
        ]
      }
    },
    {
      "type": "Feature",
      "properties": {
        "id": 738,
        "height_m": 17.4
      },
      "geometry": {
        "type": "Point",
        "coordinates": [
          -119.15859396528933,
          34.42938519230675
        ]
      }
    },
    {
      "type": "Feature",
      "properties": {
        "id": 739,
        "height_m": 13.4
      },
      "geometry": {
        "type": "Point",
        "coordinates": [
          -119.15858852011198,
          34.43149664467755
        ]
      }
    },
    {
      "type": "Feature",
      "properties": {
        "id": 740,
        "height_m": 13.2
      },
      "geometry": {
        "type": "Point",
        "coordinates": [
          -119.15858525300555,
          34.429483799372974
        ]
      }
    },
    {
      "type": "Feature",
      "properties": {
        "id": 741,
        "height_m": 12.6
      },
      "geometry": {
        "type": "Point",
        "coordinates": [
          -119.15858198589915,
          34.43127229185398
        ]
      }
    },
    {
      "type": "Feature",
      "properties": {
        "id": 742,
        "height_m": 10.3
      },
      "geometry": {
        "type": "Point",
        "coordinates": [
          -119.15858089686367,
          34.43056214158505
        ]
      }
    },
    {
      "type": "Feature",
      "properties": {
        "id": 743,
        "height_m": 11.8
      },
      "geometry": {
        "type": "Point",
        "coordinates": [
          -119.15857980674025,
          34.430060060925015
        ]
      }
    },
    {
      "type": "Feature",
      "properties": {
        "id": 744,
        "height_m": 7.9
      },
      "geometry": {
        "type": "Point",
        "coordinates": [
          -119.15857980674025,
          34.430134242718495
        ]
      }
    },
    {
      "type": "Feature",
      "properties": {
        "id": 745,
        "height_m": 6.4
      },
      "geometry": {
        "type": "Point",
        "coordinates": [
          -119.15857762866932,
          34.4346312568044
        ]
      }
    },
    {
      "type": "Feature",
      "properties": {
        "id": 746,
        "height_m": 5.6
      },
      "geometry": {
        "type": "Point",
        "coordinates": [
          -119.15857545059838,
          34.4320104858878
        ]
      }
    },
    {
      "type": "Feature",
      "properties": {
        "id": 747,
        "height_m": 13.6
      },
      "geometry": {
        "type": "Point",
        "coordinates": [
          -119.15857327252743,
          34.43155906592081
        ]
      }
    },
    {
      "type": "Feature",
      "properties": {
        "id": 748,
        "height_m": 13.3
      },
      "geometry": {
        "type": "Point",
        "coordinates": [
          -119.15857218349196,
          34.43062908549276
        ]
      }
    },
    {
      "type": "Feature",
      "properties": {
        "id": 749,
        "height_m": 14.8
      },
      "geometry": {
        "type": "Point",
        "coordinates": [
          -119.15857109445649,
          34.429643017534914
        ]
      }
    },
    {
      "type": "Feature",
      "properties": {
        "id": 750,
        "height_m": 17.8
      },
      "geometry": {
        "type": "Point",
        "coordinates": [
          -119.15856891638555,
          34.430989136279294
        ]
      }
    },
    {
      "type": "Feature",
      "properties": {
        "id": 751,
        "height_m": 13.0
      },
      "geometry": {
        "type": "Point",
        "coordinates": [
          -119.1585645591557,
          34.433551105346254
        ]
      }
    },
    {
      "type": "Feature",
      "properties": {
        "id": 752,
        "height_m": 8.3
      },
      "geometry": {
        "type": "Point",
        "coordinates": [
          -119.15856347012024,
          34.43206386090068
        ]
      }
    },
    {
      "type": "Feature",
      "properties": {
        "id": 753,
        "height_m": 10.5
      },
      "geometry": {
        "type": "Point",
        "coordinates": [
          -119.15856347012024,
          34.43362076267234
        ]
      }
    },
    {
      "type": "Feature",
      "properties": {
        "id": 754,
        "height_m": 13.2
      },
      "geometry": {
        "type": "Point",
        "coordinates": [
          -119.15856238108476,
          34.430745785921204
        ]
      }
    },
    {
      "type": "Feature",
      "properties": {
        "id": 755,
        "height_m": 17.1
      },
      "geometry": {
        "type": "Point",
        "coordinates": [
          -119.15855911397836,
          34.43167757469386
        ]
      }
    },
    {
      "type": "Feature",
      "properties": {
        "id": 756,
        "height_m": 10.8
      },
      "geometry": {
        "type": "Point",
        "coordinates": [
          -119.15855257976553,
          34.432157944400984
        ]
      }
    },
    {
      "type": "Feature",
      "properties": {
        "id": 757,
        "height_m": 15.1
      },
      "geometry": {
        "type": "Point",
        "coordinates": [
          -119.15855040169458,
          34.430315171833335
        ]
      }
    },
    {
      "type": "Feature",
      "properties": {
        "id": 758,
        "height_m": 11.6
      },
      "geometry": {
        "type": "Point",
        "coordinates": [
          -119.1585482225357,
          34.43160610812169
        ]
      }
    },
    {
      "type": "Feature",
      "properties": {
        "id": 759,
        "height_m": 8.1
      },
      "geometry": {
        "type": "Point",
        "coordinates": [
          -119.1585482225357,
          34.43182684245312
        ]
      }
    },
    {
      "type": "Feature",
      "properties": {
        "id": 760,
        "height_m": 8.7
      },
      "geometry": {
        "type": "Point",
        "coordinates": [
          -119.15854713350022,
          34.43114021328463
        ]
      }
    },
    {
      "type": "Feature",
      "properties": {
        "id": 761,
        "height_m": 9.5
      },
      "geometry": {
        "type": "Point",
        "coordinates": [
          -119.15854604446476,
          34.43482213812485
        ]
      }
    },
    {
      "type": "Feature",
      "properties": {
        "id": 762,
        "height_m": 11.7
      },
      "geometry": {
        "type": "Point",
        "coordinates": [
          -119.15854386639381,
          34.430035635652274
        ]
      }
    },
    {
      "type": "Feature",
      "properties": {
        "id": 763,
        "height_m": 13.9
      },
      "geometry": {
        "type": "Point",
        "coordinates": [
          -119.15854277735833,
          34.43344073772981
        ]
      }
    },
    {
      "type": "Feature",
      "properties": {
        "id": 764,
        "height_m": 14.3
      },
      "geometry": {
        "type": "Point",
        "coordinates": [
          -119.15854168832287,
          34.43040020910326
        ]
      }
    },
    {
      "type": "Feature",
      "properties": {
        "id": 765,
        "height_m": 15.4
      },
      "geometry": {
        "type": "Point",
        "coordinates": [
          -119.15854059928739,
          34.42956159875714
        ]
      }
    },
    {
      "type": "Feature",
      "properties": {
        "id": 766,
        "height_m": 16.4
      },
      "geometry": {
        "type": "Point",
        "coordinates": [
          -119.15853842121645,
          34.43307344995897
        ]
      }
    },
    {
      "type": "Feature",
      "properties": {
        "id": 767,
        "height_m": 7.5
      },
      "geometry": {
        "type": "Point",
        "coordinates": [
          -119.15853624314552,
          34.43056666515097
        ]
      }
    },
    {
      "type": "Feature",
      "properties": {
        "id": 768,
        "height_m": 17.2
      },
      "geometry": {
        "type": "Point",
        "coordinates": [
          -119.15853624314552,
          34.43191730746127
        ]
      }
    },
    {
      "type": "Feature",
      "properties": {
        "id": 769,
        "height_m": 14.4
      },
      "geometry": {
        "type": "Point",
        "coordinates": [
          -119.15853515411004,
          34.43089414860669
        ]
      }
    },
    {
      "type": "Feature",
      "properties": {
        "id": 770,
        "height_m": 8.2
      },
      "geometry": {
        "type": "Point",
        "coordinates": [
          -119.15853188591568,
          34.43179337004853
        ]
      }
    },
    {
      "type": "Feature",
      "properties": {
        "id": 771,
        "height_m": 6.2
      },
      "geometry": {
        "type": "Point",
        "coordinates": [
          -119.15852970784474,
          34.43419431080601
        ]
      }
    },
    {
      "type": "Feature",
      "properties": {
        "id": 772,
        "height_m": 4.2
      },
      "geometry": {
        "type": "Point",
        "coordinates": [
          -119.15852861880927,
          34.43385868619368
        ]
      }
    },
    {
      "type": "Feature",
      "properties": {
        "id": 773,
        "height_m": 11.4
      },
      "geometry": {
        "type": "Point",
        "coordinates": [
          -119.15852752977379,
          34.43022289757911
        ]
      }
    },
    {
      "type": "Feature",
      "properties": {
        "id": 774,
        "height_m": 13.6
      },
      "geometry": {
        "type": "Point",
        "coordinates": [
          -119.15852208459644,
          34.431316619735014
        ]
      }
    },
    {
      "type": "Feature",
      "properties": {
        "id": 775,
        "height_m": 8.9
      },
      "geometry": {
        "type": "Point",
        "coordinates": [
          -119.15852099556096,
          34.43207200205729
        ]
      }
    },
    {
      "type": "Feature",
      "properties": {
        "id": 776,
        "height_m": 7.7
      },
      "geometry": {
        "type": "Point",
        "coordinates": [
          -119.1585199065255,
          34.43066255789735
        ]
      }
    },
    {
      "type": "Feature",
      "properties": {
        "id": 777,
        "height_m": 15.1
      },
      "geometry": {
        "type": "Point",
        "coordinates": [
          -119.15851881749002,
          34.43104522471056
        ]
      }
    },
    {
      "type": "Feature",
      "properties": {
        "id": 778,
        "height_m": 7.8
      },
      "geometry": {
        "type": "Point",
        "coordinates": [
          -119.15851663941908,
          34.43409570464125
        ]
      }
    },
    {
      "type": "Feature",
      "properties": {
        "id": 779,
        "height_m": 12.7
      },
      "geometry": {
        "type": "Point",
        "coordinates": [
          -119.15851554929567,
          34.43123881944939
        ]
      }
    },
    {
      "type": "Feature",
      "properties": {
        "id": 780,
        "height_m": 15.5
      },
      "geometry": {
        "type": "Point",
        "coordinates": [
          -119.15851554929567,
          34.43136818460035
        ]
      }
    },
    {
      "type": "Feature",
      "properties": {
        "id": 781,
        "height_m": 7.1
      },
      "geometry": {
        "type": "Point",
        "coordinates": [
          -119.15851228218925,
          34.43335931895203
        ]
      }
    },
    {
      "type": "Feature",
      "properties": {
        "id": 782,
        "height_m": 8.5
      },
      "geometry": {
        "type": "Point",
        "coordinates": [
          -119.15850792604736,
          34.4301206729222
        ]
      }
    },
    {
      "type": "Feature",
      "properties": {
        "id": 783,
        "height_m": 9.2
      },
      "geometry": {
        "type": "Point",
        "coordinates": [
          -119.15850465894096,
          34.43151835653192
        ]
      }
    },
    {
      "type": "Feature",
      "properties": {
        "id": 784,
        "height_m": 14.6
      },
      "geometry": {
        "type": "Point",
        "coordinates": [
          -119.15850139183453,
          34.42937614607638
        ]
      }
    },
    {
      "type": "Feature",
      "properties": {
        "id": 785,
        "height_m": 9.7
      },
      "geometry": {
        "type": "Point",
        "coordinates": [
          -119.15850139183453,
          34.43145412604259
        ]
      }
    },
    {
      "type": "Feature",
      "properties": {
        "id": 786,
        "height_m": 7.6
      },
      "geometry": {
        "type": "Point",
        "coordinates": [
          -119.15849921267565,
          34.43367051919307
        ]
      }
    },
    {
      "type": "Feature",
      "properties": {
        "id": 787,
        "height_m": 12.0
      },
      "geometry": {
        "type": "Point",
        "coordinates": [
          -119.15849703460471,
          34.43358819534153
        ]
      }
    },
    {
      "type": "Feature",
      "properties": {
        "id": 788,
        "height_m": 9.8
      },
      "geometry": {
        "type": "Point",
        "coordinates": [
          -119.15849485653376,
          34.43002206585597
        ]
      }
    },
    {
      "type": "Feature",
      "properties": {
        "id": 789,
        "height_m": 12.4
      },
      "geometry": {
        "type": "Point",
        "coordinates": [
          -119.1584937674983,
          34.429519985195945
        ]
      }
    },
    {
      "type": "Feature",
      "properties": {
        "id": 790,
        "height_m": 7.5
      },
      "geometry": {
        "type": "Point",
        "coordinates": [
          -119.15849158942736,
          34.43490265182886
        ]
      }
    },
    {
      "type": "Feature",
      "properties": {
        "id": 791,
        "height_m": 15.5
      },
      "geometry": {
        "type": "Point",
        "coordinates": [
          -119.15849050039188,
          34.42947022957668
        ]
      }
    },
    {
      "type": "Feature",
      "properties": {
        "id": 792,
        "height_m": 7.4
      },
      "geometry": {
        "type": "Point",
        "coordinates": [
          -119.15849050039188,
          34.429899033517
        ]
      }
    },
    {
      "type": "Feature",
      "properties": {
        "id": 793,
        "height_m": 15.6
      },
      "geometry": {
        "type": "Point",
        "coordinates": [
          -119.15848614424999,
          34.4315862055134
        ]
      }
    },
    {
      "type": "Feature",
      "properties": {
        "id": 794,
        "height_m": 16.8
      },
      "geometry": {
        "type": "Point",
        "coordinates": [
          -119.15847960894922,
          34.430974662310696
        ]
      }
    },
    {
      "type": "Feature",
      "properties": {
        "id": 795,
        "height_m": 15.0
      },
      "geometry": {
        "type": "Point",
        "coordinates": [
          -119.15847960894922,
          34.43188202581061
        ]
      }
    },
    {
      "type": "Feature",
      "properties": {
        "id": 796,
        "height_m": 11.1
      },
      "geometry": {
        "type": "Point",
        "coordinates": [
          -119.15847851991374,
          34.43111759635649
        ]
      }
    },
    {
      "type": "Feature",
      "properties": {
        "id": 797,
        "height_m": 10.6
      },
      "geometry": {
        "type": "Point",
        "coordinates": [
          -119.15847851991374,
          34.43220950926633
        ]
      }
    },
    {
      "type": "Feature",
      "properties": {
        "id": 798,
        "height_m": 13.7
      },
      "geometry": {
        "type": "Point",
        "coordinates": [
          -119.1584763418428,
          34.431739995937114
        ]
      }
    },
    {
      "type": "Feature",
      "properties": {
        "id": 799,
        "height_m": 6.4
      },
      "geometry": {
        "type": "Point",
        "coordinates": [
          -119.15847525280734,
          34.43057028364312
        ]
      }
    },
    {
      "type": "Feature",
      "properties": {
        "id": 800,
        "height_m": 13.2
      },
      "geometry": {
        "type": "Point",
        "coordinates": [
          -119.15847525280734,
          34.433458831092025
        ]
      }
    },
    {
      "type": "Feature",
      "properties": {
        "id": 801,
        "height_m": 9.6
      },
      "geometry": {
        "type": "Point",
        "coordinates": [
          -119.15847416377187,
          34.43060285097393
        ]
      }
    },
    {
      "type": "Feature",
      "properties": {
        "id": 802,
        "height_m": 14.1
      },
      "geometry": {
        "type": "Point",
        "coordinates": [
          -119.15847416377187,
          34.43076840194787
        ]
      }
    },
    {
      "type": "Feature",
      "properties": {
        "id": 803,
        "height_m": 6.8
      },
      "geometry": {
        "type": "Point",
        "coordinates": [
          -119.15846762955904,
          34.434418664531044
        ]
      }
    },
    {
      "type": "Feature",
      "properties": {
        "id": 804,
        "height_m": 11.9
      },
      "geometry": {
        "type": "Point",
        "coordinates": [
          -119.15846653943562,
          34.43031879122695
        ]
      }
    },
    {
      "type": "Feature",
      "properties": {
        "id": 805,
        "height_m": 13.1
      },
      "geometry": {
        "type": "Point",
        "coordinates": [
          -119.1584632723292,
          34.431346472745986
        ]
      }
    },
    {
      "type": "Feature",
      "properties": {
        "id": 806,
        "height_m": 11.4
      },
      "geometry": {
        "type": "Point",
        "coordinates": [
          -119.15846000522279,
          34.43005734660517
        ]
      }
    },
    {
      "type": "Feature",
      "properties": {
        "id": 807,
        "height_m": 15.5
      },
      "geometry": {
        "type": "Point",
        "coordinates": [
          -119.15846000522279,
          34.430835345855584
        ]
      }
    },
    {
      "type": "Feature",
      "properties": {
        "id": 808,
        "height_m": 15.4
      },
      "geometry": {
        "type": "Point",
        "coordinates": [
          -119.15845891618731,
          34.43023737244917
        ]
      }
    },
    {
      "type": "Feature",
      "properties": {
        "id": 809,
        "height_m": 7.0
      },
      "geometry": {
        "type": "Point",
        "coordinates": [
          -119.15845347100996,
          34.43116463855738
        ]
      }
    },
    {
      "type": "Feature",
      "properties": {
        "id": 810,
        "height_m": 10.2
      },
      "geometry": {
        "type": "Point",
        "coordinates": [
          -119.1584523819745,
          34.43053319274638
        ]
      }
    },
    {
      "type": "Feature",
      "properties": {
        "id": 811,
        "height_m": 8.4
      },
      "geometry": {
        "type": "Point",
        "coordinates": [
          -119.1584502028156,
          34.42963487547684
        ]
      }
    },
    {
      "type": "Feature",
      "properties": {
        "id": 812,
        "height_m": 13.2
      },
      "geometry": {
        "type": "Point",
        "coordinates": [
          -119.1584502028156,
          34.42978233308856
        ]
      }
    },
    {
      "type": "Feature",
      "properties": {
        "id": 813,
        "height_m": 10.6
      },
      "geometry": {
        "type": "Point",
        "coordinates": [
          -119.15844366860277,
          34.43217060912351
        ]
      }
    },
    {
      "type": "Feature",
      "properties": {
        "id": 814,
        "height_m": 14.4
      },
      "geometry": {
        "type": "Point",
        "coordinates": [
          -119.1584425795673,
          34.430184902510064
        ]
      }
    },
    {
      "type": "Feature",
      "properties": {
        "id": 815,
        "height_m": 12.3
      },
      "geometry": {
        "type": "Point",
        "coordinates": [
          -119.15844040149636,
          34.4298257567973
        ]
      }
    },
    {
      "type": "Feature",
      "properties": {
        "id": 816,
        "height_m": 16.2
      },
      "geometry": {
        "type": "Point",
        "coordinates": [
          -119.15844040149636,
          34.43104703395663
        ]
      }
    },
    {
      "type": "Feature",
      "properties": {
        "id": 817,
        "height_m": 14.3
      },
      "geometry": {
        "type": "Point",
        "coordinates": [
          -119.15843713438994,
          34.43142608227769
        ]
      }
    },
    {
      "type": "Feature",
      "properties": {
        "id": 818,
        "height_m": 6.4
      },
      "geometry": {
        "type": "Point",
        "coordinates": [
          -119.15843604535448,
          34.432053004522764
        ]
      }
    },
    {
      "type": "Feature",
      "properties": {
        "id": 819,
        "height_m": 21.9
      },
      "geometry": {
        "type": "Point",
        "coordinates": [
          -119.15843604535448,
          34.43353663047618
        ]
      }
    },
    {
      "type": "Feature",
      "properties": {
        "id": 820,
        "height_m": 15.7
      },
      "geometry": {
        "type": "Point",
        "coordinates": [
          -119.1584338661956,
          34.431287670896346
        ]
      }
    },
    {
      "type": "Feature",
      "properties": {
        "id": 821,
        "height_m": 4.8
      },
      "geometry": {
        "type": "Point",
        "coordinates": [
          -119.15843168812465,
          34.43365242583086
        ]
      }
    },
    {
      "type": "Feature",
      "properties": {
        "id": 822,
        "height_m": 12.6
      },
      "geometry": {
        "type": "Point",
        "coordinates": [
          -119.15843059908917,
          34.430385735134664
        ]
      }
    },
    {
      "type": "Feature",
      "properties": {
        "id": 823,
        "height_m": 15.3
      },
      "geometry": {
        "type": "Point",
        "coordinates": [
          -119.15842842101823,
          34.43093485709411
        ]
      }
    },
    {
      "type": "Feature",
      "properties": {
        "id": 824,
        "height_m": 7.4
      },
      "geometry": {
        "type": "Point",
        "coordinates": [
          -119.15842733198276,
          34.43059832740801
        ]
      }
    },
    {
      "type": "Feature",
      "properties": {
        "id": 825,
        "height_m": 9.1
      },
      "geometry": {
        "type": "Point",
        "coordinates": [
          -119.15842624294729,
          34.4299994498293
        ]
      }
    },
    {
      "type": "Feature",
      "properties": {
        "id": 826,
        "height_m": 8.7
      },
      "geometry": {
        "type": "Point",
        "coordinates": [
          -119.15842624294729,
          34.43029888861866
        ]
      }
    },
    {
      "type": "Feature",
      "properties": {
        "id": 827,
        "height_m": 8.4
      },
      "geometry": {
        "type": "Point",
        "coordinates": [
          -119.15842079776994,
          34.42955798026499
        ]
      }
    },
    {
      "type": "Feature",
      "properties": {
        "id": 828,
        "height_m": 16.0
      },
      "geometry": {
        "type": "Point",
        "coordinates": [
          -119.15841970873446,
          34.42973800520752
        ]
      }
    },
    {
      "type": "Feature",
      "properties": {
        "id": 829,
        "height_m": 6.7
      },
      "geometry": {
        "type": "Point",
        "coordinates": [
          -119.15841970873446,
          34.43209280973935
        ]
      }
    },
    {
      "type": "Feature",
      "properties": {
        "id": 830,
        "height_m": 8.8
      },
      "geometry": {
        "type": "Point",
        "coordinates": [
          -119.15841752957557,
          34.42943494792602
        ]
      }
    },
    {
      "type": "Feature",
      "properties": {
        "id": 831,
        "height_m": 8.5
      },
      "geometry": {
        "type": "Point",
        "coordinates": [
          -119.1584164405401,
          34.42946661108453
        ]
      }
    },
    {
      "type": "Feature",
      "properties": {
        "id": 832,
        "height_m": 13.5
      },
      "geometry": {
        "type": "Point",
        "coordinates": [
          -119.15841535150463,
          34.4309828034673
        ]
      }
    },
    {
      "type": "Feature",
      "properties": {
        "id": 833,
        "height_m": 3.6
      },
      "geometry": {
        "type": "Point",
        "coordinates": [
          -119.15841535150463,
          34.43300560097749
        ]
      }
    },
    {
      "type": "Feature",
      "properties": {
        "id": 834,
        "height_m": 8.4
      },
      "geometry": {
        "type": "Point",
        "coordinates": [
          -119.15841317343369,
          34.434831184355225
        ]
      }
    },
    {
      "type": "Feature",
      "properties": {
        "id": 835,
        "height_m": 8.5
      },
      "geometry": {
        "type": "Point",
        "coordinates": [
          -119.15840990632728,
          34.43046805808474
        ]
      }
    },
    {
      "type": "Feature",
      "properties": {
        "id": 836,
        "height_m": 17.3
      },
      "geometry": {
        "type": "Point",
        "coordinates": [
          -119.1584088172918,
          34.431684812579626
        ]
      }
    },
    {
      "type": "Feature",
      "properties": {
        "id": 837,
        "height_m": 13.3
      },
      "geometry": {
        "type": "Point",
        "coordinates": [
          -119.15840772825634,
          34.430348644237924
        ]
      }
    },
    {
      "type": "Feature",
      "properties": {
        "id": 838,
        "height_m": 16.7
      },
      "geometry": {
        "type": "Point",
        "coordinates": [
          -119.15840663922086,
          34.43162510565622
        ]
      }
    },
    {
      "type": "Feature",
      "properties": {
        "id": 839,
        "height_m": 13.5
      },
      "geometry": {
        "type": "Point",
        "coordinates": [
          -119.15840446114991,
          34.43150569180939
        ]
      }
    },
    {
      "type": "Feature",
      "properties": {
        "id": 840,
        "height_m": 12.1
      },
      "geometry": {
        "type": "Point",
        "coordinates": [
          -119.15840337211445,
          34.430538620484604
        ]
      }
    },
    {
      "type": "Feature",
      "properties": {
        "id": 841,
        "height_m": 9.6
      },
      "geometry": {
        "type": "Point",
        "coordinates": [
          -119.15840228199103,
          34.43062637207438
        ]
      }
    },
    {
      "type": "Feature",
      "properties": {
        "id": 842,
        "height_m": 3.5
      },
      "geometry": {
        "type": "Point",
        "coordinates": [
          -119.15840119295555,
          34.43067703186595
        ]
      }
    },
    {
      "type": "Feature",
      "properties": {
        "id": 843,
        "height_m": 6.3
      },
      "geometry": {
        "type": "Point",
        "coordinates": [
          -119.15839792584914,
          34.4337836002279
        ]
      }
    },
    {
      "type": "Feature",
      "properties": {
        "id": 844,
        "height_m": 12.2
      },
      "geometry": {
        "type": "Point",
        "coordinates": [
          -119.15839356970726,
          34.43187659807238
        ]
      }
    },
    {
      "type": "Feature",
      "properties": {
        "id": 845,
        "height_m": 12.6
      },
      "geometry": {
        "type": "Point",
        "coordinates": [
          -119.15839030260085,
          34.431126643488334
        ]
      }
    },
    {
      "type": "Feature",
      "properties": {
        "id": 846,
        "height_m": 9.7
      },
      "geometry": {
        "type": "Point",
        "coordinates": [
          -119.15838376730007,
          34.43360628870374
        ]
      }
    },
    {
      "type": "Feature",
      "properties": {
        "id": 847,
        "height_m": 14.0
      },
      "geometry": {
        "type": "Point",
        "coordinates": [
          -119.1583826782646,
          34.431971586646455
        ]
      }
    },
    {
      "type": "Feature",
      "properties": {
        "id": 848,
        "height_m": 4.5
      },
      "geometry": {
        "type": "Point",
        "coordinates": [
          -119.15838050019366,
          34.43385597187383
        ]
      }
    },
    {
      "type": "Feature",
      "properties": {
        "id": 849,
        "height_m": 4.9
      },
      "geometry": {
        "type": "Point",
        "coordinates": [
          -119.15837614405177,
          34.42955798026499
        ]
      }
    },
    {
      "type": "Feature",
      "properties": {
        "id": 850,
        "height_m": 12.1
      },
      "geometry": {
        "type": "Point",
        "coordinates": [
          -119.15837614405177,
          34.43022651697272
        ]
      }
    },
    {
      "type": "Feature",
      "properties": {
        "id": 851,
        "height_m": 17.6
      },
      "geometry": {
        "type": "Point",
        "coordinates": [
          -119.15837287694535,
          34.431346472745986
        ]
      }
    },
    {
      "type": "Feature",
      "properties": {
        "id": 852,
        "height_m": 11.2
      },
      "geometry": {
        "type": "Point",
        "coordinates": [
          -119.15837069887442,
          34.432263788451515
        ]
      }
    },
    {
      "type": "Feature",
      "properties": {
        "id": 853,
        "height_m": 6.9
      },
      "geometry": {
        "type": "Point",
        "coordinates": [
          -119.158369608751,
          34.43435624328779
        ]
      }
    },
    {
      "type": "Feature",
      "properties": {
        "id": 854,
        "height_m": 3.4
      },
      "geometry": {
        "type": "Point",
        "coordinates": [
          -119.15836743068006,
          34.43060556529378
        ]
      }
    },
    {
      "type": "Feature",
      "properties": {
        "id": 855,
        "height_m": 6.0
      },
      "geometry": {
        "type": "Point",
        "coordinates": [
          -119.15836634164458,
          34.43232439954723
        ]
      }
    },
    {
      "type": "Feature",
      "properties": {
        "id": 856,
        "height_m": 7.6
      },
      "geometry": {
        "type": "Point",
        "coordinates": [
          -119.1583619855027,
          34.43045901185437
        ]
      }
    },
    {
      "type": "Feature",
      "properties": {
        "id": 857,
        "height_m": 12.3
      },
      "geometry": {
        "type": "Point",
        "coordinates": [
          -119.15835871839629,
          34.43356105574893
        ]
      }
    },
    {
      "type": "Feature",
      "properties": {
        "id": 858,
        "height_m": 9.0
      },
      "geometry": {
        "type": "Point",
        "coordinates": [
          -119.15835545128986,
          34.430843487913656
        ]
      }
    },
    {
      "type": "Feature",
      "properties": {
        "id": 859,
        "height_m": 9.2
      },
      "geometry": {
        "type": "Point",
        "coordinates": [
          -119.15835327213098,
          34.43050243466163
        ]
      }
    },
    {
      "type": "Feature",
      "properties": {
        "id": 860,
        "height_m": 14.0
      },
      "geometry": {
        "type": "Point",
        "coordinates": [
          -119.15835327213098,
          34.43120806136464
        ]
      }
    },
    {
      "type": "Feature",
      "properties": {
        "id": 861,
        "height_m": 12.6
      },
      "geometry": {
        "type": "Point",
        "coordinates": [
          -119.15835327213098,
          34.432097332403806
        ]
      }
    },
    {
      "type": "Feature",
      "properties": {
        "id": 862,
        "height_m": 12.6
      },
      "geometry": {
        "type": "Point",
        "coordinates": [
          -119.15835109406004,
          34.43101446662581
        ]
      }
    },
    {
      "type": "Feature",
      "properties": {
        "id": 863,
        "height_m": 3.6
      },
      "geometry": {
        "type": "Point",
        "coordinates": [
          -119.15835109406004,
          34.433645188846555
        ]
      }
    },
    {
      "type": "Feature",
      "properties": {
        "id": 864,
        "height_m": 14.6
      },
      "geometry": {
        "type": "Point",
        "coordinates": [
          -119.15834673791815,
          34.43027808183806
        ]
      }
    },
    {
      "type": "Feature",
      "properties": {
        "id": 865,
        "height_m": 8.1
      },
      "geometry": {
        "type": "Point",
        "coordinates": [
          -119.15834564888269,
          34.434908984640856
        ]
      }
    },
    {
      "type": "Feature",
      "properties": {
        "id": 866,
        "height_m": 5.9
      },
      "geometry": {
        "type": "Point",
        "coordinates": [
          -119.15834455984721,
          34.43443947131164
        ]
      }
    },
    {
      "type": "Feature",
      "properties": {
        "id": 867,
        "height_m": 6.5
      },
      "geometry": {
        "type": "Point",
        "coordinates": [
          -119.15834238177627,
          34.43297031932683
        ]
      }
    },
    {
      "type": "Feature",
      "properties": {
        "id": 868,
        "height_m": 18.4
      },
      "geometry": {
        "type": "Point",
        "coordinates": [
          -119.1583412927408,
          34.431445079812214
        ]
      }
    },
    {
      "type": "Feature",
      "properties": {
        "id": 869,
        "height_m": 15.1
      },
      "geometry": {
        "type": "Point",
        "coordinates": [
          -119.15834020370532,
          34.4309610925144
        ]
      }
    },
    {
      "type": "Feature",
      "properties": {
        "id": 870,
        "height_m": 15.2
      },
      "geometry": {
        "type": "Point",
        "coordinates": [
          -119.15834020370532,
          34.43166671921741
        ]
      }
    },
    {
      "type": "Feature",
      "properties": {
        "id": 871,
        "height_m": 11.6
      },
      "geometry": {
        "type": "Point",
        "coordinates": [
          -119.15833911466986,
          34.43184674415994
        ]
      }
    },
    {
      "type": "Feature",
      "properties": {
        "id": 872,
        "height_m": 14.4
      },
      "geometry": {
        "type": "Point",
        "coordinates": [
          -119.15833802563438,
          34.43158349119356
        ]
      }
    },
    {
      "type": "Feature",
      "properties": {
        "id": 873,
        "height_m": 13.3
      },
      "geometry": {
        "type": "Point",
        "coordinates": [
          -119.15833802563438,
          34.431897404852975
        ]
      }
    },
    {
      "type": "Feature",
      "properties": {
        "id": 874,
        "height_m": 3.3
      },
      "geometry": {
        "type": "Point",
        "coordinates": [
          -119.15833802563438,
          34.43399347908287
        ]
      }
    },
    {
      "type": "Feature",
      "properties": {
        "id": 875,
        "height_m": 10.5
      },
      "geometry": {
        "type": "Point",
        "coordinates": [
          -119.1583358464755,
          34.43105879450685
        ]
      }
    },
    {
      "type": "Feature",
      "properties": {
        "id": 876,
        "height_m": 17.4
      },
      "geometry": {
        "type": "Point",
        "coordinates": [
          -119.15833257936907,
          34.43153011708214
        ]
      }
    },
    {
      "type": "Feature",
      "properties": {
        "id": 877,
        "height_m": 7.7
      },
      "geometry": {
        "type": "Point",
        "coordinates": [
          -119.15833149033361,
          34.43413822237474
        ]
      }
    },
    {
      "type": "Feature",
      "properties": {
        "id": 878,
        "height_m": 13.3
      },
      "geometry": {
        "type": "Point",
        "coordinates": [
          -119.15832386708531,
          34.4312777195922
        ]
      }
    },
    {
      "type": "Feature",
      "properties": {
        "id": 879,
        "height_m": 5.3
      },
      "geometry": {
        "type": "Point",
        "coordinates": [
          -119.15832277804984,
          34.43055038103483
        ]
      }
    },
    {
      "type": "Feature",
      "properties": {
        "id": 880,
        "height_m": 15.4
      },
      "geometry": {
        "type": "Point",
        "coordinates": [
          -119.15831733178453,
          34.43218236967373
        ]
      }
    },
    {
      "type": "Feature",
      "properties": {
        "id": 881,
        "height_m": 13.5
      },
      "geometry": {
        "type": "Point",
        "coordinates": [
          -119.15831624274907,
          34.43114111745693
        ]
      }
    },
    {
      "type": "Feature",
      "properties": {
        "id": 882,
        "height_m": 15.3
      },
      "geometry": {
        "type": "Point",
        "coordinates": [
          -119.15831624274907,
          34.431772563267934
        ]
      }
    },
    {
      "type": "Feature",
      "properties": {
        "id": 883,
        "height_m": 12.7
      },
      "geometry": {
        "type": "Point",
        "coordinates": [
          -119.15831624274907,
          34.43199420267313
        ]
      }
    },
    {
      "type": "Feature",
      "properties": {
        "id": 884,
        "height_m": 10.7
      },
      "geometry": {
        "type": "Point",
        "coordinates": [
          -119.15831406467812,
          34.43015143100694
        ]
      }
    },
    {
      "type": "Feature",
      "properties": {
        "id": 885,
        "height_m": 2.9
      },
      "geometry": {
        "type": "Point",
        "coordinates": [
          -119.15831297564264,
          34.43042825376963
        ]
      }
    },
    {
      "type": "Feature",
      "properties": {
        "id": 886,
        "height_m": 8.3
      },
      "geometry": {
        "type": "Point",
        "coordinates": [
          -119.15831188660718,
          34.43416536196734
        ]
      }
    },
    {
      "type": "Feature",
      "properties": {
        "id": 887,
        "height_m": 14.6
      },
      "geometry": {
        "type": "Point",
        "coordinates": [
          -119.15831079757172,
          34.430921287297814
        ]
      }
    },
    {
      "type": "Feature",
      "properties": {
        "id": 888,
        "height_m": 12.2
      },
      "geometry": {
        "type": "Point",
        "coordinates": [
          -119.15830317323547,
          34.43334213066358
        ]
      }
    },
    {
      "type": "Feature",
      "properties": {
        "id": 889,
        "height_m": 11.1
      },
      "geometry": {
        "type": "Point",
        "coordinates": [
          -119.15830099516452,
          34.43231444824308
        ]
      }
    },
    {
      "type": "Feature",
      "properties": {
        "id": 890,
        "height_m": 5.2
      },
      "geometry": {
        "type": "Point",
        "coordinates": [
          -119.15829990612905,
          34.429568835741435
        ]
      }
    },
    {
      "type": "Feature",
      "properties": {
        "id": 891,
        "height_m": 5.8
      },
      "geometry": {
        "type": "Point",
        "coordinates": [
          -119.15829990612905,
          34.43410746429
        ]
      }
    },
    {
      "type": "Feature",
      "properties": {
        "id": 892,
        "height_m": 13.6
      },
      "geometry": {
        "type": "Point",
        "coordinates": [
          -119.15829663902264,
          34.43352306067989
        ]
      }
    },
    {
      "type": "Feature",
      "properties": {
        "id": 893,
        "height_m": 3.6
      },
      "geometry": {
        "type": "Point",
        "coordinates": [
          -119.15829554998716,
          34.43291061240341
        ]
      }
    },
    {
      "type": "Feature",
      "properties": {
        "id": 894,
        "height_m": 6.2
      },
      "geometry": {
        "type": "Point",
        "coordinates": [
          -119.1582944609517,
          34.43462944755832
        ]
      }
    },
    {
      "type": "Feature",
      "properties": {
        "id": 895,
        "height_m": 5.2
      },
      "geometry": {
        "type": "Point",
        "coordinates": [
          -119.15829119384527,
          34.43421059492215
        ]
      }
    },
    {
      "type": "Feature",
      "properties": {
        "id": 896,
        "height_m": 6.6
      },
      "geometry": {
        "type": "Point",
        "coordinates": [
          -119.15828901468639,
          34.429515461630025
        ]
      }
    },
    {
      "type": "Feature",
      "properties": {
        "id": 897,
        "height_m": 8.2
      },
      "geometry": {
        "type": "Point",
        "coordinates": [
          -119.15828901468639,
          34.43036854684622
        ]
      }
    },
    {
      "type": "Feature",
      "properties": {
        "id": 898,
        "height_m": 3.4
      },
      "geometry": {
        "type": "Point",
        "coordinates": [
          -119.15828792565092,
          34.433644283772786
        ]
      }
    },
    {
      "type": "Feature",
      "properties": {
        "id": 899,
        "height_m": 14.2
      },
      "geometry": {
        "type": "Point",
        "coordinates": [
          -119.15828356950904,
          34.430867009014094
        ]
      }
    },
    {
      "type": "Feature",
      "properties": {
        "id": 900,
        "height_m": 8.7
      },
      "geometry": {
        "type": "Point",
        "coordinates": [
          -119.15828030240262,
          34.43019033024829
        ]
      }
    },
    {
      "type": "Feature",
      "properties": {
        "id": 901,
        "height_m": 12.2
      },
      "geometry": {
        "type": "Point",
        "coordinates": [
          -119.15827703529621,
          34.43184493491387
        ]
      }
    },
    {
      "type": "Feature",
      "properties": {
        "id": 902,
        "height_m": 7.5
      },
      "geometry": {
        "type": "Point",
        "coordinates": [
          -119.15827485722527,
          34.43056033233897
        ]
      }
    },
    {
      "type": "Feature",
      "properties": {
        "id": 903,
        "height_m": 10.7
      },
      "geometry": {
        "type": "Point",
        "coordinates": [
          -119.15827376818979,
          34.431910070476974
        ]
      }
    },
    {
      "type": "Feature",
      "properties": {
        "id": 904,
        "height_m": 15.0
      },
      "geometry": {
        "type": "Point",
        "coordinates": [
          -119.15827376818979,
          34.432094618985424
        ]
      }
    },
    {
      "type": "Feature",
      "properties": {
        "id": 905,
        "height_m": 10.8
      },
      "geometry": {
        "type": "Point",
        "coordinates": [
          -119.1582715890309,
          34.433569197807
        ]
      }
    },
    {
      "type": "Feature",
      "properties": {
        "id": 906,
        "height_m": 15.7
      },
      "geometry": {
        "type": "Point",
        "coordinates": [
          -119.15826941095996,
          34.43224750433537
        ]
      }
    },
    {
      "type": "Feature",
      "properties": {
        "id": 907,
        "height_m": 16.3
      },
      "geometry": {
        "type": "Point",
        "coordinates": [
          -119.1582683219245,
          34.43142789152377
        ]
      }
    },
    {
      "type": "Feature",
      "properties": {
        "id": 908,
        "height_m": 15.1
      },
      "geometry": {
        "type": "Point",
        "coordinates": [
          -119.15826723288902,
          34.43285181055377
        ]
      }
    },
    {
      "type": "Feature",
      "properties": {
        "id": 909,
        "height_m": 8.7
      },
      "geometry": {
        "type": "Point",
        "coordinates": [
          -119.15826396578261,
          34.42985741905434
        ]
      }
    },
    {
      "type": "Feature",
      "properties": {
        "id": 910,
        "height_m": 8.7
      },
      "geometry": {
        "type": "Point",
        "coordinates": [
          -119.15826178771167,
          34.43465025433892
        ]
      }
    },
    {
      "type": "Feature",
      "properties": {
        "id": 911,
        "height_m": 14.5
      },
      "geometry": {
        "type": "Point",
        "coordinates": [
          -119.15825852060524,
          34.433378316486554
        ]
      }
    },
    {
      "type": "Feature",
      "properties": {
        "id": 912,
        "height_m": 13.4
      },
      "geometry": {
        "type": "Point",
        "coordinates": [
          -119.15825634144636,
          34.43200143965743
        ]
      }
    },
    {
      "type": "Feature",
      "properties": {
        "id": 913,
        "height_m": 18.8
      },
      "geometry": {
        "type": "Point",
        "coordinates": [
          -119.15824980723353,
          34.4315925383254
        ]
      }
    },
    {
      "type": "Feature",
      "properties": {
        "id": 914,
        "height_m": 12.0
      },
      "geometry": {
        "type": "Point",
        "coordinates": [
          -119.15824871819807,
          34.43110493163397
        ]
      }
    },
    {
      "type": "Feature",
      "properties": {
        "id": 915,
        "height_m": 14.6
      },
      "geometry": {
        "type": "Point",
        "coordinates": [
          -119.15824871819807,
          34.43117820835367
        ]
      }
    },
    {
      "type": "Feature",
      "properties": {
        "id": 916,
        "height_m": 15.6
      },
      "geometry": {
        "type": "Point",
        "coordinates": [
          -119.15824654012712,
          34.43135823329621
        ]
      }
    },
    {
      "type": "Feature",
      "properties": {
        "id": 917,
        "height_m": 5.7
      },
      "geometry": {
        "type": "Point",
        "coordinates": [
          -119.15824545109164,
          34.43372660672287
        ]
      }
    },
    {
      "type": "Feature",
      "properties": {
        "id": 918,
        "height_m": 10.7
      },
      "geometry": {
        "type": "Point",
        "coordinates": [
          -119.15824436205618,
          34.432294546536255
        ]
      }
    },
    {
      "type": "Feature",
      "properties": {
        "id": 919,
        "height_m": 13.1
      },
      "geometry": {
        "type": "Point",
        "coordinates": [
          -119.15824218398524,
          34.43004558695642
        ]
      }
    },
    {
      "type": "Feature",
      "properties": {
        "id": 920,
        "height_m": 11.7
      },
      "geometry": {
        "type": "Point",
        "coordinates": [
          -119.15823564868445,
          34.43195077896439
        ]
      }
    },
    {
      "type": "Feature",
      "properties": {
        "id": 921,
        "height_m": 12.1
      },
      "geometry": {
        "type": "Point",
        "coordinates": [
          -119.15823347061351,
          34.43014871668709
        ]
      }
    },
    {
      "type": "Feature",
      "properties": {
        "id": 922,
        "height_m": 13.3
      },
      "geometry": {
        "type": "Point",
        "coordinates": [
          -119.15823347061351,
          34.431480361462874
        ]
      }
    },
    {
      "type": "Feature",
      "properties": {
        "id": 923,
        "height_m": 17.3
      },
      "geometry": {
        "type": "Point",
        "coordinates": [
          -119.15822911447162,
          34.43122796397294
        ]
      }
    },
    {
      "type": "Feature",
      "properties": {
        "id": 924,
        "height_m": 12.1
      },
      "geometry": {
        "type": "Point",
        "coordinates": [
          -119.15822911447162,
          34.43178160949831
        ]
      }
    },
    {
      "type": "Feature",
      "properties": {
        "id": 925,
        "height_m": 5.7
      },
      "geometry": {
        "type": "Point",
        "coordinates": [
          -119.15822802543616,
          34.430389353626815
        ]
      }
    },
    {
      "type": "Feature",
      "properties": {
        "id": 926,
        "height_m": 3.8
      },
      "geometry": {
        "type": "Point",
        "coordinates": [
          -119.15822802543616,
          34.43046353451882
        ]
      }
    },
    {
      "type": "Feature",
      "properties": {
        "id": 927,
        "height_m": 3.5
      },
      "geometry": {
        "type": "Point",
        "coordinates": [
          -119.15822584736522,
          34.43079101797454
        ]
      }
    },
    {
      "type": "Feature",
      "properties": {
        "id": 928,
        "height_m": 16.6
      },
      "geometry": {
        "type": "Point",
        "coordinates": [
          -119.15822584736522,
          34.4310488432027
        ]
      }
    },
    {
      "type": "Feature",
      "properties": {
        "id": 929,
        "height_m": 11.2
      },
      "geometry": {
        "type": "Point",
        "coordinates": [
          -119.15822475832975,
          34.4299343142662
        ]
      }
    },
    {
      "type": "Feature",
      "properties": {
        "id": 930,
        "height_m": 14.3
      },
      "geometry": {
        "type": "Point",
        "coordinates": [
          -119.15821931206445,
          34.43215613515491
        ]
      }
    },
    {
      "type": "Feature",
      "properties": {
        "id": 931,
        "height_m": 13.0
      },
      "geometry": {
        "type": "Point",
        "coordinates": [
          -119.15821822302897,
          34.43169114449015
        ]
      }
    },
    {
      "type": "Feature",
      "properties": {
        "id": 932,
        "height_m": 10.8
      },
      "geometry": {
        "type": "Point",
        "coordinates": [
          -119.15821277785162,
          34.433507681637515
        ]
      }
    },
    {
      "type": "Feature",
      "properties": {
        "id": 933,
        "height_m": 14.5
      },
      "geometry": {
        "type": "Point",
        "coordinates": [
          -119.15821168881614,
          34.43059561398964
        ]
      }
    },
    {
      "type": "Feature",
      "properties": {
        "id": 934,
        "height_m": 8.4
      },
      "geometry": {
        "type": "Point",
        "coordinates": [
          -119.15821059978067,
          34.43463216187817
        ]
      }
    },
    {
      "type": "Feature",
      "properties": {
        "id": 935,
        "height_m": 11.3
      },
      "geometry": {
        "type": "Point",
        "coordinates": [
          -119.15820733158631,
          34.43185940978393
        ]
      }
    },
    {
      "type": "Feature",
      "properties": {
        "id": 936,
        "height_m": 10.1
      },
      "geometry": {
        "type": "Point",
        "coordinates": [
          -119.15820515351537,
          34.43009081900976
        ]
      }
    },
    {
      "type": "Feature",
      "properties": {
        "id": 937,
        "height_m": 11.3
      },
      "geometry": {
        "type": "Point",
        "coordinates": [
          -119.15820515351537,
          34.431739995937114
        ]
      }
    },
    {
      "type": "Feature",
      "properties": {
        "id": 938,
        "height_m": 9.2
      },
      "geometry": {
        "type": "Point",
        "coordinates": [
          -119.1582040644799,
          34.432200463035954
        ]
      }
    },
    {
      "type": "Feature",
      "properties": {
        "id": 939,
        "height_m": 15.1
      },
      "geometry": {
        "type": "Point",
        "coordinates": [
          -119.15820188640896,
          34.430192139494366
        ]
      }
    },
    {
      "type": "Feature",
      "properties": {
        "id": 940,
        "height_m": 11.8
      },
      "geometry": {
        "type": "Point",
        "coordinates": [
          -119.15820079737348,
          34.433376507240474
        ]
      }
    },
    {
      "type": "Feature",
      "properties": {
        "id": 941,
        "height_m": 6.4
      },
      "geometry": {
        "type": "Point",
        "coordinates": [
          -119.15819861930254,
          34.43042373020371
        ]
      }
    },
    {
      "type": "Feature",
      "properties": {
        "id": 942,
        "height_m": 6.0
      },
      "geometry": {
        "type": "Point",
        "coordinates": [
          -119.1581964412316,
          34.43362166774612
        ]
      }
    },
    {
      "type": "Feature",
      "properties": {
        "id": 943,
        "height_m": 4.1
      },
      "geometry": {
        "type": "Point",
        "coordinates": [
          -119.15819426316065,
          34.43268716465361
        ]
      }
    },
    {
      "type": "Feature",
      "properties": {
        "id": 944,
        "height_m": 6.7
      },
      "geometry": {
        "type": "Point",
        "coordinates": [
          -119.15819426316065,
          34.43285271562755
        ]
      }
    },
    {
      "type": "Feature",
      "properties": {
        "id": 945,
        "height_m": 12.1
      },
      "geometry": {
        "type": "Point",
        "coordinates": [
          -119.15819099496629,
          34.43154459105074
        ]
      }
    },
    {
      "type": "Feature",
      "properties": {
        "id": 946,
        "height_m": 12.6
      },
      "geometry": {
        "type": "Point",
        "coordinates": [
          -119.15818990593083,
          34.43031879122695
        ]
      }
    },
    {
      "type": "Feature",
      "properties": {
        "id": 947,
        "height_m": 17.5
      },
      "geometry": {
        "type": "Point",
        "coordinates": [
          -119.15818554978894,
          34.431398038512796
        ]
      }
    },
    {
      "type": "Feature",
      "properties": {
        "id": 948,
        "height_m": 13.3
      },
      "geometry": {
        "type": "Point",
        "coordinates": [
          -119.158183371718,
          34.43203943472647
        ]
      }
    },
    {
      "type": "Feature",
      "properties": {
        "id": 949,
        "height_m": 3.8
      },
      "geometry": {
        "type": "Point",
        "coordinates": [
          -119.158183371718,
          34.432670880537465
        ]
      }
    },
    {
      "type": "Feature",
      "properties": {
        "id": 950,
        "height_m": 11.7
      },
      "geometry": {
        "type": "Point",
        "coordinates": [
          -119.15817683750517,
          34.4315934424977
        ]
      }
    },
    {
      "type": "Feature",
      "properties": {
        "id": 951,
        "height_m": 14.2
      },
      "geometry": {
        "type": "Point",
        "coordinates": [
          -119.1581757484697,
          34.43166310072526
        ]
      }
    },
    {
      "type": "Feature",
      "properties": {
        "id": 952,
        "height_m": 11.9
      },
      "geometry": {
        "type": "Point",
        "coordinates": [
          -119.1581757484697,
          34.43192092595342
        ]
      }
    },
    {
      "type": "Feature",
      "properties": {
        "id": 953,
        "height_m": 7.9
      },
      "geometry": {
        "type": "Point",
        "coordinates": [
          -119.15817465834628,
          34.432345206327824
        ]
      }
    },
    {
      "type": "Feature",
      "properties": {
        "id": 954,
        "height_m": 7.9
      },
      "geometry": {
        "type": "Point",
        "coordinates": [
          -119.1581735693108,
          34.43462130550025
        ]
      }
    },
    {
      "type": "Feature",
      "properties": {
        "id": 955,
        "height_m": 10.6
      },
      "geometry": {
        "type": "Point",
        "coordinates": [
          -119.15816921316892,
          34.430807302090685
        ]
      }
    },
    {
      "type": "Feature",
      "properties": {
        "id": 956,
        "height_m": 5.1
      },
      "geometry": {
        "type": "Point",
        "coordinates": [
          -119.15816921316892,
          34.43490355690263
        ]
      }
    },
    {
      "type": "Feature",
      "properties": {
        "id": 957,
        "height_m": 17.5
      },
      "geometry": {
        "type": "Point",
        "coordinates": [
          -119.15816703509799,
          34.43133742651561
        ]
      }
    },
    {
      "type": "Feature",
      "properties": {
        "id": 958,
        "height_m": 7.0
      },
      "geometry": {
        "type": "Point",
        "coordinates": [
          -119.15816594606251,
          34.433687707481525
        ]
      }
    },
    {
      "type": "Feature",
      "properties": {
        "id": 959,
        "height_m": 14.1
      },
      "geometry": {
        "type": "Point",
        "coordinates": [
          -119.15816376799157,
          34.43110312238789
        ]
      }
    },
    {
      "type": "Feature",
      "properties": {
        "id": 960,
        "height_m": 9.2
      },
      "geometry": {
        "type": "Point",
        "coordinates": [
          -119.1581626789561,
          34.43402966490584
        ]
      }
    },
    {
      "type": "Feature",
      "properties": {
        "id": 961,
        "height_m": 14.8
      },
      "geometry": {
        "type": "Point",
        "coordinates": [
          -119.15816050088516,
          34.431482170708954
        ]
      }
    },
    {
      "type": "Feature",
      "properties": {
        "id": 962,
        "height_m": 13.9
      },
      "geometry": {
        "type": "Point",
        "coordinates": [
          -119.15816050088516,
          34.43196525383446
        ]
      }
    },
    {
      "type": "Feature",
      "properties": {
        "id": 963,
        "height_m": 9.6
      },
      "geometry": {
        "type": "Point",
        "coordinates": [
          -119.15815941184968,
          34.43181327265682
        ]
      }
    },
    {
      "type": "Feature",
      "properties": {
        "id": 964,
        "height_m": 7.7
      },
      "geometry": {
        "type": "Point",
        "coordinates": [
          -119.15815832172626,
          34.42995693119434
        ]
      }
    },
    {
      "type": "Feature",
      "properties": {
        "id": 965,
        "height_m": 10.8
      },
      "geometry": {
        "type": "Point",
        "coordinates": [
          -119.1581572326908,
          34.43336203327188
        ]
      }
    },
    {
      "type": "Feature",
      "properties": {
        "id": 966,
        "height_m": 13.2
      },
      "geometry": {
        "type": "Point",
        "coordinates": [
          -119.15815287654891,
          34.43342264436759
        ]
      }
    },
    {
      "type": "Feature",
      "properties": {
        "id": 967,
        "height_m": 8.6
      },
      "geometry": {
        "type": "Point",
        "coordinates": [
          -119.15814852040702,
          34.43114745026893
        ]
      }
    },
    {
      "type": "Feature",
      "properties": {
        "id": 968,
        "height_m": 12.6
      },
      "geometry": {
        "type": "Point",
        "coordinates": [
          -119.15814634233608,
          34.43008358202546
        ]
      }
    },
    {
      "type": "Feature",
      "properties": {
        "id": 969,
        "height_m": 10.6
      },
      "geometry": {
        "type": "Point",
        "coordinates": [
          -119.15814525330062,
          34.43276586911154
        ]
      }
    },
    {
      "type": "Feature",
      "properties": {
        "id": 970,
        "height_m": 16.3
      },
      "geometry": {
        "type": "Point",
        "coordinates": [
          -119.15814198510625,
          34.431052461694854
        ]
      }
    },
    {
      "type": "Feature",
      "properties": {
        "id": 971,
        "height_m": 15.6
      },
      "geometry": {
        "type": "Point",
        "coordinates": [
          -119.15813980703531,
          34.43349049334907
        ]
      }
    },
    {
      "type": "Feature",
      "properties": {
        "id": 972,
        "height_m": 3.9
      },
      "geometry": {
        "type": "Point",
        "coordinates": [
          -119.15813980703531,
          34.4335827676033
        ]
      }
    },
    {
      "type": "Feature",
      "properties": {
        "id": 973,
        "height_m": 10.7
      },
      "geometry": {
        "type": "Point",
        "coordinates": [
          -119.15813762896437,
          34.43207652562321
        ]
      }
    },
    {
      "type": "Feature",
      "properties": {
        "id": 974,
        "height_m": 4.1
      },
      "geometry": {
        "type": "Point",
        "coordinates": [
          -119.15813762896437,
          34.43392834351977
        ]
      }
    },
    {
      "type": "Feature",
      "properties": {
        "id": 975,
        "height_m": 8.1
      },
      "geometry": {
        "type": "Point",
        "coordinates": [
          -119.15813545089343,
          34.43036221403422
        ]
      }
    },
    {
      "type": "Feature",
      "properties": {
        "id": 976,
        "height_m": 10.1
      },
      "geometry": {
        "type": "Point",
        "coordinates": [
          -119.15813545089343,
          34.431735472371194
        ]
      }
    },
    {
      "type": "Feature",
      "properties": {
        "id": 977,
        "height_m": 16.0
      },
      "geometry": {
        "type": "Point",
        "coordinates": [
          -119.15813436185795,
          34.43227012036204
        ]
      }
    },
    {
      "type": "Feature",
      "properties": {
        "id": 978,
        "height_m": 11.8
      },
      "geometry": {
        "type": "Point",
        "coordinates": [
          -119.15812564848623,
          34.43158982400555
        ]
      }
    },
    {
      "type": "Feature",
      "properties": {
        "id": 979,
        "height_m": 2.6
      },
      "geometry": {
        "type": "Point",
        "coordinates": [
          -119.15812238137983,
          34.43087695941677
        ]
      }
    },
    {
      "type": "Feature",
      "properties": {
        "id": 980,
        "height_m": 4.2
      },
      "geometry": {
        "type": "Point",
        "coordinates": [
          -119.1581191142734,
          34.42958692910366
        ]
      }
    },
    {
      "type": "Feature",
      "properties": {
        "id": 981,
        "height_m": 11.5
      },
      "geometry": {
        "type": "Point",
        "coordinates": [
          -119.15811693620246,
          34.43187750224469
        ]
      }
    },
    {
      "type": "Feature",
      "properties": {
        "id": 982,
        "height_m": 9.8
      },
      "geometry": {
        "type": "Point",
        "coordinates": [
          -119.15811693620246,
          34.43204395829239
        ]
      }
    },
    {
      "type": "Feature",
      "properties": {
        "id": 983,
        "height_m": 19.0
      },
      "geometry": {
        "type": "Point",
        "coordinates": [
          -119.15811475813152,
          34.43126053130376
        ]
      }
    },
    {
      "type": "Feature",
      "properties": {
        "id": 984,
        "height_m": 18.2
      },
      "geometry": {
        "type": "Point",
        "coordinates": [
          -119.15811475813152,
          34.43142608227769
        ]
      }
    },
    {
      "type": "Feature",
      "properties": {
        "id": 985,
        "height_m": 7.2
      },
      "geometry": {
        "type": "Point",
        "coordinates": [
          -119.15811475813152,
          34.43463306605047
        ]
      }
    },
    {
      "type": "Feature",
      "properties": {
        "id": 986,
        "height_m": 3.5
      },
      "geometry": {
        "type": "Point",
        "coordinates": [
          -119.15811366909605,
          34.434832089429
        ]
      }
    },
    {
      "type": "Feature",
      "properties": {
        "id": 987,
        "height_m": 16.1
      },
      "geometry": {
        "type": "Point",
        "coordinates": [
          -119.15811149102511,
          34.43119177814997
        ]
      }
    },
    {
      "type": "Feature",
      "properties": {
        "id": 988,
        "height_m": 4.9
      },
      "geometry": {
        "type": "Point",
        "coordinates": [
          -119.15810495572434,
          34.43434086424542
        ]
      }
    },
    {
      "type": "Feature",
      "properties": {
        "id": 989,
        "height_m": 16.0
      },
      "geometry": {
        "type": "Point",
        "coordinates": [
          -119.15809951054698,
          34.433378316486554
        ]
      }
    },
    {
      "type": "Feature",
      "properties": {
        "id": 990,
        "height_m": 3.7
      },
      "geometry": {
        "type": "Point",
        "coordinates": [
          -119.15809951054698,
          34.433599955891744
        ]
      }
    },
    {
      "type": "Feature",
      "properties": {
        "id": 991,
        "height_m": 11.4
      },
      "geometry": {
        "type": "Point",
        "coordinates": [
          -119.15809842151151,
          34.43276134554562
        ]
      }
    },
    {
      "type": "Feature",
      "properties": {
        "id": 992,
        "height_m": 10.1
      },
      "geometry": {
        "type": "Point",
        "coordinates": [
          -119.15809624344057,
          34.43332856086729
        ]
      }
    },
    {
      "type": "Feature",
      "properties": {
        "id": 993,
        "height_m": 3.0
      },
      "geometry": {
        "type": "Point",
        "coordinates": [
          -119.15809624344057,
          34.43451727069581
        ]
      }
    },
    {
      "type": "Feature",
      "properties": {
        "id": 994,
        "height_m": 15.7
      },
      "geometry": {
        "type": "Point",
        "coordinates": [
          -119.15809406428167,
          34.430970138744776
        ]
      }
    },
    {
      "type": "Feature",
      "properties": {
        "id": 995,
        "height_m": 10.9
      },
      "geometry": {
        "type": "Point",
        "coordinates": [
          -119.1580929752462,
          34.43003925414442
        ]
      }
    },
    {
      "type": "Feature",
      "properties": {
        "id": 996,
        "height_m": 6.5
      },
      "geometry": {
        "type": "Point",
        "coordinates": [
          -119.1580853519979,
          34.434035997717835
        ]
      }
    },
    {
      "type": "Feature",
      "properties": {
        "id": 997,
        "height_m": 6.8
      },
      "geometry": {
        "type": "Point",
        "coordinates": [
          -119.15808426296243,
          34.430806397016916
        ]
      }
    },
    {
      "type": "Feature",
      "properties": {
        "id": 998,
        "height_m": 13.0
      },
      "geometry": {
        "type": "Point",
        "coordinates": [
          -119.15808317392697,
          34.4299126033133
        ]
      }
    },
    {
      "type": "Feature",
      "properties": {
        "id": 999,
        "height_m": 7.6
      },
      "geometry": {
        "type": "Point",
        "coordinates": [
          -119.15807772766166,
          34.43026813053392
        ]
      }
    },
    {
      "type": "Feature",
      "properties": {
        "id": 1000,
        "height_m": 15.5
      },
      "geometry": {
        "type": "Point",
        "coordinates": [
          -119.15807772766166,
          34.43134195008153
        ]
      }
    },
    {
      "type": "Feature",
      "properties": {
        "id": 1001,
        "height_m": 10.4
      },
      "geometry": {
        "type": "Point",
        "coordinates": [
          -119.15807663862618,
          34.43182141471489
        ]
      }
    },
    {
      "type": "Feature",
      "properties": {
        "id": 1002,
        "height_m": 6.6
      },
      "geometry": {
        "type": "Point",
        "coordinates": [
          -119.15807446055524,
          34.43072045557468
        ]
      }
    },
    {
      "type": "Feature",
      "properties": {
        "id": 1003,
        "height_m": 11.6
      },
      "geometry": {
        "type": "Point",
        "coordinates": [
          -119.15807337151978,
          34.43166038640541
        ]
      }
    },
    {
      "type": "Feature",
      "properties": {
        "id": 1004,
        "height_m": 9.5
      },
      "geometry": {
        "type": "Point",
        "coordinates": [
          -119.1580722824843,
          34.43265640656887
        ]
      }
    },
    {
      "type": "Feature",
      "properties": {
        "id": 1005,
        "height_m": 8.5
      },
      "geometry": {
        "type": "Point",
        "coordinates": [
          -119.15806901537789,
          34.43109045766537
        ]
      }
    },
    {
      "type": "Feature",
      "properties": {
        "id": 1006,
        "height_m": 10.6
      },
      "geometry": {
        "type": "Point",
        "coordinates": [
          -119.15806901537789,
          34.431610630786146
        ]
      }
    },
    {
      "type": "Feature",
      "properties": {
        "id": 1007,
        "height_m": 15.3
      },
      "geometry": {
        "type": "Point",
        "coordinates": [
          -119.15806683730695,
          34.43152830783607
        ]
      }
    },
    {
      "type": "Feature",
      "properties": {
        "id": 1008,
        "height_m": 7.3
      },
      "geometry": {
        "type": "Point",
        "coordinates": [
          -119.15806574827147,
          34.43462040132795
        ]
      }
    },
    {
      "type": "Feature",
      "properties": {
        "id": 1009,
        "height_m": 15.6
      },
      "geometry": {
        "type": "Point",
        "coordinates": [
          -119.158064659236,
          34.4334687814947
        ]
      }
    },
    {
      "type": "Feature",
      "properties": {
        "id": 1010,
        "height_m": 12.8
      },
      "geometry": {
        "type": "Point",
        "coordinates": [
          -119.15806248116506,
          34.43197610931091
        ]
      }
    },
    {
      "type": "Feature",
      "properties": {
        "id": 1011,
        "height_m": 11.4
      },
      "geometry": {
        "type": "Point",
        "coordinates": [
          -119.15806030200618,
          34.434101132379475
        ]
      }
    },
    {
      "type": "Feature",
      "properties": {
        "id": 1012,
        "height_m": 13.6
      },
      "geometry": {
        "type": "Point",
        "coordinates": [
          -119.1580592129707,
          34.43211542576602
        ]
      }
    },
    {
      "type": "Feature",
      "properties": {
        "id": 1013,
        "height_m": 5.7
      },
      "geometry": {
        "type": "Point",
        "coordinates": [
          -119.15805812393523,
          34.43011072161805
        ]
      }
    },
    {
      "type": "Feature",
      "properties": {
        "id": 1014,
        "height_m": 9.8
      },
      "geometry": {
        "type": "Point",
        "coordinates": [
          -119.15805812393523,
          34.43024008676902
        ]
      }
    },
    {
      "type": "Feature",
      "properties": {
        "id": 1015,
        "height_m": 15.2
      },
      "geometry": {
        "type": "Point",
        "coordinates": [
          -119.15805594586429,
          34.43089957634491
        ]
      }
    },
    {
      "type": "Feature",
      "properties": {
        "id": 1016,
        "height_m": 5.2
      },
      "geometry": {
        "type": "Point",
        "coordinates": [
          -119.15805594586429,
          34.43314310818653
        ]
      }
    },
    {
      "type": "Feature",
      "properties": {
        "id": 1017,
        "height_m": 4.4
      },
      "geometry": {
        "type": "Point",
        "coordinates": [
          -119.15805267875787,
          34.43049881616949
        ]
      }
    },
    {
      "type": "Feature",
      "properties": {
        "id": 1018,
        "height_m": 6.2
      },
      "geometry": {
        "type": "Point",
        "coordinates": [
          -119.15805267875787,
          34.432613887933904
        ]
      }
    },
    {
      "type": "Feature",
      "properties": {
        "id": 1019,
        "height_m": 7.7
      },
      "geometry": {
        "type": "Point",
        "coordinates": [
          -119.15805050068693,
          34.431715570664366
        ]
      }
    },
    {
      "type": "Feature",
      "properties": {
        "id": 1020,
        "height_m": 10.5
      },
      "geometry": {
        "type": "Point",
        "coordinates": [
          -119.15804832261598,
          34.43033869293377
        ]
      }
    },
    {
      "type": "Feature",
      "properties": {
        "id": 1021,
        "height_m": 17.6
      },
      "geometry": {
        "type": "Point",
        "coordinates": [
          -119.15804832261598,
          34.43222760172708
        ]
      }
    },
    {
      "type": "Feature",
      "properties": {
        "id": 1022,
        "height_m": 13.0
      },
      "geometry": {
        "type": "Point",
        "coordinates": [
          -119.15804723358052,
          34.43189197711475
        ]
      }
    },
    {
      "type": "Feature",
      "properties": {
        "id": 1023,
        "height_m": 4.4
      },
      "geometry": {
        "type": "Point",
        "coordinates": [
          -119.15804287635069,
          34.43046896315852
        ]
      }
    },
    {
      "type": "Feature",
      "properties": {
        "id": 1024,
        "height_m": 16.5
      },
      "geometry": {
        "type": "Point",
        "coordinates": [
          -119.15804287635069,
          34.43143151001591
        ]
      }
    },
    {
      "type": "Feature",
      "properties": {
        "id": 1025,
        "height_m": 6.9
      },
      "geometry": {
        "type": "Point",
        "coordinates": [
          -119.15804287635069,
          34.43465749222469
        ]
      }
    },
    {
      "type": "Feature",
      "properties": {
        "id": 1026,
        "height_m": 8.2
      },
      "geometry": {
        "type": "Point",
        "coordinates": [
          -119.15804178731521,
          34.430741262355276
        ]
      }
    },
    {
      "type": "Feature",
      "properties": {
        "id": 1027,
        "height_m": 3.9
      },
      "geometry": {
        "type": "Point",
        "coordinates": [
          -119.15804178731521,
          34.43450551104705
        ]
      }
    },
    {
      "type": "Feature",
      "properties": {
        "id": 1028,
        "height_m": 14.1
      },
      "geometry": {
        "type": "Point",
        "coordinates": [
          -119.15804069827975,
          34.43201772377357
        ]
      }
    },
    {
      "type": "Feature",
      "properties": {
        "id": 1029,
        "height_m": 18.5
      },
      "geometry": {
        "type": "Point",
        "coordinates": [
          -119.15803634213786,
          34.431226154726865
        ]
      }
    },
    {
      "type": "Feature",
      "properties": {
        "id": 1030,
        "height_m": 15.1
      },
      "geometry": {
        "type": "Point",
        "coordinates": [
          -119.15803307503144,
          34.43353029766419
        ]
      }
    },
    {
      "type": "Feature",
      "properties": {
        "id": 1031,
        "height_m": 3.5
      },
      "geometry": {
        "type": "Point",
        "coordinates": [
          -119.15802871780161,
          34.43043910924607
        ]
      }
    },
    {
      "type": "Feature",
      "properties": {
        "id": 1032,
        "height_m": 11.8
      },
      "geometry": {
        "type": "Point",
        "coordinates": [
          -119.15802653973067,
          34.42987732166264
        ]
      }
    },
    {
      "type": "Feature",
      "properties": {
        "id": 1033,
        "height_m": 12.6
      },
      "geometry": {
        "type": "Point",
        "coordinates": [
          -119.15802327262426,
          34.429937933659815
        ]
      }
    },
    {
      "type": "Feature",
      "properties": {
        "id": 1034,
        "height_m": 6.6
      },
      "geometry": {
        "type": "Point",
        "coordinates": [
          -119.15802109455332,
          34.430989136279294
        ]
      }
    },
    {
      "type": "Feature",
      "properties": {
        "id": 1035,
        "height_m": 11.8
      },
      "geometry": {
        "type": "Point",
        "coordinates": [
          -119.15802000551784,
          34.429745243093286
        ]
      }
    },
    {
      "type": "Feature",
      "properties": {
        "id": 1036,
        "height_m": 6.5
      },
      "geometry": {
        "type": "Point",
        "coordinates": [
          -119.15802000551784,
          34.43267178561124
        ]
      }
    },
    {
      "type": "Feature",
      "properties": {
        "id": 1037,
        "height_m": 9.3
      },
      "geometry": {
        "type": "Point",
        "coordinates": [
          -119.15801564937595,
          34.43165857715934
        ]
      }
    },
    {
      "type": "Feature",
      "properties": {
        "id": 1038,
        "height_m": 14.2
      },
      "geometry": {
        "type": "Point",
        "coordinates": [
          -119.15801456034049,
          34.43085705770995
        ]
      }
    },
    {
      "type": "Feature",
      "properties": {
        "id": 1039,
        "height_m": 5.5
      },
      "geometry": {
        "type": "Point",
        "coordinates": [
          -119.15801456034049,
          34.434579691939064
        ]
      }
    },
    {
      "type": "Feature",
      "properties": {
        "id": 1040,
        "height_m": 14.8
      },
      "geometry": {
        "type": "Point",
        "coordinates": [
          -119.15801347130501,
          34.43229906920071
        ]
      }
    },
    {
      "type": "Feature",
      "properties": {
        "id": 1041,
        "height_m": 7.9
      },
      "geometry": {
        "type": "Point",
        "coordinates": [
          -119.15801238118159,
          34.433926534273695
        ]
      }
    },
    {
      "type": "Feature",
      "properties": {
        "id": 1042,
        "height_m": 3.1
      },
      "geometry": {
        "type": "Point",
        "coordinates": [
          -119.15801020311065,
          34.430452679042375
        ]
      }
    },
    {
      "type": "Feature",
      "properties": {
        "id": 1043,
        "height_m": 6.0
      },
      "geometry": {
        "type": "Point",
        "coordinates": [
          -119.15801020311065,
          34.434641208108545
        ]
      }
    },
    {
      "type": "Feature",
      "properties": {
        "id": 1044,
        "height_m": 14.7
      },
      "geometry": {
        "type": "Point",
        "coordinates": [
          -119.15800257986236,
          34.43196525383446
        ]
      }
    },
    {
      "type": "Feature",
      "properties": {
        "id": 1045,
        "height_m": 6.7
      },
      "geometry": {
        "type": "Point",
        "coordinates": [
          -119.15800149082689,
          34.431702905040375
        ]
      }
    },
    {
      "type": "Feature",
      "properties": {
        "id": 1046,
        "height_m": 6.7
      },
      "geometry": {
        "type": "Point",
        "coordinates": [
          -119.15800040179141,
          34.42980947268116
        ]
      }
    },
    {
      "type": "Feature",
      "properties": {
        "id": 1047,
        "height_m": 13.5
      },
      "geometry": {
        "type": "Point",
        "coordinates": [
          -119.15799822372047,
          34.43108141053352
        ]
      }
    },
    {
      "type": "Feature",
      "properties": {
        "id": 1048,
        "height_m": 12.1
      },
      "geometry": {
        "type": "Point",
        "coordinates": [
          -119.15799713359705,
          34.43181870039505
        ]
      }
    },
    {
      "type": "Feature",
      "properties": {
        "id": 1049,
        "height_m": 18.8
      },
      "geometry": {
        "type": "Point",
        "coordinates": [
          -119.15799059938422,
          34.431313905415166
        ]
      }
    },
    {
      "type": "Feature",
      "properties": {
        "id": 1050,
        "height_m": 14.3
      },
      "geometry": {
        "type": "Point",
        "coordinates": [
          -119.15798624324233,
          34.43091314614121
        ]
      }
    },
    {
      "type": "Feature",
      "properties": {
        "id": 1051,
        "height_m": 17.2
      },
      "geometry": {
        "type": "Point",
        "coordinates": [
          -119.15798406517139,
          34.43066527221719
        ]
      }
    },
    {
      "type": "Feature",
      "properties": {
        "id": 1052,
        "height_m": 7.5
      },
      "geometry": {
        "type": "Point",
        "coordinates": [
          -119.15798297613593,
          34.43156811215118
        ]
      }
    },
    {
      "type": "Feature",
      "properties": {
        "id": 1053,
        "height_m": 14.1
      },
      "geometry": {
        "type": "Point",
        "coordinates": [
          -119.15797970794156,
          34.43148126563518
        ]
      }
    },
    {
      "type": "Feature",
      "properties": {
        "id": 1054,
        "height_m": 7.4
      },
      "geometry": {
        "type": "Point",
        "coordinates": [
          -119.15797752987062,
          34.43310873070816
        ]
      }
    },
    {
      "type": "Feature",
      "properties": {
        "id": 1055,
        "height_m": 5.3
      },
      "geometry": {
        "type": "Point",
        "coordinates": [
          -119.15797644083516,
          34.43047258165067
        ]
      }
    },
    {
      "type": "Feature",
      "properties": {
        "id": 1056,
        "height_m": 12.4
      },
      "geometry": {
        "type": "Point",
        "coordinates": [
          -119.15797426276421,
          34.42972262616515
        ]
      }
    },
    {
      "type": "Feature",
      "properties": {
        "id": 1057,
        "height_m": 9.7
      },
      "geometry": {
        "type": "Point",
        "coordinates": [
          -119.15797317372873,
          34.430220184160724
        ]
      }
    },
    {
      "type": "Feature",
      "properties": {
        "id": 1058,
        "height_m": 9.2
      },
      "geometry": {
        "type": "Point",
        "coordinates": [
          -119.15797317372873,
          34.43051510028563
        ]
      }
    },
    {
      "type": "Feature",
      "properties": {
        "id": 1059,
        "height_m": 11.6
      },
      "geometry": {
        "type": "Point",
        "coordinates": [
          -119.15796881758685,
          34.42990807974738
        ]
      }
    },
    {
      "type": "Feature",
      "properties": {
        "id": 1060,
        "height_m": 12.6
      },
      "geometry": {
        "type": "Point",
        "coordinates": [
          -119.15796772855138,
          34.430313362587256
        ]
      }
    },
    {
      "type": "Feature",
      "properties": {
        "id": 1061,
        "height_m": 15.6
      },
      "geometry": {
        "type": "Point",
        "coordinates": [
          -119.1579666395159,
          34.432161562893135
        ]
      }
    },
    {
      "type": "Feature",
      "properties": {
        "id": 1062,
        "height_m": 4.0
      },
      "geometry": {
        "type": "Point",
        "coordinates": [
          -119.15796555048044,
          34.430715027836456
        ]
      }
    },
    {
      "type": "Feature",
      "properties": {
        "id": 1063,
        "height_m": 15.9
      },
      "geometry": {
        "type": "Point",
        "coordinates": [
          -119.15796446035702,
          34.43324895223705
        ]
      }
    },
    {
      "type": "Feature",
      "properties": {
        "id": 1064,
        "height_m": 8.1
      },
      "geometry": {
        "type": "Point",
        "coordinates": [
          -119.15796337132154,
          34.432539706140425
        ]
      }
    },
    {
      "type": "Feature",
      "properties": {
        "id": 1065,
        "height_m": 3.9
      },
      "geometry": {
        "type": "Point",
        "coordinates": [
          -119.15796119325061,
          34.43440690398083
        ]
      }
    },
    {
      "type": "Feature",
      "properties": {
        "id": 1066,
        "height_m": 16.9
      },
      "geometry": {
        "type": "Point",
        "coordinates": [
          -119.15795574807325,
          34.432034912062015
        ]
      }
    },
    {
      "type": "Feature",
      "properties": {
        "id": 1067,
        "height_m": 13.2
      },
      "geometry": {
        "type": "Point",
        "coordinates": [
          -119.15795574807325,
          34.43231082975093
        ]
      }
    },
    {
      "type": "Feature",
      "properties": {
        "id": 1068,
        "height_m": 5.8
      },
      "geometry": {
        "type": "Point",
        "coordinates": [
          -119.15795574807325,
          34.43453626913179
        ]
      }
    },
    {
      "type": "Feature",
      "properties": {
        "id": 1069,
        "height_m": 15.0
      },
      "geometry": {
        "type": "Point",
        "coordinates": [
          -119.15795465903778,
          34.43332946594106
        ]
      }
    },
    {
      "type": "Feature",
      "properties": {
        "id": 1070,
        "height_m": 6.6
      },
      "geometry": {
        "type": "Point",
        "coordinates": [
          -119.1579535700023,
          34.4316205820903
        ]
      }
    },
    {
      "type": "Feature",
      "properties": {
        "id": 1071,
        "height_m": 14.6
      },
      "geometry": {
        "type": "Point",
        "coordinates": [
          -119.15795248096684,
          34.43126595904198
        ]
      }
    },
    {
      "type": "Feature",
      "properties": {
        "id": 1072,
        "height_m": 3.0
      },
      "geometry": {
        "type": "Point",
        "coordinates": [
          -119.15794703470154,
          34.430450869796296
        ]
      }
    },
    {
      "type": "Feature",
      "properties": {
        "id": 1073,
        "height_m": 14.6
      },
      "geometry": {
        "type": "Point",
        "coordinates": [
          -119.15794158952419,
          34.43141522680124
        ]
      }
    },
    {
      "type": "Feature",
      "properties": {
        "id": 1074,
        "height_m": 8.8
      },
      "geometry": {
        "type": "Point",
        "coordinates": [
          -119.15793941145324,
          34.429996735509455
        ]
      }
    },
    {
      "type": "Feature",
      "properties": {
        "id": 1075,
        "height_m": 8.7
      },
      "geometry": {
        "type": "Point",
        "coordinates": [
          -119.15793941145324,
          34.43305626167052
        ]
      }
    },
    {
      "type": "Feature",
      "properties": {
        "id": 1076,
        "height_m": 8.0
      },
      "geometry": {
        "type": "Point",
        "coordinates": [
          -119.15793614434682,
          34.43173004463297
        ]
      }
    },
    {
      "type": "Feature",
      "properties": {
        "id": 1077,
        "height_m": 14.9
      },
      "geometry": {
        "type": "Point",
        "coordinates": [
          -119.157931787117,
          34.43084620133203
        ]
      }
    },
    {
      "type": "Feature",
      "properties": {
        "id": 1078,
        "height_m": 17.2
      },
      "geometry": {
        "type": "Point",
        "coordinates": [
          -119.157931787117,
          34.43115921081915
        ]
      }
    },
    {
      "type": "Feature",
      "properties": {
        "id": 1079,
        "height_m": 6.8
      },
      "geometry": {
        "type": "Point",
        "coordinates": [
          -119.15792960904605,
          34.43256051292102
        ]
      }
    },
    {
      "type": "Feature",
      "properties": {
        "id": 1080,
        "height_m": 5.5
      },
      "geometry": {
        "type": "Point",
        "coordinates": [
          -119.15792852001057,
          34.43457878686529
        ]
      }
    },
    {
      "type": "Feature",
      "properties": {
        "id": 1081,
        "height_m": 13.3
      },
      "geometry": {
        "type": "Point",
        "coordinates": [
          -119.1579274309751,
          34.42975519439744
        ]
      }
    },
    {
      "type": "Feature",
      "properties": {
        "id": 1082,
        "height_m": 12.4
      },
      "geometry": {
        "type": "Point",
        "coordinates": [
          -119.15792525290416,
          34.43135913836998
        ]
      }
    },
    {
      "type": "Feature",
      "properties": {
        "id": 1083,
        "height_m": 19.6
      },
      "geometry": {
        "type": "Point",
        "coordinates": [
          -119.15792416386869,
          34.43105969958062
        ]
      }
    },
    {
      "type": "Feature",
      "properties": {
        "id": 1084,
        "height_m": 15.7
      },
      "geometry": {
        "type": "Point",
        "coordinates": [
          -119.15792416386869,
          34.43328513806002
        ]
      }
    },
    {
      "type": "Feature",
      "properties": {
        "id": 1085,
        "height_m": 12.8
      },
      "geometry": {
        "type": "Point",
        "coordinates": [
          -119.15792198579774,
          34.430903194837065
        ]
      }
    },
    {
      "type": "Feature",
      "properties": {
        "id": 1086,
        "height_m": 16.0
      },
      "geometry": {
        "type": "Point",
        "coordinates": [
          -119.15792089676228,
          34.43210637863418
        ]
      }
    },
    {
      "type": "Feature",
      "properties": {
        "id": 1087,
        "height_m": 13.0
      },
      "geometry": {
        "type": "Point",
        "coordinates": [
          -119.15791762965587,
          34.42994607481642
        ]
      }
    },
    {
      "type": "Feature",
      "properties": {
        "id": 1088,
        "height_m": 13.8
      },
      "geometry": {
        "type": "Point",
        "coordinates": [
          -119.15791654062039,
          34.432222173988855
        ]
      }
    },
    {
      "type": "Feature",
      "properties": {
        "id": 1089,
        "height_m": 4.5
      },
      "geometry": {
        "type": "Point",
        "coordinates": [
          -119.15791327242603,
          34.4344159502112
        ]
      }
    },
    {
      "type": "Feature",
      "properties": {
        "id": 1090,
        "height_m": 5.9
      },
      "geometry": {
        "type": "Point",
        "coordinates": [
          -119.15791000531962,
          34.43462854338602
        ]
      }
    },
    {
      "type": "Feature",
      "properties": {
        "id": 1091,
        "height_m": 7.0
      },
      "geometry": {
        "type": "Point",
        "coordinates": [
          -119.15790891628414,
          34.430676127693644
        ]
      }
    },
    {
      "type": "Feature",
      "properties": {
        "id": 1092,
        "height_m": 10.4
      },
      "geometry": {
        "type": "Point",
        "coordinates": [
          -119.1579067382132,
          34.4305377163123
        ]
      }
    },
    {
      "type": "Feature",
      "properties": {
        "id": 1093,
        "height_m": 7.4
      },
      "geometry": {
        "type": "Point",
        "coordinates": [
          -119.15790347110679,
          34.430455393362216
        ]
      }
    },
    {
      "type": "Feature",
      "properties": {
        "id": 1094,
        "height_m": 7.2
      },
      "geometry": {
        "type": "Point",
        "coordinates": [
          -119.15790347110679,
          34.43468101242367
        ]
      }
    },
    {
      "type": "Feature",
      "properties": {
        "id": 1095,
        "height_m": 12.0
      },
      "geometry": {
        "type": "Point",
        "coordinates": [
          -119.15789693580602,
          34.43199148835328
        ]
      }
    },
    {
      "type": "Feature",
      "properties": {
        "id": 1096,
        "height_m": 8.6
      },
      "geometry": {
        "type": "Point",
        "coordinates": [
          -119.15789475773508,
          34.4302219934068
        ]
      }
    },
    {
      "type": "Feature",
      "properties": {
        "id": 1097,
        "height_m": 7.2
      },
      "geometry": {
        "type": "Point",
        "coordinates": [
          -119.15789475773508,
          34.433410883817366
        ]
      }
    },
    {
      "type": "Feature",
      "properties": {
        "id": 1098,
        "height_m": 10.8
      },
      "geometry": {
        "type": "Point",
        "coordinates": [
          -119.15789257966414,
          34.432347015573896
        ]
      }
    },
    {
      "type": "Feature",
      "properties": {
        "id": 1099,
        "height_m": 14.7
      },
      "geometry": {
        "type": "Point",
        "coordinates": [
          -119.15789040159319,
          34.4318955956069
        ]
      }
    },
    {
      "type": "Feature",
      "properties": {
        "id": 1100,
        "height_m": 6.8
      },
      "geometry": {
        "type": "Point",
        "coordinates": [
          -119.15788931255771,
          34.434503700899505
        ]
      }
    },
    {
      "type": "Feature",
      "properties": {
        "id": 1101,
        "height_m": 12.2
      },
      "geometry": {
        "type": "Point",
        "coordinates": [
          -119.15788713448677,
          34.4296982008924
        ]
      }
    },
    {
      "type": "Feature",
      "properties": {
        "id": 1102,
        "height_m": 10.5
      },
      "geometry": {
        "type": "Point",
        "coordinates": [
          -119.1578860454513,
          34.429620401508245
        ]
      }
    },
    {
      "type": "Feature",
      "properties": {
        "id": 1103,
        "height_m": 13.6
      },
      "geometry": {
        "type": "Point",
        "coordinates": [
          -119.15788277725694,
          34.43322452606284
        ]
      }
    },
    {
      "type": "Feature",
      "properties": {
        "id": 1104,
        "height_m": 17.5
      },
      "geometry": {
        "type": "Point",
        "coordinates": [
          -119.157880599186,
          34.431252389245685
        ]
      }
    },
    {
      "type": "Feature",
      "properties": {
        "id": 1105,
        "height_m": 6.6
      },
      "geometry": {
        "type": "Point",
        "coordinates": [
          -119.15787951015054,
          34.42982032905907
        ]
      }
    },
    {
      "type": "Feature",
      "properties": {
        "id": 1106,
        "height_m": 10.6
      },
      "geometry": {
        "type": "Point",
        "coordinates": [
          -119.1578773320796,
          34.430000354001606
        ]
      }
    },
    {
      "type": "Feature",
      "properties": {
        "id": 1107,
        "height_m": 14.3
      },
      "geometry": {
        "type": "Point",
        "coordinates": [
          -119.1578773320796,
          34.43394462763591
        ]
      }
    },
    {
      "type": "Feature",
      "properties": {
        "id": 1108,
        "height_m": 6.2
      },
      "geometry": {
        "type": "Point",
        "coordinates": [
          -119.15787515400865,
          34.43064084604298
        ]
      }
    },
    {
      "type": "Feature",
      "properties": {
        "id": 1109,
        "height_m": 5.8
      },
      "geometry": {
        "type": "Point",
        "coordinates": [
          -119.15787406497317,
          34.430747595167276
        ]
      }
    },
    {
      "type": "Feature",
      "properties": {
        "id": 1110,
        "height_m": 14.0
      },
      "geometry": {
        "type": "Point",
        "coordinates": [
          -119.15787188690223,
          34.43040654191526
        ]
      }
    },
    {
      "type": "Feature",
      "properties": {
        "id": 1111,
        "height_m": 14.6
      },
      "geometry": {
        "type": "Point",
        "coordinates": [
          -119.15787188690223,
          34.431185445337974
        ]
      }
    },
    {
      "type": "Feature",
      "properties": {
        "id": 1112,
        "height_m": 5.9
      },
      "geometry": {
        "type": "Point",
        "coordinates": [
          -119.15787079786676,
          34.430291651634356
        ]
      }
    },
    {
      "type": "Feature",
      "properties": {
        "id": 1113,
        "height_m": 15.9
      },
      "geometry": {
        "type": "Point",
        "coordinates": [
          -119.15786970883129,
          34.43093666634019
        ]
      }
    },
    {
      "type": "Feature",
      "properties": {
        "id": 1114,
        "height_m": 8.1
      },
      "geometry": {
        "type": "Point",
        "coordinates": [
          -119.15786970883129,
          34.43338374512624
        ]
      }
    },
    {
      "type": "Feature",
      "properties": {
        "id": 1115,
        "height_m": 11.6
      },
      "geometry": {
        "type": "Point",
        "coordinates": [
          -119.1578675296724,
          34.430356786295995
        ]
      }
    },
    {
      "type": "Feature",
      "properties": {
        "id": 1116,
        "height_m": 13.5
      },
      "geometry": {
        "type": "Point",
        "coordinates": [
          -119.1578675296724,
          34.43087334092463
        ]
      }
    },
    {
      "type": "Feature",
      "properties": {
        "id": 1117,
        "height_m": 7.2
      },
      "geometry": {
        "type": "Point",
        "coordinates": [
          -119.15786317353052,
          34.43434357856527
        ]
      }
    },
    {
      "type": "Feature",
      "properties": {
        "id": 1118,
        "height_m": 17.2
      },
      "geometry": {
        "type": "Point",
        "coordinates": [
          -119.15786099545957,
          34.43109498032982
        ]
      }
    },
    {
      "type": "Feature",
      "properties": {
        "id": 1119,
        "height_m": 12.2
      },
      "geometry": {
        "type": "Point",
        "coordinates": [
          -119.1578599064241,
          34.43218327474751
        ]
      }
    },
    {
      "type": "Feature",
      "properties": {
        "id": 1120,
        "height_m": 21.1
      },
      "geometry": {
        "type": "Point",
        "coordinates": [
          -119.15785772835316,
          34.43100903888759
        ]
      }
    },
    {
      "type": "Feature",
      "properties": {
        "id": 1121,
        "height_m": 7.6
      },
      "geometry": {
        "type": "Point",
        "coordinates": [
          -119.15785337221128,
          34.433718465566265
        ]
      }
    },
    {
      "type": "Feature",
      "properties": {
        "id": 1122,
        "height_m": 16.1
      },
      "geometry": {
        "type": "Point",
        "coordinates": [
          -119.1578522831758,
          34.43158530043963
        ]
      }
    },
    {
      "type": "Feature",
      "properties": {
        "id": 1123,
        "height_m": 8.7
      },
      "geometry": {
        "type": "Point",
        "coordinates": [
          -119.1578522831758,
          34.43465930147077
        ]
      }
    },
    {
      "type": "Feature",
      "properties": {
        "id": 1124,
        "height_m": 12.7
      },
      "geometry": {
        "type": "Point",
        "coordinates": [
          -119.15785119305238,
          34.429747052339366
        ]
      }
    },
    {
      "type": "Feature",
      "properties": {
        "id": 1125,
        "height_m": 9.9
      },
      "geometry": {
        "type": "Point",
        "coordinates": [
          -119.15785010401692,
          34.43068788824387
        ]
      }
    },
    {
      "type": "Feature",
      "properties": {
        "id": 1126,
        "height_m": 10.1
      },
      "geometry": {
        "type": "Point",
        "coordinates": [
          -119.15784901498144,
          34.432351539139816
        ]
      }
    },
    {
      "type": "Feature",
      "properties": {
        "id": 1127,
        "height_m": 7.6
      },
      "geometry": {
        "type": "Point",
        "coordinates": [
          -119.15784901498144,
          34.4345027967272
        ]
      }
    },
    {
      "type": "Feature",
      "properties": {
        "id": 1128,
        "height_m": 14.2
      },
      "geometry": {
        "type": "Point",
        "coordinates": [
          -119.15784356980409,
          34.42992436386352
        ]
      }
    },
    {
      "type": "Feature",
      "properties": {
        "id": 1129,
        "height_m": 13.0
      },
      "geometry": {
        "type": "Point",
        "coordinates": [
          -119.15784248076861,
          34.429845659405586
        ]
      }
    },
    {
      "type": "Feature",
      "properties": {
        "id": 1130,
        "height_m": 13.5
      },
      "geometry": {
        "type": "Point",
        "coordinates": [
          -119.15784248076861,
          34.431831365117574
        ]
      }
    },
    {
      "type": "Feature",
      "properties": {
        "id": 1131,
        "height_m": 15.5
      },
      "geometry": {
        "type": "Point",
        "coordinates": [
          -119.15784030269766,
          34.43021023285658
        ]
      }
    },
    {
      "type": "Feature",
      "properties": {
        "id": 1132,
        "height_m": 6.9
      },
      "geometry": {
        "type": "Point",
        "coordinates": [
          -119.15784030269766,
          34.43343621416388
        ]
      }
    },
    {
      "type": "Feature",
      "properties": {
        "id": 1133,
        "height_m": 14.4
      },
      "geometry": {
        "type": "Point",
        "coordinates": [
          -119.1578392136622,
          34.43135823329621
        ]
      }
    },
    {
      "type": "Feature",
      "properties": {
        "id": 1134,
        "height_m": 13.2
      },
      "geometry": {
        "type": "Point",
        "coordinates": [
          -119.1578392136622,
          34.43174542367534
        ]
      }
    },
    {
      "type": "Feature",
      "properties": {
        "id": 1135,
        "height_m": 20.1
      },
      "geometry": {
        "type": "Point",
        "coordinates": [
          -119.15783703559126,
          34.43144146132006
        ]
      }
    },
    {
      "type": "Feature",
      "properties": {
        "id": 1136,
        "height_m": 4.4
      },
      "geometry": {
        "type": "Point",
        "coordinates": [
          -119.15783703559126,
          34.433035454889925
        ]
      }
    },
    {
      "type": "Feature",
      "properties": {
        "id": 1137,
        "height_m": 15.3
      },
      "geometry": {
        "type": "Point",
        "coordinates": [
          -119.15783594655579,
          34.4340124766174
        ]
      }
    },
    {
      "type": "Feature",
      "properties": {
        "id": 1138,
        "height_m": 5.4
      },
      "geometry": {
        "type": "Point",
        "coordinates": [
          -119.1578261441486,
          34.432498996751534
        ]
      }
    },
    {
      "type": "Feature",
      "properties": {
        "id": 1139,
        "height_m": 11.8
      },
      "geometry": {
        "type": "Point",
        "coordinates": [
          -119.1578261441486,
          34.43320371928224
        ]
      }
    },
    {
      "type": "Feature",
      "properties": {
        "id": 1140,
        "height_m": 9.8
      },
      "geometry": {
        "type": "Point",
        "coordinates": [
          -119.15782396607766,
          34.42958240553773
        ]
      }
    },
    {
      "type": "Feature",
      "properties": {
        "id": 1141,
        "height_m": 4.4
      },
      "geometry": {
        "type": "Point",
        "coordinates": [
          -119.15782069897124,
          34.43476243120144
        ]
      }
    },
    {
      "type": "Feature",
      "properties": {
        "id": 1142,
        "height_m": 13.1
      },
      "geometry": {
        "type": "Point",
        "coordinates": [
          -119.15781960993577,
          34.43131119199679
        ]
      }
    },
    {
      "type": "Feature",
      "properties": {
        "id": 1143,
        "height_m": 8.7
      },
      "geometry": {
        "type": "Point",
        "coordinates": [
          -119.15781743077689,
          34.430025684348124
        ]
      }
    },
    {
      "type": "Feature",
      "properties": {
        "id": 1144,
        "height_m": 10.0
      },
      "geometry": {
        "type": "Point",
        "coordinates": [
          -119.15781634174141,
          34.434099323133395
        ]
      }
    },
    {
      "type": "Feature",
      "properties": {
        "id": 1145,
        "height_m": 10.5
      },
      "geometry": {
        "type": "Point",
        "coordinates": [
          -119.15781525270594,
          34.433666899799455
        ]
      }
    },
    {
      "type": "Feature",
      "properties": {
        "id": 1146,
        "height_m": 10.6
      },
      "geometry": {
        "type": "Point",
        "coordinates": [
          -119.157813074635,
          34.43316029647497
        ]
      }
    },
    {
      "type": "Feature",
      "properties": {
        "id": 1147,
        "height_m": 6.5
      },
      "geometry": {
        "type": "Point",
        "coordinates": [
          -119.15781198559952,
          34.434547124608244
        ]
      }
    },
    {
      "type": "Feature",
      "properties": {
        "id": 1148,
        "height_m": 6.4
      },
      "geometry": {
        "type": "Point",
        "coordinates": [
          -119.15781089656406,
          34.43467196619329
        ]
      }
    },
    {
      "type": "Feature",
      "properties": {
        "id": 1149,
        "height_m": 13.7
      },
      "geometry": {
        "type": "Point",
        "coordinates": [
          -119.15780762945764,
          34.430770211193945
        ]
      }
    },
    {
      "type": "Feature",
      "properties": {
        "id": 1150,
        "height_m": 10.0
      },
      "geometry": {
        "type": "Point",
        "coordinates": [
          -119.15780762945764,
          34.43340093341469
        ]
      }
    },
    {
      "type": "Feature",
      "properties": {
        "id": 1151,
        "height_m": 11.5
      },
      "geometry": {
        "type": "Point",
        "coordinates": [
          -119.15780436235123,
          34.43038844855304
        ]
      }
    },
    {
      "type": "Feature",
      "properties": {
        "id": 1152,
        "height_m": 15.2
      },
      "geometry": {
        "type": "Point",
        "coordinates": [
          -119.15780218319233,
          34.43212537707017
        ]
      }
    },
    {
      "type": "Feature",
      "properties": {
        "id": 1153,
        "height_m": 6.2
      },
      "geometry": {
        "type": "Point",
        "coordinates": [
          -119.15780218319233,
          34.432457383190346
        ]
      }
    },
    {
      "type": "Feature",
      "properties": {
        "id": 1154,
        "height_m": 13.7
      },
      "geometry": {
        "type": "Point",
        "coordinates": [
          -119.15779782705046,
          34.43045901185437
        ]
      }
    },
    {
      "type": "Feature",
      "properties": {
        "id": 1155,
        "height_m": 12.9
      },
      "geometry": {
        "type": "Point",
        "coordinates": [
          -119.15779564897952,
          34.42986013337419
        ]
      }
    },
    {
      "type": "Feature",
      "properties": {
        "id": 1156,
        "height_m": 12.4
      },
      "geometry": {
        "type": "Point",
        "coordinates": [
          -119.15779455994404,
          34.429671061299814
        ]
      }
    },
    {
      "type": "Feature",
      "properties": {
        "id": 1157,
        "height_m": 8.4
      },
      "geometry": {
        "type": "Point",
        "coordinates": [
          -119.15779455994404,
          34.432375964412564
        ]
      }
    },
    {
      "type": "Feature",
      "properties": {
        "id": 1158,
        "height_m": 15.6
      },
      "geometry": {
        "type": "Point",
        "coordinates": [
          -119.15779129283763,
          34.430902289763296
        ]
      }
    },
    {
      "type": "Feature",
      "properties": {
        "id": 1159,
        "height_m": 9.4
      },
      "geometry": {
        "type": "Point",
        "coordinates": [
          -119.15778911476669,
          34.43000397249376
        ]
      }
    },
    {
      "type": "Feature",
      "properties": {
        "id": 1160,
        "height_m": 15.3
      },
      "geometry": {
        "type": "Point",
        "coordinates": [
          -119.15778584657232,
          34.43231354407077
        ]
      }
    },
    {
      "type": "Feature",
      "properties": {
        "id": 1161,
        "height_m": 13.5
      },
      "geometry": {
        "type": "Point",
        "coordinates": [
          -119.15778475753685,
          34.42973348254307
        ]
      }
    },
    {
      "type": "Feature",
      "properties": {
        "id": 1162,
        "height_m": 13.8
      },
      "geometry": {
        "type": "Point",
        "coordinates": [
          -119.15778475753685,
          34.43167757469386
        ]
      }
    },
    {
      "type": "Feature",
      "properties": {
        "id": 1163,
        "height_m": 11.0
      },
      "geometry": {
        "type": "Point",
        "coordinates": [
          -119.15778475753685,
          34.434290203552386
        ]
      }
    },
    {
      "type": "Feature",
      "properties": {
        "id": 1164,
        "height_m": 14.9
      },
      "geometry": {
        "type": "Point",
        "coordinates": [
          -119.15778366850138,
          34.4299135074856
        ]
      }
    },
    {
      "type": "Feature",
      "properties": {
        "id": 1165,
        "height_m": 18.3
      },
      "geometry": {
        "type": "Point",
        "coordinates": [
          -119.1577825794659,
          34.431170971369376
        ]
      }
    },
    {
      "type": "Feature",
      "properties": {
        "id": 1166,
        "height_m": 17.1
      },
      "geometry": {
        "type": "Point",
        "coordinates": [
          -119.15778040139496,
          34.431070555057076
        ]
      }
    },
    {
      "type": "Feature",
      "properties": {
        "id": 1167,
        "height_m": 16.8
      },
      "geometry": {
        "type": "Point",
        "coordinates": [
          -119.15778040139496,
          34.43203310281594
        ]
      }
    },
    {
      "type": "Feature",
      "properties": {
        "id": 1168,
        "height_m": 17.6
      },
      "geometry": {
        "type": "Point",
        "coordinates": [
          -119.15777822332402,
          34.430711409344305
        ]
      }
    },
    {
      "type": "Feature",
      "properties": {
        "id": 1169,
        "height_m": 10.9
      },
      "geometry": {
        "type": "Point",
        "coordinates": [
          -119.15777495621761,
          34.43359181383367
        ]
      }
    },
    {
      "type": "Feature",
      "properties": {
        "id": 1170,
        "height_m": 15.6
      },
      "geometry": {
        "type": "Point",
        "coordinates": [
          -119.15777277814666,
          34.430509671645936
        ]
      }
    },
    {
      "type": "Feature",
      "properties": {
        "id": 1171,
        "height_m": 9.3
      },
      "geometry": {
        "type": "Point",
        "coordinates": [
          -119.15777060007572,
          34.434094799567475
        ]
      }
    },
    {
      "type": "Feature",
      "properties": {
        "id": 1172,
        "height_m": 16.6
      },
      "geometry": {
        "type": "Point",
        "coordinates": [
          -119.1577695099523,
          34.431514738039766
        ]
      }
    },
    {
      "type": "Feature",
      "properties": {
        "id": 1173,
        "height_m": 13.6
      },
      "geometry": {
        "type": "Point",
        "coordinates": [
          -119.1577662428459,
          34.43063541830475
        ]
      }
    },
    {
      "type": "Feature",
      "properties": {
        "id": 1174,
        "height_m": 7.4
      },
      "geometry": {
        "type": "Point",
        "coordinates": [
          -119.15776515381042,
          34.43313315688238
        ]
      }
    },
    {
      "type": "Feature",
      "properties": {
        "id": 1175,
        "height_m": 11.8
      },
      "geometry": {
        "type": "Point",
        "coordinates": [
          -119.15776406477495,
          34.431778896079926
        ]
      }
    },
    {
      "type": "Feature",
      "properties": {
        "id": 1176,
        "height_m": 16.7
      },
      "geometry": {
        "type": "Point",
        "coordinates": [
          -119.15776297573947,
          34.432216746250624
        ]
      }
    },
    {
      "type": "Feature",
      "properties": {
        "id": 1177,
        "height_m": 10.5
      },
      "geometry": {
        "type": "Point",
        "coordinates": [
          -119.15776188670401,
          34.43028622389613
        ]
      }
    },
    {
      "type": "Feature",
      "properties": {
        "id": 1178,
        "height_m": 17.2
      },
      "geometry": {
        "type": "Point",
        "coordinates": [
          -119.15776079766853,
          34.430189426075984
        ]
      }
    },
    {
      "type": "Feature",
      "properties": {
        "id": 1179,
        "height_m": 11.9
      },
      "geometry": {
        "type": "Point",
        "coordinates": [
          -119.15776079766853,
          34.431931781429874
        ]
      }
    },
    {
      "type": "Feature",
      "properties": {
        "id": 1180,
        "height_m": 15.5
      },
      "geometry": {
        "type": "Point",
        "coordinates": [
          -119.15775861959759,
          34.43146226810066
        ]
      }
    },
    {
      "type": "Feature",
      "properties": {
        "id": 1181,
        "height_m": 8.9
      },
      "geometry": {
        "type": "Point",
        "coordinates": [
          -119.15775426345571,
          34.43437524082231
        ]
      }
    },
    {
      "type": "Feature",
      "properties": {
        "id": 1182,
        "height_m": 14.9
      },
      "geometry": {
        "type": "Point",
        "coordinates": [
          -119.15775208429682,
          34.43325528414758
        ]
      }
    },
    {
      "type": "Feature",
      "properties": {
        "id": 1183,
        "height_m": 5.8
      },
      "geometry": {
        "type": "Point",
        "coordinates": [
          -119.15775099526135,
          34.434200643618
        ]
      }
    },
    {
      "type": "Feature",
      "properties": {
        "id": 1184,
        "height_m": 7.9
      },
      "geometry": {
        "type": "Point",
        "coordinates": [
          -119.15774772815493,
          34.43468915448174
        ]
      }
    },
    {
      "type": "Feature",
      "properties": {
        "id": 1185,
        "height_m": 17.6
      },
      "geometry": {
        "type": "Point",
        "coordinates": [
          -119.15774446104852,
          34.43011886367612
        ]
      }
    },
    {
      "type": "Feature",
      "properties": {
        "id": 1186,
        "height_m": 6.4
      },
      "geometry": {
        "type": "Point",
        "coordinates": [
          -119.15774010490664,
          34.43457154988099
        ]
      }
    },
    {
      "type": "Feature",
      "properties": {
        "id": 1187,
        "height_m": 17.3
      },
      "geometry": {
        "type": "Point",
        "coordinates": [
          -119.15773901587116,
          34.432138946866466
        ]
      }
    },
    {
      "type": "Feature",
      "properties": {
        "id": 1188,
        "height_m": 14.5
      },
      "geometry": {
        "type": "Point",
        "coordinates": [
          -119.1577379268357,
          34.43182050964112
        ]
      }
    },
    {
      "type": "Feature",
      "properties": {
        "id": 1189,
        "height_m": 16.5
      },
      "geometry": {
        "type": "Point",
        "coordinates": [
          -119.15773574767681,
          34.431406179669395
        ]
      }
    },
    {
      "type": "Feature",
      "properties": {
        "id": 1190,
        "height_m": 10.8
      },
      "geometry": {
        "type": "Point",
        "coordinates": [
          -119.15773248057039,
          34.43337922156032
        ]
      }
    },
    {
      "type": "Feature",
      "properties": {
        "id": 1191,
        "height_m": 11.6
      },
      "geometry": {
        "type": "Point",
        "coordinates": [
          -119.15773139153492,
          34.43189107204098
        ]
      }
    },
    {
      "type": "Feature",
      "properties": {
        "id": 1192,
        "height_m": 8.6
      },
      "geometry": {
        "type": "Point",
        "coordinates": [
          -119.15773139153492,
          34.433153963662974
        ]
      }
    },
    {
      "type": "Feature",
      "properties": {
        "id": 1193,
        "height_m": 8.3
      },
      "geometry": {
        "type": "Point",
        "coordinates": [
          -119.15773030249944,
          34.43001573304398
        ]
      }
    },
    {
      "type": "Feature",
      "properties": {
        "id": 1194,
        "height_m": 16.1
      },
      "geometry": {
        "type": "Point",
        "coordinates": [
          -119.15773030249944,
          34.43081363400121
        ]
      }
    },
    {
      "type": "Feature",
      "properties": {
        "id": 1195,
        "height_m": 14.7
      },
      "geometry": {
        "type": "Point",
        "coordinates": [
          -119.1577281244285,
          34.42982304247745
        ]
      }
    },
    {
      "type": "Feature",
      "properties": {
        "id": 1196,
        "height_m": 12.1
      },
      "geometry": {
        "type": "Point",
        "coordinates": [
          -119.15772703539304,
          34.4303576904683
        ]
      }
    },
    {
      "type": "Feature",
      "properties": {
        "id": 1197,
        "height_m": 12.2
      },
      "geometry": {
        "type": "Point",
        "coordinates": [
          -119.15772594635756,
          34.432413055309304
        ]
      }
    },
    {
      "type": "Feature",
      "properties": {
        "id": 1198,
        "height_m": 13.1
      },
      "geometry": {
        "type": "Point",
        "coordinates": [
          -119.1577248573221,
          34.4315934424977
        ]
      }
    },
    {
      "type": "Feature",
      "properties": {
        "id": 1199,
        "height_m": 11.1
      },
      "geometry": {
        "type": "Point",
        "coordinates": [
          -119.15772376828662,
          34.433201005863864
        ]
      }
    },
    {
      "type": "Feature",
      "properties": {
        "id": 1200,
        "height_m": 9.1
      },
      "geometry": {
        "type": "Point",
        "coordinates": [
          -119.15772158912773,
          34.432990221935114
        ]
      }
    },
    {
      "type": "Feature",
      "properties": {
        "id": 1201,
        "height_m": 16.2
      },
      "geometry": {
        "type": "Point",
        "coordinates": [
          -119.15772050009225,
          34.432004153977275
        ]
      }
    },
    {
      "type": "Feature",
      "properties": {
        "id": 1202,
        "height_m": 3.5
      },
      "geometry": {
        "type": "Point",
        "coordinates": [
          -119.15771941105679,
          34.42994426557035
        ]
      }
    },
    {
      "type": "Feature",
      "properties": {
        "id": 1203,
        "height_m": 11.4
      },
      "geometry": {
        "type": "Point",
        "coordinates": [
          -119.15771832202131,
          34.431737281617266
        ]
      }
    },
    {
      "type": "Feature",
      "properties": {
        "id": 1204,
        "height_m": 6.0
      },
      "geometry": {
        "type": "Point",
        "coordinates": [
          -119.15771723298585,
          34.434644826600696
        ]
      }
    },
    {
      "type": "Feature",
      "properties": {
        "id": 1205,
        "height_m": 16.8
      },
      "geometry": {
        "type": "Point",
        "coordinates": [
          -119.15771069877302,
          34.431342854253835
        ]
      }
    },
    {
      "type": "Feature",
      "properties": {
        "id": 1206,
        "height_m": 17.5
      },
      "geometry": {
        "type": "Point",
        "coordinates": [
          -119.15770960973755,
          34.43235696687805
        ]
      }
    },
    {
      "type": "Feature",
      "properties": {
        "id": 1207,
        "height_m": 14.2
      },
      "geometry": {
        "type": "Point",
        "coordinates": [
          -119.15770525250771,
          34.43058294836565
        ]
      }
    },
    {
      "type": "Feature",
      "properties": {
        "id": 1208,
        "height_m": 14.4
      },
      "geometry": {
        "type": "Point",
        "coordinates": [
          -119.15770089636582,
          34.429773286858186
        ]
      }
    },
    {
      "type": "Feature",
      "properties": {
        "id": 1209,
        "height_m": 15.4
      },
      "geometry": {
        "type": "Point",
        "coordinates": [
          -119.15770089636582,
          34.43245919243642
        ]
      }
    },
    {
      "type": "Feature",
      "properties": {
        "id": 1210,
        "height_m": 18.0
      },
      "geometry": {
        "type": "Point",
        "coordinates": [
          -119.15769980733036,
          34.43097194799085
        ]
      }
    },
    {
      "type": "Feature",
      "properties": {
        "id": 1211,
        "height_m": 6.7
      },
      "geometry": {
        "type": "Point",
        "coordinates": [
          -119.15769980733036,
          34.43436257609979
        ]
      }
    },
    {
      "type": "Feature",
      "properties": {
        "id": 1212,
        "height_m": 19.3
      },
      "geometry": {
        "type": "Point",
        "coordinates": [
          -119.15769871829488,
          34.431155592327
        ]
      }
    },
    {
      "type": "Feature",
      "properties": {
        "id": 1213,
        "height_m": 18.9
      },
      "geometry": {
        "type": "Point",
        "coordinates": [
          -119.15769545118847,
          34.430903194837065
        ]
      }
    },
    {
      "type": "Feature",
      "properties": {
        "id": 1214,
        "height_m": 16.1
      },
      "geometry": {
        "type": "Point",
        "coordinates": [
          -119.15769000601112,
          34.43018128401791
        ]
      }
    },
    {
      "type": "Feature",
      "properties": {
        "id": 1215,
        "height_m": 17.1
      },
      "geometry": {
        "type": "Point",
        "coordinates": [
          -119.15768564878128,
          34.43103889189856
        ]
      }
    },
    {
      "type": "Feature",
      "properties": {
        "id": 1216,
        "height_m": 16.5
      },
      "geometry": {
        "type": "Point",
        "coordinates": [
          -119.1576812926394,
          34.43224660016307
        ]
      }
    },
    {
      "type": "Feature",
      "properties": {
        "id": 1217,
        "height_m": 15.8
      },
      "geometry": {
        "type": "Point",
        "coordinates": [
          -119.15767911456845,
          34.42955164745299
        ]
      }
    },
    {
      "type": "Feature",
      "properties": {
        "id": 1218,
        "height_m": 11.1
      },
      "geometry": {
        "type": "Point",
        "coordinates": [
          -119.15767911456845,
          34.431294003708345
        ]
      }
    },
    {
      "type": "Feature",
      "properties": {
        "id": 1219,
        "height_m": 7.7
      },
      "geometry": {
        "type": "Point",
        "coordinates": [
          -119.15767911456845,
          34.43433453143342
        ]
      }
    },
    {
      "type": "Feature",
      "properties": {
        "id": 1220,
        "height_m": 3.7
      },
      "geometry": {
        "type": "Point",
        "coordinates": [
          -119.15767802553299,
          34.43301283796179
        ]
      }
    },
    {
      "type": "Feature",
      "properties": {
        "id": 1221,
        "height_m": 14.8
      },
      "geometry": {
        "type": "Point",
        "coordinates": [
          -119.15767693649751,
          34.43349230259515
        ]
      }
    },
    {
      "type": "Feature",
      "properties": {
        "id": 1222,
        "height_m": 12.3
      },
      "geometry": {
        "type": "Point",
        "coordinates": [
          -119.15767584746204,
          34.43176442120986
        ]
      }
    },
    {
      "type": "Feature",
      "properties": {
        "id": 1223,
        "height_m": 3.7
      },
      "geometry": {
        "type": "Point",
        "coordinates": [
          -119.15767584746204,
          34.43387949297428
        ]
      }
    },
    {
      "type": "Feature",
      "properties": {
        "id": 1224,
        "height_m": 5.8
      },
      "geometry": {
        "type": "Point",
        "coordinates": [
          -119.1576736693911,
          34.4337971700242
        ]
      }
    },
    {
      "type": "Feature",
      "properties": {
        "id": 1225,
        "height_m": 16.1
      },
      "geometry": {
        "type": "Point",
        "coordinates": [
          -119.15767257926768,
          34.43043820507377
        ]
      }
    },
    {
      "type": "Feature",
      "properties": {
        "id": 1226,
        "height_m": 12.8
      },
      "geometry": {
        "type": "Point",
        "coordinates": [
          -119.15767257926768,
          34.433423549441365
        ]
      }
    },
    {
      "type": "Feature",
      "properties": {
        "id": 1227,
        "height_m": 17.6
      },
      "geometry": {
        "type": "Point",
        "coordinates": [
          -119.15767149023222,
          34.43210185596973
        ]
      }
    },
    {
      "type": "Feature",
      "properties": {
        "id": 1228,
        "height_m": 5.4
      },
      "geometry": {
        "type": "Point",
        "coordinates": [
          -119.15767149023222,
          34.43414274594067
        ]
      }
    },
    {
      "type": "Feature",
      "properties": {
        "id": 1229,
        "height_m": 13.9
      },
      "geometry": {
        "type": "Point",
        "coordinates": [
          -119.15767040119674,
          34.429691868080404
        ]
      }
    },
    {
      "type": "Feature",
      "properties": {
        "id": 1230,
        "height_m": 13.9
      },
      "geometry": {
        "type": "Point",
        "coordinates": [
          -119.1576682231258,
          34.43185307697194
        ]
      }
    },
    {
      "type": "Feature",
      "properties": {
        "id": 1231,
        "height_m": 18.8
      },
      "geometry": {
        "type": "Point",
        "coordinates": [
          -119.15766495601939,
          34.43109859882197
        ]
      }
    },
    {
      "type": "Feature",
      "properties": {
        "id": 1232,
        "height_m": 8.3
      },
      "geometry": {
        "type": "Point",
        "coordinates": [
          -119.15766386698391,
          34.42996507235094
        ]
      }
    },
    {
      "type": "Feature",
      "properties": {
        "id": 1233,
        "height_m": 14.4
      },
      "geometry": {
        "type": "Point",
        "coordinates": [
          -119.15766277794845,
          34.43083172736343
        ]
      }
    },
    {
      "type": "Feature",
      "properties": {
        "id": 1234,
        "height_m": 8.2
      },
      "geometry": {
        "type": "Point",
        "coordinates": [
          -119.15766168891297,
          34.4331449174326
        ]
      }
    },
    {
      "type": "Feature",
      "properties": {
        "id": 1235,
        "height_m": 10.8
      },
      "geometry": {
        "type": "Point",
        "coordinates": [
          -119.15765842180656,
          34.43322814455499
        ]
      }
    },
    {
      "type": "Feature",
      "properties": {
        "id": 1236,
        "height_m": 13.1
      },
      "geometry": {
        "type": "Point",
        "coordinates": [
          -119.15765624264766,
          34.43077292551379
        ]
      }
    },
    {
      "type": "Feature",
      "properties": {
        "id": 1237,
        "height_m": 14.5
      },
      "geometry": {
        "type": "Point",
        "coordinates": [
          -119.15765406457673,
          34.430543144050525
        ]
      }
    },
    {
      "type": "Feature",
      "properties": {
        "id": 1238,
        "height_m": 5.4
      },
      "geometry": {
        "type": "Point",
        "coordinates": [
          -119.15765297554125,
          34.42991169823953
        ]
      }
    },
    {
      "type": "Feature",
      "properties": {
        "id": 1239,
        "height_m": 15.4
      },
      "geometry": {
        "type": "Point",
        "coordinates": [
          -119.15765297554125,
          34.43029888861866
        ]
      }
    },
    {
      "type": "Feature",
      "properties": {
        "id": 1240,
        "height_m": 10.9
      },
      "geometry": {
        "type": "Point",
        "coordinates": [
          -119.15765188650579,
          34.4325198044336
        ]
      }
    },
    {
      "type": "Feature",
      "properties": {
        "id": 1241,
        "height_m": 10.5
      },
      "geometry": {
        "type": "Point",
        "coordinates": [
          -119.15764644132842,
          34.429742528773446
        ]
      }
    },
    {
      "type": "Feature",
      "properties": {
        "id": 1242,
        "height_m": 11.2
      },
      "geometry": {
        "type": "Point",
        "coordinates": [
          -119.15764535229296,
          34.42979409363878
        ]
      }
    },
    {
      "type": "Feature",
      "properties": {
        "id": 1243,
        "height_m": 12.1
      },
      "geometry": {
        "type": "Point",
        "coordinates": [
          -119.15764317422202,
          34.43013967045672
        ]
      }
    },
    {
      "type": "Feature",
      "properties": {
        "id": 1244,
        "height_m": 6.7
      },
      "geometry": {
        "type": "Point",
        "coordinates": [
          -119.15764317422202,
          34.43310239879764
        ]
      }
    },
    {
      "type": "Feature",
      "properties": {
        "id": 1245,
        "height_m": 13.2
      },
      "geometry": {
        "type": "Point",
        "coordinates": [
          -119.15764208518654,
          34.431803321352675
        ]
      }
    },
    {
      "type": "Feature",
      "properties": {
        "id": 1246,
        "height_m": 13.4
      },
      "geometry": {
        "type": "Point",
        "coordinates": [
          -119.15764099615107,
          34.430614611524156
        ]
      }
    },
    {
      "type": "Feature",
      "properties": {
        "id": 1247,
        "height_m": 3.5
      },
      "geometry": {
        "type": "Point",
        "coordinates": [
          -119.15763990602765,
          34.42986827543226
        ]
      }
    },
    {
      "type": "Feature",
      "properties": {
        "id": 1248,
        "height_m": 17.2
      },
      "geometry": {
        "type": "Point",
        "coordinates": [
          -119.15763990602765,
          34.430942094979876
        ]
      }
    },
    {
      "type": "Feature",
      "properties": {
        "id": 1249,
        "height_m": 13.8
      },
      "geometry": {
        "type": "Point",
        "coordinates": [
          -119.15763881699218,
          34.43142155871177
        ]
      }
    },
    {
      "type": "Feature",
      "properties": {
        "id": 1250,
        "height_m": 14.7
      },
      "geometry": {
        "type": "Point",
        "coordinates": [
          -119.15763337181482,
          34.42958873834973
        ]
      }
    },
    {
      "type": "Feature",
      "properties": {
        "id": 1251,
        "height_m": 17.3
      },
      "geometry": {
        "type": "Point",
        "coordinates": [
          -119.15763228277936,
          34.43217875118158
        ]
      }
    },
    {
      "type": "Feature",
      "properties": {
        "id": 1252,
        "height_m": 15.2
      },
      "geometry": {
        "type": "Point",
        "coordinates": [
          -119.15762792663747,
          34.431921830125724
        ]
      }
    },
    {
      "type": "Feature",
      "properties": {
        "id": 1253,
        "height_m": 16.3
      },
      "geometry": {
        "type": "Point",
        "coordinates": [
          -119.15762792663747,
          34.432386820790484
        ]
      }
    },
    {
      "type": "Feature",
      "properties": {
        "id": 1254,
        "height_m": 17.9
      },
      "geometry": {
        "type": "Point",
        "coordinates": [
          -119.15762574856653,
          34.43037849815036
        ]
      }
    },
    {
      "type": "Feature",
      "properties": {
        "id": 1255,
        "height_m": 12.0
      },
      "geometry": {
        "type": "Point",
        "coordinates": [
          -119.15761921326575,
          34.43068879241617
        ]
      }
    },
    {
      "type": "Feature",
      "properties": {
        "id": 1256,
        "height_m": 11.5
      },
      "geometry": {
        "type": "Point",
        "coordinates": [
          -119.15761921326575,
          34.43226469262382
        ]
      }
    },
    {
      "type": "Feature",
      "properties": {
        "id": 1257,
        "height_m": 16.1
      },
      "geometry": {
        "type": "Point",
        "coordinates": [
          -119.15761812423028,
          34.43046263034652
        ]
      }
    },
    {
      "type": "Feature",
      "properties": {
        "id": 1258,
        "height_m": 17.6
      },
      "geometry": {
        "type": "Point",
        "coordinates": [
          -119.15761594615934,
          34.432458288264115
        ]
      }
    },
    {
      "type": "Feature",
      "properties": {
        "id": 1259,
        "height_m": 6.2
      },
      "geometry": {
        "type": "Point",
        "coordinates": [
          -119.15761485712386,
          34.43308521050919
        ]
      }
    },
    {
      "type": "Feature",
      "properties": {
        "id": 1260,
        "height_m": 13.3
      },
      "geometry": {
        "type": "Point",
        "coordinates": [
          -119.15761267905293,
          34.43146407734673
        ]
      }
    },
    {
      "type": "Feature",
      "properties": {
        "id": 1261,
        "height_m": 6.1
      },
      "geometry": {
        "type": "Point",
        "coordinates": [
          -119.15760832291105,
          34.43413731820244
        ]
      }
    },
    {
      "type": "Feature",
      "properties": {
        "id": 1262,
        "height_m": 15.5
      },
      "geometry": {
        "type": "Point",
        "coordinates": [
          -119.15760723278763,
          34.43185669546409
        ]
      }
    },
    {
      "type": "Feature",
      "properties": {
        "id": 1263,
        "height_m": 7.1
      },
      "geometry": {
        "type": "Point",
        "coordinates": [
          -119.15760614375215,
          34.43370489576997
        ]
      }
    },
    {
      "type": "Feature",
      "properties": {
        "id": 1264,
        "height_m": 13.9
      },
      "geometry": {
        "type": "Point",
        "coordinates": [
          -119.1576039656812,
          34.43075121365943
        ]
      }
    },
    {
      "type": "Feature",
      "properties": {
        "id": 1265,
        "height_m": 15.0
      },
      "geometry": {
        "type": "Point",
        "coordinates": [
          -119.1576039656812,
          34.432124471996396
        ]
      }
    },
    {
      "type": "Feature",
      "properties": {
        "id": 1266,
        "height_m": 16.2
      },
      "geometry": {
        "type": "Point",
        "coordinates": [
          -119.15760287664574,
          34.42965477808514
        ]
      }
    },
    {
      "type": "Feature",
      "properties": {
        "id": 1267,
        "height_m": 20.7
      },
      "geometry": {
        "type": "Point",
        "coordinates": [
          -119.1576006985748,
          34.433503158071595
        ]
      }
    },
    {
      "type": "Feature",
      "properties": {
        "id": 1268,
        "height_m": 13.9
      },
      "geometry": {
        "type": "Point",
        "coordinates": [
          -119.15759960953932,
          34.42954983820692
        ]
      }
    },
    {
      "type": "Feature",
      "properties": {
        "id": 1269,
        "height_m": 13.3
      },
      "geometry": {
        "type": "Point",
        "coordinates": [
          -119.15759743146837,
          34.43134195008153
        ]
      }
    },
    {
      "type": "Feature",
      "properties": {
        "id": 1270,
        "height_m": 16.8
      },
      "geometry": {
        "type": "Point",
        "coordinates": [
          -119.15758871809666,
          34.4320168186998
        ]
      }
    },
    {
      "type": "Feature",
      "properties": {
        "id": 1271,
        "height_m": 10.2
      },
      "geometry": {
        "type": "Point",
        "coordinates": [
          -119.15757564858306,
          34.433180198181795
        ]
      }
    },
    {
      "type": "Feature",
      "properties": {
        "id": 1272,
        "height_m": 3.2
      },
      "geometry": {
        "type": "Point",
        "coordinates": [
          -119.15757455954758,
          34.43388130222035
        ]
      }
    },
    {
      "type": "Feature",
      "properties": {
        "id": 1273,
        "height_m": 13.7
      },
      "geometry": {
        "type": "Point",
        "coordinates": [
          -119.15757347051212,
          34.43141160830909
        ]
      }
    },
    {
      "type": "Feature",
      "properties": {
        "id": 1274,
        "height_m": 3.2
      },
      "geometry": {
        "type": "Point",
        "coordinates": [
          -119.15757129244118,
          34.43464663584677
        ]
      }
    },
    {
      "type": "Feature",
      "properties": {
        "id": 1275,
        "height_m": 16.3
      },
      "geometry": {
        "type": "Point",
        "coordinates": [
          -119.15756475822835,
          34.430252751491544
        ]
      }
    },
    {
      "type": "Feature",
      "properties": {
        "id": 1276,
        "height_m": 16.1
      },
      "geometry": {
        "type": "Point",
        "coordinates": [
          -119.15756040208646,
          34.43120263362642
        ]
      }
    },
    {
      "type": "Feature",
      "properties": {
        "id": 1277,
        "height_m": 7.5
      },
      "geometry": {
        "type": "Point",
        "coordinates": [
          -119.15756040208646,
          34.433386458544625
        ]
      }
    },
    {
      "type": "Feature",
      "properties": {
        "id": 1278,
        "height_m": 16.3
      },
      "geometry": {
        "type": "Point",
        "coordinates": [
          -119.15755822292758,
          34.432212222684704
        ]
      }
    },
    {
      "type": "Feature",
      "properties": {
        "id": 1279,
        "height_m": 15.1
      },
      "geometry": {
        "type": "Point",
        "coordinates": [
          -119.1575571338921,
          34.43083896434773
        ]
      }
    },
    {
      "type": "Feature",
      "properties": {
        "id": 1280,
        "height_m": 9.6
      },
      "geometry": {
        "type": "Point",
        "coordinates": [
          -119.15755277775021,
          34.4314713152325
        ]
      }
    },
    {
      "type": "Feature",
      "properties": {
        "id": 1281,
        "height_m": 19.6
      },
      "geometry": {
        "type": "Point",
        "coordinates": [
          -119.15755168871475,
          34.43104341546448
        ]
      }
    },
    {
      "type": "Feature",
      "properties": {
        "id": 1282,
        "height_m": 14.3
      },
      "geometry": {
        "type": "Point",
        "coordinates": [
          -119.15754842160834,
          34.429680108431654
        ]
      }
    },
    {
      "type": "Feature",
      "properties": {
        "id": 1283,
        "height_m": 20.7
      },
      "geometry": {
        "type": "Point",
        "coordinates": [
          -119.15754733257286,
          34.43054585837037
        ]
      }
    },
    {
      "type": "Feature",
      "properties": {
        "id": 1284,
        "height_m": 13.3
      },
      "geometry": {
        "type": "Point",
        "coordinates": [
          -119.15754406546645,
          34.43183227019134
        ]
      }
    },
    {
      "type": "Feature",
      "properties": {
        "id": 1285,
        "height_m": 11.2
      },
      "geometry": {
        "type": "Point",
        "coordinates": [
          -119.15754406546645,
          34.43315034517083
        ]
      }
    },
    {
      "type": "Feature",
      "properties": {
        "id": 1286,
        "height_m": 9.2
      },
      "geometry": {
        "type": "Point",
        "coordinates": [
          -119.15754297534303,
          34.42988365447463
        ]
      }
    },
    {
      "type": "Feature",
      "properties": {
        "id": 1287,
        "height_m": 18.7
      },
      "geometry": {
        "type": "Point",
        "coordinates": [
          -119.15753970823661,
          34.43005915675271
        ]
      }
    },
    {
      "type": "Feature",
      "properties": {
        "id": 1288,
        "height_m": 16.7
      },
      "geometry": {
        "type": "Point",
        "coordinates": [
          -119.15753970823661,
          34.43237686948634
        ]
      }
    },
    {
      "type": "Feature",
      "properties": {
        "id": 1289,
        "height_m": 13.0
      },
      "geometry": {
        "type": "Point",
        "coordinates": [
          -119.15753753016567,
          34.429829375289444
        ]
      }
    },
    {
      "type": "Feature",
      "properties": {
        "id": 1290,
        "height_m": 19.8
      },
      "geometry": {
        "type": "Point",
        "coordinates": [
          -119.15753753016567,
          34.43017947477184
        ]
      }
    },
    {
      "type": "Feature",
      "properties": {
        "id": 1291,
        "height_m": 12.3
      },
      "geometry": {
        "type": "Point",
        "coordinates": [
          -119.15753535209473,
          34.4313781359045
        ]
      }
    },
    {
      "type": "Feature",
      "properties": {
        "id": 1292,
        "height_m": 18.2
      },
      "geometry": {
        "type": "Point",
        "coordinates": [
          -119.15753317402378,
          34.43229997427448
        ]
      }
    },
    {
      "type": "Feature",
      "properties": {
        "id": 1293,
        "height_m": 8.9
      },
      "geometry": {
        "type": "Point",
        "coordinates": [
          -119.15752663872301,
          34.43489089127864
        ]
      }
    },
    {
      "type": "Feature",
      "properties": {
        "id": 1294,
        "height_m": 12.1
      },
      "geometry": {
        "type": "Point",
        "coordinates": [
          -119.15752554968755,
          34.43062456282831
        ]
      }
    },
    {
      "type": "Feature",
      "properties": {
        "id": 1295,
        "height_m": 14.7
      },
      "geometry": {
        "type": "Point",
        "coordinates": [
          -119.15752010451018,
          34.433814358312645
        ]
      }
    },
    {
      "type": "Feature",
      "properties": {
        "id": 1296,
        "height_m": 12.4
      },
      "geometry": {
        "type": "Point",
        "coordinates": [
          -119.15751792643924,
          34.43132204747324
        ]
      }
    },
    {
      "type": "Feature",
      "properties": {
        "id": 1297,
        "height_m": 17.2
      },
      "geometry": {
        "type": "Point",
        "coordinates": [
          -119.15751792643924,
          34.432026770003944
        ]
      }
    },
    {
      "type": "Feature",
      "properties": {
        "id": 1298,
        "height_m": 20.2
      },
      "geometry": {
        "type": "Point",
        "coordinates": [
          -119.15751683740378,
          34.43098551778714
        ]
      }
    },
    {
      "type": "Feature",
      "properties": {
        "id": 1299,
        "height_m": 3.5
      },
      "geometry": {
        "type": "Point",
        "coordinates": [
          -119.1575157483683,
          34.43250171107138
        ]
      }
    },
    {
      "type": "Feature",
      "properties": {
        "id": 1300,
        "height_m": 18.6
      },
      "geometry": {
        "type": "Point",
        "coordinates": [
          -119.15751465933283,
          34.430773829686096
        ]
      }
    },
    {
      "type": "Feature",
      "properties": {
        "id": 1301,
        "height_m": 5.2
      },
      "geometry": {
        "type": "Point",
        "coordinates": [
          -119.15751248126189,
          34.435009400953156
        ]
      }
    },
    {
      "type": "Feature",
      "properties": {
        "id": 1302,
        "height_m": 4.2
      },
      "geometry": {
        "type": "Point",
        "coordinates": [
          -119.157510302103,
          34.434967786490496
        ]
      }
    },
    {
      "type": "Feature",
      "properties": {
        "id": 1303,
        "height_m": 11.9
      },
      "geometry": {
        "type": "Point",
        "coordinates": [
          -119.15750921306753,
          34.431940828561714
        ]
      }
    },
    {
      "type": "Feature",
      "properties": {
        "id": 1304,
        "height_m": 13.5
      },
      "geometry": {
        "type": "Point",
        "coordinates": [
          -119.15750485692564,
          34.43011253086413
        ]
      }
    },
    {
      "type": "Feature",
      "properties": {
        "id": 1305,
        "height_m": 19.8
      },
      "geometry": {
        "type": "Point",
        "coordinates": [
          -119.1575026788547,
          34.43110402656019
        ]
      }
    },
    {
      "type": "Feature",
      "properties": {
        "id": 1306,
        "height_m": 21.4
      },
      "geometry": {
        "type": "Point",
        "coordinates": [
          -119.1574928764475,
          34.430405636841485
        ]
      }
    },
    {
      "type": "Feature",
      "properties": {
        "id": 1307,
        "height_m": 11.9
      },
      "geometry": {
        "type": "Point",
        "coordinates": [
          -119.15749069837656,
          34.4306589394052
        ]
      }
    },
    {
      "type": "Feature",
      "properties": {
        "id": 1308,
        "height_m": 11.8
      },
      "geometry": {
        "type": "Point",
        "coordinates": [
          -119.15749069837656,
          34.43145593619013
        ]
      }
    },
    {
      "type": "Feature",
      "properties": {
        "id": 1309,
        "height_m": 5.4
      },
      "geometry": {
        "type": "Point",
        "coordinates": [
          -119.15748852030563,
          34.43494969402975
        ]
      }
    },
    {
      "type": "Feature",
      "properties": {
        "id": 1310,
        "height_m": 20.3
      },
      "geometry": {
        "type": "Point",
        "coordinates": [
          -119.15748634223469,
          34.429642112461146
        ]
      }
    },
    {
      "type": "Feature",
      "properties": {
        "id": 1311,
        "height_m": 18.8
      },
      "geometry": {
        "type": "Point",
        "coordinates": [
          -119.15748307512827,
          34.43208014411536
        ]
      }
    },
    {
      "type": "Feature",
      "properties": {
        "id": 1312,
        "height_m": 19.1
      },
      "geometry": {
        "type": "Point",
        "coordinates": [
          -119.15747980802186,
          34.43221403283225
        ]
      }
    },
    {
      "type": "Feature",
      "properties": {
        "id": 1313,
        "height_m": 14.8
      },
      "geometry": {
        "type": "Point",
        "coordinates": [
          -119.15747871898638,
          34.43087786449055
        ]
      }
    },
    {
      "type": "Feature",
      "properties": {
        "id": 1314,
        "height_m": 14.3
      },
      "geometry": {
        "type": "Point",
        "coordinates": [
          -119.15747871898638,
          34.43339821909484
        ]
      }
    },
    {
      "type": "Feature",
      "properties": {
        "id": 1315,
        "height_m": 3.0
      },
      "geometry": {
        "type": "Point",
        "coordinates": [
          -119.15747327272108,
          34.433288756552166
        ]
      }
    },
    {
      "type": "Feature",
      "properties": {
        "id": 1316,
        "height_m": 6.1
      },
      "geometry": {
        "type": "Point",
        "coordinates": [
          -119.15747327272108,
          34.43362076267234
        ]
      }
    },
    {
      "type": "Feature",
      "properties": {
        "id": 1317,
        "height_m": 13.5
      },
      "geometry": {
        "type": "Point",
        "coordinates": [
          -119.15747109465013,
          34.43122524965309
        ]
      }
    },
    {
      "type": "Feature",
      "properties": {
        "id": 1318,
        "height_m": 17.1
      },
      "geometry": {
        "type": "Point",
        "coordinates": [
          -119.15747109465013,
          34.43239134345494
        ]
      }
    },
    {
      "type": "Feature",
      "properties": {
        "id": 1319,
        "height_m": 3.5
      },
      "geometry": {
        "type": "Point",
        "coordinates": [
          -119.15747000561467,
          34.43247909504471
        ]
      }
    },
    {
      "type": "Feature",
      "properties": {
        "id": 1320,
        "height_m": 3.5
      },
      "geometry": {
        "type": "Point",
        "coordinates": [
          -119.15747000561467,
          34.432925991445785
        ]
      }
    },
    {
      "type": "Feature",
      "properties": {
        "id": 1321,
        "height_m": 4.4
      },
      "geometry": {
        "type": "Point",
        "coordinates": [
          -119.1574689165792,
          34.43297665213882
        ]
      }
    },
    {
      "type": "Feature",
      "properties": {
        "id": 1322,
        "height_m": 17.4
      },
      "geometry": {
        "type": "Point",
        "coordinates": [
          -119.15746782754373,
          34.43082449037913
        ]
      }
    },
    {
      "type": "Feature",
      "properties": {
        "id": 1323,
        "height_m": 13.1
      },
      "geometry": {
        "type": "Point",
        "coordinates": [
          -119.15746564947278,
          34.4302219934068
        ]
      }
    },
    {
      "type": "Feature",
      "properties": {
        "id": 1324,
        "height_m": 4.6
      },
      "geometry": {
        "type": "Point",
        "coordinates": [
          -119.15746564947278,
          34.43493069649522
        ]
      }
    },
    {
      "type": "Feature",
      "properties": {
        "id": 1325,
        "height_m": 10.6
      },
      "geometry": {
        "type": "Point",
        "coordinates": [
          -119.15746456043732,
          34.42971991274677
        ]
      }
    },
    {
      "type": "Feature",
      "properties": {
        "id": 1326,
        "height_m": 20.5
      },
      "geometry": {
        "type": "Point",
        "coordinates": [
          -119.15746456043732,
          34.42997773797494
        ]
      }
    },
    {
      "type": "Feature",
      "properties": {
        "id": 1327,
        "height_m": 14.0
      },
      "geometry": {
        "type": "Point",
        "coordinates": [
          -119.15746347140184,
          34.430715027836456
        ]
      }
    },
    {
      "type": "Feature",
      "properties": {
        "id": 1328,
        "height_m": 4.5
      },
      "geometry": {
        "type": "Point",
        "coordinates": [
          -119.15746238236638,
          34.43304721453868
        ]
      }
    },
    {
      "type": "Feature",
      "properties": {
        "id": 1329,
        "height_m": 9.8
      },
      "geometry": {
        "type": "Point",
        "coordinates": [
          -119.15746238236638,
          34.43395457894006
        ]
      }
    },
    {
      "type": "Feature",
      "properties": {
        "id": 1330,
        "height_m": 4.4
      },
      "geometry": {
        "type": "Point",
        "coordinates": [
          -119.15746238236638,
          34.43514328876858
        ]
      }
    },
    {
      "type": "Feature",
      "properties": {
        "id": 1331,
        "height_m": 13.2
      },
      "geometry": {
        "type": "Point",
        "coordinates": [
          -119.15745693610107,
          34.431417036047314
        ]
      }
    },
    {
      "type": "Feature",
      "properties": {
        "id": 1332,
        "height_m": 4.6
      },
      "geometry": {
        "type": "Point",
        "coordinates": [
          -119.15745584706559,
          34.43308068694327
        ]
      }
    },
    {
      "type": "Feature",
      "properties": {
        "id": 1333,
        "height_m": 15.0
      },
      "geometry": {
        "type": "Point",
        "coordinates": [
          -119.1574514909237,
          34.43136275686213
        ]
      }
    },
    {
      "type": "Feature",
      "properties": {
        "id": 1334,
        "height_m": 9.7
      },
      "geometry": {
        "type": "Point",
        "coordinates": [
          -119.15745040188824,
          34.43398986059072
        ]
      }
    },
    {
      "type": "Feature",
      "properties": {
        "id": 1335,
        "height_m": 13.2
      },
      "geometry": {
        "type": "Point",
        "coordinates": [
          -119.15744931285276,
          34.432004153977275
        ]
      }
    },
    {
      "type": "Feature",
      "properties": {
        "id": 1336,
        "height_m": 13.2
      },
      "geometry": {
        "type": "Point",
        "coordinates": [
          -119.1574482238173,
          34.4301288140788
        ]
      }
    },
    {
      "type": "Feature",
      "properties": {
        "id": 1337,
        "height_m": 21.0
      },
      "geometry": {
        "type": "Point",
        "coordinates": [
          -119.15744713478183,
          34.430516004457935
        ]
      }
    },
    {
      "type": "Feature",
      "properties": {
        "id": 1338,
        "height_m": 16.1
      },
      "geometry": {
        "type": "Point",
        "coordinates": [
          -119.15744277755199,
          34.429779619670185
        ]
      }
    },
    {
      "type": "Feature",
      "properties": {
        "id": 1339,
        "height_m": 4.6
      },
      "geometry": {
        "type": "Point",
        "coordinates": [
          -119.15744059948105,
          34.432922372953634
        ]
      }
    },
    {
      "type": "Feature",
      "properties": {
        "id": 1340,
        "height_m": 9.3
      },
      "geometry": {
        "type": "Point",
        "coordinates": [
          -119.1574384214101,
          34.433581863430994
        ]
      }
    },
    {
      "type": "Feature",
      "properties": {
        "id": 1341,
        "height_m": 14.1
      },
      "geometry": {
        "type": "Point",
        "coordinates": [
          -119.1574351543037,
          34.43101175230597
        ]
      }
    },
    {
      "type": "Feature",
      "properties": {
        "id": 1342,
        "height_m": 12.7
      },
      "geometry": {
        "type": "Point",
        "coordinates": [
          -119.15743188719728,
          34.43216879987744
        ]
      }
    },
    {
      "type": "Feature",
      "properties": {
        "id": 1343,
        "height_m": 4.2
      },
      "geometry": {
        "type": "Point",
        "coordinates": [
          -119.15743188719728,
          34.432486332029015
        ]
      }
    },
    {
      "type": "Feature",
      "properties": {
        "id": 1344,
        "height_m": 18.6
      },
      "geometry": {
        "type": "Point",
        "coordinates": [
          -119.15742861900293,
          34.42958421478381
        ]
      }
    },
    {
      "type": "Feature",
      "properties": {
        "id": 1345,
        "height_m": 4.3
      },
      "geometry": {
        "type": "Point",
        "coordinates": [
          -119.15742861900293,
          34.431639579624814
        ]
      }
    },
    {
      "type": "Feature",
      "properties": {
        "id": 1346,
        "height_m": 14.7
      },
      "geometry": {
        "type": "Point",
        "coordinates": [
          -119.15742752996745,
          34.42983842151982
        ]
      }
    },
    {
      "type": "Feature",
      "properties": {
        "id": 1347,
        "height_m": 18.1
      },
      "geometry": {
        "type": "Point",
        "coordinates": [
          -119.1574253518965,
          34.4321099980278
        ]
      }
    },
    {
      "type": "Feature",
      "properties": {
        "id": 1348,
        "height_m": 8.1
      },
      "geometry": {
        "type": "Point",
        "coordinates": [
          -119.15742426286104,
          34.43353391705781
        ]
      }
    },
    {
      "type": "Feature",
      "properties": {
        "id": 1349,
        "height_m": 9.1
      },
      "geometry": {
        "type": "Point",
        "coordinates": [
          -119.15742099575462,
          34.433488684103
        ]
      }
    },
    {
      "type": "Feature",
      "properties": {
        "id": 1350,
        "height_m": 16.1
      },
      "geometry": {
        "type": "Point",
        "coordinates": [
          -119.15741772864821,
          34.43062275358223
        ]
      }
    },
    {
      "type": "Feature",
      "properties": {
        "id": 1351,
        "height_m": 6.2
      },
      "geometry": {
        "type": "Point",
        "coordinates": [
          -119.15741772864821,
          34.43497773779464
        ]
      }
    },
    {
      "type": "Feature",
      "properties": {
        "id": 1352,
        "height_m": 4.5
      },
      "geometry": {
        "type": "Point",
        "coordinates": [
          -119.15741555057727,
          34.43309787523172
        ]
      }
    },
    {
      "type": "Feature",
      "properties": {
        "id": 1353,
        "height_m": 12.8
      },
      "geometry": {
        "type": "Point",
        "coordinates": [
          -119.15741228238291,
          34.430772020440024
        ]
      }
    },
    {
      "type": "Feature",
      "properties": {
        "id": 1354,
        "height_m": 9.3
      },
      "geometry": {
        "type": "Point",
        "coordinates": [
          -119.15741228238291,
          34.433960006678284
        ]
      }
    },
    {
      "type": "Feature",
      "properties": {
        "id": 1355,
        "height_m": 3.3
      },
      "geometry": {
        "type": "Point",
        "coordinates": [
          -119.15740683720556,
          34.43292056370756
        ]
      }
    },
    {
      "type": "Feature",
      "properties": {
        "id": 1356,
        "height_m": 12.6
      },
      "geometry": {
        "type": "Point",
        "coordinates": [
          -119.15740465913461,
          34.430893243532914
        ]
      }
    },
    {
      "type": "Feature",
      "properties": {
        "id": 1357,
        "height_m": 13.6
      },
      "geometry": {
        "type": "Point",
        "coordinates": [
          -119.15740357009913,
          34.43111488293811
        ]
      }
    },
    {
      "type": "Feature",
      "properties": {
        "id": 1358,
        "height_m": 11.2
      },
      "geometry": {
        "type": "Point",
        "coordinates": [
          -119.15740357009913,
          34.43407761127903
        ]
      }
    },
    {
      "type": "Feature",
      "properties": {
        "id": 1359,
        "height_m": 4.2
      },
      "geometry": {
        "type": "Point",
        "coordinates": [
          -119.15740030299273,
          34.43165857715934
        ]
      }
    },
    {
      "type": "Feature",
      "properties": {
        "id": 1360,
        "height_m": 7.2
      },
      "geometry": {
        "type": "Point",
        "coordinates": [
          -119.15740030299273,
          34.43323447736698
        ]
      }
    },
    {
      "type": "Feature",
      "properties": {
        "id": 1361,
        "height_m": 20.4
      },
      "geometry": {
        "type": "Point",
        "coordinates": [
          -119.15739921395725,
          34.430189426075984
        ]
      }
    },
    {
      "type": "Feature",
      "properties": {
        "id": 1362,
        "height_m": 6.1
      },
      "geometry": {
        "type": "Point",
        "coordinates": [
          -119.15739921395725,
          34.43317477044357
        ]
      }
    },
    {
      "type": "Feature",
      "properties": {
        "id": 1363,
        "height_m": 13.3
      },
      "geometry": {
        "type": "Point",
        "coordinates": [
          -119.15739812492178,
          34.434133699710294
        ]
      }
    },
    {
      "type": "Feature",
      "properties": {
        "id": 1364,
        "height_m": 7.2
      },
      "geometry": {
        "type": "Point",
        "coordinates": [
          -119.15739703479836,
          34.434778715317584
        ]
      }
    },
    {
      "type": "Feature",
      "properties": {
        "id": 1365,
        "height_m": 23.8
      },
      "geometry": {
        "type": "Point",
        "coordinates": [
          -119.157391589621,
          34.42994245632427
        ]
      }
    },
    {
      "type": "Feature",
      "properties": {
        "id": 1366,
        "height_m": 20.3
      },
      "geometry": {
        "type": "Point",
        "coordinates": [
          -119.157391589621,
          34.4323334457776
        ]
      }
    },
    {
      "type": "Feature",
      "properties": {
        "id": 1367,
        "height_m": 3.6
      },
      "geometry": {
        "type": "Point",
        "coordinates": [
          -119.15738941155006,
          34.434868275251965
        ]
      }
    },
    {
      "type": "Feature",
      "properties": {
        "id": 1368,
        "height_m": 16.7
      },
      "geometry": {
        "type": "Point",
        "coordinates": [
          -119.1573839663727,
          34.43223393453907
        ]
      }
    },
    {
      "type": "Feature",
      "properties": {
        "id": 1369,
        "height_m": 13.1
      },
      "geometry": {
        "type": "Point",
        "coordinates": [
          -119.15738069817834,
          34.43139080062703
        ]
      }
    },
    {
      "type": "Feature",
      "properties": {
        "id": 1370,
        "height_m": 9.1
      },
      "geometry": {
        "type": "Point",
        "coordinates": [
          -119.1573785201074,
          34.43201320020765
        ]
      }
    },
    {
      "type": "Feature",
      "properties": {
        "id": 1371,
        "height_m": 3.2
      },
      "geometry": {
        "type": "Point",
        "coordinates": [
          -119.15737743107194,
          34.43291694521541
        ]
      }
    },
    {
      "type": "Feature",
      "properties": {
        "id": 1372,
        "height_m": 12.2
      },
      "geometry": {
        "type": "Point",
        "coordinates": [
          -119.15737416396551,
          34.43070145804016
        ]
      }
    },
    {
      "type": "Feature",
      "properties": {
        "id": 1373,
        "height_m": 20.0
      },
      "geometry": {
        "type": "Point",
        "coordinates": [
          -119.15737307493005,
          34.43025456073762
        ]
      }
    },
    {
      "type": "Feature",
      "properties": {
        "id": 1374,
        "height_m": 13.1
      },
      "geometry": {
        "type": "Point",
        "coordinates": [
          -119.15737307493005,
          34.430996373263596
        ]
      }
    },
    {
      "type": "Feature",
      "properties": {
        "id": 1375,
        "height_m": 25.3
      },
      "geometry": {
        "type": "Point",
        "coordinates": [
          -119.15736871878816,
          34.430033826406195
        ]
      }
    },
    {
      "type": "Feature",
      "properties": {
        "id": 1376,
        "height_m": 12.1
      },
      "geometry": {
        "type": "Point",
        "coordinates": [
          -119.15736654071722,
          34.430937571413956
        ]
      }
    },
    {
      "type": "Feature",
      "properties": {
        "id": 1377,
        "height_m": 5.5
      },
      "geometry": {
        "type": "Point",
        "coordinates": [
          -119.1573621834874,
          34.43077292551379
        ]
      }
    },
    {
      "type": "Feature",
      "properties": {
        "id": 1378,
        "height_m": 5.4
      },
      "geometry": {
        "type": "Point",
        "coordinates": [
          -119.15735891638097,
          34.433321323882986
        ]
      }
    },
    {
      "type": "Feature",
      "properties": {
        "id": 1379,
        "height_m": 4.6
      },
      "geometry": {
        "type": "Point",
        "coordinates": [
          -119.15735891638097,
          34.43487913072842
        ]
      }
    },
    {
      "type": "Feature",
      "properties": {
        "id": 1380,
        "height_m": 9.7
      },
      "geometry": {
        "type": "Point",
        "coordinates": [
          -119.1573578273455,
          34.43033145594948
        ]
      }
    },
    {
      "type": "Feature",
      "properties": {
        "id": 1381,
        "height_m": 18.2
      },
      "geometry": {
        "type": "Point",
        "coordinates": [
          -119.15735673831003,
          34.42975519439744
        ]
      }
    },
    {
      "type": "Feature",
      "properties": {
        "id": 1382,
        "height_m": 14.9
      },
      "geometry": {
        "type": "Point",
        "coordinates": [
          -119.15735673831003,
          34.430460821100446
        ]
      }
    },
    {
      "type": "Feature",
      "properties": {
        "id": 1383,
        "height_m": 4.9
      },
      "geometry": {
        "type": "Point",
        "coordinates": [
          -119.15735673831003,
          34.434777810243816
        ]
      }
    },
    {
      "type": "Feature",
      "properties": {
        "id": 1384,
        "height_m": 15.5
      },
      "geometry": {
        "type": "Point",
        "coordinates": [
          -119.15735564927456,
          34.43192092595342
        ]
      }
    },
    {
      "type": "Feature",
      "properties": {
        "id": 1385,
        "height_m": 17.0
      },
      "geometry": {
        "type": "Point",
        "coordinates": [
          -119.15735456023909,
          34.43217513268944
        ]
      }
    },
    {
      "type": "Feature",
      "properties": {
        "id": 1386,
        "height_m": 19.6
      },
      "geometry": {
        "type": "Point",
        "coordinates": [
          -119.15735129313268,
          34.4335167278679
        ]
      }
    },
    {
      "type": "Feature",
      "properties": {
        "id": 1387,
        "height_m": 10.6
      },
      "geometry": {
        "type": "Point",
        "coordinates": [
          -119.15734475783191,
          34.43410746429
        ]
      }
    },
    {
      "type": "Feature",
      "properties": {
        "id": 1388,
        "height_m": 20.5
      },
      "geometry": {
        "type": "Point",
        "coordinates": [
          -119.15734257976096,
          34.432283690158336
        ]
      }
    },
    {
      "type": "Feature",
      "properties": {
        "id": 1389,
        "height_m": 14.9
      },
      "geometry": {
        "type": "Point",
        "coordinates": [
          -119.15734149072549,
          34.431297622200496
        ]
      }
    },
    {
      "type": "Feature",
      "properties": {
        "id": 1390,
        "height_m": 4.5
      },
      "geometry": {
        "type": "Point",
        "coordinates": [
          -119.15734040169002,
          34.43309516181334
        ]
      }
    },
    {
      "type": "Feature",
      "properties": {
        "id": 1391,
        "height_m": 14.9
      },
      "geometry": {
        "type": "Point",
        "coordinates": [
          -119.15733604554813,
          34.43064898810105
        ]
      }
    },
    {
      "type": "Feature",
      "properties": {
        "id": 1392,
        "height_m": 10.9
      },
      "geometry": {
        "type": "Point",
        "coordinates": [
          -119.15733604554813,
          34.43107779204137
        ]
      }
    },
    {
      "type": "Feature",
      "properties": {
        "id": 1393,
        "height_m": 5.4
      },
      "geometry": {
        "type": "Point",
        "coordinates": [
          -119.15733604554813,
          34.43506277506457
        ]
      }
    },
    {
      "type": "Feature",
      "properties": {
        "id": 1394,
        "height_m": 9.3
      },
      "geometry": {
        "type": "Point",
        "coordinates": [
          -119.15733277844171,
          34.43414274594067
        ]
      }
    },
    {
      "type": "Feature",
      "properties": {
        "id": 1395,
        "height_m": 4.4
      },
      "geometry": {
        "type": "Point",
        "coordinates": [
          -119.15733277844171,
          34.43490265182886
        ]
      }
    },
    {
      "type": "Feature",
      "properties": {
        "id": 1396,
        "height_m": 14.7
      },
      "geometry": {
        "type": "Point",
        "coordinates": [
          -119.1573316883183,
          34.43041468397333
        ]
      }
    },
    {
      "type": "Feature",
      "properties": {
        "id": 1397,
        "height_m": 3.1
      },
      "geometry": {
        "type": "Point",
        "coordinates": [
          -119.15732842121189,
          34.435277176583995
        ]
      }
    },
    {
      "type": "Feature",
      "properties": {
        "id": 1398,
        "height_m": 24.4
      },
      "geometry": {
        "type": "Point",
        "coordinates": [
          -119.15732733217641,
          34.42986284769403
        ]
      }
    },
    {
      "type": "Feature",
      "properties": {
        "id": 1399,
        "height_m": 4.1
      },
      "geometry": {
        "type": "Point",
        "coordinates": [
          -119.15732624314094,
          34.43252613634413
        ]
      }
    },
    {
      "type": "Feature",
      "properties": {
        "id": 1400,
        "height_m": 13.6
      },
      "geometry": {
        "type": "Point",
        "coordinates": [
          -119.1573164418217,
          34.43101265737974
        ]
      }
    },
    {
      "type": "Feature",
      "properties": {
        "id": 1401,
        "height_m": 13.0
      },
      "geometry": {
        "type": "Point",
        "coordinates": [
          -119.15731535169829,
          34.43139984775887
        ]
      }
    },
    {
      "type": "Feature",
      "properties": {
        "id": 1402,
        "height_m": 7.9
      },
      "geometry": {
        "type": "Point",
        "coordinates": [
          -119.15731426266281,
          34.43330323052077
        ]
      }
    },
    {
      "type": "Feature",
      "properties": {
        "id": 1403,
        "height_m": 15.5
      },
      "geometry": {
        "type": "Point",
        "coordinates": [
          -119.1573109955564,
          34.43049248335749
        ]
      }
    },
    {
      "type": "Feature",
      "properties": {
        "id": 1404,
        "height_m": 14.5
      },
      "geometry": {
        "type": "Point",
        "coordinates": [
          -119.15730663941451,
          34.4321109022001
        ]
      }
    },
    {
      "type": "Feature",
      "properties": {
        "id": 1405,
        "height_m": 16.8
      },
      "geometry": {
        "type": "Point",
        "coordinates": [
          -119.15730555037904,
          34.43112483424226
        ]
      }
    },
    {
      "type": "Feature",
      "properties": {
        "id": 1406,
        "height_m": 13.1
      },
      "geometry": {
        "type": "Point",
        "coordinates": [
          -119.15730555037904,
          34.43184855340602
        ]
      }
    },
    {
      "type": "Feature",
      "properties": {
        "id": 1407,
        "height_m": 17.1
      },
      "geometry": {
        "type": "Point",
        "coordinates": [
          -119.1573033723081,
          34.43236058537019
        ]
      }
    },
    {
      "type": "Feature",
      "properties": {
        "id": 1408,
        "height_m": 5.7
      },
      "geometry": {
        "type": "Point",
        "coordinates": [
          -119.1573033723081,
          34.43477057325951
        ]
      }
    },
    {
      "type": "Feature",
      "properties": {
        "id": 1409,
        "height_m": 4.4
      },
      "geometry": {
        "type": "Point",
        "coordinates": [
          -119.15730119423716,
          34.43290880315734
        ]
      }
    },
    {
      "type": "Feature",
      "properties": {
        "id": 1410,
        "height_m": 4.8
      },
      "geometry": {
        "type": "Point",
        "coordinates": [
          -119.15730010411374,
          34.4333882677907
        ]
      }
    },
    {
      "type": "Feature",
      "properties": {
        "id": 1411,
        "height_m": 17.2
      },
      "geometry": {
        "type": "Point",
        "coordinates": [
          -119.15729683700732,
          34.43080006420492
        ]
      }
    },
    {
      "type": "Feature",
      "properties": {
        "id": 1412,
        "height_m": 13.5
      },
      "geometry": {
        "type": "Point",
        "coordinates": [
          -119.15729465893638,
          34.43073583461705
        ]
      }
    },
    {
      "type": "Feature",
      "properties": {
        "id": 1413,
        "height_m": 6.2
      },
      "geometry": {
        "type": "Point",
        "coordinates": [
          -119.15728921375903,
          34.43033145594948
        ]
      }
    },
    {
      "type": "Feature",
      "properties": {
        "id": 1414,
        "height_m": 10.6
      },
      "geometry": {
        "type": "Point",
        "coordinates": [
          -119.15728921375903,
          34.43123881944939
        ]
      }
    },
    {
      "type": "Feature",
      "properties": {
        "id": 1415,
        "height_m": 10.9
      },
      "geometry": {
        "type": "Point",
        "coordinates": [
          -119.15728703568809,
          34.432677213349464
        ]
      }
    },
    {
      "type": "Feature",
      "properties": {
        "id": 1416,
        "height_m": 14.5
      },
      "geometry": {
        "type": "Point",
        "coordinates": [
          -119.15728158942278,
          34.43202857925002
        ]
      }
    },
    {
      "type": "Feature",
      "properties": {
        "id": 1417,
        "height_m": 21.3
      },
      "geometry": {
        "type": "Point",
        "coordinates": [
          -119.1572772332809,
          34.429679203357885
        ]
      }
    },
    {
      "type": "Feature",
      "properties": {
        "id": 1418,
        "height_m": 9.4
      },
      "geometry": {
        "type": "Point",
        "coordinates": [
          -119.15727614424543,
          34.43043549075393
        ]
      }
    },
    {
      "type": "Feature",
      "properties": {
        "id": 1419,
        "height_m": 10.6
      },
      "geometry": {
        "type": "Point",
        "coordinates": [
          -119.15727505520995,
          34.430283509576284
        ]
      }
    },
    {
      "type": "Feature",
      "properties": {
        "id": 1420,
        "height_m": 15.9
      },
      "geometry": {
        "type": "Point",
        "coordinates": [
          -119.15727505520995,
          34.43189650068067
        ]
      }
    },
    {
      "type": "Feature",
      "properties": {
        "id": 1421,
        "height_m": 6.0
      },
      "geometry": {
        "type": "Point",
        "coordinates": [
          -119.15727505520995,
          34.43243567133597
        ]
      }
    },
    {
      "type": "Feature",
      "properties": {
        "id": 1422,
        "height_m": 4.4
      },
      "geometry": {
        "type": "Point",
        "coordinates": [
          -119.15727178810354,
          34.433090638247414
        ]
      }
    },
    {
      "type": "Feature",
      "properties": {
        "id": 1423,
        "height_m": 16.6
      },
      "geometry": {
        "type": "Point",
        "coordinates": [
          -119.15727069906806,
          34.430620944336155
        ]
      }
    },
    {
      "type": "Feature",
      "properties": {
        "id": 1424,
        "height_m": 17.2
      },
      "geometry": {
        "type": "Point",
        "coordinates": [
          -119.1572696100326,
          34.43089776709884
        ]
      }
    },
    {
      "type": "Feature",
      "properties": {
        "id": 1425,
        "height_m": 13.8
      },
      "geometry": {
        "type": "Point",
        "coordinates": [
          -119.1572696100326,
          34.43134014083546
        ]
      }
    },
    {
      "type": "Feature",
      "properties": {
        "id": 1426,
        "height_m": 8.9
      },
      "geometry": {
        "type": "Point",
        "coordinates": [
          -119.1572696100326,
          34.433343939909655
        ]
      }
    },
    {
      "type": "Feature",
      "properties": {
        "id": 1427,
        "height_m": 9.5
      },
      "geometry": {
        "type": "Point",
        "coordinates": [
          -119.15726307473183,
          34.433875874482126
        ]
      }
    },
    {
      "type": "Feature",
      "properties": {
        "id": 1428,
        "height_m": 11.7
      },
      "geometry": {
        "type": "Point",
        "coordinates": [
          -119.15726198569635,
          34.43146588659281
        ]
      }
    },
    {
      "type": "Feature",
      "properties": {
        "id": 1429,
        "height_m": 4.2
      },
      "geometry": {
        "type": "Point",
        "coordinates": [
          -119.15726198569635,
          34.43487551223627
        ]
      }
    },
    {
      "type": "Feature",
      "properties": {
        "id": 1430,
        "height_m": 17.2
      },
      "geometry": {
        "type": "Point",
        "coordinates": [
          -119.157256540519,
          34.4309828034673
        ]
      }
    },
    {
      "type": "Feature",
      "properties": {
        "id": 1431,
        "height_m": 16.7
      },
      "geometry": {
        "type": "Point",
        "coordinates": [
          -119.15725545148352,
          34.4322040815281
        ]
      }
    },
    {
      "type": "Feature",
      "properties": {
        "id": 1432,
        "height_m": 19.7
      },
      "geometry": {
        "type": "Point",
        "coordinates": [
          -119.15725436244806,
          34.43004830037479
        ]
      }
    },
    {
      "type": "Feature",
      "properties": {
        "id": 1433,
        "height_m": 11.6
      },
      "geometry": {
        "type": "Point",
        "coordinates": [
          -119.15725436244806,
          34.43140256117725
        ]
      }
    },
    {
      "type": "Feature",
      "properties": {
        "id": 1434,
        "height_m": 6.2
      },
      "geometry": {
        "type": "Point",
        "coordinates": [
          -119.1572510942537,
          34.43450460597328
        ]
      }
    },
    {
      "type": "Feature",
      "properties": {
        "id": 1435,
        "height_m": 5.8
      },
      "geometry": {
        "type": "Point",
        "coordinates": [
          -119.15725000521822,
          34.431610630786146
        ]
      }
    },
    {
      "type": "Feature",
      "properties": {
        "id": 1436,
        "height_m": 12.6
      },
      "geometry": {
        "type": "Point",
        "coordinates": [
          -119.15725000521822,
          34.43185036355356
        ]
      }
    },
    {
      "type": "Feature",
      "properties": {
        "id": 1437,
        "height_m": 22.3
      },
      "geometry": {
        "type": "Point",
        "coordinates": [
          -119.15725000521822,
          34.43357372137292
        ]
      }
    },
    {
      "type": "Feature",
      "properties": {
        "id": 1438,
        "height_m": 13.7
      },
      "geometry": {
        "type": "Point",
        "coordinates": [
          -119.15724782714727,
          34.43119630171589
        ]
      }
    },
    {
      "type": "Feature",
      "properties": {
        "id": 1439,
        "height_m": 4.0
      },
      "geometry": {
        "type": "Point",
        "coordinates": [
          -119.15724238196992,
          34.433718465566265
        ]
      }
    },
    {
      "type": "Feature",
      "properties": {
        "id": 1440,
        "height_m": 7.1
      },
      "geometry": {
        "type": "Point",
        "coordinates": [
          -119.15723693679257,
          34.43503292115213
        ]
      }
    },
    {
      "type": "Feature",
      "properties": {
        "id": 1441,
        "height_m": 5.7
      },
      "geometry": {
        "type": "Point",
        "coordinates": [
          -119.1572358477571,
          34.43508358184516
        ]
      }
    },
    {
      "type": "Feature",
      "properties": {
        "id": 1442,
        "height_m": 4.3
      },
      "geometry": {
        "type": "Point",
        "coordinates": [
          -119.15723257956273,
          34.43290518466519
        ]
      }
    },
    {
      "type": "Feature",
      "properties": {
        "id": 1443,
        "height_m": 4.2
      },
      "geometry": {
        "type": "Point",
        "coordinates": [
          -119.15723149052727,
          34.432550562518344
        ]
      }
    },
    {
      "type": "Feature",
      "properties": {
        "id": 1444,
        "height_m": 4.2
      },
      "geometry": {
        "type": "Point",
        "coordinates": [
          -119.15722495631444,
          34.433086114681494
        ]
      }
    },
    {
      "type": "Feature",
      "properties": {
        "id": 1445,
        "height_m": 23.2
      },
      "geometry": {
        "type": "Point",
        "coordinates": [
          -119.15722168920803,
          34.429774191931955
        ]
      }
    },
    {
      "type": "Feature",
      "properties": {
        "id": 1446,
        "height_m": 10.3
      },
      "geometry": {
        "type": "Point",
        "coordinates": [
          -119.15721842101367,
          34.43322995380106
        ]
      }
    },
    {
      "type": "Feature",
      "properties": {
        "id": 1447,
        "height_m": 6.4
      },
      "geometry": {
        "type": "Point",
        "coordinates": [
          -119.15721842101367,
          34.434640303034776
        ]
      }
    },
    {
      "type": "Feature",
      "properties": {
        "id": 1448,
        "height_m": 19.8
      },
      "geometry": {
        "type": "Point",
        "coordinates": [
          -119.15721624294272,
          34.43229545070856
        ]
      }
    },
    {
      "type": "Feature",
      "properties": {
        "id": 1449,
        "height_m": 4.1
      },
      "geometry": {
        "type": "Point",
        "coordinates": [
          -119.15721515390725,
          34.43340545607914
        ]
      }
    },
    {
      "type": "Feature",
      "properties": {
        "id": 1450,
        "height_m": 21.6
      },
      "geometry": {
        "type": "Point",
        "coordinates": [
          -119.15721406487178,
          34.43023103963718
        ]
      }
    },
    {
      "type": "Feature",
      "properties": {
        "id": 1451,
        "height_m": 13.3
      },
      "geometry": {
        "type": "Point",
        "coordinates": [
          -119.15721406487178,
          34.430733120297205
        ]
      }
    },
    {
      "type": "Feature",
      "properties": {
        "id": 1452,
        "height_m": 11.5
      },
      "geometry": {
        "type": "Point",
        "coordinates": [
          -119.15721079776536,
          34.43138899138095
        ]
      }
    },
    {
      "type": "Feature",
      "properties": {
        "id": 1453,
        "height_m": 16.9
      },
      "geometry": {
        "type": "Point",
        "coordinates": [
          -119.15721079776536,
          34.43194625629994
        ]
      }
    },
    {
      "type": "Feature",
      "properties": {
        "id": 1454,
        "height_m": 17.7
      },
      "geometry": {
        "type": "Point",
        "coordinates": [
          -119.15720753065895,
          34.43084077359381
        ]
      }
    },
    {
      "type": "Feature",
      "properties": {
        "id": 1455,
        "height_m": 14.1
      },
      "geometry": {
        "type": "Point",
        "coordinates": [
          -119.15720644162347,
          34.43067069995542
        ]
      }
    },
    {
      "type": "Feature",
      "properties": {
        "id": 1456,
        "height_m": 5.0
      },
      "geometry": {
        "type": "Point",
        "coordinates": [
          -119.15720644162347,
          34.43255960874872
        ]
      }
    },
    {
      "type": "Feature",
      "properties": {
        "id": 1457,
        "height_m": 12.9
      },
      "geometry": {
        "type": "Point",
        "coordinates": [
          -119.15720535258801,
          34.4310759827953
        ]
      }
    },
    {
      "type": "Feature",
      "properties": {
        "id": 1458,
        "height_m": 4.0
      },
      "geometry": {
        "type": "Point",
        "coordinates": [
          -119.15720535258801,
          34.4349469797099
        ]
      }
    },
    {
      "type": "Feature",
      "properties": {
        "id": 1459,
        "height_m": 12.2
      },
      "geometry": {
        "type": "Point",
        "coordinates": [
          -119.15720426355253,
          34.433182007427874
        ]
      }
    },
    {
      "type": "Feature",
      "properties": {
        "id": 1460,
        "height_m": 15.2
      },
      "geometry": {
        "type": "Point",
        "coordinates": [
          -119.15720208439365,
          34.431228869046706
        ]
      }
    },
    {
      "type": "Feature",
      "properties": {
        "id": 1461,
        "height_m": 13.7
      },
      "geometry": {
        "type": "Point",
        "coordinates": [
          -119.15720208439365,
          34.43182322396097
        ]
      }
    },
    {
      "type": "Feature",
      "properties": {
        "id": 1462,
        "height_m": 12.1
      },
      "geometry": {
        "type": "Point",
        "coordinates": [
          -119.15720099535818,
          34.43145050755044
        ]
      }
    },
    {
      "type": "Feature",
      "properties": {
        "id": 1463,
        "height_m": 16.9
      },
      "geometry": {
        "type": "Point",
        "coordinates": [
          -119.15719881728724,
          34.429847468651666
        ]
      }
    },
    {
      "type": "Feature",
      "properties": {
        "id": 1464,
        "height_m": 10.6
      },
      "geometry": {
        "type": "Point",
        "coordinates": [
          -119.15719881728724,
          34.434128271972064
        ]
      }
    },
    {
      "type": "Feature",
      "properties": {
        "id": 1465,
        "height_m": 17.2
      },
      "geometry": {
        "type": "Point",
        "coordinates": [
          -119.1571966392163,
          34.4309538555301
        ]
      }
    },
    {
      "type": "Feature",
      "properties": {
        "id": 1466,
        "height_m": 12.5
      },
      "geometry": {
        "type": "Point",
        "coordinates": [
          -119.1571966392163,
          34.43132204747324
        ]
      }
    },
    {
      "type": "Feature",
      "properties": {
        "id": 1467,
        "height_m": 13.0
      },
      "geometry": {
        "type": "Point",
        "coordinates": [
          -119.1571966392163,
          34.43332675162121
        ]
      }
    },
    {
      "type": "Feature",
      "properties": {
        "id": 1468,
        "height_m": 15.2
      },
      "geometry": {
        "type": "Point",
        "coordinates": [
          -119.15719446114535,
          34.43350225389929
        ]
      }
    },
    {
      "type": "Feature",
      "properties": {
        "id": 1469,
        "height_m": 12.3
      },
      "geometry": {
        "type": "Point",
        "coordinates": [
          -119.15719119403893,
          34.42999130777123
        ]
      }
    },
    {
      "type": "Feature",
      "properties": {
        "id": 1470,
        "height_m": 15.1
      },
      "geometry": {
        "type": "Point",
        "coordinates": [
          -119.15719010500347,
          34.4304300630157
        ]
      }
    },
    {
      "type": "Feature",
      "properties": {
        "id": 1471,
        "height_m": 6.6
      },
      "geometry": {
        "type": "Point",
        "coordinates": [
          -119.15719010500347,
          34.43404685319429
        ]
      }
    },
    {
      "type": "Feature",
      "properties": {
        "id": 1472,
        "height_m": 14.3
      },
      "geometry": {
        "type": "Point",
        "coordinates": [
          -119.15718901596799,
          34.431706523532526
        ]
      }
    },
    {
      "type": "Feature",
      "properties": {
        "id": 1473,
        "height_m": 13.1
      },
      "geometry": {
        "type": "Point",
        "coordinates": [
          -119.15718792693252,
          34.43237053667434
        ]
      }
    },
    {
      "type": "Feature",
      "properties": {
        "id": 1474,
        "height_m": 22.7
      },
      "geometry": {
        "type": "Point",
        "coordinates": [
          -119.15718683789704,
          34.429642112461146
        ]
      }
    },
    {
      "type": "Feature",
      "properties": {
        "id": 1475,
        "height_m": 15.7
      },
      "geometry": {
        "type": "Point",
        "coordinates": [
          -119.15718574777362,
          34.43049067411142
        ]
      }
    },
    {
      "type": "Feature",
      "properties": {
        "id": 1476,
        "height_m": 7.8
      },
      "geometry": {
        "type": "Point",
        "coordinates": [
          -119.15718574777362,
          34.4339925740091
        ]
      }
    },
    {
      "type": "Feature",
      "properties": {
        "id": 1477,
        "height_m": 12.7
      },
      "geometry": {
        "type": "Point",
        "coordinates": [
          -119.15718356970268,
          34.4307810666704
        ]
      }
    },
    {
      "type": "Feature",
      "properties": {
        "id": 1478,
        "height_m": 13.5
      },
      "geometry": {
        "type": "Point",
        "coordinates": [
          -119.15718356970268,
          34.431150163687306
        ]
      }
    },
    {
      "type": "Feature",
      "properties": {
        "id": 1479,
        "height_m": 7.3
      },
      "geometry": {
        "type": "Point",
        "coordinates": [
          -119.15718139163175,
          34.43488727278649
        ]
      }
    },
    {
      "type": "Feature",
      "properties": {
        "id": 1480,
        "height_m": 6.9
      },
      "geometry": {
        "type": "Point",
        "coordinates": [
          -119.15717703548987,
          34.435095342395385
        ]
      }
    },
    {
      "type": "Feature",
      "properties": {
        "id": 1481,
        "height_m": 16.7
      },
      "geometry": {
        "type": "Point",
        "coordinates": [
          -119.15717485741892,
          34.429898128443234
        ]
      }
    },
    {
      "type": "Feature",
      "properties": {
        "id": 1482,
        "height_m": 10.0
      },
      "geometry": {
        "type": "Point",
        "coordinates": [
          -119.15717485741892,
          34.43321638490623
        ]
      }
    },
    {
      "type": "Feature",
      "properties": {
        "id": 1483,
        "height_m": 17.2
      },
      "geometry": {
        "type": "Point",
        "coordinates": [
          -119.15717376838344,
          34.43061732494254
        ]
      }
    },
    {
      "type": "Feature",
      "properties": {
        "id": 1484,
        "height_m": 22.2
      },
      "geometry": {
        "type": "Point",
        "coordinates": [
          -119.15716941115362,
          34.43030974409511
        ]
      }
    },
    {
      "type": "Feature",
      "properties": {
        "id": 1485,
        "height_m": 17.3
      },
      "geometry": {
        "type": "Point",
        "coordinates": [
          -119.15716941115362,
          34.43089957634491
        ]
      }
    },
    {
      "type": "Feature",
      "properties": {
        "id": 1486,
        "height_m": 6.0
      },
      "geometry": {
        "type": "Point",
        "coordinates": [
          -119.15716723308267,
          34.43408394409103
        ]
      }
    },
    {
      "type": "Feature",
      "properties": {
        "id": 1487,
        "height_m": 14.6
      },
      "geometry": {
        "type": "Point",
        "coordinates": [
          -119.1571661440472,
          34.43200143965743
        ]
      }
    },
    {
      "type": "Feature",
      "properties": {
        "id": 1488,
        "height_m": 9.0
      },
      "geometry": {
        "type": "Point",
        "coordinates": [
          -119.1571661440472,
          34.4336696141193
        ]
      }
    },
    {
      "type": "Feature",
      "properties": {
        "id": 1489,
        "height_m": 4.2
      },
      "geometry": {
        "type": "Point",
        "coordinates": [
          -119.15716178790532,
          34.43308068694327
        ]
      }
    },
    {
      "type": "Feature",
      "properties": {
        "id": 1490,
        "height_m": 14.7
      },
      "geometry": {
        "type": "Point",
        "coordinates": [
          -119.15715634272796,
          34.43009986524014
        ]
      }
    },
    {
      "type": "Feature",
      "properties": {
        "id": 1491,
        "height_m": 6.0
      },
      "geometry": {
        "type": "Point",
        "coordinates": [
          -119.15715416356907,
          34.43418797889548
        ]
      }
    },
    {
      "type": "Feature",
      "properties": {
        "id": 1492,
        "height_m": 9.9
      },
      "geometry": {
        "type": "Point",
        "coordinates": [
          -119.15715089646265,
          34.431488503520946
        ]
      }
    },
    {
      "type": "Feature",
      "properties": {
        "id": 1493,
        "height_m": 15.0
      },
      "geometry": {
        "type": "Point",
        "coordinates": [
          -119.15714762935625,
          34.431866646768235
        ]
      }
    },
    {
      "type": "Feature",
      "properties": {
        "id": 1494,
        "height_m": 10.9
      },
      "geometry": {
        "type": "Point",
        "coordinates": [
          -119.15714762935625,
          34.43327699600195
        ]
      }
    },
    {
      "type": "Feature",
      "properties": {
        "id": 1495,
        "height_m": 12.6
      },
      "geometry": {
        "type": "Point",
        "coordinates": [
          -119.15714436224982,
          34.43102441792996
        ]
      }
    },
    {
      "type": "Feature",
      "properties": {
        "id": 1496,
        "height_m": 16.2
      },
      "geometry": {
        "type": "Point",
        "coordinates": [
          -119.15714109514342,
          34.43191911670735
        ]
      }
    },
    {
      "type": "Feature",
      "properties": {
        "id": 1497,
        "height_m": 11.4
      },
      "geometry": {
        "type": "Point",
        "coordinates": [
          -119.15713891707247,
          34.43108050636122
        ]
      }
    },
    {
      "type": "Feature",
      "properties": {
        "id": 1498,
        "height_m": 8.0
      },
      "geometry": {
        "type": "Point",
        "coordinates": [
          -119.15713782694905,
          34.431445079812214
        ]
      }
    },
    {
      "type": "Feature",
      "properties": {
        "id": 1499,
        "height_m": 6.9
      },
      "geometry": {
        "type": "Point",
        "coordinates": [
          -119.15713782694905,
          34.43507996335302
        ]
      }
    },
    {
      "type": "Feature",
      "properties": {
        "id": 1500,
        "height_m": 6.4
      },
      "geometry": {
        "type": "Point",
        "coordinates": [
          -119.15713455984265,
          34.43488274922057
        ]
      }
    },
    {
      "type": "Feature",
      "properties": {
        "id": 1501,
        "height_m": 15.7
      },
      "geometry": {
        "type": "Point",
        "coordinates": [
          -119.15713347080717,
          34.43024732375332
        ]
      }
    },
    {
      "type": "Feature",
      "properties": {
        "id": 1502,
        "height_m": 3.3
      },
      "geometry": {
        "type": "Point",
        "coordinates": [
          -119.1571323817717,
          34.43307706845112
        ]
      }
    },
    {
      "type": "Feature",
      "properties": {
        "id": 1503,
        "height_m": 18.8
      },
      "geometry": {
        "type": "Point",
        "coordinates": [
          -119.15712693659434,
          34.43224388584322
        ]
      }
    },
    {
      "type": "Feature",
      "properties": {
        "id": 1504,
        "height_m": 16.6
      },
      "geometry": {
        "type": "Point",
        "coordinates": [
          -119.1571247585234,
          34.43206928863891
        ]
      }
    },
    {
      "type": "Feature",
      "properties": {
        "id": 1505,
        "height_m": 13.3
      },
      "geometry": {
        "type": "Point",
        "coordinates": [
          -119.15712366948793,
          34.43230902050485
        ]
      }
    },
    {
      "type": "Feature",
      "properties": {
        "id": 1506,
        "height_m": 6.3
      },
      "geometry": {
        "type": "Point",
        "coordinates": [
          -119.15712366948793,
          34.43394010406999
        ]
      }
    },
    {
      "type": "Feature",
      "properties": {
        "id": 1507,
        "height_m": 16.0
      },
      "geometry": {
        "type": "Point",
        "coordinates": [
          -119.15712258045245,
          34.43052595576208
        ]
      }
    },
    {
      "type": "Feature",
      "properties": {
        "id": 1508,
        "height_m": 10.0
      },
      "geometry": {
        "type": "Point",
        "coordinates": [
          -119.15712258045245,
          34.43128676582258
        ]
      }
    },
    {
      "type": "Feature",
      "properties": {
        "id": 1509,
        "height_m": 12.8
      },
      "geometry": {
        "type": "Point",
        "coordinates": [
          -119.15712258045245,
          34.43347059074078
        ]
      }
    },
    {
      "type": "Feature",
      "properties": {
        "id": 1510,
        "height_m": 12.8
      },
      "geometry": {
        "type": "Point",
        "coordinates": [
          -119.15712040129357,
          34.429776001178034
        ]
      }
    },
    {
      "type": "Feature",
      "properties": {
        "id": 1511,
        "height_m": 16.4
      },
      "geometry": {
        "type": "Point",
        "coordinates": [
          -119.1571193122581,
          34.432126281242475
        ]
      }
    },
    {
      "type": "Feature",
      "properties": {
        "id": 1512,
        "height_m": 17.0
      },
      "geometry": {
        "type": "Point",
        "coordinates": [
          -119.1571193122581,
          34.43362800055811
        ]
      }
    },
    {
      "type": "Feature",
      "properties": {
        "id": 1513,
        "height_m": 10.2
      },
      "geometry": {
        "type": "Point",
        "coordinates": [
          -119.15711822322262,
          34.431122119922414
        ]
      }
    },
    {
      "type": "Feature",
      "properties": {
        "id": 1514,
        "height_m": 18.0
      },
      "geometry": {
        "type": "Point",
        "coordinates": [
          -119.15711713418716,
          34.43178522799046
        ]
      }
    },
    {
      "type": "Feature",
      "properties": {
        "id": 1515,
        "height_m": 13.7
      },
      "geometry": {
        "type": "Point",
        "coordinates": [
          -119.15711386708074,
          34.430643560362824
        ]
      }
    },
    {
      "type": "Feature",
      "properties": {
        "id": 1516,
        "height_m": 6.2
      },
      "geometry": {
        "type": "Point",
        "coordinates": [
          -119.1571116890098,
          34.43417802759133
        ]
      }
    },
    {
      "type": "Feature",
      "properties": {
        "id": 1517,
        "height_m": 7.1
      },
      "geometry": {
        "type": "Point",
        "coordinates": [
          -119.15710842190339,
          34.433777267415905
        ]
      }
    },
    {
      "type": "Feature",
      "properties": {
        "id": 1518,
        "height_m": 13.4
      },
      "geometry": {
        "type": "Point",
        "coordinates": [
          -119.15710842190339,
          34.43410927353608
        ]
      }
    },
    {
      "type": "Feature",
      "properties": {
        "id": 1519,
        "height_m": 17.2
      },
      "geometry": {
        "type": "Point",
        "coordinates": [
          -119.15710297563808,
          34.4299406470782
        ]
      }
    },
    {
      "type": "Feature",
      "properties": {
        "id": 1520,
        "height_m": 13.2
      },
      "geometry": {
        "type": "Point",
        "coordinates": [
          -119.15710297563808,
          34.4317010957943
        ]
      }
    },
    {
      "type": "Feature",
      "properties": {
        "id": 1521,
        "height_m": 16.7
      },
      "geometry": {
        "type": "Point",
        "coordinates": [
          -119.15710297563808,
          34.43196344458838
        ]
      }
    },
    {
      "type": "Feature",
      "properties": {
        "id": 1522,
        "height_m": 15.1
      },
      "geometry": {
        "type": "Point",
        "coordinates": [
          -119.15710297563808,
          34.43201862794587
        ]
      }
    },
    {
      "type": "Feature",
      "properties": {
        "id": 1523,
        "height_m": 9.9
      },
      "geometry": {
        "type": "Point",
        "coordinates": [
          -119.15710079756714,
          34.430770211193945
        ]
      }
    },
    {
      "type": "Feature",
      "properties": {
        "id": 1524,
        "height_m": 14.2
      },
      "geometry": {
        "type": "Point",
        "coordinates": [
          -119.15710079756714,
          34.43405137676021
        ]
      }
    },
    {
      "type": "Feature",
      "properties": {
        "id": 1525,
        "height_m": 13.7
      },
      "geometry": {
        "type": "Point",
        "coordinates": [
          -119.15709970853167,
          34.4301351468908
        ]
      }
    },
    {
      "type": "Feature",
      "properties": {
        "id": 1526,
        "height_m": 13.6
      },
      "geometry": {
        "type": "Point",
        "coordinates": [
          -119.1570986194962,
          34.43007543996739
        ]
      }
    },
    {
      "type": "Feature",
      "properties": {
        "id": 1527,
        "height_m": 9.6
      },
      "geometry": {
        "type": "Point",
        "coordinates": [
          -119.15709535238979,
          34.43039839985719
        ]
      }
    },
    {
      "type": "Feature",
      "properties": {
        "id": 1528,
        "height_m": 14.2
      },
      "geometry": {
        "type": "Point",
        "coordinates": [
          -119.15709317431885,
          34.43070778995069
        ]
      }
    },
    {
      "type": "Feature",
      "properties": {
        "id": 1529,
        "height_m": 7.0
      },
      "geometry": {
        "type": "Point",
        "coordinates": [
          -119.15709317431885,
          34.43083625092935
        ]
      }
    },
    {
      "type": "Feature",
      "properties": {
        "id": 1530,
        "height_m": 4.0
      },
      "geometry": {
        "type": "Point",
        "coordinates": [
          -119.15709208528337,
          34.43289161486889
        ]
      }
    },
    {
      "type": "Feature",
      "properties": {
        "id": 1531,
        "height_m": 13.9
      },
      "geometry": {
        "type": "Point",
        "coordinates": [
          -119.15708990721242,
          34.43047348582297
        ]
      }
    },
    {
      "type": "Feature",
      "properties": {
        "id": 1532,
        "height_m": 11.9
      },
      "geometry": {
        "type": "Point",
        "coordinates": [
          -119.15708772805354,
          34.4332661405255
        ]
      }
    },
    {
      "type": "Feature",
      "properties": {
        "id": 1533,
        "height_m": 4.4
      },
      "geometry": {
        "type": "Point",
        "coordinates": [
          -119.15708772805354,
          34.43356105574893
        ]
      }
    },
    {
      "type": "Feature",
      "properties": {
        "id": 1534,
        "height_m": 4.3
      },
      "geometry": {
        "type": "Point",
        "coordinates": [
          -119.15708663901806,
          34.43307706845112
        ]
      }
    },
    {
      "type": "Feature",
      "properties": {
        "id": 1535,
        "height_m": 12.9
      },
      "geometry": {
        "type": "Point",
        "coordinates": [
          -119.15708337191165,
          34.43093485709411
        ]
      }
    },
    {
      "type": "Feature",
      "properties": {
        "id": 1536,
        "height_m": 6.7
      },
      "geometry": {
        "type": "Point",
        "coordinates": [
          -119.1570779267343,
          34.43099185059914
        ]
      }
    },
    {
      "type": "Feature",
      "properties": {
        "id": 1537,
        "height_m": 16.7
      },
      "geometry": {
        "type": "Point",
        "coordinates": [
          -119.15707574866336,
          34.42989089145893
        ]
      }
    },
    {
      "type": "Feature",
      "properties": {
        "id": 1538,
        "height_m": 11.6
      },
      "geometry": {
        "type": "Point",
        "coordinates": [
          -119.157072480469,
          34.43243476716367
        ]
      }
    },
    {
      "type": "Feature",
      "properties": {
        "id": 1539,
        "height_m": 7.9
      },
      "geometry": {
        "type": "Point",
        "coordinates": [
          -119.15707030239805,
          34.43126053130376
        ]
      }
    },
    {
      "type": "Feature",
      "properties": {
        "id": 1540,
        "height_m": 9.1
      },
      "geometry": {
        "type": "Point",
        "coordinates": [
          -119.15706921336258,
          34.431647721682886
        ]
      }
    },
    {
      "type": "Feature",
      "properties": {
        "id": 1541,
        "height_m": 14.4
      },
      "geometry": {
        "type": "Point",
        "coordinates": [
          -119.15706812432711,
          34.430551286108596
        ]
      }
    },
    {
      "type": "Feature",
      "properties": {
        "id": 1542,
        "height_m": 14.7
      },
      "geometry": {
        "type": "Point",
        "coordinates": [
          -119.15706812432711,
          34.432200463035954
        ]
      }
    },
    {
      "type": "Feature",
      "properties": {
        "id": 1543,
        "height_m": 3.1
      },
      "geometry": {
        "type": "Point",
        "coordinates": [
          -119.15706703529163,
          34.43291965953526
        ]
      }
    },
    {
      "type": "Feature",
      "properties": {
        "id": 1544,
        "height_m": 15.5
      },
      "geometry": {
        "type": "Point",
        "coordinates": [
          -119.15706594625617,
          34.43030250711081
        ]
      }
    },
    {
      "type": "Feature",
      "properties": {
        "id": 1545,
        "height_m": 4.0
      },
      "geometry": {
        "type": "Point",
        "coordinates": [
          -119.15706376818522,
          34.43259308115331
        ]
      }
    },
    {
      "type": "Feature",
      "properties": {
        "id": 1546,
        "height_m": 3.4
      },
      "geometry": {
        "type": "Point",
        "coordinates": [
          -119.15706267914975,
          34.432944084808
        ]
      }
    },
    {
      "type": "Feature",
      "properties": {
        "id": 1547,
        "height_m": 8.0
      },
      "geometry": {
        "type": "Point",
        "coordinates": [
          -119.1570605010788,
          34.43454802878055
        ]
      }
    },
    {
      "type": "Feature",
      "properties": {
        "id": 1548,
        "height_m": 8.7
      },
      "geometry": {
        "type": "Point",
        "coordinates": [
          -119.1570605010788,
          34.43480585400871
        ]
      }
    },
    {
      "type": "Feature",
      "properties": {
        "id": 1549,
        "height_m": 4.3
      },
      "geometry": {
        "type": "Point",
        "coordinates": [
          -119.15705941204334,
          34.432985698369194
        ]
      }
    },
    {
      "type": "Feature",
      "properties": {
        "id": 1550,
        "height_m": 17.6
      },
      "geometry": {
        "type": "Point",
        "coordinates": [
          -119.15705614384898,
          34.43210637863418
        ]
      }
    },
    {
      "type": "Feature",
      "properties": {
        "id": 1551,
        "height_m": 4.2
      },
      "geometry": {
        "type": "Point",
        "coordinates": [
          -119.15705505481351,
          34.43301012454341
        ]
      }
    },
    {
      "type": "Feature",
      "properties": {
        "id": 1552,
        "height_m": 13.2
      },
      "geometry": {
        "type": "Point",
        "coordinates": [
          -119.15705396577803,
          34.42983570810144
        ]
      }
    },
    {
      "type": "Feature",
      "properties": {
        "id": 1553,
        "height_m": 12.0
      },
      "geometry": {
        "type": "Point",
        "coordinates": [
          -119.15705396577803,
          34.431766230455935
        ]
      }
    },
    {
      "type": "Feature",
      "properties": {
        "id": 1554,
        "height_m": 8.9
      },
      "geometry": {
        "type": "Point",
        "coordinates": [
          -119.15705396577803,
          34.43402423716762
        ]
      }
    },
    {
      "type": "Feature",
      "properties": {
        "id": 1555,
        "height_m": 8.0
      },
      "geometry": {
        "type": "Point",
        "coordinates": [
          -119.15705287674257,
          34.43040654191526
        ]
      }
    },
    {
      "type": "Feature",
      "properties": {
        "id": 1556,
        "height_m": 6.3
      },
      "geometry": {
        "type": "Point",
        "coordinates": [
          -119.15705178770709,
          34.431033464160336
        ]
      }
    },
    {
      "type": "Feature",
      "properties": {
        "id": 1557,
        "height_m": 10.3
      },
      "geometry": {
        "type": "Point",
        "coordinates": [
          -119.15705069867163,
          34.432476380724864
        ]
      }
    },
    {
      "type": "Feature",
      "properties": {
        "id": 1558,
        "height_m": 10.8
      },
      "geometry": {
        "type": "Point",
        "coordinates": [
          -119.1570441644588,
          34.433491398422845
        ]
      }
    },
    {
      "type": "Feature",
      "properties": {
        "id": 1559,
        "height_m": 15.1
      },
      "geometry": {
        "type": "Point",
        "coordinates": [
          -119.15704198638785,
          34.4301143401102
        ]
      }
    },
    {
      "type": "Feature",
      "properties": {
        "id": 1560,
        "height_m": 9.2
      },
      "geometry": {
        "type": "Point",
        "coordinates": [
          -119.15703980722895,
          34.43488817786026
        ]
      }
    },
    {
      "type": "Feature",
      "properties": {
        "id": 1561,
        "height_m": 11.3
      },
      "geometry": {
        "type": "Point",
        "coordinates": [
          -119.15703871819349,
          34.43063994187067
        ]
      }
    },
    {
      "type": "Feature",
      "properties": {
        "id": 1562,
        "height_m": 14.6
      },
      "geometry": {
        "type": "Point",
        "coordinates": [
          -119.15703545108708,
          34.43190826032943
        ]
      }
    },
    {
      "type": "Feature",
      "properties": {
        "id": 1563,
        "height_m": 11.9
      },
      "geometry": {
        "type": "Point",
        "coordinates": [
          -119.1570343620516,
          34.433387363618394
        ]
      }
    },
    {
      "type": "Feature",
      "properties": {
        "id": 1564,
        "height_m": 8.0
      },
      "geometry": {
        "type": "Point",
        "coordinates": [
          -119.15703327301614,
          34.433180198181795
        ]
      }
    },
    {
      "type": "Feature",
      "properties": {
        "id": 1565,
        "height_m": 13.3
      },
      "geometry": {
        "type": "Point",
        "coordinates": [
          -119.15703218398066,
          34.43330503976684
        ]
      }
    },
    {
      "type": "Feature",
      "properties": {
        "id": 1566,
        "height_m": 7.4
      },
      "geometry": {
        "type": "Point",
        "coordinates": [
          -119.1570310949452,
          34.433618049253965
        ]
      }
    },
    {
      "type": "Feature",
      "properties": {
        "id": 1567,
        "height_m": 4.8
      },
      "geometry": {
        "type": "Point",
        "coordinates": [
          -119.1570310949452,
          34.4341346038826
        ]
      }
    },
    {
      "type": "Feature",
      "properties": {
        "id": 1568,
        "height_m": 17.3
      },
      "geometry": {
        "type": "Point",
        "coordinates": [
          -119.15702455964441,
          34.43205752808869
        ]
      }
    },
    {
      "type": "Feature",
      "properties": {
        "id": 1569,
        "height_m": 15.5
      },
      "geometry": {
        "type": "Point",
        "coordinates": [
          -119.157021292538,
          34.42995240762842
        ]
      }
    },
    {
      "type": "Feature",
      "properties": {
        "id": 1570,
        "height_m": 12.1
      },
      "geometry": {
        "type": "Point",
        "coordinates": [
          -119.15702020350253,
          34.432413055309304
        ]
      }
    },
    {
      "type": "Feature",
      "properties": {
        "id": 1571,
        "height_m": 10.1
      },
      "geometry": {
        "type": "Point",
        "coordinates": [
          -119.15701584736065,
          34.431713761418294
        ]
      }
    },
    {
      "type": "Feature",
      "properties": {
        "id": 1572,
        "height_m": 14.2
      },
      "geometry": {
        "type": "Point",
        "coordinates": [
          -119.15701584736065,
          34.43199058418098
        ]
      }
    },
    {
      "type": "Feature",
      "properties": {
        "id": 1573,
        "height_m": 18.3
      },
      "geometry": {
        "type": "Point",
        "coordinates": [
          -119.15701366928971,
          34.43381978605087
        ]
      }
    },
    {
      "type": "Feature",
      "properties": {
        "id": 1574,
        "height_m": 13.5
      },
      "geometry": {
        "type": "Point",
        "coordinates": [
          -119.15701149121877,
          34.430070012229166
        ]
      }
    },
    {
      "type": "Feature",
      "properties": {
        "id": 1575,
        "height_m": 8.9
      },
      "geometry": {
        "type": "Point",
        "coordinates": [
          -119.15701040218329,
          34.43408756258318
        ]
      }
    },
    {
      "type": "Feature",
      "properties": {
        "id": 1576,
        "height_m": 16.1
      },
      "geometry": {
        "type": "Point",
        "coordinates": [
          -119.15700495591798,
          34.43015866799124
        ]
      }
    },
    {
      "type": "Feature",
      "properties": {
        "id": 1577,
        "height_m": 16.5
      },
      "geometry": {
        "type": "Point",
        "coordinates": [
          -119.15700495591798,
          34.43217694193551
        ]
      }
    },
    {
      "type": "Feature",
      "properties": {
        "id": 1578,
        "height_m": 10.9
      },
      "geometry": {
        "type": "Point",
        "coordinates": [
          -119.15700168881158,
          34.43079554154046
        ]
      }
    },
    {
      "type": "Feature",
      "properties": {
        "id": 1579,
        "height_m": 16.6
      },
      "geometry": {
        "type": "Point",
        "coordinates": [
          -119.1570005997761,
          34.43044091849215
        ]
      }
    },
    {
      "type": "Feature",
      "properties": {
        "id": 1580,
        "height_m": 11.9
      },
      "geometry": {
        "type": "Point",
        "coordinates": [
          -119.15699624363423,
          34.43342716793351
        ]
      }
    },
    {
      "type": "Feature",
      "properties": {
        "id": 1581,
        "height_m": 10.0
      },
      "geometry": {
        "type": "Point",
        "coordinates": [
          -119.15699515459875,
          34.43322000339838
        ]
      }
    },
    {
      "type": "Feature",
      "properties": {
        "id": 1582,
        "height_m": 11.2
      },
      "geometry": {
        "type": "Point",
        "coordinates": [
          -119.1569929765278,
          34.43180603567252
        ]
      }
    },
    {
      "type": "Feature",
      "properties": {
        "id": 1583,
        "height_m": 17.2
      },
      "geometry": {
        "type": "Point",
        "coordinates": [
          -119.15699188640438,
          34.43211542576602
        ]
      }
    },
    {
      "type": "Feature",
      "properties": {
        "id": 1584,
        "height_m": 16.5
      },
      "geometry": {
        "type": "Point",
        "coordinates": [
          -119.15699079736892,
          34.42976062213566
        ]
      }
    },
    {
      "type": "Feature",
      "properties": {
        "id": 1585,
        "height_m": 10.0
      },
      "geometry": {
        "type": "Point",
        "coordinates": [
          -119.15699079736892,
          34.43083444168328
        ]
      }
    },
    {
      "type": "Feature",
      "properties": {
        "id": 1586,
        "height_m": 17.7
      },
      "geometry": {
        "type": "Point",
        "coordinates": [
          -119.15699079736892,
          34.43229906920071
        ]
      }
    },
    {
      "type": "Feature",
      "properties": {
        "id": 1587,
        "height_m": 15.0
      },
      "geometry": {
        "type": "Point",
        "coordinates": [
          -119.15698970833344,
          34.43049791109571
        ]
      }
    },
    {
      "type": "Feature",
      "properties": {
        "id": 1588,
        "height_m": 8.6
      },
      "geometry": {
        "type": "Point",
        "coordinates": [
          -119.15698970833344,
          34.433999810993406
        ]
      }
    },
    {
      "type": "Feature",
      "properties": {
        "id": 1589,
        "height_m": 15.7
      },
      "geometry": {
        "type": "Point",
        "coordinates": [
          -119.15698861929798,
          34.43030883992281
        ]
      }
    },
    {
      "type": "Feature",
      "properties": {
        "id": 1590,
        "height_m": 10.6
      },
      "geometry": {
        "type": "Point",
        "coordinates": [
          -119.15698208508515,
          34.4331584872289
        ]
      }
    },
    {
      "type": "Feature",
      "properties": {
        "id": 1591,
        "height_m": 12.3
      },
      "geometry": {
        "type": "Point",
        "coordinates": [
          -119.15698099604967,
          34.43187750224469
        ]
      }
    },
    {
      "type": "Feature",
      "properties": {
        "id": 1592,
        "height_m": 9.0
      },
      "geometry": {
        "type": "Point",
        "coordinates": [
          -119.15697881797873,
          34.43086881826017
        ]
      }
    },
    {
      "type": "Feature",
      "properties": {
        "id": 1593,
        "height_m": 14.0
      },
      "geometry": {
        "type": "Point",
        "coordinates": [
          -119.15697772894326,
          34.43036673760014
        ]
      }
    },
    {
      "type": "Feature",
      "properties": {
        "id": 1594,
        "height_m": 3.6
      },
      "geometry": {
        "type": "Point",
        "coordinates": [
          -119.15697772894326,
          34.43501573286368
        ]
      }
    },
    {
      "type": "Feature",
      "properties": {
        "id": 1595,
        "height_m": 13.8
      },
      "geometry": {
        "type": "Point",
        "coordinates": [
          -119.1569766399078,
          34.429675584865734
        ]
      }
    },
    {
      "type": "Feature",
      "properties": {
        "id": 1596,
        "height_m": 26.4
      },
      "geometry": {
        "type": "Point",
        "coordinates": [
          -119.15697554978438,
          34.43267540410339
        ]
      }
    },
    {
      "type": "Feature",
      "properties": {
        "id": 1597,
        "height_m": 13.9
      },
      "geometry": {
        "type": "Point",
        "coordinates": [
          -119.15697119364249,
          34.429824851723524
        ]
      }
    },
    {
      "type": "Feature",
      "properties": {
        "id": 1598,
        "height_m": 7.1
      },
      "geometry": {
        "type": "Point",
        "coordinates": [
          -119.15697010460701,
          34.43389758543503
        ]
      }
    },
    {
      "type": "Feature",
      "properties": {
        "id": 1599,
        "height_m": 10.4
      },
      "geometry": {
        "type": "Point",
        "coordinates": [
          -119.1569668375006,
          34.430903194837065
        ]
      }
    },
    {
      "type": "Feature",
      "properties": {
        "id": 1600,
        "height_m": 4.1
      },
      "geometry": {
        "type": "Point",
        "coordinates": [
          -119.1569668375006,
          34.43362709548434
        ]
      }
    },
    {
      "type": "Feature",
      "properties": {
        "id": 1601,
        "height_m": 7.0
      },
      "geometry": {
        "type": "Point",
        "coordinates": [
          -119.15696139232324,
          34.43370127727782
        ]
      }
    },
    {
      "type": "Feature",
      "properties": {
        "id": 1602,
        "height_m": 17.0
      },
      "geometry": {
        "type": "Point",
        "coordinates": [
          -119.15696030328778,
          34.432494474087086
        ]
      }
    },
    {
      "type": "Feature",
      "properties": {
        "id": 1603,
        "height_m": 10.9
      },
      "geometry": {
        "type": "Point",
        "coordinates": [
          -119.15696030328778,
          34.43312591989808
        ]
      }
    },
    {
      "type": "Feature",
      "properties": {
        "id": 1604,
        "height_m": 9.0
      },
      "geometry": {
        "type": "Point",
        "coordinates": [
          -119.15695921316436,
          34.43404775736659
        ]
      }
    },
    {
      "type": "Feature",
      "properties": {
        "id": 1605,
        "height_m": 8.7
      },
      "geometry": {
        "type": "Point",
        "coordinates": [
          -119.15695703509341,
          34.43441233171905
        ]
      }
    },
    {
      "type": "Feature",
      "properties": {
        "id": 1606,
        "height_m": 13.3
      },
      "geometry": {
        "type": "Point",
        "coordinates": [
          -119.15695594605795,
          34.42988727296678
        ]
      }
    },
    {
      "type": "Feature",
      "properties": {
        "id": 1607,
        "height_m": 15.1
      },
      "geometry": {
        "type": "Point",
        "coordinates": [
          -119.15695594605795,
          34.42999764058323
        ]
      }
    },
    {
      "type": "Feature",
      "properties": {
        "id": 1608,
        "height_m": 7.2
      },
      "geometry": {
        "type": "Point",
        "coordinates": [
          -119.15695594605795,
          34.434130985390446
        ]
      }
    },
    {
      "type": "Feature",
      "properties": {
        "id": 1609,
        "height_m": 15.7
      },
      "geometry": {
        "type": "Point",
        "coordinates": [
          -119.15695485702247,
          34.43223755303122
        ]
      }
    },
    {
      "type": "Feature",
      "properties": {
        "id": 1610,
        "height_m": 15.0
      },
      "geometry": {
        "type": "Point",
        "coordinates": [
          -119.15695267895153,
          34.430579329873495
        ]
      }
    },
    {
      "type": "Feature",
      "properties": {
        "id": 1611,
        "height_m": 3.5
      },
      "geometry": {
        "type": "Point",
        "coordinates": [
          -119.15695158991606,
          34.43109588540359
        ]
      }
    },
    {
      "type": "Feature",
      "properties": {
        "id": 1612,
        "height_m": 14.0
      },
      "geometry": {
        "type": "Point",
        "coordinates": [
          -119.15695050088058,
          34.43007272564754
        ]
      }
    },
    {
      "type": "Feature",
      "properties": {
        "id": 1613,
        "height_m": 24.0
      },
      "geometry": {
        "type": "Point",
        "coordinates": [
          -119.15694941184512,
          34.43275501273362
        ]
      }
    },
    {
      "type": "Feature",
      "properties": {
        "id": 1614,
        "height_m": 15.3
      },
      "geometry": {
        "type": "Point",
        "coordinates": [
          -119.15694505570323,
          34.431944447053866
        ]
      }
    },
    {
      "type": "Feature",
      "properties": {
        "id": 1615,
        "height_m": 19.9
      },
      "geometry": {
        "type": "Point",
        "coordinates": [
          -119.15694178750887,
          34.43291785028918
        ]
      }
    },
    {
      "type": "Feature",
      "properties": {
        "id": 1616,
        "height_m": 6.2
      },
      "geometry": {
        "type": "Point",
        "coordinates": [
          -119.15694178750887,
          34.43384330715131
        ]
      }
    },
    {
      "type": "Feature",
      "properties": {
        "id": 1617,
        "height_m": 9.1
      },
      "geometry": {
        "type": "Point",
        "coordinates": [
          -119.15693089715415,
          34.43071231351661
        ]
      }
    },
    {
      "type": "Feature",
      "properties": {
        "id": 1618,
        "height_m": 7.9
      },
      "geometry": {
        "type": "Point",
        "coordinates": [
          -119.15692763004775,
          34.43450098748113
        ]
      }
    },
    {
      "type": "Feature",
      "properties": {
        "id": 1619,
        "height_m": 7.7
      },
      "geometry": {
        "type": "Point",
        "coordinates": [
          -119.15692653992433,
          34.43492526785553
        ]
      }
    },
    {
      "type": "Feature",
      "properties": {
        "id": 1620,
        "height_m": 8.5
      },
      "geometry": {
        "type": "Point",
        "coordinates": [
          -119.15692545088885,
          34.434381573634305
        ]
      }
    },
    {
      "type": "Feature",
      "properties": {
        "id": 1621,
        "height_m": 21.1
      },
      "geometry": {
        "type": "Point",
        "coordinates": [
          -119.15692109474696,
          34.432995649673344
        ]
      }
    },
    {
      "type": "Feature",
      "properties": {
        "id": 1622,
        "height_m": 7.6
      },
      "geometry": {
        "type": "Point",
        "coordinates": [
          -119.15691891667602,
          34.433544772534255
        ]
      }
    },
    {
      "type": "Feature",
      "properties": {
        "id": 1623,
        "height_m": 15.2
      },
      "geometry": {
        "type": "Point",
        "coordinates": [
          -119.15691782764056,
          34.432171514197286
        ]
      }
    },
    {
      "type": "Feature",
      "properties": {
        "id": 1624,
        "height_m": 12.0
      },
      "geometry": {
        "type": "Point",
        "coordinates": [
          -119.15691782764056,
          34.43433724575327
        ]
      }
    },
    {
      "type": "Feature",
      "properties": {
        "id": 1625,
        "height_m": 7.2
      },
      "geometry": {
        "type": "Point",
        "coordinates": [
          -119.15691673860508,
          34.433908441812946
        ]
      }
    },
    {
      "type": "Feature",
      "properties": {
        "id": 1626,
        "height_m": 16.7
      },
      "geometry": {
        "type": "Point",
        "coordinates": [
          -119.15691564956961,
          34.432034006988246
        ]
      }
    },
    {
      "type": "Feature",
      "properties": {
        "id": 1627,
        "height_m": 8.5
      },
      "geometry": {
        "type": "Point",
        "coordinates": [
          -119.15691347149867,
          34.4344159502112
        ]
      }
    },
    {
      "type": "Feature",
      "properties": {
        "id": 1628,
        "height_m": 19.3
      },
      "geometry": {
        "type": "Point",
        "coordinates": [
          -119.1569123824632,
          34.43052324144223
        ]
      }
    },
    {
      "type": "Feature",
      "properties": {
        "id": 1629,
        "height_m": 12.0
      },
      "geometry": {
        "type": "Point",
        "coordinates": [
          -119.15691129342773,
          34.43485470545567
        ]
      }
    },
    {
      "type": "Feature",
      "properties": {
        "id": 1630,
        "height_m": 5.2
      },
      "geometry": {
        "type": "Point",
        "coordinates": [
          -119.15691129342773,
          34.4350202564296
        ]
      }
    },
    {
      "type": "Feature",
      "properties": {
        "id": 1631,
        "height_m": 4.0
      },
      "geometry": {
        "type": "Point",
        "coordinates": [
          -119.1569102033043,
          34.43410836936377
        ]
      }
    },
    {
      "type": "Feature",
      "properties": {
        "id": 1632,
        "height_m": 7.9
      },
      "geometry": {
        "type": "Point",
        "coordinates": [
          -119.15690911426884,
          34.434163552721266
        ]
      }
    },
    {
      "type": "Feature",
      "properties": {
        "id": 1633,
        "height_m": 8.3
      },
      "geometry": {
        "type": "Point",
        "coordinates": [
          -119.15690802523336,
          34.43445394528025
        ]
      }
    },
    {
      "type": "Feature",
      "properties": {
        "id": 1634,
        "height_m": 17.1
      },
      "geometry": {
        "type": "Point",
        "coordinates": [
          -119.1569069361979,
          34.4302428001874
        ]
      }
    },
    {
      "type": "Feature",
      "properties": {
        "id": 1635,
        "height_m": 27.6
      },
      "geometry": {
        "type": "Point",
        "coordinates": [
          -119.1569069361979,
          34.432615697179976
        ]
      }
    },
    {
      "type": "Feature",
      "properties": {
        "id": 1636,
        "height_m": 6.1
      },
      "geometry": {
        "type": "Point",
        "coordinates": [
          -119.1569069361979,
          34.435265416935245
        ]
      }
    },
    {
      "type": "Feature",
      "properties": {
        "id": 1637,
        "height_m": 9.9
      },
      "geometry": {
        "type": "Point",
        "coordinates": [
          -119.15690584716242,
          34.43179608436837
        ]
      }
    },
    {
      "type": "Feature",
      "properties": {
        "id": 1638,
        "height_m": 11.5
      },
      "geometry": {
        "type": "Point",
        "coordinates": [
          -119.15690584716242,
          34.433781790981826
        ]
      }
    },
    {
      "type": "Feature",
      "properties": {
        "id": 1639,
        "height_m": 6.0
      },
      "geometry": {
        "type": "Point",
        "coordinates": [
          -119.15690475812696,
          34.433703990696195
        ]
      }
    },
    {
      "type": "Feature",
      "properties": {
        "id": 1640,
        "height_m": 3.3
      },
      "geometry": {
        "type": "Point",
        "coordinates": [
          -119.15690475812696,
          34.434054090178584
        ]
      }
    },
    {
      "type": "Feature",
      "properties": {
        "id": 1641,
        "height_m": 7.1
      },
      "geometry": {
        "type": "Point",
        "coordinates": [
          -119.15690366909148,
          34.43319738647025
        ]
      }
    },
    {
      "type": "Feature",
      "properties": {
        "id": 1642,
        "height_m": 15.8
      },
      "geometry": {
        "type": "Point",
        "coordinates": [
          -119.15690258005601,
          34.42995331270219
        ]
      }
    },
    {
      "type": "Feature",
      "properties": {
        "id": 1643,
        "height_m": 14.9
      },
      "geometry": {
        "type": "Point",
        "coordinates": [
          -119.15690149102053,
          34.43029979279096
        ]
      }
    },
    {
      "type": "Feature",
      "properties": {
        "id": 1644,
        "height_m": 9.0
      },
      "geometry": {
        "type": "Point",
        "coordinates": [
          -119.15690149102053,
          34.43358005418492
        ]
      }
    },
    {
      "type": "Feature",
      "properties": {
        "id": 1645,
        "height_m": 6.4
      },
      "geometry": {
        "type": "Point",
        "coordinates": [
          -119.15690149102053,
          34.43367232843915
        ]
      }
    },
    {
      "type": "Feature",
      "properties": {
        "id": 1646,
        "height_m": 11.4
      },
      "geometry": {
        "type": "Point",
        "coordinates": [
          -119.15689931294959,
          34.43323990510521
        ]
      }
    },
    {
      "type": "Feature",
      "properties": {
        "id": 1647,
        "height_m": 14.4
      },
      "geometry": {
        "type": "Point",
        "coordinates": [
          -119.15689604584318,
          34.430134242718495
        ]
      }
    },
    {
      "type": "Feature",
      "properties": {
        "id": 1648,
        "height_m": 4.5
      },
      "geometry": {
        "type": "Point",
        "coordinates": [
          -119.15689604584318,
          34.43082087188698
        ]
      }
    },
    {
      "type": "Feature",
      "properties": {
        "id": 1649,
        "height_m": 17.4
      },
      "geometry": {
        "type": "Point",
        "coordinates": [
          -119.15689277764882,
          34.43043910924607
        ]
      }
    },
    {
      "type": "Feature",
      "properties": {
        "id": 1650,
        "height_m": 15.4
      },
      "geometry": {
        "type": "Point",
        "coordinates": [
          -119.15689168861336,
          34.42969277315418
        ]
      }
    },
    {
      "type": "Feature",
      "properties": {
        "id": 1651,
        "height_m": 17.1
      },
      "geometry": {
        "type": "Point",
        "coordinates": [
          -119.15689168861336,
          34.43210276014203
        ]
      }
    },
    {
      "type": "Feature",
      "properties": {
        "id": 1652,
        "height_m": 20.4
      },
      "geometry": {
        "type": "Point",
        "coordinates": [
          -119.15688733247147,
          34.43251437579391
        ]
      }
    },
    {
      "type": "Feature",
      "properties": {
        "id": 1653,
        "height_m": 4.9
      },
      "geometry": {
        "type": "Point",
        "coordinates": [
          -119.15688733247147,
          34.43408937182925
        ]
      }
    },
    {
      "type": "Feature",
      "properties": {
        "id": 1654,
        "height_m": 22.7
      },
      "geometry": {
        "type": "Point",
        "coordinates": [
          -119.1568818872941,
          34.432717922738355
        ]
      }
    },
    {
      "type": "Feature",
      "properties": {
        "id": 1655,
        "height_m": 14.4
      },
      "geometry": {
        "type": "Point",
        "coordinates": [
          -119.15687970922316,
          34.430193044568135
        ]
      }
    },
    {
      "type": "Feature",
      "properties": {
        "id": 1656,
        "height_m": 4.1
      },
      "geometry": {
        "type": "Point",
        "coordinates": [
          -119.1568764410288,
          34.43236872742827
        ]
      }
    },
    {
      "type": "Feature",
      "properties": {
        "id": 1657,
        "height_m": 4.3
      },
      "geometry": {
        "type": "Point",
        "coordinates": [
          -119.15687535199334,
          34.43542373002341
        ]
      }
    },
    {
      "type": "Feature",
      "properties": {
        "id": 1658,
        "height_m": 16.6
      },
      "geometry": {
        "type": "Point",
        "coordinates": [
          -119.15687099585145,
          34.43195982609623
        ]
      }
    },
    {
      "type": "Feature",
      "properties": {
        "id": 1659,
        "height_m": 4.1
      },
      "geometry": {
        "type": "Point",
        "coordinates": [
          -119.15687099585145,
          34.43470543859788
        ]
      }
    },
    {
      "type": "Feature",
      "properties": {
        "id": 1660,
        "height_m": 6.8
      },
      "geometry": {
        "type": "Point",
        "coordinates": [
          -119.15687099585145,
          34.43516680986902
        ]
      }
    },
    {
      "type": "Feature",
      "properties": {
        "id": 1661,
        "height_m": 4.6
      },
      "geometry": {
        "type": "Point",
        "coordinates": [
          -119.15686990681598,
          34.43510710294561
        ]
      }
    },
    {
      "type": "Feature",
      "properties": {
        "id": 1662,
        "height_m": 7.3
      },
      "geometry": {
        "type": "Point",
        "coordinates": [
          -119.1568688177805,
          34.4345308404921
        ]
      }
    },
    {
      "type": "Feature",
      "properties": {
        "id": 1663,
        "height_m": 11.0
      },
      "geometry": {
        "type": "Point",
        "coordinates": [
          -119.15686772874504,
          34.430706885778385
        ]
      }
    },
    {
      "type": "Feature",
      "properties": {
        "id": 1664,
        "height_m": 4.8
      },
      "geometry": {
        "type": "Point",
        "coordinates": [
          -119.15686337260315,
          34.43391929728939
        ]
      }
    },
    {
      "type": "Feature",
      "properties": {
        "id": 1665,
        "height_m": 4.3
      },
      "geometry": {
        "type": "Point",
        "coordinates": [
          -119.15686228247974,
          34.4312840524042
        ]
      }
    },
    {
      "type": "Feature",
      "properties": {
        "id": 1666,
        "height_m": 6.2
      },
      "geometry": {
        "type": "Point",
        "coordinates": [
          -119.15685901537331,
          34.43427482451001
        ]
      }
    },
    {
      "type": "Feature",
      "properties": {
        "id": 1667,
        "height_m": 10.5
      },
      "geometry": {
        "type": "Point",
        "coordinates": [
          -119.15685792633785,
          34.434234116022594
        ]
      }
    },
    {
      "type": "Feature",
      "properties": {
        "id": 1668,
        "height_m": 10.6
      },
      "geometry": {
        "type": "Point",
        "coordinates": [
          -119.15685465923143,
          34.43418888306778
        ]
      }
    },
    {
      "type": "Feature",
      "properties": {
        "id": 1669,
        "height_m": 15.7
      },
      "geometry": {
        "type": "Point",
        "coordinates": [
          -119.1568524811605,
          34.42991803105152
        ]
      }
    },
    {
      "type": "Feature",
      "properties": {
        "id": 1670,
        "height_m": 11.4
      },
      "geometry": {
        "type": "Point",
        "coordinates": [
          -119.15685139212502,
          34.43063632337852
        ]
      }
    },
    {
      "type": "Feature",
      "properties": {
        "id": 1671,
        "height_m": 18.8
      },
      "geometry": {
        "type": "Point",
        "coordinates": [
          -119.15685139212502,
          34.432231221120695
        ]
      }
    },
    {
      "type": "Feature",
      "properties": {
        "id": 1672,
        "height_m": 22.9
      },
      "geometry": {
        "type": "Point",
        "coordinates": [
          -119.15685139212502,
          34.43302821700416
        ]
      }
    },
    {
      "type": "Feature",
      "properties": {
        "id": 1673,
        "height_m": 9.5
      },
      "geometry": {
        "type": "Point",
        "coordinates": [
          -119.15685030308956,
          34.43435986177994
        ]
      }
    },
    {
      "type": "Feature",
      "properties": {
        "id": 1674,
        "height_m": 22.7
      },
      "geometry": {
        "type": "Point",
        "coordinates": [
          -119.15684921405408,
          34.43294589405408
        ]
      }
    },
    {
      "type": "Feature",
      "properties": {
        "id": 1675,
        "height_m": 9.7
      },
      "geometry": {
        "type": "Point",
        "coordinates": [
          -119.15684703598313,
          34.434420473777124
        ]
      }
    },
    {
      "type": "Feature",
      "properties": {
        "id": 1676,
        "height_m": 9.0
      },
      "geometry": {
        "type": "Point",
        "coordinates": [
          -119.15684703598313,
          34.43447565713461
        ]
      }
    },
    {
      "type": "Feature",
      "properties": {
        "id": 1677,
        "height_m": 9.6
      },
      "geometry": {
        "type": "Point",
        "coordinates": [
          -119.15684594585971,
          34.434323675956975
        ]
      }
    },
    {
      "type": "Feature",
      "properties": {
        "id": 1678,
        "height_m": 7.0
      },
      "geometry": {
        "type": "Point",
        "coordinates": [
          -119.15684594585971,
          34.43521294699613
        ]
      }
    },
    {
      "type": "Feature",
      "properties": {
        "id": 1679,
        "height_m": 15.2
      },
      "geometry": {
        "type": "Point",
        "coordinates": [
          -119.15684158971783,
          34.42986465694011
        ]
      }
    },
    {
      "type": "Feature",
      "properties": {
        "id": 1680,
        "height_m": 15.7
      },
      "geometry": {
        "type": "Point",
        "coordinates": [
          -119.15684050068236,
          34.43184131642172
        ]
      }
    },
    {
      "type": "Feature",
      "properties": {
        "id": 1681,
        "height_m": 10.3
      },
      "geometry": {
        "type": "Point",
        "coordinates": [
          -119.15683941164689,
          34.43074488084743
        ]
      }
    },
    {
      "type": "Feature",
      "properties": {
        "id": 1682,
        "height_m": 17.5
      },
      "geometry": {
        "type": "Point",
        "coordinates": [
          -119.156835055505,
          34.43189830992675
        ]
      }
    },
    {
      "type": "Feature",
      "properties": {
        "id": 1683,
        "height_m": 21.2
      },
      "geometry": {
        "type": "Point",
        "coordinates": [
          -119.156835055505,
          34.43282376678888
        ]
      }
    },
    {
      "type": "Feature",
      "properties": {
        "id": 1684,
        "height_m": 3.1
      },
      "geometry": {
        "type": "Point",
        "coordinates": [
          -119.15683287743407,
          34.43324352359736
        ]
      }
    },
    {
      "type": "Feature",
      "properties": {
        "id": 1685,
        "height_m": 17.5
      },
      "geometry": {
        "type": "Point",
        "coordinates": [
          -119.15682634213329,
          34.43211180727388
        ]
      }
    },
    {
      "type": "Feature",
      "properties": {
        "id": 1686,
        "height_m": 9.5
      },
      "geometry": {
        "type": "Point",
        "coordinates": [
          -119.15682525309782,
          34.43018128401791
        ]
      }
    },
    {
      "type": "Feature",
      "properties": {
        "id": 1687,
        "height_m": 19.0
      },
      "geometry": {
        "type": "Point",
        "coordinates": [
          -119.15682525309782,
          34.43049429260356
        ]
      }
    },
    {
      "type": "Feature",
      "properties": {
        "id": 1688,
        "height_m": 10.1
      },
      "geometry": {
        "type": "Point",
        "coordinates": [
          -119.1568219859914,
          34.43068879241617
        ]
      }
    },
    {
      "type": "Feature",
      "properties": {
        "id": 1689,
        "height_m": 19.4
      },
      "geometry": {
        "type": "Point",
        "coordinates": [
          -119.15681871888499,
          34.43204848185831
        ]
      }
    },
    {
      "type": "Feature",
      "properties": {
        "id": 1690,
        "height_m": 4.8
      },
      "geometry": {
        "type": "Point",
        "coordinates": [
          -119.15681762984951,
          34.43503020773375
        ]
      }
    },
    {
      "type": "Feature",
      "properties": {
        "id": 1691,
        "height_m": 3.7
      },
      "geometry": {
        "type": "Point",
        "coordinates": [
          -119.15681545177857,
          34.4348185196327
        ]
      }
    },
    {
      "type": "Feature",
      "properties": {
        "id": 1692,
        "height_m": 18.9
      },
      "geometry": {
        "type": "Point",
        "coordinates": [
          -119.15681000551328,
          34.43228097673996
        ]
      }
    },
    {
      "type": "Feature",
      "properties": {
        "id": 1693,
        "height_m": 23.4
      },
      "geometry": {
        "type": "Point",
        "coordinates": [
          -119.15681000551328,
          34.432612982860135
        ]
      }
    },
    {
      "type": "Feature",
      "properties": {
        "id": 1694,
        "height_m": 4.1
      },
      "geometry": {
        "type": "Point",
        "coordinates": [
          -119.15680782744234,
          34.43484746847137
        ]
      }
    },
    {
      "type": "Feature",
      "properties": {
        "id": 1695,
        "height_m": 17.0
      },
      "geometry": {
        "type": "Point",
        "coordinates": [
          -119.15680673840686,
          34.43004649112872
        ]
      }
    },
    {
      "type": "Feature",
      "properties": {
        "id": 1696,
        "height_m": 20.6
      },
      "geometry": {
        "type": "Point",
        "coordinates": [
          -119.15680238226497,
          34.43218056042766
        ]
      }
    },
    {
      "type": "Feature",
      "properties": {
        "id": 1697,
        "height_m": 16.3
      },
      "geometry": {
        "type": "Point",
        "coordinates": [
          -119.1568012932295,
          34.430342311425925
        ]
      }
    },
    {
      "type": "Feature",
      "properties": {
        "id": 1698,
        "height_m": 8.0
      },
      "geometry": {
        "type": "Point",
        "coordinates": [
          -119.15680020419403,
          34.43247185806041
        ]
      }
    },
    {
      "type": "Feature",
      "properties": {
        "id": 1699,
        "height_m": 10.8
      },
      "geometry": {
        "type": "Point",
        "coordinates": [
          -119.15679911515856,
          34.43533778858118
        ]
      }
    },
    {
      "type": "Feature",
      "properties": {
        "id": 1700,
        "height_m": 10.6
      },
      "geometry": {
        "type": "Point",
        "coordinates": [
          -119.15679149082231,
          34.429773286858186
        ]
      }
    },
    {
      "type": "Feature",
      "properties": {
        "id": 1701,
        "height_m": 18.9
      },
      "geometry": {
        "type": "Point",
        "coordinates": [
          -119.15679149082231,
          34.43333037011336
        ]
      }
    },
    {
      "type": "Feature",
      "properties": {
        "id": 1702,
        "height_m": 5.1
      },
      "geometry": {
        "type": "Point",
        "coordinates": [
          -119.1567882237159,
          34.43140979906302
        ]
      }
    },
    {
      "type": "Feature",
      "properties": {
        "id": 1703,
        "height_m": 12.2
      },
      "geometry": {
        "type": "Point",
        "coordinates": [
          -119.15678277853854,
          34.43176532628363
        ]
      }
    },
    {
      "type": "Feature",
      "properties": {
        "id": 1704,
        "height_m": 19.3
      },
      "geometry": {
        "type": "Point",
        "coordinates": [
          -119.15678168950308,
          34.43040654191526
        ]
      }
    },
    {
      "type": "Feature",
      "properties": {
        "id": 1705,
        "height_m": 14.7
      },
      "geometry": {
        "type": "Point",
        "coordinates": [
          -119.15677951034418,
          34.429992211943535
        ]
      }
    },
    {
      "type": "Feature",
      "properties": {
        "id": 1706,
        "height_m": 4.5
      },
      "geometry": {
        "type": "Point",
        "coordinates": [
          -119.15677733227324,
          34.43489541484456
        ]
      }
    },
    {
      "type": "Feature",
      "properties": {
        "id": 1707,
        "height_m": 18.9
      },
      "geometry": {
        "type": "Point",
        "coordinates": [
          -119.15676317372417,
          34.431903737664975
        ]
      }
    },
    {
      "type": "Feature",
      "properties": {
        "id": 1708,
        "height_m": 10.4
      },
      "geometry": {
        "type": "Point",
        "coordinates": [
          -119.1567620846887,
          34.430770211193945
        ]
      }
    },
    {
      "type": "Feature",
      "properties": {
        "id": 1709,
        "height_m": 9.6
      },
      "geometry": {
        "type": "Point",
        "coordinates": [
          -119.15675772854681,
          34.43320371928224
        ]
      }
    },
    {
      "type": "Feature",
      "properties": {
        "id": 1710,
        "height_m": 8.0
      },
      "geometry": {
        "type": "Point",
        "coordinates": [
          -119.15675663951134,
          34.43071593200876
        ]
      }
    },
    {
      "type": "Feature",
      "properties": {
        "id": 1711,
        "height_m": 21.9
      },
      "geometry": {
        "type": "Point",
        "coordinates": [
          -119.15675663951134,
          34.432826480207254
        ]
      }
    },
    {
      "type": "Feature",
      "properties": {
        "id": 1712,
        "height_m": 15.7
      },
      "geometry": {
        "type": "Point",
        "coordinates": [
          -119.15675555047586,
          34.43007996353331
        ]
      }
    },
    {
      "type": "Feature",
      "properties": {
        "id": 1713,
        "height_m": 4.4
      },
      "geometry": {
        "type": "Point",
        "coordinates": [
          -119.1567544614404,
          34.43476604969359
        ]
      }
    },
    {
      "type": "Feature",
      "properties": {
        "id": 1714,
        "height_m": 11.1
      },
      "geometry": {
        "type": "Point",
        "coordinates": [
          -119.15675010529851,
          34.43184131642172
        ]
      }
    },
    {
      "type": "Feature",
      "properties": {
        "id": 1715,
        "height_m": 5.4
      },
      "geometry": {
        "type": "Point",
        "coordinates": [
          -119.15675010529851,
          34.43326975901765
        ]
      }
    },
    {
      "type": "Feature",
      "properties": {
        "id": 1716,
        "height_m": 12.3
      },
      "geometry": {
        "type": "Point",
        "coordinates": [
          -119.15674792613963,
          34.42972262616515
        ]
      }
    },
    {
      "type": "Feature",
      "properties": {
        "id": 1717,
        "height_m": 16.1
      },
      "geometry": {
        "type": "Point",
        "coordinates": [
          -119.15674792613963,
          34.429906270501306
        ]
      }
    },
    {
      "type": "Feature",
      "properties": {
        "id": 1718,
        "height_m": 3.1
      },
      "geometry": {
        "type": "Point",
        "coordinates": [
          -119.15674683710415,
          34.431256912811605
        ]
      }
    },
    {
      "type": "Feature",
      "properties": {
        "id": 1719,
        "height_m": 19.4
      },
      "geometry": {
        "type": "Point",
        "coordinates": [
          -119.15674248096227,
          34.43213351822677
        ]
      }
    },
    {
      "type": "Feature",
      "properties": {
        "id": 1720,
        "height_m": 8.4
      },
      "geometry": {
        "type": "Point",
        "coordinates": [
          -119.1567413919268,
          34.432349729893744
        ]
      }
    },
    {
      "type": "Feature",
      "properties": {
        "id": 1721,
        "height_m": 8.6
      },
      "geometry": {
        "type": "Point",
        "coordinates": [
          -119.1567413919268,
          34.43472262688633
        ]
      }
    },
    {
      "type": "Feature",
      "properties": {
        "id": 1722,
        "height_m": 7.6
      },
      "geometry": {
        "type": "Point",
        "coordinates": [
          -119.1567413919268,
          34.435224707546354
        ]
      }
    },
    {
      "type": "Feature",
      "properties": {
        "id": 1723,
        "height_m": 18.3
      },
      "geometry": {
        "type": "Point",
        "coordinates": [
          -119.15673703578491,
          34.4305585230929
        ]
      }
    },
    {
      "type": "Feature",
      "properties": {
        "id": 1724,
        "height_m": 14.1
      },
      "geometry": {
        "type": "Point",
        "coordinates": [
          -119.15673703578491,
          34.43204214904632
        ]
      }
    },
    {
      "type": "Feature",
      "properties": {
        "id": 1725,
        "height_m": 15.9
      },
      "geometry": {
        "type": "Point",
        "coordinates": [
          -119.15673485771397,
          34.430162286483394
        ]
      }
    },
    {
      "type": "Feature",
      "properties": {
        "id": 1726,
        "height_m": 15.3
      },
      "geometry": {
        "type": "Point",
        "coordinates": [
          -119.15673376867849,
          34.43302912207793
        ]
      }
    },
    {
      "type": "Feature",
      "properties": {
        "id": 1727,
        "height_m": 10.8
      },
      "geometry": {
        "type": "Point",
        "coordinates": [
          -119.15673158951961,
          34.43079916003261
        ]
      }
    },
    {
      "type": "Feature",
      "properties": {
        "id": 1728,
        "height_m": 10.5
      },
      "geometry": {
        "type": "Point",
        "coordinates": [
          -119.15673158951961,
          34.431743614429266
        ]
      }
    },
    {
      "type": "Feature",
      "properties": {
        "id": 1729,
        "height_m": 24.3
      },
      "geometry": {
        "type": "Point",
        "coordinates": [
          -119.15672941144867,
          34.432739633691256
        ]
      }
    },
    {
      "type": "Feature",
      "properties": {
        "id": 1730,
        "height_m": 3.9
      },
      "geometry": {
        "type": "Point",
        "coordinates": [
          -119.1567283224132,
          34.43388220639265
        ]
      }
    },
    {
      "type": "Feature",
      "properties": {
        "id": 1731,
        "height_m": 14.3
      },
      "geometry": {
        "type": "Point",
        "coordinates": [
          -119.15672723337772,
          34.4319887749349
        ]
      }
    },
    {
      "type": "Feature",
      "properties": {
        "id": 1732,
        "height_m": 5.5
      },
      "geometry": {
        "type": "Point",
        "coordinates": [
          -119.1567206991649,
          34.431414321727466
        ]
      }
    },
    {
      "type": "Feature",
      "properties": {
        "id": 1733,
        "height_m": 18.9
      },
      "geometry": {
        "type": "Point",
        "coordinates": [
          -119.15671198579318,
          34.43047620014281
        ]
      }
    },
    {
      "type": "Feature",
      "properties": {
        "id": 1734,
        "height_m": 3.4
      },
      "geometry": {
        "type": "Point",
        "coordinates": [
          -119.15671198579318,
          34.43132838028524
        ]
      }
    },
    {
      "type": "Feature",
      "properties": {
        "id": 1735,
        "height_m": 13.4
      },
      "geometry": {
        "type": "Point",
        "coordinates": [
          -119.15670871868677,
          34.43011253086413
        ]
      }
    },
    {
      "type": "Feature",
      "properties": {
        "id": 1736,
        "height_m": 11.2
      },
      "geometry": {
        "type": "Point",
        "coordinates": [
          -119.15670871868677,
          34.43068879241617
        ]
      }
    },
    {
      "type": "Feature",
      "properties": {
        "id": 1737,
        "height_m": 13.9
      },
      "geometry": {
        "type": "Point",
        "coordinates": [
          -119.15670436254489,
          34.43033959800755
        ]
      }
    },
    {
      "type": "Feature",
      "properties": {
        "id": 1738,
        "height_m": 13.2
      },
      "geometry": {
        "type": "Point",
        "coordinates": [
          -119.15670436254489,
          34.43061551569646
        ]
      }
    },
    {
      "type": "Feature",
      "properties": {
        "id": 1739,
        "height_m": 9.7
      },
      "geometry": {
        "type": "Point",
        "coordinates": [
          -119.15670327350941,
          34.43319195873202
        ]
      }
    },
    {
      "type": "Feature",
      "properties": {
        "id": 1740,
        "height_m": 21.3
      },
      "geometry": {
        "type": "Point",
        "coordinates": [
          -119.15670109543846,
          34.43225655056575
        ]
      }
    },
    {
      "type": "Feature",
      "properties": {
        "id": 1741,
        "height_m": 15.9
      },
      "geometry": {
        "type": "Point",
        "coordinates": [
          -119.1566978272441,
          34.433413598137214
        ]
      }
    },
    {
      "type": "Feature",
      "properties": {
        "id": 1742,
        "height_m": 9.7
      },
      "geometry": {
        "type": "Point",
        "coordinates": [
          -119.1566945601377,
          34.430733120297205
        ]
      }
    },
    {
      "type": "Feature",
      "properties": {
        "id": 1743,
        "height_m": 14.9
      },
      "geometry": {
        "type": "Point",
        "coordinates": [
          -119.15669020399581,
          34.431867551842004
        ]
      }
    },
    {
      "type": "Feature",
      "properties": {
        "id": 1744,
        "height_m": 12.7
      },
      "geometry": {
        "type": "Point",
        "coordinates": [
          -119.15668911496034,
          34.431770754021855
        ]
      }
    },
    {
      "type": "Feature",
      "properties": {
        "id": 1745,
        "height_m": 12.4
      },
      "geometry": {
        "type": "Point",
        "coordinates": [
          -119.15667822351767,
          34.429736195961446
        ]
      }
    },
    {
      "type": "Feature",
      "properties": {
        "id": 1746,
        "height_m": 28.0
      },
      "geometry": {
        "type": "Point",
        "coordinates": [
          -119.15667822351767,
          34.43255146669065
        ]
      }
    },
    {
      "type": "Feature",
      "properties": {
        "id": 1747,
        "height_m": 14.0
      },
      "geometry": {
        "type": "Point",
        "coordinates": [
          -119.15667713448221,
          34.43038121156874
        ]
      }
    },
    {
      "type": "Feature",
      "properties": {
        "id": 1748,
        "height_m": 9.2
      },
      "geometry": {
        "type": "Point",
        "coordinates": [
          -119.15667713448221,
          34.43330775408669
        ]
      }
    },
    {
      "type": "Feature",
      "properties": {
        "id": 1749,
        "height_m": 17.5
      },
      "geometry": {
        "type": "Point",
        "coordinates": [
          -119.15667604544673,
          34.43286085678415
        ]
      }
    },
    {
      "type": "Feature",
      "properties": {
        "id": 1750,
        "height_m": 4.3
      },
      "geometry": {
        "type": "Point",
        "coordinates": [
          -119.15667168930484,
          34.4330508339323
        ]
      }
    },
    {
      "type": "Feature",
      "properties": {
        "id": 1751,
        "height_m": 22.8
      },
      "geometry": {
        "type": "Point",
        "coordinates": [
          -119.15666842219844,
          34.43268716465361
        ]
      }
    },
    {
      "type": "Feature",
      "properties": {
        "id": 1752,
        "height_m": 13.1
      },
      "geometry": {
        "type": "Point",
        "coordinates": [
          -119.15666733207502,
          34.43014419312117
        ]
      }
    },
    {
      "type": "Feature",
      "properties": {
        "id": 1753,
        "height_m": 3.6
      },
      "geometry": {
        "type": "Point",
        "coordinates": [
          -119.15666733207502,
          34.431645912436814
        ]
      }
    },
    {
      "type": "Feature",
      "properties": {
        "id": 1754,
        "height_m": 16.1
      },
      "geometry": {
        "type": "Point",
        "coordinates": [
          -119.15666406496861,
          34.43026451204177
        ]
      }
    },
    {
      "type": "Feature",
      "properties": {
        "id": 1755,
        "height_m": 18.3
      },
      "geometry": {
        "type": "Point",
        "coordinates": [
          -119.15665426364936,
          34.431934495749715
        ]
      }
    },
    {
      "type": "Feature",
      "properties": {
        "id": 1756,
        "height_m": 4.9
      },
      "geometry": {
        "type": "Point",
        "coordinates": [
          -119.1566531746139,
          34.43143241508969
        ]
      }
    },
    {
      "type": "Feature",
      "properties": {
        "id": 1757,
        "height_m": 13.1
      },
      "geometry": {
        "type": "Point",
        "coordinates": [
          -119.15665208557841,
          34.43079735078654
        ]
      }
    },
    {
      "type": "Feature",
      "properties": {
        "id": 1758,
        "height_m": 2.8
      },
      "geometry": {
        "type": "Point",
        "coordinates": [
          -119.156650995455,
          34.4338704467439
        ]
      }
    },
    {
      "type": "Feature",
      "properties": {
        "id": 1759,
        "height_m": 16.5
      },
      "geometry": {
        "type": "Point",
        "coordinates": [
          -119.15664772834859,
          34.432157039327215
        ]
      }
    },
    {
      "type": "Feature",
      "properties": {
        "id": 1760,
        "height_m": 20.0
      },
      "geometry": {
        "type": "Point",
        "coordinates": [
          -119.15664555027764,
          34.43209280973935
        ]
      }
    },
    {
      "type": "Feature",
      "properties": {
        "id": 1761,
        "height_m": 15.2
      },
      "geometry": {
        "type": "Point",
        "coordinates": [
          -119.15664119413576,
          34.430706885778385
        ]
      }
    },
    {
      "type": "Feature",
      "properties": {
        "id": 1762,
        "height_m": 4.9
      },
      "geometry": {
        "type": "Point",
        "coordinates": [
          -119.15664119413576,
          34.43548976975882
        ]
      }
    },
    {
      "type": "Feature",
      "properties": {
        "id": 1763,
        "height_m": 14.5
      },
      "geometry": {
        "type": "Point",
        "coordinates": [
          -119.15663792702935,
          34.4302147564225
        ]
      }
    },
    {
      "type": "Feature",
      "properties": {
        "id": 1764,
        "height_m": 13.5
      },
      "geometry": {
        "type": "Point",
        "coordinates": [
          -119.15663683799387,
          34.43000759098591
        ]
      }
    },
    {
      "type": "Feature",
      "properties": {
        "id": 1765,
        "height_m": 14.3
      },
      "geometry": {
        "type": "Point",
        "coordinates": [
          -119.15663465883499,
          34.429906270501306
        ]
      }
    },
    {
      "type": "Feature",
      "properties": {
        "id": 1766,
        "height_m": 13.0
      },
      "geometry": {
        "type": "Point",
        "coordinates": [
          -119.15663248076405,
          34.42982394755122
        ]
      }
    },
    {
      "type": "Feature",
      "properties": {
        "id": 1767,
        "height_m": 17.3
      },
      "geometry": {
        "type": "Point",
        "coordinates": [
          -119.15662812462216,
          34.43008720051761
        ]
      }
    },
    {
      "type": "Feature",
      "properties": {
        "id": 1768,
        "height_m": 16.8
      },
      "geometry": {
        "type": "Point",
        "coordinates": [
          -119.1566270355867,
          34.431829555871495
        ]
      }
    },
    {
      "type": "Feature",
      "properties": {
        "id": 1769,
        "height_m": 12.0
      },
      "geometry": {
        "type": "Point",
        "coordinates": [
          -119.15662594655122,
          34.42995421687449
        ]
      }
    },
    {
      "type": "Feature",
      "properties": {
        "id": 1770,
        "height_m": 18.8
      },
      "geometry": {
        "type": "Point",
        "coordinates": [
          -119.15662159040933,
          34.432812006238656
        ]
      }
    },
    {
      "type": "Feature",
      "properties": {
        "id": 1771,
        "height_m": 3.4
      },
      "geometry": {
        "type": "Point",
        "coordinates": [
          -119.15662050137387,
          34.431342854253835
        ]
      }
    },
    {
      "type": "Feature",
      "properties": {
        "id": 1772,
        "height_m": 16.0
      },
      "geometry": {
        "type": "Point",
        "coordinates": [
          -119.1566172331795,
          34.430444536984304
        ]
      }
    },
    {
      "type": "Feature",
      "properties": {
        "id": 1773,
        "height_m": 17.3
      },
      "geometry": {
        "type": "Point",
        "coordinates": [
          -119.15661614414402,
          34.43034774006562
        ]
      }
    },
    {
      "type": "Feature",
      "properties": {
        "id": 1774,
        "height_m": 15.5
      },
      "geometry": {
        "type": "Point",
        "coordinates": [
          -119.15661614414402,
          34.430642655289056
        ]
      }
    },
    {
      "type": "Feature",
      "properties": {
        "id": 1775,
        "height_m": 9.3
      },
      "geometry": {
        "type": "Point",
        "coordinates": [
          -119.15661178800214,
          34.43324261942505
        ]
      }
    },
    {
      "type": "Feature",
      "properties": {
        "id": 1776,
        "height_m": 8.7
      },
      "geometry": {
        "type": "Point",
        "coordinates": [
          -119.15660525378932,
          34.433441641902114
        ]
      }
    },
    {
      "type": "Feature",
      "properties": {
        "id": 1777,
        "height_m": 11.1
      },
      "geometry": {
        "type": "Point",
        "coordinates": [
          -119.15660416475384,
          34.430511480892015
        ]
      }
    },
    {
      "type": "Feature",
      "properties": {
        "id": 1778,
        "height_m": 14.2
      },
      "geometry": {
        "type": "Point",
        "coordinates": [
          -119.15660416475384,
          34.432903375419116
        ]
      }
    },
    {
      "type": "Feature",
      "properties": {
        "id": 1779,
        "height_m": 8.3
      },
      "geometry": {
        "type": "Point",
        "coordinates": [
          -119.15660307463042,
          34.43260393662976
        ]
      }
    },
    {
      "type": "Feature",
      "properties": {
        "id": 1780,
        "height_m": 9.7
      },
      "geometry": {
        "type": "Point",
        "coordinates": [
          -119.15659762945307,
          34.43085886695602
        ]
      }
    },
    {
      "type": "Feature",
      "properties": {
        "id": 1781,
        "height_m": 15.9
      },
      "geometry": {
        "type": "Point",
        "coordinates": [
          -119.15659436234665,
          34.43237053667434
        ]
      }
    },
    {
      "type": "Feature",
      "properties": {
        "id": 1782,
        "height_m": 3.6
      },
      "geometry": {
        "type": "Point",
        "coordinates": [
          -119.15659109524024,
          34.43441685528497
        ]
      }
    },
    {
      "type": "Feature",
      "properties": {
        "id": 1783,
        "height_m": 11.6
      },
      "geometry": {
        "type": "Point",
        "coordinates": [
          -119.15658564897494,
          34.430745785921204
        ]
      }
    },
    {
      "type": "Feature",
      "properties": {
        "id": 1784,
        "height_m": 6.6
      },
      "geometry": {
        "type": "Point",
        "coordinates": [
          -119.156583470904,
          34.43459416590766
        ]
      }
    },
    {
      "type": "Feature",
      "properties": {
        "id": 1785,
        "height_m": 5.2
      },
      "geometry": {
        "type": "Point",
        "coordinates": [
          -119.156583470904,
          34.43550153030904
        ]
      }
    },
    {
      "type": "Feature",
      "properties": {
        "id": 1786,
        "height_m": 18.4
      },
      "geometry": {
        "type": "Point",
        "coordinates": [
          -119.15658238186853,
          34.43017947477184
        ]
      }
    },
    {
      "type": "Feature",
      "properties": {
        "id": 1787,
        "height_m": 10.2
      },
      "geometry": {
        "type": "Point",
        "coordinates": [
          -119.15658129283305,
          34.43256684573302
        ]
      }
    },
    {
      "type": "Feature",
      "properties": {
        "id": 1788,
        "height_m": 19.4
      },
      "geometry": {
        "type": "Point",
        "coordinates": [
          -119.15658020379759,
          34.4321380417927
        ]
      }
    },
    {
      "type": "Feature",
      "properties": {
        "id": 1789,
        "height_m": 10.7
      },
      "geometry": {
        "type": "Point",
        "coordinates": [
          -119.15657802572665,
          34.43170561936022
        ]
      }
    },
    {
      "type": "Feature",
      "properties": {
        "id": 1790,
        "height_m": 3.4
      },
      "geometry": {
        "type": "Point",
        "coordinates": [
          -119.15657475862022,
          34.43248995052116
        ]
      }
    },
    {
      "type": "Feature",
      "properties": {
        "id": 1791,
        "height_m": 8.6
      },
      "geometry": {
        "type": "Point",
        "coordinates": [
          -119.1565704013904,
          34.43321819415231
        ]
      }
    },
    {
      "type": "Feature",
      "properties": {
        "id": 1792,
        "height_m": 4.4
      },
      "geometry": {
        "type": "Point",
        "coordinates": [
          -119.15656931235492,
          34.43356467514255
        ]
      }
    },
    {
      "type": "Feature",
      "properties": {
        "id": 1793,
        "height_m": 16.7
      },
      "geometry": {
        "type": "Point",
        "coordinates": [
          -119.15656822331945,
          34.4300211607822
        ]
      }
    },
    {
      "type": "Feature",
      "properties": {
        "id": 1794,
        "height_m": 5.9
      },
      "geometry": {
        "type": "Point",
        "coordinates": [
          -119.15656713428397,
          34.43187388375254
        ]
      }
    },
    {
      "type": "Feature",
      "properties": {
        "id": 1795,
        "height_m": 16.2
      },
      "geometry": {
        "type": "Point",
        "coordinates": [
          -119.15656495621305,
          34.43193901841417
        ]
      }
    },
    {
      "type": "Feature",
      "properties": {
        "id": 1796,
        "height_m": 19.8
      },
      "geometry": {
        "type": "Point",
        "coordinates": [
          -119.15655842200022,
          34.43208285843521
        ]
      }
    },
    {
      "type": "Feature",
      "properties": {
        "id": 1797,
        "height_m": 15.9
      },
      "geometry": {
        "type": "Point",
        "coordinates": [
          -119.15655733296474,
          34.430673413373796
        ]
      }
    },
    {
      "type": "Feature",
      "properties": {
        "id": 1798,
        "height_m": 11.6
      },
      "geometry": {
        "type": "Point",
        "coordinates": [
          -119.15655733296474,
          34.43078378099024
        ]
      }
    },
    {
      "type": "Feature",
      "properties": {
        "id": 1799,
        "height_m": 15.4
      },
      "geometry": {
        "type": "Point",
        "coordinates": [
          -119.15655624392927,
          34.42988998638516
        ]
      }
    },
    {
      "type": "Feature",
      "properties": {
        "id": 1800,
        "height_m": 13.8
      },
      "geometry": {
        "type": "Point",
        "coordinates": [
          -119.15654753055755,
          34.43026993977999
        ]
      }
    },
    {
      "type": "Feature",
      "properties": {
        "id": 1801,
        "height_m": 7.2
      },
      "geometry": {
        "type": "Point",
        "coordinates": [
          -119.15654753055755,
          34.43336565176403
        ]
      }
    },
    {
      "type": "Feature",
      "properties": {
        "id": 1802,
        "height_m": 17.5
      },
      "geometry": {
        "type": "Point",
        "coordinates": [
          -119.15654535248662,
          34.43011343503643
        ]
      }
    },
    {
      "type": "Feature",
      "properties": {
        "id": 1803,
        "height_m": 15.6
      },
      "geometry": {
        "type": "Point",
        "coordinates": [
          -119.15654535248662,
          34.43178160949831
        ]
      }
    },
    {
      "type": "Feature",
      "properties": {
        "id": 1804,
        "height_m": 7.0
      },
      "geometry": {
        "type": "Point",
        "coordinates": [
          -119.15653990730925,
          34.435510576539414
        ]
      }
    },
    {
      "type": "Feature",
      "properties": {
        "id": 1805,
        "height_m": 4.6
      },
      "geometry": {
        "type": "Point",
        "coordinates": [
          -119.15653555007943,
          34.43443766206557
        ]
      }
    },
    {
      "type": "Feature",
      "properties": {
        "id": 1806,
        "height_m": 16.7
      },
      "geometry": {
        "type": "Point",
        "coordinates": [
          -119.156532282973,
          34.43060918378593
        ]
      }
    },
    {
      "type": "Feature",
      "properties": {
        "id": 1807,
        "height_m": 16.4
      },
      "geometry": {
        "type": "Point",
        "coordinates": [
          -119.156532282973,
          34.43198244212291
        ]
      }
    },
    {
      "type": "Feature",
      "properties": {
        "id": 1808,
        "height_m": 11.9
      },
      "geometry": {
        "type": "Point",
        "coordinates": [
          -119.15652792683112,
          34.43083625092935
        ]
      }
    },
    {
      "type": "Feature",
      "properties": {
        "id": 1809,
        "height_m": 6.9
      },
      "geometry": {
        "type": "Point",
        "coordinates": [
          -119.15652465972471,
          34.43319557722417
        ]
      }
    },
    {
      "type": "Feature",
      "properties": {
        "id": 1810,
        "height_m": 14.1
      },
      "geometry": {
        "type": "Point",
        "coordinates": [
          -119.15652357068925,
          34.42995240762842
        ]
      }
    },
    {
      "type": "Feature",
      "properties": {
        "id": 1811,
        "height_m": 6.9
      },
      "geometry": {
        "type": "Point",
        "coordinates": [
          -119.15652248165377,
          34.43343078642566
        ]
      }
    },
    {
      "type": "Feature",
      "properties": {
        "id": 1812,
        "height_m": 4.8
      },
      "geometry": {
        "type": "Point",
        "coordinates": [
          -119.15651812442394,
          34.432510757301756
        ]
      }
    },
    {
      "type": "Feature",
      "properties": {
        "id": 1813,
        "height_m": 12.4
      },
      "geometry": {
        "type": "Point",
        "coordinates": [
          -119.15651703538846,
          34.43172733031312
        ]
      }
    },
    {
      "type": "Feature",
      "properties": {
        "id": 1814,
        "height_m": 18.1
      },
      "geometry": {
        "type": "Point",
        "coordinates": [
          -119.15651376828205,
          34.4303640232803
        ]
      }
    },
    {
      "type": "Feature",
      "properties": {
        "id": 1815,
        "height_m": 7.2
      },
      "geometry": {
        "type": "Point",
        "coordinates": [
          -119.15651267924657,
          34.43340093341469
        ]
      }
    },
    {
      "type": "Feature",
      "properties": {
        "id": 1816,
        "height_m": 6.3
      },
      "geometry": {
        "type": "Point",
        "coordinates": [
          -119.15650832310469,
          34.43327247243602
        ]
      }
    },
    {
      "type": "Feature",
      "properties": {
        "id": 1817,
        "height_m": 10.3
      },
      "geometry": {
        "type": "Point",
        "coordinates": [
          -119.15650396587486,
          34.43001573304398
        ]
      }
    },
    {
      "type": "Feature",
      "properties": {
        "id": 1818,
        "height_m": 13.4
      },
      "geometry": {
        "type": "Point",
        "coordinates": [
          -119.15650396587486,
          34.43227826242011
        ]
      }
    },
    {
      "type": "Feature",
      "properties": {
        "id": 1819,
        "height_m": 11.1
      },
      "geometry": {
        "type": "Point",
        "coordinates": [
          -119.15650178780392,
          34.43080458777084
        ]
      }
    },
    {
      "type": "Feature",
      "properties": {
        "id": 1820,
        "height_m": 13.6
      },
      "geometry": {
        "type": "Point",
        "coordinates": [
          -119.15650069876845,
          34.43070778995069
        ]
      }
    },
    {
      "type": "Feature",
      "properties": {
        "id": 1821,
        "height_m": 15.0
      },
      "geometry": {
        "type": "Point",
        "coordinates": [
          -119.15649960973298,
          34.43192906801149
        ]
      }
    },
    {
      "type": "Feature",
      "properties": {
        "id": 1822,
        "height_m": 9.8
      },
      "geometry": {
        "type": "Point",
        "coordinates": [
          -119.15649852069751,
          34.4324266251056
        ]
      }
    },
    {
      "type": "Feature",
      "properties": {
        "id": 1823,
        "height_m": 10.5
      },
      "geometry": {
        "type": "Point",
        "coordinates": [
          -119.15648871829032,
          34.430189426075984
        ]
      }
    },
    {
      "type": "Feature",
      "properties": {
        "id": 1824,
        "height_m": 12.6
      },
      "geometry": {
        "type": "Point",
        "coordinates": [
          -119.15648871829032,
          34.43534050290103
        ]
      }
    },
    {
      "type": "Feature",
      "properties": {
        "id": 1825,
        "height_m": 12.2
      },
      "geometry": {
        "type": "Point",
        "coordinates": [
          -119.15648436214843,
          34.43085886695602
        ]
      }
    },
    {
      "type": "Feature",
      "properties": {
        "id": 1826,
        "height_m": 14.9
      },
      "geometry": {
        "type": "Point",
        "coordinates": [
          -119.15648327311297,
          34.43048524637319
        ]
      }
    },
    {
      "type": "Feature",
      "properties": {
        "id": 1827,
        "height_m": 3.5
      },
      "geometry": {
        "type": "Point",
        "coordinates": [
          -119.15648218407749,
          34.43335660553365
        ]
      }
    },
    {
      "type": "Feature",
      "properties": {
        "id": 1828,
        "height_m": 13.8
      },
      "geometry": {
        "type": "Point",
        "coordinates": [
          -119.15647891697108,
          34.43182231888719
        ]
      }
    },
    {
      "type": "Feature",
      "properties": {
        "id": 1829,
        "height_m": 13.5
      },
      "geometry": {
        "type": "Point",
        "coordinates": [
          -119.1564778279356,
          34.43209914164988
        ]
      }
    },
    {
      "type": "Feature",
      "properties": {
        "id": 1830,
        "height_m": 5.6
      },
      "geometry": {
        "type": "Point",
        "coordinates": [
          -119.15647673890014,
          34.43316843763158
        ]
      }
    },
    {
      "type": "Feature",
      "properties": {
        "id": 1831,
        "height_m": 14.1
      },
      "geometry": {
        "type": "Point",
        "coordinates": [
          -119.15646258035106,
          34.431973395892534
        ]
      }
    },
    {
      "type": "Feature",
      "properties": {
        "id": 1832,
        "height_m": 15.8
      },
      "geometry": {
        "type": "Point",
        "coordinates": [
          -119.15645713408576,
          34.429937933659815
        ]
      }
    },
    {
      "type": "Feature",
      "properties": {
        "id": 1833,
        "height_m": 4.2
      },
      "geometry": {
        "type": "Point",
        "coordinates": [
          -119.15645713408576,
          34.43453174556587
        ]
      }
    },
    {
      "type": "Feature",
      "properties": {
        "id": 1834,
        "height_m": 4.9
      },
      "geometry": {
        "type": "Point",
        "coordinates": [
          -119.15645604505029,
          34.43356467514255
        ]
      }
    },
    {
      "type": "Feature",
      "properties": {
        "id": 1835,
        "height_m": 11.7
      },
      "geometry": {
        "type": "Point",
        "coordinates": [
          -119.15645495601481,
          34.43076297420965
        ]
      }
    },
    {
      "type": "Feature",
      "properties": {
        "id": 1836,
        "height_m": 8.4
      },
      "geometry": {
        "type": "Point",
        "coordinates": [
          -119.15645495601481,
          34.43252342292575
        ]
      }
    },
    {
      "type": "Feature",
      "properties": {
        "id": 1837,
        "height_m": 3.2
      },
      "geometry": {
        "type": "Point",
        "coordinates": [
          -119.15645386697935,
          34.434205167183926
        ]
      }
    },
    {
      "type": "Feature",
      "properties": {
        "id": 1838,
        "height_m": 14.8
      },
      "geometry": {
        "type": "Point",
        "coordinates": [
          -119.15644951083746,
          34.43239496194709
        ]
      }
    },
    {
      "type": "Feature",
      "properties": {
        "id": 1839,
        "height_m": 4.6
      },
      "geometry": {
        "type": "Point",
        "coordinates": [
          -119.15644951083746,
          34.434432234327346
        ]
      }
    },
    {
      "type": "Feature",
      "properties": {
        "id": 1840,
        "height_m": 4.6
      },
      "geometry": {
        "type": "Point",
        "coordinates": [
          -119.15644951083746,
          34.435192140215534
        ]
      }
    },
    {
      "type": "Feature",
      "properties": {
        "id": 1841,
        "height_m": 4.4
      },
      "geometry": {
        "type": "Point",
        "coordinates": [
          -119.15644515469558,
          34.43521656548828
        ]
      }
    },
    {
      "type": "Feature",
      "properties": {
        "id": 1842,
        "height_m": 7.1
      },
      "geometry": {
        "type": "Point",
        "coordinates": [
          -119.15644297662463,
          34.435432777155256
        ]
      }
    },
    {
      "type": "Feature",
      "properties": {
        "id": 1843,
        "height_m": 5.0
      },
      "geometry": {
        "type": "Point",
        "coordinates": [
          -119.15644079746575,
          34.43516590479525
        ]
      }
    },
    {
      "type": "Feature",
      "properties": {
        "id": 1844,
        "height_m": 13.8
      },
      "geometry": {
        "type": "Point",
        "coordinates": [
          -119.15643970843027,
          34.43267811752177
        ]
      }
    },
    {
      "type": "Feature",
      "properties": {
        "id": 1845,
        "height_m": 15.2
      },
      "geometry": {
        "type": "Point",
        "coordinates": [
          -119.15643753035933,
          34.432318971809
        ]
      }
    },
    {
      "type": "Feature",
      "properties": {
        "id": 1846,
        "height_m": 16.6
      },
      "geometry": {
        "type": "Point",
        "coordinates": [
          -119.15643317421744,
          34.43015504949909
        ]
      }
    },
    {
      "type": "Feature",
      "properties": {
        "id": 1847,
        "height_m": 14.5
      },
      "geometry": {
        "type": "Point",
        "coordinates": [
          -119.15643208518198,
          34.4298917965327
        ]
      }
    },
    {
      "type": "Feature",
      "properties": {
        "id": 1848,
        "height_m": 6.7
      },
      "geometry": {
        "type": "Point",
        "coordinates": [
          -119.15643208518198,
          34.432449241132275
        ]
      }
    },
    {
      "type": "Feature",
      "properties": {
        "id": 1849,
        "height_m": 12.2
      },
      "geometry": {
        "type": "Point",
        "coordinates": [
          -119.15642555096915,
          34.43070417145854
        ]
      }
    },
    {
      "type": "Feature",
      "properties": {
        "id": 1850,
        "height_m": 20.9
      },
      "geometry": {
        "type": "Point",
        "coordinates": [
          -119.15642337181025,
          34.43030883992281
        ]
      }
    },
    {
      "type": "Feature",
      "properties": {
        "id": 1851,
        "height_m": 15.2
      },
      "geometry": {
        "type": "Point",
        "coordinates": [
          -119.15642228277478,
          34.432230316046926
        ]
      }
    },
    {
      "type": "Feature",
      "properties": {
        "id": 1852,
        "height_m": 9.6
      },
      "geometry": {
        "type": "Point",
        "coordinates": [
          -119.15642119373932,
          34.431746328749114
        ]
      }
    },
    {
      "type": "Feature",
      "properties": {
        "id": 1853,
        "height_m": 13.8
      },
      "geometry": {
        "type": "Point",
        "coordinates": [
          -119.15641901566838,
          34.43184855340602
        ]
      }
    },
    {
      "type": "Feature",
      "properties": {
        "id": 1854,
        "height_m": 15.9
      },
      "geometry": {
        "type": "Point",
        "coordinates": [
          -119.15641901566838,
          34.43192273519949
        ]
      }
    },
    {
      "type": "Feature",
      "properties": {
        "id": 1855,
        "height_m": 10.3
      },
      "geometry": {
        "type": "Point",
        "coordinates": [
          -119.15641901566838,
          34.4331666283855
        ]
      }
    },
    {
      "type": "Feature",
      "properties": {
        "id": 1856,
        "height_m": 15.8
      },
      "geometry": {
        "type": "Point",
        "coordinates": [
          -119.1564179266329,
          34.43082629962521
        ]
      }
    },
    {
      "type": "Feature",
      "properties": {
        "id": 1857,
        "height_m": 20.4
      },
      "geometry": {
        "type": "Point",
        "coordinates": [
          -119.15641683759743,
          34.43204757678454
        ]
      }
    },
    {
      "type": "Feature",
      "properties": {
        "id": 1858,
        "height_m": 13.3
      },
      "geometry": {
        "type": "Point",
        "coordinates": [
          -119.15641574856195,
          34.43055942816667
        ]
      }
    },
    {
      "type": "Feature",
      "properties": {
        "id": 1859,
        "height_m": 11.3
      },
      "geometry": {
        "type": "Point",
        "coordinates": [
          -119.15640376808382,
          34.43063089473883
        ]
      }
    },
    {
      "type": "Feature",
      "properties": {
        "id": 1860,
        "height_m": 4.1
      },
      "geometry": {
        "type": "Point",
        "coordinates": [
          -119.15640376808382,
          34.434413235891355
        ]
      }
    },
    {
      "type": "Feature",
      "properties": {
        "id": 1861,
        "height_m": 17.5
      },
      "geometry": {
        "type": "Point",
        "coordinates": [
          -119.15640159001289,
          34.429792284392704
        ]
      }
    },
    {
      "type": "Feature",
      "properties": {
        "id": 1862,
        "height_m": 16.3
      },
      "geometry": {
        "type": "Point",
        "coordinates": [
          -119.15639941194195,
          34.43217513268944
        ]
      }
    },
    {
      "type": "Feature",
      "properties": {
        "id": 1863,
        "height_m": 13.2
      },
      "geometry": {
        "type": "Point",
        "coordinates": [
          -119.15639614483553,
          34.43090409900937
        ]
      }
    },
    {
      "type": "Feature",
      "properties": {
        "id": 1864,
        "height_m": 7.3
      },
      "geometry": {
        "type": "Point",
        "coordinates": [
          -119.15639614483553,
          34.432479999217016
        ]
      }
    },
    {
      "type": "Feature",
      "properties": {
        "id": 1865,
        "height_m": 15.0
      },
      "geometry": {
        "type": "Point",
        "coordinates": [
          -119.15639614483553,
          34.4327568219797
        ]
      }
    },
    {
      "type": "Feature",
      "properties": {
        "id": 1866,
        "height_m": 15.8
      },
      "geometry": {
        "type": "Point",
        "coordinates": [
          -119.15639287772912,
          34.43237506024026
        ]
      }
    },
    {
      "type": "Feature",
      "properties": {
        "id": 1867,
        "height_m": 17.2
      },
      "geometry": {
        "type": "Point",
        "coordinates": [
          -119.15639069857022,
          34.43021837491465
        ]
      }
    },
    {
      "type": "Feature",
      "properties": {
        "id": 1868,
        "height_m": 18.5
      },
      "geometry": {
        "type": "Point",
        "coordinates": [
          -119.15638743146381,
          34.43046805808474
        ]
      }
    },
    {
      "type": "Feature",
      "properties": {
        "id": 1869,
        "height_m": 8.2
      },
      "geometry": {
        "type": "Point",
        "coordinates": [
          -119.15638743146381,
          34.43545358393585
        ]
      }
    },
    {
      "type": "Feature",
      "properties": {
        "id": 1870,
        "height_m": 12.2
      },
      "geometry": {
        "type": "Point",
        "coordinates": [
          -119.15638525339287,
          34.4317951792946
        ]
      }
    },
    {
      "type": "Feature",
      "properties": {
        "id": 1871,
        "height_m": 18.2
      },
      "geometry": {
        "type": "Point",
        "coordinates": [
          -119.15638416435739,
          34.43262474341035
        ]
      }
    },
    {
      "type": "Feature",
      "properties": {
        "id": 1872,
        "height_m": 9.1
      },
      "geometry": {
        "type": "Point",
        "coordinates": [
          -119.15638198628646,
          34.43252432709805
        ]
      }
    },
    {
      "type": "Feature",
      "properties": {
        "id": 1873,
        "height_m": 4.7
      },
      "geometry": {
        "type": "Point",
        "coordinates": [
          -119.15637436195021,
          34.43520751925791
        ]
      }
    },
    {
      "type": "Feature",
      "properties": {
        "id": 1874,
        "height_m": 14.4
      },
      "geometry": {
        "type": "Point",
        "coordinates": [
          -119.15637000580833,
          34.4300202566099
        ]
      }
    },
    {
      "type": "Feature",
      "properties": {
        "id": 1875,
        "height_m": 7.4
      },
      "geometry": {
        "type": "Point",
        "coordinates": [
          -119.15637000580833,
          34.43172461689474
        ]
      }
    },
    {
      "type": "Feature",
      "properties": {
        "id": 1876,
        "height_m": 7.7
      },
      "geometry": {
        "type": "Point",
        "coordinates": [
          -119.15636782773738,
          34.43548072352844
        ]
      }
    },
    {
      "type": "Feature",
      "properties": {
        "id": 1877,
        "height_m": 13.5
      },
      "geometry": {
        "type": "Point",
        "coordinates": [
          -119.15636238256002,
          34.43058837610387
        ]
      }
    },
    {
      "type": "Feature",
      "properties": {
        "id": 1878,
        "height_m": 16.9
      },
      "geometry": {
        "type": "Point",
        "coordinates": [
          -119.1563536691883,
          34.43085705770995
        ]
      }
    },
    {
      "type": "Feature",
      "properties": {
        "id": 1879,
        "height_m": 9.9
      },
      "geometry": {
        "type": "Point",
        "coordinates": [
          -119.1563536691883,
          34.43315667798282
        ]
      }
    },
    {
      "type": "Feature",
      "properties": {
        "id": 1880,
        "height_m": 16.5
      },
      "geometry": {
        "type": "Point",
        "coordinates": [
          -119.1563504020819,
          34.43188564430276
        ]
      }
    },
    {
      "type": "Feature",
      "properties": {
        "id": 1881,
        "height_m": 14.1
      },
      "geometry": {
        "type": "Point",
        "coordinates": [
          -119.15634822401096,
          34.43272968328858
        ]
      }
    },
    {
      "type": "Feature",
      "properties": {
        "id": 1882,
        "height_m": 13.0
      },
      "geometry": {
        "type": "Point",
        "coordinates": [
          -119.15634277774565,
          34.43073040687883
        ]
      }
    },
    {
      "type": "Feature",
      "properties": {
        "id": 1883,
        "height_m": 15.9
      },
      "geometry": {
        "type": "Point",
        "coordinates": [
          -119.15634277774565,
          34.4319887749349
        ]
      }
    },
    {
      "type": "Feature",
      "properties": {
        "id": 1884,
        "height_m": 16.7
      },
      "geometry": {
        "type": "Point",
        "coordinates": [
          -119.15634277774565,
          34.432416673801455
        ]
      }
    },
    {
      "type": "Feature",
      "properties": {
        "id": 1885,
        "height_m": 15.4
      },
      "geometry": {
        "type": "Point",
        "coordinates": [
          -119.15634168871017,
          34.432283690158336
        ]
      }
    },
    {
      "type": "Feature",
      "properties": {
        "id": 1886,
        "height_m": 14.4
      },
      "geometry": {
        "type": "Point",
        "coordinates": [
          -119.1563405996747,
          34.43079554154046
        ]
      }
    },
    {
      "type": "Feature",
      "properties": {
        "id": 1887,
        "height_m": 17.2
      },
      "geometry": {
        "type": "Point",
        "coordinates": [
          -119.15633624353282,
          34.43209552315773
        ]
      }
    },
    {
      "type": "Feature",
      "properties": {
        "id": 1888,
        "height_m": 12.7
      },
      "geometry": {
        "type": "Point",
        "coordinates": [
          -119.15632862028453,
          34.430516909531704
        ]
      }
    },
    {
      "type": "Feature",
      "properties": {
        "id": 1889,
        "height_m": 13.9
      },
      "geometry": {
        "type": "Point",
        "coordinates": [
          -119.15632644112563,
          34.43266002506102
        ]
      }
    },
    {
      "type": "Feature",
      "properties": {
        "id": 1890,
        "height_m": 7.8
      },
      "geometry": {
        "type": "Point",
        "coordinates": [
          -119.15631990691281,
          34.43033869293377
        ]
      }
    },
    {
      "type": "Feature",
      "properties": {
        "id": 1891,
        "height_m": 9.9
      },
      "geometry": {
        "type": "Point",
        "coordinates": [
          -119.15631772884187,
          34.433131347636305
        ]
      }
    },
    {
      "type": "Feature",
      "properties": {
        "id": 1892,
        "height_m": 16.7
      },
      "geometry": {
        "type": "Point",
        "coordinates": [
          -119.15631555077093,
          34.43260212738368
        ]
      }
    },
    {
      "type": "Feature",
      "properties": {
        "id": 1893,
        "height_m": 17.5
      },
      "geometry": {
        "type": "Point",
        "coordinates": [
          -119.15631446173545,
          34.429929791601744
        ]
      }
    },
    {
      "type": "Feature",
      "properties": {
        "id": 1894,
        "height_m": 17.4
      },
      "geometry": {
        "type": "Point",
        "coordinates": [
          -119.15631446173545,
          34.43215523008114
        ]
      }
    },
    {
      "type": "Feature",
      "properties": {
        "id": 1895,
        "height_m": 19.0
      },
      "geometry": {
        "type": "Point",
        "coordinates": [
          -119.15631337269998,
          34.43016952346769
        ]
      }
    },
    {
      "type": "Feature",
      "properties": {
        "id": 1896,
        "height_m": 11.4
      },
      "geometry": {
        "type": "Point",
        "coordinates": [
          -119.15630901547014,
          34.43069150673602
        ]
      }
    },
    {
      "type": "Feature",
      "properties": {
        "id": 1897,
        "height_m": 10.3
      },
      "geometry": {
        "type": "Point",
        "coordinates": [
          -119.15630792643468,
          34.43176532628363
        ]
      }
    },
    {
      "type": "Feature",
      "properties": {
        "id": 1898,
        "height_m": 20.0
      },
      "geometry": {
        "type": "Point",
        "coordinates": [
          -119.15630574836374,
          34.430107103125906
        ]
      }
    },
    {
      "type": "Feature",
      "properties": {
        "id": 1899,
        "height_m": 15.6
      },
      "geometry": {
        "type": "Point",
        "coordinates": [
          -119.15630248125731,
          34.43235606270574
        ]
      }
    },
    {
      "type": "Feature",
      "properties": {
        "id": 1900,
        "height_m": 33.2
      },
      "geometry": {
        "type": "Point",
        "coordinates": [
          -119.1562992141509,
          34.433550200272485
        ]
      }
    },
    {
      "type": "Feature",
      "properties": {
        "id": 1901,
        "height_m": 13.1
      },
      "geometry": {
        "type": "Point",
        "coordinates": [
          -119.15629812511544,
          34.43091495538729
        ]
      }
    },
    {
      "type": "Feature",
      "properties": {
        "id": 1902,
        "height_m": 11.0
      },
      "geometry": {
        "type": "Point",
        "coordinates": [
          -119.1562959470445,
          34.42981399624708
        ]
      }
    },
    {
      "type": "Feature",
      "properties": {
        "id": 1903,
        "height_m": 7.9
      },
      "geometry": {
        "type": "Point",
        "coordinates": [
          -119.15629050077919,
          34.43550514880119
        ]
      }
    },
    {
      "type": "Feature",
      "properties": {
        "id": 1904,
        "height_m": 13.4
      },
      "geometry": {
        "type": "Point",
        "coordinates": [
          -119.15628396656636,
          34.43222126981655
        ]
      }
    },
    {
      "type": "Feature",
      "properties": {
        "id": 1905,
        "height_m": 17.6
      },
      "geometry": {
        "type": "Point",
        "coordinates": [
          -119.15628178849542,
          34.430287128068436
        ]
      }
    },
    {
      "type": "Feature",
      "properties": {
        "id": 1906,
        "height_m": 15.8
      },
      "geometry": {
        "type": "Point",
        "coordinates": [
          -119.15628178849542,
          34.430825394551434
        ]
      }
    },
    {
      "type": "Feature",
      "properties": {
        "id": 1907,
        "height_m": 10.8
      },
      "geometry": {
        "type": "Point",
        "coordinates": [
          -119.15627961042448,
          34.43556304647853
        ]
      }
    },
    {
      "type": "Feature",
      "properties": {
        "id": 1908,
        "height_m": 9.7
      },
      "geometry": {
        "type": "Point",
        "coordinates": [
          -119.1562774312656,
          34.4331449174326
        ]
      }
    },
    {
      "type": "Feature",
      "properties": {
        "id": 1909,
        "height_m": 4.2
      },
      "geometry": {
        "type": "Point",
        "coordinates": [
          -119.15627416415917,
          34.434172599853106
        ]
      }
    },
    {
      "type": "Feature",
      "properties": {
        "id": 1910,
        "height_m": 4.3
      },
      "geometry": {
        "type": "Point",
        "coordinates": [
          -119.1562730751237,
          34.43520932850399
        ]
      }
    },
    {
      "type": "Feature",
      "properties": {
        "id": 1911,
        "height_m": 4.2
      },
      "geometry": {
        "type": "Point",
        "coordinates": [
          -119.15627089705276,
          34.431030750741954
        ]
      }
    },
    {
      "type": "Feature",
      "properties": {
        "id": 1912,
        "height_m": 13.4
      },
      "geometry": {
        "type": "Point",
        "coordinates": [
          -119.15627089705276,
          34.43291965953526
        ]
      }
    },
    {
      "type": "Feature",
      "properties": {
        "id": 1913,
        "height_m": 17.0
      },
      "geometry": {
        "type": "Point",
        "coordinates": [
          -119.15626762994634,
          34.43050153048933
        ]
      }
    },
    {
      "type": "Feature",
      "properties": {
        "id": 1914,
        "height_m": 7.5
      },
      "geometry": {
        "type": "Point",
        "coordinates": [
          -119.15626436283993,
          34.432510757301756
        ]
      }
    },
    {
      "type": "Feature",
      "properties": {
        "id": 1915,
        "height_m": 16.6
      },
      "geometry": {
        "type": "Point",
        "coordinates": [
          -119.15626327380446,
          34.43074669009351
        ]
      }
    },
    {
      "type": "Feature",
      "properties": {
        "id": 1916,
        "height_m": 4.9
      },
      "geometry": {
        "type": "Point",
        "coordinates": [
          -119.15626327380446,
          34.432470047912865
        ]
      }
    },
    {
      "type": "Feature",
      "properties": {
        "id": 1917,
        "height_m": 14.2
      },
      "geometry": {
        "type": "Point",
        "coordinates": [
          -119.15626218368104,
          34.43229997427448
        ]
      }
    },
    {
      "type": "Feature",
      "properties": {
        "id": 1918,
        "height_m": 15.3
      },
      "geometry": {
        "type": "Point",
        "coordinates": [
          -119.15625673850369,
          34.43270616218813
        ]
      }
    },
    {
      "type": "Feature",
      "properties": {
        "id": 1919,
        "height_m": 6.6
      },
      "geometry": {
        "type": "Point",
        "coordinates": [
          -119.15625347139728,
          34.4318087490909
        ]
      }
    },
    {
      "type": "Feature",
      "properties": {
        "id": 1920,
        "height_m": 14.9
      },
      "geometry": {
        "type": "Point",
        "coordinates": [
          -119.15624911525539,
          34.43197972780306
        ]
      }
    },
    {
      "type": "Feature",
      "properties": {
        "id": 1921,
        "height_m": 15.0
      },
      "geometry": {
        "type": "Point",
        "coordinates": [
          -119.15624802621991,
          34.4328644752763
        ]
      }
    },
    {
      "type": "Feature",
      "properties": {
        "id": 1922,
        "height_m": 16.1
      },
      "geometry": {
        "type": "Point",
        "coordinates": [
          -119.1562393128482,
          34.430350453483996
        ]
      }
    },
    {
      "type": "Feature",
      "properties": {
        "id": 1923,
        "height_m": 16.8
      },
      "geometry": {
        "type": "Point",
        "coordinates": [
          -119.15623822381274,
          34.43066436714342
        ]
      }
    },
    {
      "type": "Feature",
      "properties": {
        "id": 1924,
        "height_m": 14.1
      },
      "geometry": {
        "type": "Point",
        "coordinates": [
          -119.15622951044101,
          34.4321172350121
        ]
      }
    },
    {
      "type": "Feature",
      "properties": {
        "id": 1925,
        "height_m": 3.9
      },
      "geometry": {
        "type": "Point",
        "coordinates": [
          -119.15622951044101,
          34.434287490134004
        ]
      }
    },
    {
      "type": "Feature",
      "properties": {
        "id": 1926,
        "height_m": 15.7
      },
      "geometry": {
        "type": "Point",
        "coordinates": [
          -119.15622842140554,
          34.4302418960151
        ]
      }
    },
    {
      "type": "Feature",
      "properties": {
        "id": 1927,
        "height_m": 15.9
      },
      "geometry": {
        "type": "Point",
        "coordinates": [
          -119.15622406526366,
          34.43217422761566
        ]
      }
    },
    {
      "type": "Feature",
      "properties": {
        "id": 1928,
        "height_m": 14.3
      },
      "geometry": {
        "type": "Point",
        "coordinates": [
          -119.15621426394442,
          34.432940466315856
        ]
      }
    },
    {
      "type": "Feature",
      "properties": {
        "id": 1929,
        "height_m": 4.1
      },
      "geometry": {
        "type": "Point",
        "coordinates": [
          -119.15621426394442,
          34.43519847212607
        ]
      }
    },
    {
      "type": "Feature",
      "properties": {
        "id": 1930,
        "height_m": 9.5
      },
      "geometry": {
        "type": "Point",
        "coordinates": [
          -119.156213173821,
          34.42989541502485
        ]
      }
    },
    {
      "type": "Feature",
      "properties": {
        "id": 1931,
        "height_m": 20.5
      },
      "geometry": {
        "type": "Point",
        "coordinates": [
          -119.15621099575006,
          34.43016771422162
        ]
      }
    },
    {
      "type": "Feature",
      "properties": {
        "id": 1932,
        "height_m": 12.5
      },
      "geometry": {
        "type": "Point",
        "coordinates": [
          -119.15621099575006,
          34.430872436752324
        ]
      }
    },
    {
      "type": "Feature",
      "properties": {
        "id": 1933,
        "height_m": 15.0
      },
      "geometry": {
        "type": "Point",
        "coordinates": [
          -119.15620990671458,
          34.42983118453552
        ]
      }
    },
    {
      "type": "Feature",
      "properties": {
        "id": 1934,
        "height_m": 4.5
      },
      "geometry": {
        "type": "Point",
        "coordinates": [
          -119.15620990671458,
          34.432517995187524
        ]
      }
    },
    {
      "type": "Feature",
      "properties": {
        "id": 1935,
        "height_m": 15.5
      },
      "geometry": {
        "type": "Point",
        "coordinates": [
          -119.1562011944308,
          34.43204486246469
        ]
      }
    },
    {
      "type": "Feature",
      "properties": {
        "id": 1936,
        "height_m": 7.6
      },
      "geometry": {
        "type": "Point",
        "coordinates": [
          -119.1562011944308,
          34.43300741022356
        ]
      }
    },
    {
      "type": "Feature",
      "properties": {
        "id": 1937,
        "height_m": 9.5
      },
      "geometry": {
        "type": "Point",
        "coordinates": [
          -119.15620010539534,
          34.43313225180861
        ]
      }
    },
    {
      "type": "Feature",
      "properties": {
        "id": 1938,
        "height_m": 9.9
      },
      "geometry": {
        "type": "Point",
        "coordinates": [
          -119.15619901635986,
          34.43040473266918
        ]
      }
    },
    {
      "type": "Feature",
      "properties": {
        "id": 1939,
        "height_m": 21.0
      },
      "geometry": {
        "type": "Point",
        "coordinates": [
          -119.15619030298815,
          34.43239677209463
        ]
      }
    },
    {
      "type": "Feature",
      "properties": {
        "id": 1940,
        "height_m": 26.8
      },
      "geometry": {
        "type": "Point",
        "coordinates": [
          -119.15619030298815,
          34.433507681637515
        ]
      }
    },
    {
      "type": "Feature",
      "properties": {
        "id": 1941,
        "height_m": 15.7
      },
      "geometry": {
        "type": "Point",
        "coordinates": [
          -119.15618921395269,
          34.4300202566099
        ]
      }
    },
    {
      "type": "Feature",
      "properties": {
        "id": 1942,
        "height_m": 14.6
      },
      "geometry": {
        "type": "Point",
        "coordinates": [
          -119.15618921395269,
          34.43048524637319
        ]
      }
    },
    {
      "type": "Feature",
      "properties": {
        "id": 1943,
        "height_m": 9.0
      },
      "geometry": {
        "type": "Point",
        "coordinates": [
          -119.15618376877532,
          34.435582044013046
        ]
      }
    },
    {
      "type": "Feature",
      "properties": {
        "id": 1944,
        "height_m": 13.5
      },
      "geometry": {
        "type": "Point",
        "coordinates": [
          -119.15618158961644,
          34.43197972780306
        ]
      }
    },
    {
      "type": "Feature",
      "properties": {
        "id": 1945,
        "height_m": 18.8
      },
      "geometry": {
        "type": "Point",
        "coordinates": [
          -119.1561794115455,
          34.430713218590384
        ]
      }
    },
    {
      "type": "Feature",
      "properties": {
        "id": 1946,
        "height_m": 16.6
      },
      "geometry": {
        "type": "Point",
        "coordinates": [
          -119.15617614443909,
          34.43079192304831
        ]
      }
    },
    {
      "type": "Feature",
      "properties": {
        "id": 1947,
        "height_m": 15.5
      },
      "geometry": {
        "type": "Point",
        "coordinates": [
          -119.15617614443909,
          34.43227554900174
        ]
      }
    },
    {
      "type": "Feature",
      "properties": {
        "id": 1948,
        "height_m": 13.4
      },
      "geometry": {
        "type": "Point",
        "coordinates": [
          -119.15617614443909,
          34.43246009751019
        ]
      }
    },
    {
      "type": "Feature",
      "properties": {
        "id": 1949,
        "height_m": 13.2
      },
      "geometry": {
        "type": "Point",
        "coordinates": [
          -119.15617614443909,
          34.43290699391126
        ]
      }
    },
    {
      "type": "Feature",
      "properties": {
        "id": 1950,
        "height_m": 14.5
      },
      "geometry": {
        "type": "Point",
        "coordinates": [
          -119.1561717882972,
          34.4306317998126
        ]
      }
    },
    {
      "type": "Feature",
      "properties": {
        "id": 1951,
        "height_m": 4.5
      },
      "geometry": {
        "type": "Point",
        "coordinates": [
          -119.15617069926172,
          34.43520751925791
        ]
      }
    },
    {
      "type": "Feature",
      "properties": {
        "id": 1952,
        "height_m": 5.1
      },
      "geometry": {
        "type": "Point",
        "coordinates": [
          -119.15616961022626,
          34.4351478123345
        ]
      }
    },
    {
      "type": "Feature",
      "properties": {
        "id": 1953,
        "height_m": 6.6
      },
      "geometry": {
        "type": "Point",
        "coordinates": [
          -119.15616852119078,
          34.43302821700416
        ]
      }
    },
    {
      "type": "Feature",
      "properties": {
        "id": 1954,
        "height_m": 26.8
      },
      "geometry": {
        "type": "Point",
        "coordinates": [
          -119.15616525299642,
          34.432609364367984
        ]
      }
    },
    {
      "type": "Feature",
      "properties": {
        "id": 1955,
        "height_m": 18.1
      },
      "geometry": {
        "type": "Point",
        "coordinates": [
          -119.15615762974812,
          34.43219684364233
        ]
      }
    },
    {
      "type": "Feature",
      "properties": {
        "id": 1956,
        "height_m": 13.2
      },
      "geometry": {
        "type": "Point",
        "coordinates": [
          -119.15615436264171,
          34.430538620484604
        ]
      }
    },
    {
      "type": "Feature",
      "properties": {
        "id": 1957,
        "height_m": 10.3
      },
      "geometry": {
        "type": "Point",
        "coordinates": [
          -119.15615327360624,
          34.43127591034612
        ]
      }
    },
    {
      "type": "Feature",
      "properties": {
        "id": 1958,
        "height_m": 14.5
      },
      "geometry": {
        "type": "Point",
        "coordinates": [
          -119.1561510955353,
          34.4304517739686
        ]
      }
    },
    {
      "type": "Feature",
      "properties": {
        "id": 1959,
        "height_m": 17.1
      },
      "geometry": {
        "type": "Point",
        "coordinates": [
          -119.1561510955353,
          34.4309538555301
        ]
      }
    },
    {
      "type": "Feature",
      "properties": {
        "id": 1960,
        "height_m": 15.3
      },
      "geometry": {
        "type": "Point",
        "coordinates": [
          -119.15615000649983,
          34.42987551241656
        ]
      }
    },
    {
      "type": "Feature",
      "properties": {
        "id": 1961,
        "height_m": 17.0
      },
      "geometry": {
        "type": "Point",
        "coordinates": [
          -119.15615000649983,
          34.43107869711515
        ]
      }
    },
    {
      "type": "Feature",
      "properties": {
        "id": 1962,
        "height_m": 8.9
      },
      "geometry": {
        "type": "Point",
        "coordinates": [
          -119.15615000649983,
          34.43187569299861
        ]
      }
    },
    {
      "type": "Feature",
      "properties": {
        "id": 1963,
        "height_m": 12.0
      },
      "geometry": {
        "type": "Point",
        "coordinates": [
          -119.15614673830547,
          34.42993612351228
        ]
      }
    },
    {
      "type": "Feature",
      "properties": {
        "id": 1964,
        "height_m": 0.0
      },
      "geometry": {
        "type": "Point",
        "coordinates": [
          -119.15614347119904,
          34.433134966128456
        ]
      }
    },
    {
      "type": "Feature",
      "properties": {
        "id": 1965,
        "height_m": 22.2
      },
      "geometry": {
        "type": "Point",
        "coordinates": [
          -119.15614238216358,
          34.430126100660424
        ]
      }
    },
    {
      "type": "Feature",
      "properties": {
        "id": 1966,
        "height_m": 18.0
      },
      "geometry": {
        "type": "Point",
        "coordinates": [
          -119.15614238216358,
          34.432130804808395
        ]
      }
    },
    {
      "type": "Feature",
      "properties": {
        "id": 1967,
        "height_m": 7.3
      },
      "geometry": {
        "type": "Point",
        "coordinates": [
          -119.15614238216358,
          34.43272063615673
        ]
      }
    },
    {
      "type": "Feature",
      "properties": {
        "id": 1968,
        "height_m": 15.7
      },
      "geometry": {
        "type": "Point",
        "coordinates": [
          -119.1561412931281,
          34.43294137048816
        ]
      }
    },
    {
      "type": "Feature",
      "properties": {
        "id": 1969,
        "height_m": 14.0
      },
      "geometry": {
        "type": "Point",
        "coordinates": [
          -119.15614020409264,
          34.429988593451384
        ]
      }
    },
    {
      "type": "Feature",
      "properties": {
        "id": 1970,
        "height_m": 13.5
      },
      "geometry": {
        "type": "Point",
        "coordinates": [
          -119.15613040168545,
          34.431939923487946
        ]
      }
    },
    {
      "type": "Feature",
      "properties": {
        "id": 1971,
        "height_m": 13.1
      },
      "geometry": {
        "type": "Point",
        "coordinates": [
          -119.1561249565081,
          34.43118001759975
        ]
      }
    },
    {
      "type": "Feature",
      "properties": {
        "id": 1972,
        "height_m": 15.9
      },
      "geometry": {
        "type": "Point",
        "coordinates": [
          -119.1561151541009,
          34.43020570929066
        ]
      }
    },
    {
      "type": "Feature",
      "properties": {
        "id": 1973,
        "height_m": 5.2
      },
      "geometry": {
        "type": "Point",
        "coordinates": [
          -119.1561151541009,
          34.43517223760725
        ]
      }
    },
    {
      "type": "Feature",
      "properties": {
        "id": 1974,
        "height_m": 10.6
      },
      "geometry": {
        "type": "Point",
        "coordinates": [
          -119.15611406506544,
          34.43086881826017
        ]
      }
    },
    {
      "type": "Feature",
      "properties": {
        "id": 1975,
        "height_m": 15.1
      },
      "geometry": {
        "type": "Point",
        "coordinates": [
          -119.15611406506544,
          34.43240762757108
        ]
      }
    },
    {
      "type": "Feature",
      "properties": {
        "id": 1976,
        "height_m": 15.4
      },
      "geometry": {
        "type": "Point",
        "coordinates": [
          -119.15611406506544,
          34.43253699272205
        ]
      }
    },
    {
      "type": "Feature",
      "properties": {
        "id": 1977,
        "height_m": 14.8
      },
      "geometry": {
        "type": "Point",
        "coordinates": [
          -119.15611297602996,
          34.43036221403422
        ]
      }
    },
    {
      "type": "Feature",
      "properties": {
        "id": 1978,
        "height_m": 7.8
      },
      "geometry": {
        "type": "Point",
        "coordinates": [
          -119.15610861988807,
          34.431870265260386
        ]
      }
    },
    {
      "type": "Feature",
      "properties": {
        "id": 1979,
        "height_m": 11.1
      },
      "geometry": {
        "type": "Point",
        "coordinates": [
          -119.15610644181713,
          34.43062184850846
        ]
      }
    },
    {
      "type": "Feature",
      "properties": {
        "id": 1980,
        "height_m": 17.8
      },
      "geometry": {
        "type": "Point",
        "coordinates": [
          -119.15610644181713,
          34.43069512522816
        ]
      }
    },
    {
      "type": "Feature",
      "properties": {
        "id": 1981,
        "height_m": 13.6
      },
      "geometry": {
        "type": "Point",
        "coordinates": [
          -119.15610426374619,
          34.432875331654216
        ]
      }
    },
    {
      "type": "Feature",
      "properties": {
        "id": 1982,
        "height_m": 18.0
      },
      "geometry": {
        "type": "Point",
        "coordinates": [
          -119.15610317471072,
          34.43025817922977
        ]
      }
    },
    {
      "type": "Feature",
      "properties": {
        "id": 1983,
        "height_m": 14.8
      },
      "geometry": {
        "type": "Point",
        "coordinates": [
          -119.15610099663978,
          34.43227283468189
        ]
      }
    },
    {
      "type": "Feature",
      "properties": {
        "id": 1984,
        "height_m": 5.7
      },
      "geometry": {
        "type": "Point",
        "coordinates": [
          -119.15609990651636,
          34.435101675207385
        ]
      }
    },
    {
      "type": "Feature",
      "properties": {
        "id": 1985,
        "height_m": 14.2
      },
      "geometry": {
        "type": "Point",
        "coordinates": [
          -119.15609881748088,
          34.432318971809
        ]
      }
    },
    {
      "type": "Feature",
      "properties": {
        "id": 1986,
        "height_m": 4.0
      },
      "geometry": {
        "type": "Point",
        "coordinates": [
          -119.15609772844542,
          34.434355339115484
        ]
      }
    },
    {
      "type": "Feature",
      "properties": {
        "id": 1987,
        "height_m": 13.9
      },
      "geometry": {
        "type": "Point",
        "coordinates": [
          -119.15609010519712,
          34.43130757350464
        ]
      }
    },
    {
      "type": "Feature",
      "properties": {
        "id": 1988,
        "height_m": 4.6
      },
      "geometry": {
        "type": "Point",
        "coordinates": [
          -119.15608901616164,
          34.43423321094882
        ]
      }
    },
    {
      "type": "Feature",
      "properties": {
        "id": 1989,
        "height_m": 33.6
      },
      "geometry": {
        "type": "Point",
        "coordinates": [
          -119.15608574905524,
          34.433574625545226
        ]
      }
    },
    {
      "type": "Feature",
      "properties": {
        "id": 1990,
        "height_m": 17.7
      },
      "geometry": {
        "type": "Point",
        "coordinates": [
          -119.1560813918254,
          34.43081544324729
        ]
      }
    },
    {
      "type": "Feature",
      "properties": {
        "id": 1991,
        "height_m": 16.5
      },
      "geometry": {
        "type": "Point",
        "coordinates": [
          -119.1560813918254,
          34.43220770002025
        ]
      }
    },
    {
      "type": "Feature",
      "properties": {
        "id": 1992,
        "height_m": 17.5
      },
      "geometry": {
        "type": "Point",
        "coordinates": [
          -119.15608030278993,
          34.42990355618146
        ]
      }
    },
    {
      "type": "Feature",
      "properties": {
        "id": 1993,
        "height_m": 18.9
      },
      "geometry": {
        "type": "Point",
        "coordinates": [
          -119.15607921375445,
          34.43092219237158
        ]
      }
    },
    {
      "type": "Feature",
      "properties": {
        "id": 1994,
        "height_m": 3.9
      },
      "geometry": {
        "type": "Point",
        "coordinates": [
          -119.15607812471899,
          34.43443856623787
        ]
      }
    },
    {
      "type": "Feature",
      "properties": {
        "id": 1995,
        "height_m": 15.9
      },
      "geometry": {
        "type": "Point",
        "coordinates": [
          -119.15607267954164,
          34.430992754771445
        ]
      }
    },
    {
      "type": "Feature",
      "properties": {
        "id": 1996,
        "height_m": 14.8
      },
      "geometry": {
        "type": "Point",
        "coordinates": [
          -119.15607267954164,
          34.43199239342705
        ]
      }
    },
    {
      "type": "Feature",
      "properties": {
        "id": 1997,
        "height_m": 13.2
      },
      "geometry": {
        "type": "Point",
        "coordinates": [
          -119.1560705014707,
          34.43109498032982
        ]
      }
    },
    {
      "type": "Feature",
      "properties": {
        "id": 1998,
        "height_m": 7.7
      },
      "geometry": {
        "type": "Point",
        "coordinates": [
          -119.15606614424085,
          34.43187840731846
        ]
      }
    },
    {
      "type": "Feature",
      "properties": {
        "id": 1999,
        "height_m": 18.9
      },
      "geometry": {
        "type": "Point",
        "coordinates": [
          -119.15606396616991,
          34.430035635652274
        ]
      }
    },
    {
      "type": "Feature",
      "properties": {
        "id": 2000,
        "height_m": 6.7
      },
      "geometry": {
        "type": "Point",
        "coordinates": [
          -119.15606396616991,
          34.43153825914021
        ]
      }
    },
    {
      "type": "Feature",
      "properties": {
        "id": 2001,
        "height_m": 28.1
      },
      "geometry": {
        "type": "Point",
        "coordinates": [
          -119.15606178809897,
          34.433478732798854
        ]
      }
    },
    {
      "type": "Feature",
      "properties": {
        "id": 2002,
        "height_m": 6.8
      },
      "geometry": {
        "type": "Point",
        "coordinates": [
          -119.1560606990635,
          34.432584939095236
        ]
      }
    },
    {
      "type": "Feature",
      "properties": {
        "id": 2003,
        "height_m": 11.9
      },
      "geometry": {
        "type": "Point",
        "coordinates": [
          -119.15605961002802,
          34.43124424808908
        ]
      }
    },
    {
      "type": "Feature",
      "properties": {
        "id": 2004,
        "height_m": 5.5
      },
      "geometry": {
        "type": "Point",
        "coordinates": [
          -119.15605307581521,
          34.435041968283976
        ]
      }
    },
    {
      "type": "Feature",
      "properties": {
        "id": 2005,
        "height_m": 4.4
      },
      "geometry": {
        "type": "Point",
        "coordinates": [
          -119.15605307581521,
          34.43511614917598
        ]
      }
    },
    {
      "type": "Feature",
      "properties": {
        "id": 2006,
        "height_m": 17.2
      },
      "geometry": {
        "type": "Point",
        "coordinates": [
          -119.15605089665631,
          34.432457383190346
        ]
      }
    },
    {
      "type": "Feature",
      "properties": {
        "id": 2007,
        "height_m": 14.7
      },
      "geometry": {
        "type": "Point",
        "coordinates": [
          -119.15604980762085,
          34.43058294836565
        ]
      }
    },
    {
      "type": "Feature",
      "properties": {
        "id": 2008,
        "height_m": 14.9
      },
      "geometry": {
        "type": "Point",
        "coordinates": [
          -119.15604654051442,
          34.430666176389494
        ]
      }
    },
    {
      "type": "Feature",
      "properties": {
        "id": 2009,
        "height_m": 13.2
      },
      "geometry": {
        "type": "Point",
        "coordinates": [
          -119.15604654051442,
          34.43229725995463
        ]
      }
    },
    {
      "type": "Feature",
      "properties": {
        "id": 2010,
        "height_m": 15.4
      },
      "geometry": {
        "type": "Point",
        "coordinates": [
          -119.15604654051442,
          34.432666356971545
        ]
      }
    },
    {
      "type": "Feature",
      "properties": {
        "id": 2011,
        "height_m": 4.7
      },
      "geometry": {
        "type": "Point",
        "coordinates": [
          -119.15604545147896,
          34.43450008240736
        ]
      }
    },
    {
      "type": "Feature",
      "properties": {
        "id": 2012,
        "height_m": 10.4
      },
      "geometry": {
        "type": "Point",
        "coordinates": [
          -119.15604327340802,
          34.43044996472253
        ]
      }
    },
    {
      "type": "Feature",
      "properties": {
        "id": 2013,
        "height_m": 17.4
      },
      "geometry": {
        "type": "Point",
        "coordinates": [
          -119.15604109533707,
          34.43029436505274
        ]
      }
    },
    {
      "type": "Feature",
      "properties": {
        "id": 2014,
        "height_m": 4.6
      },
      "geometry": {
        "type": "Point",
        "coordinates": [
          -119.1560400063016,
          34.435165000622945
        ]
      }
    },
    {
      "type": "Feature",
      "properties": {
        "id": 2015,
        "height_m": 12.1
      },
      "geometry": {
        "type": "Point",
        "coordinates": [
          -119.15603020389442,
          34.4319091654032
        ]
      }
    },
    {
      "type": "Feature",
      "properties": {
        "id": 2016,
        "height_m": 12.0
      },
      "geometry": {
        "type": "Point",
        "coordinates": [
          -119.156026936788,
          34.431379945150574
        ]
      }
    },
    {
      "type": "Feature",
      "properties": {
        "id": 2017,
        "height_m": 13.9
      },
      "geometry": {
        "type": "Point",
        "coordinates": [
          -119.156026936788,
          34.4314722194048
        ]
      }
    },
    {
      "type": "Feature",
      "properties": {
        "id": 2018,
        "height_m": 18.6
      },
      "geometry": {
        "type": "Point",
        "coordinates": [
          -119.15602584775253,
          34.4307810666704
        ]
      }
    },
    {
      "type": "Feature",
      "properties": {
        "id": 2019,
        "height_m": 10.6
      },
      "geometry": {
        "type": "Point",
        "coordinates": [
          -119.15602258064611,
          34.43236691818219
        ]
      }
    },
    {
      "type": "Feature",
      "properties": {
        "id": 2020,
        "height_m": 18.0
      },
      "geometry": {
        "type": "Point",
        "coordinates": [
          -119.15602040257517,
          34.43222850680085
        ]
      }
    },
    {
      "type": "Feature",
      "properties": {
        "id": 2021,
        "height_m": 4.6
      },
      "geometry": {
        "type": "Point",
        "coordinates": [
          -119.1560171343808,
          34.43453355481195
        ]
      }
    },
    {
      "type": "Feature",
      "properties": {
        "id": 2022,
        "height_m": 15.2
      },
      "geometry": {
        "type": "Point",
        "coordinates": [
          -119.1560138672744,
          34.43205933733476
        ]
      }
    },
    {
      "type": "Feature",
      "properties": {
        "id": 2023,
        "height_m": 13.4
      },
      "geometry": {
        "type": "Point",
        "coordinates": [
          -119.15601168920345,
          34.43118001759975
        ]
      }
    },
    {
      "type": "Feature",
      "properties": {
        "id": 2024,
        "height_m": 18.9
      },
      "geometry": {
        "type": "Point",
        "coordinates": [
          -119.15600951113251,
          34.43017133271377
        ]
      }
    },
    {
      "type": "Feature",
      "properties": {
        "id": 2025,
        "height_m": 11.0
      },
      "geometry": {
        "type": "Point",
        "coordinates": [
          -119.15600842209705,
          34.430632703984905
        ]
      }
    },
    {
      "type": "Feature",
      "properties": {
        "id": 2026,
        "height_m": 6.7
      },
      "geometry": {
        "type": "Point",
        "coordinates": [
          -119.1560007977608,
          34.43172099840259
        ]
      }
    },
    {
      "type": "Feature",
      "properties": {
        "id": 2027,
        "height_m": 8.6
      },
      "geometry": {
        "type": "Point",
        "coordinates": [
          -119.15599970872532,
          34.43364337960048
        ]
      }
    },
    {
      "type": "Feature",
      "properties": {
        "id": 2028,
        "height_m": 6.5
      },
      "geometry": {
        "type": "Point",
        "coordinates": [
          -119.15599970872532,
          34.43507182129495
        ]
      }
    },
    {
      "type": "Feature",
      "properties": {
        "id": 2029,
        "height_m": 18.3
      },
      "geometry": {
        "type": "Point",
        "coordinates": [
          -119.15599753065437,
          34.429892700705004
        ]
      }
    },
    {
      "type": "Feature",
      "properties": {
        "id": 2030,
        "height_m": 19.3
      },
      "geometry": {
        "type": "Point",
        "coordinates": [
          -119.15599753065437,
          34.42996688249848
        ]
      }
    },
    {
      "type": "Feature",
      "properties": {
        "id": 2031,
        "height_m": 4.4
      },
      "geometry": {
        "type": "Point",
        "coordinates": [
          -119.15599644161891,
          34.43521023267629
        ]
      }
    },
    {
      "type": "Feature",
      "properties": {
        "id": 2032,
        "height_m": 16.7
      },
      "geometry": {
        "type": "Point",
        "coordinates": [
          -119.15599317451249,
          34.43039568643881
        ]
      }
    },
    {
      "type": "Feature",
      "properties": {
        "id": 2033,
        "height_m": 16.3
      },
      "geometry": {
        "type": "Point",
        "coordinates": [
          -119.15599317451249,
          34.43200867664173
        ]
      }
    },
    {
      "type": "Feature",
      "properties": {
        "id": 2034,
        "height_m": 15.1
      },
      "geometry": {
        "type": "Point",
        "coordinates": [
          -119.15599099644156,
          34.43131752390732
        ]
      }
    },
    {
      "type": "Feature",
      "properties": {
        "id": 2035,
        "height_m": 7.1
      },
      "geometry": {
        "type": "Point",
        "coordinates": [
          -119.15598990740608,
          34.431608821540074
        ]
      }
    },
    {
      "type": "Feature",
      "properties": {
        "id": 2036,
        "height_m": 16.8
      },
      "geometry": {
        "type": "Point",
        "coordinates": [
          -119.15598772933514,
          34.4310832197796
        ]
      }
    },
    {
      "type": "Feature",
      "properties": {
        "id": 2037,
        "height_m": 16.7
      },
      "geometry": {
        "type": "Point",
        "coordinates": [
          -119.15598772933514,
          34.432157039327215
        ]
      }
    },
    {
      "type": "Feature",
      "properties": {
        "id": 2038,
        "height_m": 10.0
      },
      "geometry": {
        "type": "Point",
        "coordinates": [
          -119.15598446114078,
          34.430572997061496
        ]
      }
    },
    {
      "type": "Feature",
      "properties": {
        "id": 2039,
        "height_m": 10.5
      },
      "geometry": {
        "type": "Point",
        "coordinates": [
          -119.15598446114078,
          34.433093351665796
        ]
      }
    },
    {
      "type": "Feature",
      "properties": {
        "id": 2040,
        "height_m": 16.6
      },
      "geometry": {
        "type": "Point",
        "coordinates": [
          -119.15598119403437,
          34.43046805808474
        ]
      }
    },
    {
      "type": "Feature",
      "properties": {
        "id": 2041,
        "height_m": 15.6
      },
      "geometry": {
        "type": "Point",
        "coordinates": [
          -119.15598010499889,
          34.430706885778385
        ]
      }
    },
    {
      "type": "Feature",
      "properties": {
        "id": 2042,
        "height_m": 11.5
      },
      "geometry": {
        "type": "Point",
        "coordinates": [
          -119.15598010499889,
          34.43150478673562
        ]
      }
    },
    {
      "type": "Feature",
      "properties": {
        "id": 2043,
        "height_m": 5.6
      },
      "geometry": {
        "type": "Point",
        "coordinates": [
          -119.15597792692795,
          34.43299745891942
        ]
      }
    },
    {
      "type": "Feature",
      "properties": {
        "id": 2044,
        "height_m": 15.5
      },
      "geometry": {
        "type": "Point",
        "coordinates": [
          -119.155975748857,
          34.43126595904198
        ]
      }
    },
    {
      "type": "Feature",
      "properties": {
        "id": 2045,
        "height_m": 3.8
      },
      "geometry": {
        "type": "Point",
        "coordinates": [
          -119.15597465982154,
          34.4351550493188
        ]
      }
    },
    {
      "type": "Feature",
      "properties": {
        "id": 2046,
        "height_m": 16.0
      },
      "geometry": {
        "type": "Point",
        "coordinates": [
          -119.15597357078606,
          34.430869722432476
        ]
      }
    },
    {
      "type": "Feature",
      "properties": {
        "id": 2047,
        "height_m": 5.9
      },
      "geometry": {
        "type": "Point",
        "coordinates": [
          -119.15597357078606,
          34.43168571675193
        ]
      }
    },
    {
      "type": "Feature",
      "properties": {
        "id": 2048,
        "height_m": 10.4
      },
      "geometry": {
        "type": "Point",
        "coordinates": [
          -119.15596921355623,
          34.43256141799479
        ]
      }
    },
    {
      "type": "Feature",
      "properties": {
        "id": 2049,
        "height_m": 26.5
      },
      "geometry": {
        "type": "Point",
        "coordinates": [
          -119.15596921355623,
          34.43350677746521
        ]
      }
    },
    {
      "type": "Feature",
      "properties": {
        "id": 2050,
        "height_m": 11.5
      },
      "geometry": {
        "type": "Point",
        "coordinates": [
          -119.15596703548529,
          34.43242391078576
        ]
      }
    },
    {
      "type": "Feature",
      "properties": {
        "id": 2051,
        "height_m": 14.3
      },
      "geometry": {
        "type": "Point",
        "coordinates": [
          -119.1559626793434,
          34.43192725876542
        ]
      }
    },
    {
      "type": "Feature",
      "properties": {
        "id": 2052,
        "height_m": 22.9
      },
      "geometry": {
        "type": "Point",
        "coordinates": [
          -119.15595723416605,
          34.43009443750191
        ]
      }
    },
    {
      "type": "Feature",
      "properties": {
        "id": 2053,
        "height_m": 18.4
      },
      "geometry": {
        "type": "Point",
        "coordinates": [
          -119.15595723416605,
          34.43233796934352
        ]
      }
    },
    {
      "type": "Feature",
      "properties": {
        "id": 2054,
        "height_m": 14.5
      },
      "geometry": {
        "type": "Point",
        "coordinates": [
          -119.15595614513057,
          34.43261026944175
        ]
      }
    },
    {
      "type": "Feature",
      "properties": {
        "id": 2055,
        "height_m": 4.7
      },
      "geometry": {
        "type": "Point",
        "coordinates": [
          -119.15595614513057,
          34.43433362726112
        ]
      }
    },
    {
      "type": "Feature",
      "properties": {
        "id": 2056,
        "height_m": 7.5
      },
      "geometry": {
        "type": "Point",
        "coordinates": [
          -119.15595505609511,
          34.43175356573341
        ]
      }
    },
    {
      "type": "Feature",
      "properties": {
        "id": 2057,
        "height_m": 13.8
      },
      "geometry": {
        "type": "Point",
        "coordinates": [
          -119.1559463427234,
          34.43102260868388
        ]
      }
    },
    {
      "type": "Feature",
      "properties": {
        "id": 2058,
        "height_m": 16.2
      },
      "geometry": {
        "type": "Point",
        "coordinates": [
          -119.1559463427234,
          34.4313917057008
        ]
      }
    },
    {
      "type": "Feature",
      "properties": {
        "id": 2059,
        "height_m": 14.7
      },
      "geometry": {
        "type": "Point",
        "coordinates": [
          -119.15594416465245,
          34.43114292670301
        ]
      }
    },
    {
      "type": "Feature",
      "properties": {
        "id": 2060,
        "height_m": 13.5
      },
      "geometry": {
        "type": "Point",
        "coordinates": [
          -119.15594198658151,
          34.43061823001631
        ]
      }
    },
    {
      "type": "Feature",
      "properties": {
        "id": 2061,
        "height_m": 4.4
      },
      "geometry": {
        "type": "Point",
        "coordinates": [
          -119.1559365403162,
          34.43547619996252
        ]
      }
    },
    {
      "type": "Feature",
      "properties": {
        "id": 2062,
        "height_m": 10.1
      },
      "geometry": {
        "type": "Point",
        "coordinates": [
          -119.15593545128073,
          34.430743976675124
        ]
      }
    },
    {
      "type": "Feature",
      "properties": {
        "id": 2063,
        "height_m": 13.6
      },
      "geometry": {
        "type": "Point",
        "coordinates": [
          -119.15593436224526,
          34.43365152075709
        ]
      }
    },
    {
      "type": "Feature",
      "properties": {
        "id": 2064,
        "height_m": 16.2
      },
      "geometry": {
        "type": "Point",
        "coordinates": [
          -119.15592891706791,
          34.4312985263728
        ]
      }
    },
    {
      "type": "Feature",
      "properties": {
        "id": 2065,
        "height_m": 5.7
      },
      "geometry": {
        "type": "Point",
        "coordinates": [
          -119.15592782803243,
          34.43322452606284
        ]
      }
    },
    {
      "type": "Feature",
      "properties": {
        "id": 2066,
        "height_m": 15.0
      },
      "geometry": {
        "type": "Point",
        "coordinates": [
          -119.15592129273166,
          34.430383020814816
        ]
      }
    },
    {
      "type": "Feature",
      "properties": {
        "id": 2067,
        "height_m": 15.1
      },
      "geometry": {
        "type": "Point",
        "coordinates": [
          -119.15591802562524,
          34.43198696568883
        ]
      }
    },
    {
      "type": "Feature",
      "properties": {
        "id": 2068,
        "height_m": 16.1
      },
      "geometry": {
        "type": "Point",
        "coordinates": [
          -119.15591693658978,
          34.43029617429881
        ]
      }
    },
    {
      "type": "Feature",
      "properties": {
        "id": 2069,
        "height_m": 10.5
      },
      "geometry": {
        "type": "Point",
        "coordinates": [
          -119.1559158475543,
          34.43081272982891
        ]
      }
    },
    {
      "type": "Feature",
      "properties": {
        "id": 2070,
        "height_m": 4.9
      },
      "geometry": {
        "type": "Point",
        "coordinates": [
          -119.15591366948335,
          34.43547619996252
        ]
      }
    },
    {
      "type": "Feature",
      "properties": {
        "id": 2071,
        "height_m": 5.4
      },
      "geometry": {
        "type": "Point",
        "coordinates": [
          -119.15591149141241,
          34.43555942798638
        ]
      }
    },
    {
      "type": "Feature",
      "properties": {
        "id": 2072,
        "height_m": 18.6
      },
      "geometry": {
        "type": "Point",
        "coordinates": [
          -119.15590713527054,
          34.429910794067226
        ]
      }
    },
    {
      "type": "Feature",
      "properties": {
        "id": 2073,
        "height_m": 6.4
      },
      "geometry": {
        "type": "Point",
        "coordinates": [
          -119.15590495611164,
          34.4350401590379
        ]
      }
    },
    {
      "type": "Feature",
      "properties": {
        "id": 2074,
        "height_m": 24.8
      },
      "geometry": {
        "type": "Point",
        "coordinates": [
          -119.1559027780407,
          34.432676308275695
        ]
      }
    },
    {
      "type": "Feature",
      "properties": {
        "id": 2075,
        "height_m": 25.7
      },
      "geometry": {
        "type": "Point",
        "coordinates": [
          -119.1559027780407,
          34.43356557931485
        ]
      }
    },
    {
      "type": "Feature",
      "properties": {
        "id": 2076,
        "height_m": 17.8
      },
      "geometry": {
        "type": "Point",
        "coordinates": [
          -119.15589951093429,
          34.43149754975132
        ]
      }
    },
    {
      "type": "Feature",
      "properties": {
        "id": 2077,
        "height_m": 15.9
      },
      "geometry": {
        "type": "Point",
        "coordinates": [
          -119.15589733286335,
          34.43017585627969
        ]
      }
    },
    {
      "type": "Feature",
      "properties": {
        "id": 2078,
        "height_m": 12.1
      },
      "geometry": {
        "type": "Point",
        "coordinates": [
          -119.15589624382787,
          34.43091314614121
        ]
      }
    },
    {
      "type": "Feature",
      "properties": {
        "id": 2079,
        "height_m": 14.7
      },
      "geometry": {
        "type": "Point",
        "coordinates": [
          -119.15589406575693,
          34.43124062869546
        ]
      }
    },
    {
      "type": "Feature",
      "properties": {
        "id": 2080,
        "height_m": 13.9
      },
      "geometry": {
        "type": "Point",
        "coordinates": [
          -119.1558897085271,
          34.43192816293772
        ]
      }
    },
    {
      "type": "Feature",
      "properties": {
        "id": 2081,
        "height_m": 16.5
      },
      "geometry": {
        "type": "Point",
        "coordinates": [
          -119.15588753045616,
          34.432458288264115
        ]
      }
    },
    {
      "type": "Feature",
      "properties": {
        "id": 2082,
        "height_m": 12.8
      },
      "geometry": {
        "type": "Point",
        "coordinates": [
          -119.15588099624333,
          34.43052957425423
        ]
      }
    },
    {
      "type": "Feature",
      "properties": {
        "id": 2083,
        "height_m": 15.7
      },
      "geometry": {
        "type": "Point",
        "coordinates": [
          -119.15587990720786,
          34.43135913836998
        ]
      }
    },
    {
      "type": "Feature",
      "properties": {
        "id": 2084,
        "height_m": 12.5
      },
      "geometry": {
        "type": "Point",
        "coordinates": [
          -119.15587772913692,
          34.43239134345494
        ]
      }
    },
    {
      "type": "Feature",
      "properties": {
        "id": 2085,
        "height_m": 9.8
      },
      "geometry": {
        "type": "Point",
        "coordinates": [
          -119.15587664010144,
          34.43309244749349
        ]
      }
    },
    {
      "type": "Feature",
      "properties": {
        "id": 2086,
        "height_m": 17.0
      },
      "geometry": {
        "type": "Point",
        "coordinates": [
          -119.15587555106598,
          34.43205119527669
        ]
      }
    },
    {
      "type": "Feature",
      "properties": {
        "id": 2087,
        "height_m": 18.9
      },
      "geometry": {
        "type": "Point",
        "coordinates": [
          -119.1558744620305,
          34.432194130223955
        ]
      }
    },
    {
      "type": "Feature",
      "properties": {
        "id": 2088,
        "height_m": 16.4
      },
      "geometry": {
        "type": "Point",
        "coordinates": [
          -119.15587337190708,
          34.43158168194748
        ]
      }
    },
    {
      "type": "Feature",
      "properties": {
        "id": 2089,
        "height_m": 14.0
      },
      "geometry": {
        "type": "Point",
        "coordinates": [
          -119.15587228287161,
          34.43096380593278
        ]
      }
    },
    {
      "type": "Feature",
      "properties": {
        "id": 2090,
        "height_m": 18.0
      },
      "geometry": {
        "type": "Point",
        "coordinates": [
          -119.15587119383613,
          34.43060918378593
        ]
      }
    },
    {
      "type": "Feature",
      "properties": {
        "id": 2091,
        "height_m": 10.8
      },
      "geometry": {
        "type": "Point",
        "coordinates": [
          -119.1558690157652,
          34.4311763991076
        ]
      }
    },
    {
      "type": "Feature",
      "properties": {
        "id": 2092,
        "height_m": 10.2
      },
      "geometry": {
        "type": "Point",
        "coordinates": [
          -119.15586792672973,
          34.4310615088267
        ]
      }
    },
    {
      "type": "Feature",
      "properties": {
        "id": 2093,
        "height_m": 19.8
      },
      "geometry": {
        "type": "Point",
        "coordinates": [
          -119.15586574865878,
          34.43227826242011
        ]
      }
    },
    {
      "type": "Feature",
      "properties": {
        "id": 2094,
        "height_m": 5.7
      },
      "geometry": {
        "type": "Point",
        "coordinates": [
          -119.15586574865878,
          34.432574082717316
        ]
      }
    },
    {
      "type": "Feature",
      "properties": {
        "id": 2095,
        "height_m": 5.8
      },
      "geometry": {
        "type": "Point",
        "coordinates": [
          -119.15585485721613,
          34.43507815410694
        ]
      }
    },
    {
      "type": "Feature",
      "properties": {
        "id": 2096,
        "height_m": 3.6
      },
      "geometry": {
        "type": "Point",
        "coordinates": [
          -119.15585050107424,
          34.43530431617659
        ]
      }
    },
    {
      "type": "Feature",
      "properties": {
        "id": 2097,
        "height_m": 14.2
      },
      "geometry": {
        "type": "Point",
        "coordinates": [
          -119.1558483230033,
          34.430383925888584
        ]
      }
    },
    {
      "type": "Feature",
      "properties": {
        "id": 2098,
        "height_m": 12.2
      },
      "geometry": {
        "type": "Point",
        "coordinates": [
          -119.1558483230033,
          34.43172009332882
        ]
      }
    },
    {
      "type": "Feature",
      "properties": {
        "id": 2099,
        "height_m": 27.4
      },
      "geometry": {
        "type": "Point",
        "coordinates": [
          -119.15584723396783,
          34.43347601938047
        ]
      }
    },
    {
      "type": "Feature",
      "properties": {
        "id": 2100,
        "height_m": 9.0
      },
      "geometry": {
        "type": "Point",
        "coordinates": [
          -119.15584614493235,
          34.43112121575011
        ]
      }
    },
    {
      "type": "Feature",
      "properties": {
        "id": 2101,
        "height_m": 9.1
      },
      "geometry": {
        "type": "Point",
        "coordinates": [
          -119.15584614493235,
          34.435236468096576
        ]
      }
    },
    {
      "type": "Feature",
      "properties": {
        "id": 2102,
        "height_m": 15.3
      },
      "geometry": {
        "type": "Point",
        "coordinates": [
          -119.15584396686141,
          34.43196525383446
        ]
      }
    },
    {
      "type": "Feature",
      "properties": {
        "id": 2103,
        "height_m": 15.9
      },
      "geometry": {
        "type": "Point",
        "coordinates": [
          -119.15584178879047,
          34.43131119199679
        ]
      }
    },
    {
      "type": "Feature",
      "properties": {
        "id": 2104,
        "height_m": 15.0
      },
      "geometry": {
        "type": "Point",
        "coordinates": [
          -119.15583960963158,
          34.431860313956236
        ]
      }
    },
    {
      "type": "Feature",
      "properties": {
        "id": 2105,
        "height_m": 3.0
      },
      "geometry": {
        "type": "Point",
        "coordinates": [
          -119.15583960963158,
          34.43458331043121
        ]
      }
    },
    {
      "type": "Feature",
      "properties": {
        "id": 2106,
        "height_m": 14.3
      },
      "geometry": {
        "type": "Point",
        "coordinates": [
          -119.15583089734781,
          34.43005101469464
        ]
      }
    },
    {
      "type": "Feature",
      "properties": {
        "id": 2107,
        "height_m": 13.5
      },
      "geometry": {
        "type": "Point",
        "coordinates": [
          -119.15582871927687,
          34.43047077240459
        ]
      }
    },
    {
      "type": "Feature",
      "properties": {
        "id": 2108,
        "height_m": 14.6
      },
      "geometry": {
        "type": "Point",
        "coordinates": [
          -119.1558221839761,
          34.43092852518358
        ]
      }
    },
    {
      "type": "Feature",
      "properties": {
        "id": 2109,
        "height_m": 13.7
      },
      "geometry": {
        "type": "Point",
        "coordinates": [
          -119.1558221839761,
          34.43237506024026
        ]
      }
    },
    {
      "type": "Feature",
      "properties": {
        "id": 2110,
        "height_m": 3.3
      },
      "geometry": {
        "type": "Point",
        "coordinates": [
          -119.1558221839761,
          34.43556395065083
        ]
      }
    },
    {
      "type": "Feature",
      "properties": {
        "id": 2111,
        "height_m": 8.2
      },
      "geometry": {
        "type": "Point",
        "coordinates": [
          -119.15582000590516,
          34.431089552591594
        ]
      }
    },
    {
      "type": "Feature",
      "properties": {
        "id": 2112,
        "height_m": 15.7
      },
      "geometry": {
        "type": "Point",
        "coordinates": [
          -119.15581891686968,
          34.43147674297072
        ]
      }
    },
    {
      "type": "Feature",
      "properties": {
        "id": 2113,
        "height_m": 17.8
      },
      "geometry": {
        "type": "Point",
        "coordinates": [
          -119.15581891686968,
          34.43155092386274
        ]
      }
    },
    {
      "type": "Feature",
      "properties": {
        "id": 2114,
        "height_m": 16.9
      },
      "geometry": {
        "type": "Point",
        "coordinates": [
          -119.15581456072779,
          34.43142246378554
        ]
      }
    },
    {
      "type": "Feature",
      "properties": {
        "id": 2115,
        "height_m": 7.2
      },
      "geometry": {
        "type": "Point",
        "coordinates": [
          -119.15581456072779,
          34.43259308115331
        ]
      }
    },
    {
      "type": "Feature",
      "properties": {
        "id": 2116,
        "height_m": 9.2
      },
      "geometry": {
        "type": "Point",
        "coordinates": [
          -119.15581456072779,
          34.4330725448852
        ]
      }
    },
    {
      "type": "Feature",
      "properties": {
        "id": 2117,
        "height_m": 13.8
      },
      "geometry": {
        "type": "Point",
        "coordinates": [
          -119.15581129362138,
          34.43246914374056
        ]
      }
    },
    {
      "type": "Feature",
      "properties": {
        "id": 2118,
        "height_m": 9.4
      },
      "geometry": {
        "type": "Point",
        "coordinates": [
          -119.15581129362138,
          34.43563994169038
        ]
      }
    },
    {
      "type": "Feature",
      "properties": {
        "id": 2119,
        "height_m": 16.7
      },
      "geometry": {
        "type": "Point",
        "coordinates": [
          -119.1558102045859,
          34.430000354001606
        ]
      }
    },
    {
      "type": "Feature",
      "properties": {
        "id": 2120,
        "height_m": 16.7
      },
      "geometry": {
        "type": "Point",
        "coordinates": [
          -119.15580802542702,
          34.43162691490229
        ]
      }
    },
    {
      "type": "Feature",
      "properties": {
        "id": 2121,
        "height_m": 8.2
      },
      "geometry": {
        "type": "Point",
        "coordinates": [
          -119.15580693639156,
          34.43112031067634
        ]
      }
    },
    {
      "type": "Feature",
      "properties": {
        "id": 2122,
        "height_m": 16.8
      },
      "geometry": {
        "type": "Point",
        "coordinates": [
          -119.15580258024967,
          34.43064175111675
        ]
      }
    },
    {
      "type": "Feature",
      "properties": {
        "id": 2123,
        "height_m": 17.2
      },
      "geometry": {
        "type": "Point",
        "coordinates": [
          -119.1557971350723,
          34.43018218909168
        ]
      }
    },
    {
      "type": "Feature",
      "properties": {
        "id": 2124,
        "height_m": 5.2
      },
      "geometry": {
        "type": "Point",
        "coordinates": [
          -119.1557971350723,
          34.43507543978709
        ]
      }
    },
    {
      "type": "Feature",
      "properties": {
        "id": 2125,
        "height_m": 13.8
      },
      "geometry": {
        "type": "Point",
        "coordinates": [
          -119.15579604603684,
          34.43101175230597
        ]
      }
    },
    {
      "type": "Feature",
      "properties": {
        "id": 2126,
        "height_m": 8.3
      },
      "geometry": {
        "type": "Point",
        "coordinates": [
          -119.15579495700136,
          34.43523284870296
        ]
      }
    },
    {
      "type": "Feature",
      "properties": {
        "id": 2127,
        "height_m": 4.6
      },
      "geometry": {
        "type": "Point",
        "coordinates": [
          -119.1557938679659,
          34.434675584685436
        ]
      }
    },
    {
      "type": "Feature",
      "properties": {
        "id": 2128,
        "height_m": 15.1
      },
      "geometry": {
        "type": "Point",
        "coordinates": [
          -119.15579059977154,
          34.43179156080245
        ]
      }
    },
    {
      "type": "Feature",
      "properties": {
        "id": 2129,
        "height_m": 15.5
      },
      "geometry": {
        "type": "Point",
        "coordinates": [
          -119.15578842170059,
          34.4308751501707
        ]
      }
    },
    {
      "type": "Feature",
      "properties": {
        "id": 2130,
        "height_m": 12.6
      },
      "geometry": {
        "type": "Point",
        "coordinates": [
          -119.15578842170059,
          34.431930877257564
        ]
      }
    },
    {
      "type": "Feature",
      "properties": {
        "id": 2131,
        "height_m": 19.1
      },
      "geometry": {
        "type": "Point",
        "coordinates": [
          -119.15578842170059,
          34.43265369224902
        ]
      }
    },
    {
      "type": "Feature",
      "properties": {
        "id": 2132,
        "height_m": 14.0
      },
      "geometry": {
        "type": "Point",
        "coordinates": [
          -119.15578733266511,
          34.43242843435168
        ]
      }
    },
    {
      "type": "Feature",
      "properties": {
        "id": 2133,
        "height_m": 16.1
      },
      "geometry": {
        "type": "Point",
        "coordinates": [
          -119.15578515459418,
          34.4302355632031
        ]
      }
    },
    {
      "type": "Feature",
      "properties": {
        "id": 2134,
        "height_m": 15.6
      },
      "geometry": {
        "type": "Point",
        "coordinates": [
          -119.1557840655587,
          34.43058113911957
        ]
      }
    },
    {
      "type": "Feature",
      "properties": {
        "id": 2135,
        "height_m": 14.2
      },
      "geometry": {
        "type": "Point",
        "coordinates": [
          -119.1557840655587,
          34.43121258493056
        ]
      }
    },
    {
      "type": "Feature",
      "properties": {
        "id": 2136,
        "height_m": 13.9
      },
      "geometry": {
        "type": "Point",
        "coordinates": [
          -119.15578188748776,
          34.430743071601356
        ]
      }
    },
    {
      "type": "Feature",
      "properties": {
        "id": 2137,
        "height_m": 11.7
      },
      "geometry": {
        "type": "Point",
        "coordinates": [
          -119.15578188748776,
          34.431056080187005
        ]
      }
    },
    {
      "type": "Feature",
      "properties": {
        "id": 2138,
        "height_m": 20.0
      },
      "geometry": {
        "type": "Point",
        "coordinates": [
          -119.15577970941682,
          34.43216246706544
        ]
      }
    },
    {
      "type": "Feature",
      "properties": {
        "id": 2139,
        "height_m": 16.6
      },
      "geometry": {
        "type": "Point",
        "coordinates": [
          -119.15577862038135,
          34.431342854253835
        ]
      }
    },
    {
      "type": "Feature",
      "properties": {
        "id": 2140,
        "height_m": 7.0
      },
      "geometry": {
        "type": "Point",
        "coordinates": [
          -119.15577862038135,
          34.43306621297467
        ]
      }
    },
    {
      "type": "Feature",
      "properties": {
        "id": 2141,
        "height_m": 5.1
      },
      "geometry": {
        "type": "Point",
        "coordinates": [
          -119.15577644231041,
          34.43446751507654
        ]
      }
    },
    {
      "type": "Feature",
      "properties": {
        "id": 2142,
        "height_m": 15.2
      },
      "geometry": {
        "type": "Point",
        "coordinates": [
          -119.15577535218699,
          34.431702905040375
        ]
      }
    },
    {
      "type": "Feature",
      "properties": {
        "id": 2143,
        "height_m": 28.8
      },
      "geometry": {
        "type": "Point",
        "coordinates": [
          -119.15577317411605,
          34.433587291169225
        ]
      }
    },
    {
      "type": "Feature",
      "properties": {
        "id": 2144,
        "height_m": 16.0
      },
      "geometry": {
        "type": "Point",
        "coordinates": [
          -119.15576881797416,
          34.43081001550907
        ]
      }
    },
    {
      "type": "Feature",
      "properties": {
        "id": 2145,
        "height_m": 13.8
      },
      "geometry": {
        "type": "Point",
        "coordinates": [
          -119.15576772893868,
          34.430289842388284
        ]
      }
    },
    {
      "type": "Feature",
      "properties": {
        "id": 2146,
        "height_m": 15.1
      },
      "geometry": {
        "type": "Point",
        "coordinates": [
          -119.15576446183228,
          34.43198153704913
        ]
      }
    },
    {
      "type": "Feature",
      "properties": {
        "id": 2147,
        "height_m": 19.1
      },
      "geometry": {
        "type": "Point",
        "coordinates": [
          -119.15576119472587,
          34.432249313581444
        ]
      }
    },
    {
      "type": "Feature",
      "properties": {
        "id": 2148,
        "height_m": 11.4
      },
      "geometry": {
        "type": "Point",
        "coordinates": [
          -119.15575683749603,
          34.43047620014281
        ]
      }
    },
    {
      "type": "Feature",
      "properties": {
        "id": 2149,
        "height_m": 14.9
      },
      "geometry": {
        "type": "Point",
        "coordinates": [
          -119.15575248135414,
          34.42992436386352
        ]
      }
    },
    {
      "type": "Feature",
      "properties": {
        "id": 2150,
        "height_m": 5.4
      },
      "geometry": {
        "type": "Point",
        "coordinates": [
          -119.15575248135414,
          34.435038349791824
        ]
      }
    },
    {
      "type": "Feature",
      "properties": {
        "id": 2151,
        "height_m": 8.7
      },
      "geometry": {
        "type": "Point",
        "coordinates": [
          -119.15575139231868,
          34.43238501154441
        ]
      }
    },
    {
      "type": "Feature",
      "properties": {
        "id": 2152,
        "height_m": 17.2
      },
      "geometry": {
        "type": "Point",
        "coordinates": [
          -119.15574812521226,
          34.432316257489155
        ]
      }
    },
    {
      "type": "Feature",
      "properties": {
        "id": 2153,
        "height_m": 18.6
      },
      "geometry": {
        "type": "Point",
        "coordinates": [
          -119.1557372337696,
          34.43165043510126
        ]
      }
    },
    {
      "type": "Feature",
      "properties": {
        "id": 2154,
        "height_m": 12.1
      },
      "geometry": {
        "type": "Point",
        "coordinates": [
          -119.1557372337696,
          34.43211542576602
        ]
      }
    },
    {
      "type": "Feature",
      "properties": {
        "id": 2155,
        "height_m": 15.7
      },
      "geometry": {
        "type": "Point",
        "coordinates": [
          -119.15573614473413,
          34.43146226810066
        ]
      }
    },
    {
      "type": "Feature",
      "properties": {
        "id": 2156,
        "height_m": 15.3
      },
      "geometry": {
        "type": "Point",
        "coordinates": [
          -119.15573505569866,
          34.431517452359614
        ]
      }
    },
    {
      "type": "Feature",
      "properties": {
        "id": 2157,
        "height_m": 11.2
      },
      "geometry": {
        "type": "Point",
        "coordinates": [
          -119.15573178859225,
          34.43052233726993
        ]
      }
    },
    {
      "type": "Feature",
      "properties": {
        "id": 2158,
        "height_m": 10.7
      },
      "geometry": {
        "type": "Point",
        "coordinates": [
          -119.15573069955677,
          34.430352262730075
        ]
      }
    },
    {
      "type": "Feature",
      "properties": {
        "id": 2159,
        "height_m": 15.7
      },
      "geometry": {
        "type": "Point",
        "coordinates": [
          -119.15573069955677,
          34.430647178854976
        ]
      }
    },
    {
      "type": "Feature",
      "properties": {
        "id": 2160,
        "height_m": 4.0
      },
      "geometry": {
        "type": "Point",
        "coordinates": [
          -119.15572307522054,
          34.43093938066003
        ]
      }
    },
    {
      "type": "Feature",
      "properties": {
        "id": 2161,
        "height_m": 11.1
      },
      "geometry": {
        "type": "Point",
        "coordinates": [
          -119.1557165410077,
          34.43100994305989
        ]
      }
    },
    {
      "type": "Feature",
      "properties": {
        "id": 2162,
        "height_m": 17.2
      },
      "geometry": {
        "type": "Point",
        "coordinates": [
          -119.1557165410077,
          34.43193539992202
        ]
      }
    },
    {
      "type": "Feature",
      "properties": {
        "id": 2163,
        "height_m": 16.8
      },
      "geometry": {
        "type": "Point",
        "coordinates": [
          -119.15571545197223,
          34.43011614935628
        ]
      }
    },
    {
      "type": "Feature",
      "properties": {
        "id": 2164,
        "height_m": 17.8
      },
      "geometry": {
        "type": "Point",
        "coordinates": [
          -119.15571545197223,
          34.43017133271377
        ]
      }
    },
    {
      "type": "Feature",
      "properties": {
        "id": 2165,
        "height_m": 5.0
      },
      "geometry": {
        "type": "Point",
        "coordinates": [
          -119.15571545197223,
          34.43515685856487
        ]
      }
    },
    {
      "type": "Feature",
      "properties": {
        "id": 2166,
        "height_m": 3.5
      },
      "geometry": {
        "type": "Point",
        "coordinates": [
          -119.1557110947424,
          34.432457383190346
        ]
      }
    },
    {
      "type": "Feature",
      "properties": {
        "id": 2167,
        "height_m": 14.6
      },
      "geometry": {
        "type": "Point",
        "coordinates": [
          -119.15571000570692,
          34.43084077359381
        ]
      }
    },
    {
      "type": "Feature",
      "properties": {
        "id": 2168,
        "height_m": 4.9
      },
      "geometry": {
        "type": "Point",
        "coordinates": [
          -119.15570891667146,
          34.43509805671523
        ]
      }
    },
    {
      "type": "Feature",
      "properties": {
        "id": 2169,
        "height_m": 3.8
      },
      "geometry": {
        "type": "Point",
        "coordinates": [
          -119.15570782763598,
          34.434688250309435
        ]
      }
    },
    {
      "type": "Feature",
      "properties": {
        "id": 2170,
        "height_m": 24.1
      },
      "geometry": {
        "type": "Point",
        "coordinates": [
          -119.15570673860051,
          34.43272063615673
        ]
      }
    },
    {
      "type": "Feature",
      "properties": {
        "id": 2171,
        "height_m": 5.3
      },
      "geometry": {
        "type": "Point",
        "coordinates": [
          -119.15570456052957,
          34.43449103617698
        ]
      }
    },
    {
      "type": "Feature",
      "properties": {
        "id": 2172,
        "height_m": 5.0
      },
      "geometry": {
        "type": "Point",
        "coordinates": [
          -119.15570238245863,
          34.43311325427409
        ]
      }
    },
    {
      "type": "Feature",
      "properties": {
        "id": 2173,
        "height_m": 15.3
      },
      "geometry": {
        "type": "Point",
        "coordinates": [
          -119.15569802631674,
          34.43176442120986
        ]
      }
    },
    {
      "type": "Feature",
      "properties": {
        "id": 2174,
        "height_m": 4.2
      },
      "geometry": {
        "type": "Point",
        "coordinates": [
          -119.15569475812238,
          34.43523918151495
        ]
      }
    },
    {
      "type": "Feature",
      "properties": {
        "id": 2175,
        "height_m": 17.7
      },
      "geometry": {
        "type": "Point",
        "coordinates": [
          -119.15569258005144,
          34.43187569299861
        ]
      }
    },
    {
      "type": "Feature",
      "properties": {
        "id": 2176,
        "height_m": 8.1
      },
      "geometry": {
        "type": "Point",
        "coordinates": [
          -119.15569258005144,
          34.433636141714715
        ]
      }
    },
    {
      "type": "Feature",
      "properties": {
        "id": 2177,
        "height_m": 4.9
      },
      "geometry": {
        "type": "Point",
        "coordinates": [
          -119.15569258005144,
          34.43443313849965
        ]
      }
    },
    {
      "type": "Feature",
      "properties": {
        "id": 2178,
        "height_m": 16.4
      },
      "geometry": {
        "type": "Point",
        "coordinates": [
          -119.15569149101597,
          34.429964168178635
        ]
      }
    },
    {
      "type": "Feature",
      "properties": {
        "id": 2179,
        "height_m": 12.1
      },
      "geometry": {
        "type": "Point",
        "coordinates": [
          -119.1556904019805,
          34.43200053458366
        ]
      }
    },
    {
      "type": "Feature",
      "properties": {
        "id": 2180,
        "height_m": 12.4
      },
      "geometry": {
        "type": "Point",
        "coordinates": [
          -119.15568822390955,
          34.431416130973545
        ]
      }
    },
    {
      "type": "Feature",
      "properties": {
        "id": 2181,
        "height_m": 9.6
      },
      "geometry": {
        "type": "Point",
        "coordinates": [
          -119.15568822390955,
          34.43306621297467
        ]
      }
    },
    {
      "type": "Feature",
      "properties": {
        "id": 2182,
        "height_m": 15.7
      },
      "geometry": {
        "type": "Point",
        "coordinates": [
          -119.1556860458386,
          34.4300202566099
        ]
      }
    },
    {
      "type": "Feature",
      "properties": {
        "id": 2183,
        "height_m": 16.8
      },
      "geometry": {
        "type": "Point",
        "coordinates": [
          -119.15568495680314,
          34.43181327265682
        ]
      }
    },
    {
      "type": "Feature",
      "properties": {
        "id": 2184,
        "height_m": 10.2
      },
      "geometry": {
        "type": "Point",
        "coordinates": [
          -119.15568168969673,
          34.431228869046706
        ]
      }
    },
    {
      "type": "Feature",
      "properties": {
        "id": 2185,
        "height_m": 10.9
      },
      "geometry": {
        "type": "Point",
        "coordinates": [
          -119.1556773324669,
          34.43116011499146
        ]
      }
    },
    {
      "type": "Feature",
      "properties": {
        "id": 2186,
        "height_m": 16.8
      },
      "geometry": {
        "type": "Point",
        "coordinates": [
          -119.15567624343143,
          34.43224840940914
        ]
      }
    },
    {
      "type": "Feature",
      "properties": {
        "id": 2187,
        "height_m": 11.3
      },
      "geometry": {
        "type": "Point",
        "coordinates": [
          -119.15567515439595,
          34.43135461480406
        ]
      }
    },
    {
      "type": "Feature",
      "properties": {
        "id": 2188,
        "height_m": 7.6
      },
      "geometry": {
        "type": "Point",
        "coordinates": [
          -119.15567079825406,
          34.4324338620899
        ]
      }
    },
    {
      "type": "Feature",
      "properties": {
        "id": 2189,
        "height_m": 4.1
      },
      "geometry": {
        "type": "Point",
        "coordinates": [
          -119.15567079825406,
          34.43517947459154
        ]
      }
    },
    {
      "type": "Feature",
      "properties": {
        "id": 2190,
        "height_m": 17.4
      },
      "geometry": {
        "type": "Point",
        "coordinates": [
          -119.1556697092186,
          34.43229997427448
        ]
      }
    },
    {
      "type": "Feature",
      "properties": {
        "id": 2191,
        "height_m": 16.1
      },
      "geometry": {
        "type": "Point",
        "coordinates": [
          -119.15566862018312,
          34.43214799309684
        ]
      }
    },
    {
      "type": "Feature",
      "properties": {
        "id": 2192,
        "height_m": 17.4
      },
      "geometry": {
        "type": "Point",
        "coordinates": [
          -119.15566535307671,
          34.43069331598209
        ]
      }
    },
    {
      "type": "Feature",
      "properties": {
        "id": 2193,
        "height_m": 14.3
      },
      "geometry": {
        "type": "Point",
        "coordinates": [
          -119.15565990681141,
          34.43078649531009
        ]
      }
    },
    {
      "type": "Feature",
      "properties": {
        "id": 2194,
        "height_m": 12.7
      },
      "geometry": {
        "type": "Point",
        "coordinates": [
          -119.155656639705,
          34.43088781579469
        ]
      }
    },
    {
      "type": "Feature",
      "properties": {
        "id": 2195,
        "height_m": 16.3
      },
      "geometry": {
        "type": "Point",
        "coordinates": [
          -119.15565337259858,
          34.430230135464875
        ]
      }
    },
    {
      "type": "Feature",
      "properties": {
        "id": 2196,
        "height_m": 14.2
      },
      "geometry": {
        "type": "Point",
        "coordinates": [
          -119.15565337259858,
          34.43046986733082
        ]
      }
    },
    {
      "type": "Feature",
      "properties": {
        "id": 2197,
        "height_m": 5.1
      },
      "geometry": {
        "type": "Point",
        "coordinates": [
          -119.15565337259858,
          34.435455393181925
        ]
      }
    },
    {
      "type": "Feature",
      "properties": {
        "id": 2198,
        "height_m": 14.1
      },
      "geometry": {
        "type": "Point",
        "coordinates": [
          -119.15565228356311,
          34.43237234592041
        ]
      }
    },
    {
      "type": "Feature",
      "properties": {
        "id": 2199,
        "height_m": 9.0
      },
      "geometry": {
        "type": "Point",
        "coordinates": [
          -119.15564792742123,
          34.43154459105074
        ]
      }
    },
    {
      "type": "Feature",
      "properties": {
        "id": 2200,
        "height_m": 4.2
      },
      "geometry": {
        "type": "Point",
        "coordinates": [
          -119.15564683838575,
          34.43508267767286
        ]
      }
    },
    {
      "type": "Feature",
      "properties": {
        "id": 2201,
        "height_m": 3.0
      },
      "geometry": {
        "type": "Point",
        "coordinates": [
          -119.15564357019139,
          34.434383382880384
        ]
      }
    },
    {
      "type": "Feature",
      "properties": {
        "id": 2202,
        "height_m": 7.9
      },
      "geometry": {
        "type": "Point",
        "coordinates": [
          -119.15564139212046,
          34.43309787523172
        ]
      }
    },
    {
      "type": "Feature",
      "properties": {
        "id": 2203,
        "height_m": 10.5
      },
      "geometry": {
        "type": "Point",
        "coordinates": [
          -119.15564030308498,
          34.43098370854107
        ]
      }
    },
    {
      "type": "Feature",
      "properties": {
        "id": 2204,
        "height_m": 12.9
      },
      "geometry": {
        "type": "Point",
        "coordinates": [
          -119.1556315908012,
          34.43034050217985
        ]
      }
    },
    {
      "type": "Feature",
      "properties": {
        "id": 2205,
        "height_m": 12.1
      },
      "geometry": {
        "type": "Point",
        "coordinates": [
          -119.15563050176574,
          34.43139532419295
        ]
      }
    },
    {
      "type": "Feature",
      "properties": {
        "id": 2206,
        "height_m": 8.4
      },
      "geometry": {
        "type": "Point",
        "coordinates": [
          -119.15562941164232,
          34.432985698369194
        ]
      }
    },
    {
      "type": "Feature",
      "properties": {
        "id": 2207,
        "height_m": 4.7
      },
      "geometry": {
        "type": "Point",
        "coordinates": [
          -119.15562832260684,
          34.435132433292125
        ]
      }
    },
    {
      "type": "Feature",
      "properties": {
        "id": 2208,
        "height_m": 5.0
      },
      "geometry": {
        "type": "Point",
        "coordinates": [
          -119.1556261445359,
          34.43288075939244
        ]
      }
    },
    {
      "type": "Feature",
      "properties": {
        "id": 2209,
        "height_m": 14.3
      },
      "geometry": {
        "type": "Point",
        "coordinates": [
          -119.15562505550044,
          34.42994969330857
        ]
      }
    },
    {
      "type": "Feature",
      "properties": {
        "id": 2210,
        "height_m": 18.8
      },
      "geometry": {
        "type": "Point",
        "coordinates": [
          -119.15562505550044,
          34.432194130223955
        ]
      }
    },
    {
      "type": "Feature",
      "properties": {
        "id": 2211,
        "height_m": 14.6
      },
      "geometry": {
        "type": "Point",
        "coordinates": [
          -119.15562396646496,
          34.43198696568883
        ]
      }
    },
    {
      "type": "Feature",
      "properties": {
        "id": 2212,
        "height_m": 15.3
      },
      "geometry": {
        "type": "Point",
        "coordinates": [
          -119.15562396646496,
          34.43204214904632
        ]
      }
    },
    {
      "type": "Feature",
      "properties": {
        "id": 2213,
        "height_m": 18.4
      },
      "geometry": {
        "type": "Point",
        "coordinates": [
          -119.1556228774295,
          34.43059109042372
        ]
      }
    },
    {
      "type": "Feature",
      "properties": {
        "id": 2214,
        "height_m": 14.2
      },
      "geometry": {
        "type": "Point",
        "coordinates": [
          -119.1556228774295,
          34.431148354441234
        ]
      }
    },
    {
      "type": "Feature",
      "properties": {
        "id": 2215,
        "height_m": 5.9
      },
      "geometry": {
        "type": "Point",
        "coordinates": [
          -119.1556228774295,
          34.43149845392362
        ]
      }
    },
    {
      "type": "Feature",
      "properties": {
        "id": 2216,
        "height_m": 11.0
      },
      "geometry": {
        "type": "Point",
        "coordinates": [
          -119.15562069935855,
          34.431770754021855
        ]
      }
    },
    {
      "type": "Feature",
      "properties": {
        "id": 2217,
        "height_m": 11.6
      },
      "geometry": {
        "type": "Point",
        "coordinates": [
          -119.15561961032309,
          34.4318955956069
        ]
      }
    },
    {
      "type": "Feature",
      "properties": {
        "id": 2218,
        "height_m": 11.5
      },
      "geometry": {
        "type": "Point",
        "coordinates": [
          -119.15561852128761,
          34.43131933405486
        ]
      }
    },
    {
      "type": "Feature",
      "properties": {
        "id": 2219,
        "height_m": 5.3
      },
      "geometry": {
        "type": "Point",
        "coordinates": [
          -119.1556152541812,
          34.43456883646261
        ]
      }
    },
    {
      "type": "Feature",
      "properties": {
        "id": 2220,
        "height_m": 17.2
      },
      "geometry": {
        "type": "Point",
        "coordinates": [
          -119.15561416405778,
          34.43227012036204
        ]
      }
    },
    {
      "type": "Feature",
      "properties": {
        "id": 2221,
        "height_m": 15.9
      },
      "geometry": {
        "type": "Point",
        "coordinates": [
          -119.15560654080947,
          34.43009172408353
        ]
      }
    },
    {
      "type": "Feature",
      "properties": {
        "id": 2222,
        "height_m": 8.3
      },
      "geometry": {
        "type": "Point",
        "coordinates": [
          -119.15560654080947,
          34.43094480839826
        ]
      }
    },
    {
      "type": "Feature",
      "properties": {
        "id": 2223,
        "height_m": 17.2
      },
      "geometry": {
        "type": "Point",
        "coordinates": [
          -119.15560436273853,
          34.43108774334552
        ]
      }
    },
    {
      "type": "Feature",
      "properties": {
        "id": 2224,
        "height_m": 10.8
      },
      "geometry": {
        "type": "Point",
        "coordinates": [
          -119.15560436273853,
          34.43145593619013
        ]
      }
    },
    {
      "type": "Feature",
      "properties": {
        "id": 2225,
        "height_m": 4.9
      },
      "geometry": {
        "type": "Point",
        "coordinates": [
          -119.15560436273853,
          34.43544182338563
        ]
      }
    },
    {
      "type": "Feature",
      "properties": {
        "id": 2226,
        "height_m": 5.6
      },
      "geometry": {
        "type": "Point",
        "coordinates": [
          -119.15559891756118,
          34.435184902329766
        ]
      }
    },
    {
      "type": "Feature",
      "properties": {
        "id": 2227,
        "height_m": 15.9
      },
      "geometry": {
        "type": "Point",
        "coordinates": [
          -119.1555967384023,
          34.43165586374096
        ]
      }
    },
    {
      "type": "Feature",
      "properties": {
        "id": 2228,
        "height_m": 11.0
      },
      "geometry": {
        "type": "Point",
        "coordinates": [
          -119.15559564936682,
          34.431001801903285
        ]
      }
    },
    {
      "type": "Feature",
      "properties": {
        "id": 2229,
        "height_m": 10.1
      },
      "geometry": {
        "type": "Point",
        "coordinates": [
          -119.15559564936682,
          34.43154097255859
        ]
      }
    },
    {
      "type": "Feature",
      "properties": {
        "id": 2230,
        "height_m": 6.2
      },
      "geometry": {
        "type": "Point",
        "coordinates": [
          -119.15559456033135,
          34.43289071069659
        ]
      }
    },
    {
      "type": "Feature",
      "properties": {
        "id": 2231,
        "height_m": 4.9
      },
      "geometry": {
        "type": "Point",
        "coordinates": [
          -119.15559456033135,
          34.434614068515955
        ]
      }
    },
    {
      "type": "Feature",
      "properties": {
        "id": 2232,
        "height_m": 15.6
      },
      "geometry": {
        "type": "Point",
        "coordinates": [
          -119.15559347129587,
          34.43232892311315
        ]
      }
    },
    {
      "type": "Feature",
      "properties": {
        "id": 2233,
        "height_m": 3.6
      },
      "geometry": {
        "type": "Point",
        "coordinates": [
          -119.15559347129587,
          34.43546263016623
        ]
      }
    },
    {
      "type": "Feature",
      "properties": {
        "id": 2234,
        "height_m": 21.0
      },
      "geometry": {
        "type": "Point",
        "coordinates": [
          -119.15559238226041,
          34.43267992676784
        ]
      }
    },
    {
      "type": "Feature",
      "properties": {
        "id": 2235,
        "height_m": 18.1
      },
      "geometry": {
        "type": "Point",
        "coordinates": [
          -119.15559020418947,
          34.43027989108414
        ]
      }
    },
    {
      "type": "Feature",
      "properties": {
        "id": 2236,
        "height_m": 11.4
      },
      "geometry": {
        "type": "Point",
        "coordinates": [
          -119.15558911515399,
          34.4317219025749
        ]
      }
    },
    {
      "type": "Feature",
      "properties": {
        "id": 2237,
        "height_m": 10.0
      },
      "geometry": {
        "type": "Point",
        "coordinates": [
          -119.15558802611852,
          34.43127500617382
        ]
      }
    },
    {
      "type": "Feature",
      "properties": {
        "id": 2238,
        "height_m": 11.6
      },
      "geometry": {
        "type": "Point",
        "coordinates": [
          -119.1555847590121,
          34.43050153048933
        ]
      }
    },
    {
      "type": "Feature",
      "properties": {
        "id": 2239,
        "height_m": 28.9
      },
      "geometry": {
        "type": "Point",
        "coordinates": [
          -119.15558366997664,
          34.43350134882552
        ]
      }
    },
    {
      "type": "Feature",
      "properties": {
        "id": 2240,
        "height_m": 3.9
      },
      "geometry": {
        "type": "Point",
        "coordinates": [
          -119.15558258094116,
          34.434667442627365
        ]
      }
    },
    {
      "type": "Feature",
      "properties": {
        "id": 2241,
        "height_m": 13.2
      },
      "geometry": {
        "type": "Point",
        "coordinates": [
          -119.15558149081775,
          34.42999130777123
        ]
      }
    },
    {
      "type": "Feature",
      "properties": {
        "id": 2242,
        "height_m": 10.7
      },
      "geometry": {
        "type": "Point",
        "coordinates": [
          -119.15558040178227,
          34.433027312831854
        ]
      }
    },
    {
      "type": "Feature",
      "properties": {
        "id": 2243,
        "height_m": 4.7
      },
      "geometry": {
        "type": "Point",
        "coordinates": [
          -119.15558040178227,
          34.4351423836948
        ]
      }
    },
    {
      "type": "Feature",
      "properties": {
        "id": 2244,
        "height_m": 16.3
      },
      "geometry": {
        "type": "Point",
        "coordinates": [
          -119.15557931274681,
          34.432134423300546
        ]
      }
    },
    {
      "type": "Feature",
      "properties": {
        "id": 2245,
        "height_m": 15.1
      },
      "geometry": {
        "type": "Point",
        "coordinates": [
          -119.15557822371133,
          34.43014871668709
        ]
      }
    },
    {
      "type": "Feature",
      "properties": {
        "id": 2246,
        "height_m": 18.2
      },
      "geometry": {
        "type": "Point",
        "coordinates": [
          -119.15557495660492,
          34.430729501805054
        ]
      }
    },
    {
      "type": "Feature",
      "properties": {
        "id": 2247,
        "height_m": 17.7
      },
      "geometry": {
        "type": "Point",
        "coordinates": [
          -119.15557495660492,
          34.430839869421504
        ]
      }
    },
    {
      "type": "Feature",
      "properties": {
        "id": 2248,
        "height_m": 10.9
      },
      "geometry": {
        "type": "Point",
        "coordinates": [
          -119.15557495660492,
          34.431416130973545
        ]
      }
    },
    {
      "type": "Feature",
      "properties": {
        "id": 2249,
        "height_m": 8.6
      },
      "geometry": {
        "type": "Point",
        "coordinates": [
          -119.15557495660492,
          34.432973938720444
        ]
      }
    },
    {
      "type": "Feature",
      "properties": {
        "id": 2250,
        "height_m": 6.2
      },
      "geometry": {
        "type": "Point",
        "coordinates": [
          -119.15556733335661,
          34.43444942261579
        ]
      }
    },
    {
      "type": "Feature",
      "properties": {
        "id": 2251,
        "height_m": 4.2
      },
      "geometry": {
        "type": "Point",
        "coordinates": [
          -119.15556733335661,
          34.4345236035078
        ]
      }
    },
    {
      "type": "Feature",
      "properties": {
        "id": 2252,
        "height_m": 5.1
      },
      "geometry": {
        "type": "Point",
        "coordinates": [
          -119.15556515419773,
          34.43184674415994
        ]
      }
    },
    {
      "type": "Feature",
      "properties": {
        "id": 2253,
        "height_m": 9.8
      },
      "geometry": {
        "type": "Point",
        "coordinates": [
          -119.15556406516225,
          34.431510214473846
        ]
      }
    },
    {
      "type": "Feature",
      "properties": {
        "id": 2254,
        "height_m": 6.7
      },
      "geometry": {
        "type": "Point",
        "coordinates": [
          -119.15556297612679,
          34.43523375377673
        ]
      }
    },
    {
      "type": "Feature",
      "properties": {
        "id": 2255,
        "height_m": 8.6
      },
      "geometry": {
        "type": "Point",
        "coordinates": [
          -119.15556079805584,
          34.431944447053866
        ]
      }
    },
    {
      "type": "Feature",
      "properties": {
        "id": 2256,
        "height_m": 4.7
      },
      "geometry": {
        "type": "Point",
        "coordinates": [
          -119.15555753094944,
          34.4300419675628
        ]
      }
    },
    {
      "type": "Feature",
      "properties": {
        "id": 2257,
        "height_m": 16.8
      },
      "geometry": {
        "type": "Point",
        "coordinates": [
          -119.15555753094944,
          34.43208285843521
        ]
      }
    },
    {
      "type": "Feature",
      "properties": {
        "id": 2258,
        "height_m": 3.8
      },
      "geometry": {
        "type": "Point",
        "coordinates": [
          -119.15555644191396,
          34.43461768700811
        ]
      }
    },
    {
      "type": "Feature",
      "properties": {
        "id": 2259,
        "height_m": 5.2
      },
      "geometry": {
        "type": "Point",
        "coordinates": [
          -119.15555644191396,
          34.4356725090212
        ]
      }
    },
    {
      "type": "Feature",
      "properties": {
        "id": 2260,
        "height_m": 3.7
      },
      "geometry": {
        "type": "Point",
        "coordinates": [
          -119.1555553528785,
          34.43468734523566
        ]
      }
    },
    {
      "type": "Feature",
      "properties": {
        "id": 2261,
        "height_m": 6.5
      },
      "geometry": {
        "type": "Point",
        "coordinates": [
          -119.15555208577207,
          34.43098732703322
        ]
      }
    },
    {
      "type": "Feature",
      "properties": {
        "id": 2262,
        "height_m": 3.8
      },
      "geometry": {
        "type": "Point",
        "coordinates": [
          -119.15555208577207,
          34.432936847823704
        ]
      }
    },
    {
      "type": "Feature",
      "properties": {
        "id": 2263,
        "height_m": 17.0
      },
      "geometry": {
        "type": "Point",
        "coordinates": [
          -119.15555099673661,
          34.430356786295995
        ]
      }
    },
    {
      "type": "Feature",
      "properties": {
        "id": 2264,
        "height_m": 12.8
      },
      "geometry": {
        "type": "Point",
        "coordinates": [
          -119.15554990770113,
          34.43053681123853
        ]
      }
    },
    {
      "type": "Feature",
      "properties": {
        "id": 2265,
        "height_m": 6.9
      },
      "geometry": {
        "type": "Point",
        "coordinates": [
          -119.15554990770113,
          34.4325406112142
        ]
      }
    },
    {
      "type": "Feature",
      "properties": {
        "id": 2266,
        "height_m": 9.3
      },
      "geometry": {
        "type": "Point",
        "coordinates": [
          -119.15554446143582,
          34.432445622640124
        ]
      }
    },
    {
      "type": "Feature",
      "properties": {
        "id": 2267,
        "height_m": 11.8
      },
      "geometry": {
        "type": "Point",
        "coordinates": [
          -119.15554119432942,
          34.43156539873281
        ]
      }
    },
    {
      "type": "Feature",
      "properties": {
        "id": 2268,
        "height_m": 6.3
      },
      "geometry": {
        "type": "Point",
        "coordinates": [
          -119.15553792722301,
          34.43437252740393
        ]
      }
    },
    {
      "type": "Feature",
      "properties": {
        "id": 2269,
        "height_m": 12.0
      },
      "geometry": {
        "type": "Point",
        "coordinates": [
          -119.15553466011659,
          34.43011614935628
        ]
      }
    },
    {
      "type": "Feature",
      "properties": {
        "id": 2270,
        "height_m": 7.7
      },
      "geometry": {
        "type": "Point",
        "coordinates": [
          -119.15553357108112,
          34.43094571347203
        ]
      }
    },
    {
      "type": "Feature",
      "properties": {
        "id": 2271,
        "height_m": 4.0
      },
      "geometry": {
        "type": "Point",
        "coordinates": [
          -119.15553357108112,
          34.434709961262335
        ]
      }
    },
    {
      "type": "Feature",
      "properties": {
        "id": 2272,
        "height_m": 12.0
      },
      "geometry": {
        "type": "Point",
        "coordinates": [
          -119.15552921385128,
          34.43137904097827
        ]
      }
    },
    {
      "type": "Feature",
      "properties": {
        "id": 2273,
        "height_m": 11.8
      },
      "geometry": {
        "type": "Point",
        "coordinates": [
          -119.15552376867393,
          34.432583129849164
        ]
      }
    },
    {
      "type": "Feature",
      "properties": {
        "id": 2274,
        "height_m": 15.4
      },
      "geometry": {
        "type": "Point",
        "coordinates": [
          -119.15552267963845,
          34.432320781055076
        ]
      }
    },
    {
      "type": "Feature",
      "properties": {
        "id": 2275,
        "height_m": 27.7
      },
      "geometry": {
        "type": "Point",
        "coordinates": [
          -119.15552159060299,
          34.43357824403738
        ]
      }
    },
    {
      "type": "Feature",
      "properties": {
        "id": 2276,
        "height_m": 12.6
      },
      "geometry": {
        "type": "Point",
        "coordinates": [
          -119.15552050156751,
          34.43240400907893
        ]
      }
    },
    {
      "type": "Feature",
      "properties": {
        "id": 2277,
        "height_m": 18.6
      },
      "geometry": {
        "type": "Point",
        "coordinates": [
          -119.1555172344611,
          34.43111488293811
        ]
      }
    },
    {
      "type": "Feature",
      "properties": {
        "id": 2278,
        "height_m": 6.3
      },
      "geometry": {
        "type": "Point",
        "coordinates": [
          -119.15551396626674,
          34.43449736898898
        ]
      }
    },
    {
      "type": "Feature",
      "properties": {
        "id": 2279,
        "height_m": 16.3
      },
      "geometry": {
        "type": "Point",
        "coordinates": [
          -119.15551287723127,
          34.43130395501249
        ]
      }
    },
    {
      "type": "Feature",
      "properties": {
        "id": 2280,
        "height_m": 12.3
      },
      "geometry": {
        "type": "Point",
        "coordinates": [
          -119.15550743205391,
          34.43001030530575
        ]
      }
    },
    {
      "type": "Feature",
      "properties": {
        "id": 2281,
        "height_m": 9.4
      },
      "geometry": {
        "type": "Point",
        "coordinates": [
          -119.15550743205391,
          34.43019485381421
        ]
      }
    },
    {
      "type": "Feature",
      "properties": {
        "id": 2282,
        "height_m": 12.0
      },
      "geometry": {
        "type": "Point",
        "coordinates": [
          -119.15550743205391,
          34.431028940594416
        ]
      }
    },
    {
      "type": "Feature",
      "properties": {
        "id": 2283,
        "height_m": 14.4
      },
      "geometry": {
        "type": "Point",
        "coordinates": [
          -119.15550307591202,
          34.43062456282831
        ]
      }
    },
    {
      "type": "Feature",
      "properties": {
        "id": 2284,
        "height_m": 18.0
      },
      "geometry": {
        "type": "Point",
        "coordinates": [
          -119.15550307591202,
          34.430772020440024
        ]
      }
    },
    {
      "type": "Feature",
      "properties": {
        "id": 2285,
        "height_m": 9.7
      },
      "geometry": {
        "type": "Point",
        "coordinates": [
          -119.15550198687656,
          34.43197430006484
        ]
      }
    },
    {
      "type": "Feature",
      "properties": {
        "id": 2286,
        "height_m": 11.0
      },
      "geometry": {
        "type": "Point",
        "coordinates": [
          -119.15549654061125,
          34.4319019284189
        ]
      }
    },
    {
      "type": "Feature",
      "properties": {
        "id": 2287,
        "height_m": 15.8
      },
      "geometry": {
        "type": "Point",
        "coordinates": [
          -119.15549654061125,
          34.43266183430709
        ]
      }
    },
    {
      "type": "Feature",
      "properties": {
        "id": 2288,
        "height_m": 12.3
      },
      "geometry": {
        "type": "Point",
        "coordinates": [
          -119.15549545157579,
          34.430561237412746
        ]
      }
    },
    {
      "type": "Feature",
      "properties": {
        "id": 2289,
        "height_m": 8.4
      },
      "geometry": {
        "type": "Point",
        "coordinates": [
          -119.15549545157579,
          34.43093485709411
        ]
      }
    },
    {
      "type": "Feature",
      "properties": {
        "id": 2290,
        "height_m": 15.2
      },
      "geometry": {
        "type": "Point",
        "coordinates": [
          -119.15549545157579,
          34.43211904425817
        ]
      }
    },
    {
      "type": "Feature",
      "properties": {
        "id": 2291,
        "height_m": 7.5
      },
      "geometry": {
        "type": "Point",
        "coordinates": [
          -119.15549545157579,
          34.433026407758085
        ]
      }
    },
    {
      "type": "Feature",
      "properties": {
        "id": 2292,
        "height_m": 10.4
      },
      "geometry": {
        "type": "Point",
        "coordinates": [
          -119.1554910954339,
          34.430880578810395
        ]
      }
    },
    {
      "type": "Feature",
      "properties": {
        "id": 2293,
        "height_m": 5.2
      },
      "geometry": {
        "type": "Point",
        "coordinates": [
          -119.15549000639842,
          34.43440057116883
        ]
      }
    },
    {
      "type": "Feature",
      "properties": {
        "id": 2294,
        "height_m": 11.1
      },
      "geometry": {
        "type": "Point",
        "coordinates": [
          -119.15548891736296,
          34.4327287782148
        ]
      }
    },
    {
      "type": "Feature",
      "properties": {
        "id": 2295,
        "height_m": 5.1
      },
      "geometry": {
        "type": "Point",
        "coordinates": [
          -119.15548782832748,
          34.43518942589569
        ]
      }
    },
    {
      "type": "Feature",
      "properties": {
        "id": 2296,
        "height_m": 11.7
      },
      "geometry": {
        "type": "Point",
        "coordinates": [
          -119.15548456013312,
          34.43043458568015
        ]
      }
    },
    {
      "type": "Feature",
      "properties": {
        "id": 2297,
        "height_m": 9.9
      },
      "geometry": {
        "type": "Point",
        "coordinates": [
          -119.15548347109765,
          34.43169295373623
        ]
      }
    },
    {
      "type": "Feature",
      "properties": {
        "id": 2298,
        "height_m": 7.2
      },
      "geometry": {
        "type": "Point",
        "coordinates": [
          -119.15548347109765,
          34.43452631782765
        ]
      }
    },
    {
      "type": "Feature",
      "properties": {
        "id": 2299,
        "height_m": 9.2
      },
      "geometry": {
        "type": "Point",
        "coordinates": [
          -119.15548129302671,
          34.43281291041096
        ]
      }
    },
    {
      "type": "Feature",
      "properties": {
        "id": 2300,
        "height_m": 12.3
      },
      "geometry": {
        "type": "Point",
        "coordinates": [
          -119.1554780259203,
          34.43013605196457
        ]
      }
    },
    {
      "type": "Feature",
      "properties": {
        "id": 2301,
        "height_m": 5.6
      },
      "geometry": {
        "type": "Point",
        "coordinates": [
          -119.15547693688482,
          34.434320057464824
        ]
      }
    },
    {
      "type": "Feature",
      "properties": {
        "id": 2302,
        "height_m": 12.8
      },
      "geometry": {
        "type": "Point",
        "coordinates": [
          -119.15547258074294,
          34.4302292303911
        ]
      }
    },
    {
      "type": "Feature",
      "properties": {
        "id": 2303,
        "height_m": 13.5
      },
      "geometry": {
        "type": "Point",
        "coordinates": [
          -119.15547258074294,
          34.43037668890429
        ]
      }
    },
    {
      "type": "Feature",
      "properties": {
        "id": 2304,
        "height_m": 3.9
      },
      "geometry": {
        "type": "Point",
        "coordinates": [
          -119.15547149170747,
          34.434709057090025
        ]
      }
    },
    {
      "type": "Feature",
      "properties": {
        "id": 2305,
        "height_m": 13.8
      },
      "geometry": {
        "type": "Point",
        "coordinates": [
          -119.15546931363653,
          34.43030883992281
        ]
      }
    },
    {
      "type": "Feature",
      "properties": {
        "id": 2306,
        "height_m": 13.4
      },
      "geometry": {
        "type": "Point",
        "coordinates": [
          -119.15546713447763,
          34.4300419675628
        ]
      }
    },
    {
      "type": "Feature",
      "properties": {
        "id": 2307,
        "height_m": 5.2
      },
      "geometry": {
        "type": "Point",
        "coordinates": [
          -119.15546604544217,
          34.43523013528458
        ]
      }
    },
    {
      "type": "Feature",
      "properties": {
        "id": 2308,
        "height_m": 7.3
      },
      "geometry": {
        "type": "Point",
        "coordinates": [
          -119.15546277833575,
          34.43091857387944
        ]
      }
    },
    {
      "type": "Feature",
      "properties": {
        "id": 2309,
        "height_m": 8.4
      },
      "geometry": {
        "type": "Point",
        "coordinates": [
          -119.15546168930028,
          34.43095114121025
        ]
      }
    },
    {
      "type": "Feature",
      "properties": {
        "id": 2310,
        "height_m": 15.2
      },
      "geometry": {
        "type": "Point",
        "coordinates": [
          -119.15545624412293,
          34.43136185178836
        ]
      }
    },
    {
      "type": "Feature",
      "properties": {
        "id": 2311,
        "height_m": 15.5
      },
      "geometry": {
        "type": "Point",
        "coordinates": [
          -119.15545624412293,
          34.43182231888719
        ]
      }
    },
    {
      "type": "Feature",
      "properties": {
        "id": 2312,
        "height_m": 6.2
      },
      "geometry": {
        "type": "Point",
        "coordinates": [
          -119.15545624412293,
          34.434550743100395
        ]
      }
    },
    {
      "type": "Feature",
      "properties": {
        "id": 2313,
        "height_m": 13.1
      },
      "geometry": {
        "type": "Point",
        "coordinates": [
          -119.15545188689309,
          34.430086295443836
        ]
      }
    },
    {
      "type": "Feature",
      "properties": {
        "id": 2314,
        "height_m": 14.3
      },
      "geometry": {
        "type": "Point",
        "coordinates": [
          -119.15545079785763,
          34.4314921220131
        ]
      }
    },
    {
      "type": "Feature",
      "properties": {
        "id": 2315,
        "height_m": 12.6
      },
      "geometry": {
        "type": "Point",
        "coordinates": [
          -119.15544535268026,
          34.432382297224564
        ]
      }
    },
    {
      "type": "Feature",
      "properties": {
        "id": 2316,
        "height_m": 12.2
      },
      "geometry": {
        "type": "Point",
        "coordinates": [
          -119.15544317460932,
          34.43278396157229
        ]
      }
    },
    {
      "type": "Feature",
      "properties": {
        "id": 2317,
        "height_m": 12.5
      },
      "geometry": {
        "type": "Point",
        "coordinates": [
          -119.15544208557385,
          34.43205571884261
        ]
      }
    },
    {
      "type": "Feature",
      "properties": {
        "id": 2318,
        "height_m": 5.8
      },
      "geometry": {
        "type": "Point",
        "coordinates": [
          -119.15544208557385,
          34.43442861493372
        ]
      }
    },
    {
      "type": "Feature",
      "properties": {
        "id": 2319,
        "height_m": 14.1
      },
      "geometry": {
        "type": "Point",
        "coordinates": [
          -119.15544099653837,
          34.43268264108769
        ]
      }
    },
    {
      "type": "Feature",
      "properties": {
        "id": 2320,
        "height_m": 13.3
      },
      "geometry": {
        "type": "Point",
        "coordinates": [
          -119.15543990750291,
          34.43243838565582
        ]
      }
    },
    {
      "type": "Feature",
      "properties": {
        "id": 2321,
        "height_m": 10.1
      },
      "geometry": {
        "type": "Point",
        "coordinates": [
          -119.15543772943197,
          34.432263788451515
        ]
      }
    },
    {
      "type": "Feature",
      "properties": {
        "id": 2322,
        "height_m": 15.9
      },
      "geometry": {
        "type": "Point",
        "coordinates": [
          -119.1554366403965,
          34.43120444287249
        ]
      }
    },
    {
      "type": "Feature",
      "properties": {
        "id": 2323,
        "height_m": 6.2
      },
      "geometry": {
        "type": "Point",
        "coordinates": [
          -119.1554366403965,
          34.434576977619216
        ]
      }
    },
    {
      "type": "Feature",
      "properties": {
        "id": 2324,
        "height_m": 11.8
      },
      "geometry": {
        "type": "Point",
        "coordinates": [
          -119.1554344612376,
          34.43054585837037
        ]
      }
    },
    {
      "type": "Feature",
      "properties": {
        "id": 2325,
        "height_m": 14.9
      },
      "geometry": {
        "type": "Point",
        "coordinates": [
          -119.15543228316666,
          34.43102079943781
        ]
      }
    },
    {
      "type": "Feature",
      "properties": {
        "id": 2326,
        "height_m": 10.4
      },
      "geometry": {
        "type": "Point",
        "coordinates": [
          -119.15543228316666,
          34.43217332344336
        ]
      }
    },
    {
      "type": "Feature",
      "properties": {
        "id": 2327,
        "height_m": 11.1
      },
      "geometry": {
        "type": "Point",
        "coordinates": [
          -119.15543010509572,
          34.43283281301925
        ]
      }
    },
    {
      "type": "Feature",
      "properties": {
        "id": 2328,
        "height_m": 14.4
      },
      "geometry": {
        "type": "Point",
        "coordinates": [
          -119.15542792702477,
          34.4310823156073
        ]
      }
    },
    {
      "type": "Feature",
      "properties": {
        "id": 2329,
        "height_m": 17.8
      },
      "geometry": {
        "type": "Point",
        "coordinates": [
          -119.15542792702477,
          34.431284956576505
        ]
      }
    },
    {
      "type": "Feature",
      "properties": {
        "id": 2330,
        "height_m": 3.3
      },
      "geometry": {
        "type": "Point",
        "coordinates": [
          -119.15542792702477,
          34.43528893713422
        ]
      }
    },
    {
      "type": "Feature",
      "properties": {
        "id": 2331,
        "height_m": 12.3
      },
      "geometry": {
        "type": "Point",
        "coordinates": [
          -119.15542683798931,
          34.4326346947145
        ]
      }
    },
    {
      "type": "Feature",
      "properties": {
        "id": 2332,
        "height_m": 5.7
      },
      "geometry": {
        "type": "Point",
        "coordinates": [
          -119.15542683798931,
          34.43435805253387
        ]
      }
    },
    {
      "type": "Feature",
      "properties": {
        "id": 2333,
        "height_m": 5.2
      },
      "geometry": {
        "type": "Point",
        "coordinates": [
          -119.15542357088289,
          34.434294727118306
        ]
      }
    },
    {
      "type": "Feature",
      "properties": {
        "id": 2334,
        "height_m": 12.8
      },
      "geometry": {
        "type": "Point",
        "coordinates": [
          -119.15542248184742,
          34.42999130777123
        ]
      }
    },
    {
      "type": "Feature",
      "properties": {
        "id": 2335,
        "height_m": 12.8
      },
      "geometry": {
        "type": "Point",
        "coordinates": [
          -119.15541921365306,
          34.430424635277475
        ]
      }
    },
    {
      "type": "Feature",
      "properties": {
        "id": 2336,
        "height_m": 14.3
      },
      "geometry": {
        "type": "Point",
        "coordinates": [
          -119.15541921365306,
          34.4317010957943
        ]
      }
    },
    {
      "type": "Feature",
      "properties": {
        "id": 2337,
        "height_m": 3.5
      },
      "geometry": {
        "type": "Point",
        "coordinates": [
          -119.15541921365306,
          34.43465025433892
        ]
      }
    },
    {
      "type": "Feature",
      "properties": {
        "id": 2338,
        "height_m": 4.7
      },
      "geometry": {
        "type": "Point",
        "coordinates": [
          -119.15541812461758,
          34.43353482123011
        ]
      }
    },
    {
      "type": "Feature",
      "properties": {
        "id": 2339,
        "height_m": 6.9
      },
      "geometry": {
        "type": "Point",
        "coordinates": [
          -119.15541376847571,
          34.4308679131864
        ]
      }
    },
    {
      "type": "Feature",
      "properties": {
        "id": 2340,
        "height_m": 10.1
      },
      "geometry": {
        "type": "Point",
        "coordinates": [
          -119.15541159040477,
          34.43190102334513
        ]
      }
    },
    {
      "type": "Feature",
      "properties": {
        "id": 2341,
        "height_m": 9.9
      },
      "geometry": {
        "type": "Point",
        "coordinates": [
          -119.15540941233382,
          34.430965615178856
        ]
      }
    },
    {
      "type": "Feature",
      "properties": {
        "id": 2342,
        "height_m": 4.9
      },
      "geometry": {
        "type": "Point",
        "coordinates": [
          -119.15540505619194,
          34.434454850354015
        ]
      }
    },
    {
      "type": "Feature",
      "properties": {
        "id": 2343,
        "height_m": 4.4
      },
      "geometry": {
        "type": "Point",
        "coordinates": [
          -119.15540287703304,
          34.430778353252016
        ]
      }
    },
    {
      "type": "Feature",
      "properties": {
        "id": 2344,
        "height_m": 13.7
      },
      "geometry": {
        "type": "Point",
        "coordinates": [
          -119.15540178799758,
          34.433183816673946
        ]
      }
    },
    {
      "type": "Feature",
      "properties": {
        "id": 2345,
        "height_m": 11.7
      },
      "geometry": {
        "type": "Point",
        "coordinates": [
          -119.1554006989621,
          34.43023465812933
        ]
      }
    },
    {
      "type": "Feature",
      "properties": {
        "id": 2346,
        "height_m": 10.5
      },
      "geometry": {
        "type": "Point",
        "coordinates": [
          -119.1554006989621,
          34.43297665213882
        ]
      }
    },
    {
      "type": "Feature",
      "properties": {
        "id": 2347,
        "height_m": 11.3
      },
      "geometry": {
        "type": "Point",
        "coordinates": [
          -119.15539960992663,
          34.430119767848424
        ]
      }
    },
    {
      "type": "Feature",
      "properties": {
        "id": 2348,
        "height_m": 10.7
      },
      "geometry": {
        "type": "Point",
        "coordinates": [
          -119.15539960992663,
          34.432212222684704
        ]
      }
    },
    {
      "type": "Feature",
      "properties": {
        "id": 2349,
        "height_m": 4.2
      },
      "geometry": {
        "type": "Point",
        "coordinates": [
          -119.15539852089115,
          34.4343227708832
        ]
      }
    },
    {
      "type": "Feature",
      "properties": {
        "id": 2350,
        "height_m": 14.2
      },
      "geometry": {
        "type": "Point",
        "coordinates": [
          -119.15539743185569,
          34.431447794132055
        ]
      }
    },
    {
      "type": "Feature",
      "properties": {
        "id": 2351,
        "height_m": 6.5
      },
      "geometry": {
        "type": "Point",
        "coordinates": [
          -119.15539743185569,
          34.432539706140425
        ]
      }
    },
    {
      "type": "Feature",
      "properties": {
        "id": 2352,
        "height_m": 9.7
      },
      "geometry": {
        "type": "Point",
        "coordinates": [
          -119.15539525378475,
          34.43238320229833
        ]
      }
    },
    {
      "type": "Feature",
      "properties": {
        "id": 2353,
        "height_m": 14.0
      },
      "geometry": {
        "type": "Point",
        "coordinates": [
          -119.1553930757138,
          34.431840412249414
        ]
      }
    },
    {
      "type": "Feature",
      "properties": {
        "id": 2354,
        "height_m": 11.0
      },
      "geometry": {
        "type": "Point",
        "coordinates": [
          -119.1553930757138,
          34.43276586911154
        ]
      }
    },
    {
      "type": "Feature",
      "properties": {
        "id": 2355,
        "height_m": 12.9
      },
      "geometry": {
        "type": "Point",
        "coordinates": [
          -119.15539089764286,
          34.43153644989414
        ]
      }
    },
    {
      "type": "Feature",
      "properties": {
        "id": 2356,
        "height_m": 9.6
      },
      "geometry": {
        "type": "Point",
        "coordinates": [
          -119.1553898086074,
          34.432089190345735
        ]
      }
    },
    {
      "type": "Feature",
      "properties": {
        "id": 2357,
        "height_m": 11.7
      },
      "geometry": {
        "type": "Point",
        "coordinates": [
          -119.15538871957192,
          34.430509671645936
        ]
      }
    },
    {
      "type": "Feature",
      "properties": {
        "id": 2358,
        "height_m": 9.2
      },
      "geometry": {
        "type": "Point",
        "coordinates": [
          -119.15538654041303,
          34.432578606283236
        ]
      }
    },
    {
      "type": "Feature",
      "properties": {
        "id": 2359,
        "height_m": 4.7
      },
      "geometry": {
        "type": "Point",
        "coordinates": [
          -119.15538654041303,
          34.433542058214414
        ]
      }
    },
    {
      "type": "Feature",
      "properties": {
        "id": 2360,
        "height_m": 11.3
      },
      "geometry": {
        "type": "Point",
        "coordinates": [
          -119.15538327330661,
          34.43228911789656
        ]
      }
    },
    {
      "type": "Feature",
      "properties": {
        "id": 2361,
        "height_m": 16.3
      },
      "geometry": {
        "type": "Point",
        "coordinates": [
          -119.15538218427115,
          34.43135823329621
        ]
      }
    },
    {
      "type": "Feature",
      "properties": {
        "id": 2362,
        "height_m": 5.9
      },
      "geometry": {
        "type": "Point",
        "coordinates": [
          -119.15537891716473,
          34.43438609720023
        ]
      }
    },
    {
      "type": "Feature",
      "properties": {
        "id": 2363,
        "height_m": 13.1
      },
      "geometry": {
        "type": "Point",
        "coordinates": [
          -119.15537782812926,
          34.43017495120591
        ]
      }
    },
    {
      "type": "Feature",
      "properties": {
        "id": 2364,
        "height_m": 7.3
      },
      "geometry": {
        "type": "Point",
        "coordinates": [
          -119.15537782812926,
          34.43247457147879
        ]
      }
    },
    {
      "type": "Feature",
      "properties": {
        "id": 2365,
        "height_m": 12.4
      },
      "geometry": {
        "type": "Point",
        "coordinates": [
          -119.1553767390938,
          34.43034140725362
        ]
      }
    },
    {
      "type": "Feature",
      "properties": {
        "id": 2366,
        "height_m": 12.7
      },
      "geometry": {
        "type": "Point",
        "coordinates": [
          -119.15537347198737,
          34.430032921332426
        ]
      }
    },
    {
      "type": "Feature",
      "properties": {
        "id": 2367,
        "height_m": 10.0
      },
      "geometry": {
        "type": "Point",
        "coordinates": [
          -119.15537238295191,
          34.432940466315856
        ]
      }
    },
    {
      "type": "Feature",
      "properties": {
        "id": 2368,
        "height_m": 3.5
      },
      "geometry": {
        "type": "Point",
        "coordinates": [
          -119.15537238295191,
          34.43459054741551
        ]
      }
    },
    {
      "type": "Feature",
      "properties": {
        "id": 2369,
        "height_m": 14.7
      },
      "geometry": {
        "type": "Point",
        "coordinates": [
          -119.15536911475755,
          34.43268806882591
        ]
      }
    },
    {
      "type": "Feature",
      "properties": {
        "id": 2370,
        "height_m": 12.7
      },
      "geometry": {
        "type": "Point",
        "coordinates": [
          -119.1553669366866,
          34.43164229394466
        ]
      }
    },
    {
      "type": "Feature",
      "properties": {
        "id": 2371,
        "height_m": 17.4
      },
      "geometry": {
        "type": "Point",
        "coordinates": [
          -119.15536475861566,
          34.43113568971871
        ]
      }
    },
    {
      "type": "Feature",
      "properties": {
        "id": 2372,
        "height_m": 6.4
      },
      "geometry": {
        "type": "Point",
        "coordinates": [
          -119.15536366958018,
          34.43435714836156
        ]
      }
    },
    {
      "type": "Feature",
      "properties": {
        "id": 2373,
        "height_m": 15.8
      },
      "geometry": {
        "type": "Point",
        "coordinates": [
          -119.15536258054472,
          34.43107236430315
        ]
      }
    },
    {
      "type": "Feature",
      "properties": {
        "id": 2374,
        "height_m": 11.0
      },
      "geometry": {
        "type": "Point",
        "coordinates": [
          -119.15536040247378,
          34.430713218590384
        ]
      }
    },
    {
      "type": "Feature",
      "properties": {
        "id": 2375,
        "height_m": 10.5
      },
      "geometry": {
        "type": "Point",
        "coordinates": [
          -119.15536040247378,
          34.43225202790129
        ]
      }
    },
    {
      "type": "Feature",
      "properties": {
        "id": 2376,
        "height_m": 16.8
      },
      "geometry": {
        "type": "Point",
        "coordinates": [
          -119.1553593134383,
          34.43126595904198
        ]
      }
    },
    {
      "type": "Feature",
      "properties": {
        "id": 2377,
        "height_m": 14.0
      },
      "geometry": {
        "type": "Point",
        "coordinates": [
          -119.1553593134383,
          34.43148759844718
        ]
      }
    },
    {
      "type": "Feature",
      "properties": {
        "id": 2378,
        "height_m": 17.7
      },
      "geometry": {
        "type": "Point",
        "coordinates": [
          -119.15535495729642,
          34.43121168075826
        ]
      }
    },
    {
      "type": "Feature",
      "properties": {
        "id": 2379,
        "height_m": 5.3
      },
      "geometry": {
        "type": "Point",
        "coordinates": [
          -119.15535495729642,
          34.434418664531044
        ]
      }
    },
    {
      "type": "Feature",
      "properties": {
        "id": 2380,
        "height_m": 11.7
      },
      "geometry": {
        "type": "Point",
        "coordinates": [
          -119.15535168910206,
          34.430387544380736
        ]
      }
    },
    {
      "type": "Feature",
      "properties": {
        "id": 2381,
        "height_m": 4.3
      },
      "geometry": {
        "type": "Point",
        "coordinates": [
          -119.15535168910206,
          34.434483799192684
        ]
      }
    },
    {
      "type": "Feature",
      "properties": {
        "id": 2382,
        "height_m": 6.6
      },
      "geometry": {
        "type": "Point",
        "coordinates": [
          -119.15534842199564,
          34.431766230455935
        ]
      }
    },
    {
      "type": "Feature",
      "properties": {
        "id": 2383,
        "height_m": 13.0
      },
      "geometry": {
        "type": "Point",
        "coordinates": [
          -119.15534515488923,
          34.43010800729821
        ]
      }
    },
    {
      "type": "Feature",
      "properties": {
        "id": 2384,
        "height_m": 10.1
      },
      "geometry": {
        "type": "Point",
        "coordinates": [
          -119.15534406585375,
          34.432973938720444
        ]
      }
    },
    {
      "type": "Feature",
      "properties": {
        "id": 2385,
        "height_m": 13.6
      },
      "geometry": {
        "type": "Point",
        "coordinates": [
          -119.15534188778281,
          34.43076297420965
        ]
      }
    },
    {
      "type": "Feature",
      "properties": {
        "id": 2386,
        "height_m": 10.2
      },
      "geometry": {
        "type": "Point",
        "coordinates": [
          -119.15533970971187,
          34.43221946057047
        ]
      }
    },
    {
      "type": "Feature",
      "properties": {
        "id": 2387,
        "height_m": 13.2
      },
      "geometry": {
        "type": "Point",
        "coordinates": [
          -119.15533861958845,
          34.43139984775887
        ]
      }
    },
    {
      "type": "Feature",
      "properties": {
        "id": 2388,
        "height_m": 11.2
      },
      "geometry": {
        "type": "Point",
        "coordinates": [
          -119.1553364415175,
          34.430653511666975
        ]
      }
    },
    {
      "type": "Feature",
      "properties": {
        "id": 2389,
        "height_m": 3.9
      },
      "geometry": {
        "type": "Point",
        "coordinates": [
          -119.1553364415175,
          34.43413731820244
        ]
      }
    },
    {
      "type": "Feature",
      "properties": {
        "id": 2390,
        "height_m": 9.3
      },
      "geometry": {
        "type": "Point",
        "coordinates": [
          -119.15533426344658,
          34.43526179754163
        ]
      }
    },
    {
      "type": "Feature",
      "properties": {
        "id": 2391,
        "height_m": 11.6
      },
      "geometry": {
        "type": "Point",
        "coordinates": [
          -119.15533208537563,
          34.43195349328424
        ]
      }
    },
    {
      "type": "Feature",
      "properties": {
        "id": 2392,
        "height_m": 12.8
      },
      "geometry": {
        "type": "Point",
        "coordinates": [
          -119.15533099634015,
          34.43189378636083
        ]
      }
    },
    {
      "type": "Feature",
      "properties": {
        "id": 2393,
        "height_m": 7.1
      },
      "geometry": {
        "type": "Point",
        "coordinates": [
          -119.15532990730469,
          34.43094480839826
        ]
      }
    },
    {
      "type": "Feature",
      "properties": {
        "id": 2394,
        "height_m": 4.2
      },
      "geometry": {
        "type": "Point",
        "coordinates": [
          -119.15532772923375,
          34.434387906446304
        ]
      }
    },
    {
      "type": "Feature",
      "properties": {
        "id": 2395,
        "height_m": 6.4
      },
      "geometry": {
        "type": "Point",
        "coordinates": [
          -119.15532446212733,
          34.431743614429266
        ]
      }
    },
    {
      "type": "Feature",
      "properties": {
        "id": 2396,
        "height_m": 8.1
      },
      "geometry": {
        "type": "Point",
        "coordinates": [
          -119.15532228296844,
          34.435646274502375
        ]
      }
    },
    {
      "type": "Feature",
      "properties": {
        "id": 2397,
        "height_m": 9.2
      },
      "geometry": {
        "type": "Point",
        "coordinates": [
          -119.15531901586202,
          34.43179970286052
        ]
      }
    },
    {
      "type": "Feature",
      "properties": {
        "id": 2398,
        "height_m": 10.3
      },
      "geometry": {
        "type": "Point",
        "coordinates": [
          -119.15531792682656,
          34.43214980234291
        ]
      }
    },
    {
      "type": "Feature",
      "properties": {
        "id": 2399,
        "height_m": 11.4
      },
      "geometry": {
        "type": "Point",
        "coordinates": [
          -119.15531683779108,
          34.43244109997567
        ]
      }
    },
    {
      "type": "Feature",
      "properties": {
        "id": 2400,
        "height_m": 12.2
      },
      "geometry": {
        "type": "Point",
        "coordinates": [
          -119.15531139261373,
          34.43162600982852
        ]
      }
    },
    {
      "type": "Feature",
      "properties": {
        "id": 2401,
        "height_m": 3.4
      },
      "geometry": {
        "type": "Point",
        "coordinates": [
          -119.15530703647184,
          34.434446708295944
        ]
      }
    },
    {
      "type": "Feature",
      "properties": {
        "id": 2402,
        "height_m": 11.6
      },
      "geometry": {
        "type": "Point",
        "coordinates": [
          -119.15530376827748,
          34.430360404788146
        ]
      }
    },
    {
      "type": "Feature",
      "properties": {
        "id": 2403,
        "height_m": 13.8
      },
      "geometry": {
        "type": "Point",
        "coordinates": [
          -119.15530376827748,
          34.43145231679651
        ]
      }
    },
    {
      "type": "Feature",
      "properties": {
        "id": 2404,
        "height_m": 10.5
      },
      "geometry": {
        "type": "Point",
        "coordinates": [
          -119.15530159020653,
          34.43024099094132
        ]
      }
    },
    {
      "type": "Feature",
      "properties": {
        "id": 2405,
        "height_m": 12.8
      },
      "geometry": {
        "type": "Point",
        "coordinates": [
          -119.15530159020653,
          34.433134966128456
        ]
      }
    },
    {
      "type": "Feature",
      "properties": {
        "id": 2406,
        "height_m": 10.9
      },
      "geometry": {
        "type": "Point",
        "coordinates": [
          -119.15529941213559,
          34.430974662310696
        ]
      }
    },
    {
      "type": "Feature",
      "properties": {
        "id": 2407,
        "height_m": 11.4
      },
      "geometry": {
        "type": "Point",
        "coordinates": [
          -119.15529832310013,
          34.43167486127548
        ]
      }
    },
    {
      "type": "Feature",
      "properties": {
        "id": 2408,
        "height_m": 13.5
      },
      "geometry": {
        "type": "Point",
        "coordinates": [
          -119.15529832310013,
          34.432771296849765
        ]
      }
    },
    {
      "type": "Feature",
      "properties": {
        "id": 2409,
        "height_m": 14.1
      },
      "geometry": {
        "type": "Point",
        "coordinates": [
          -119.15529614502918,
          34.431279528838274
        ]
      }
    },
    {
      "type": "Feature",
      "properties": {
        "id": 2410,
        "height_m": 12.6
      },
      "geometry": {
        "type": "Point",
        "coordinates": [
          -119.15529396695824,
          34.431569921397255
        ]
      }
    },
    {
      "type": "Feature",
      "properties": {
        "id": 2411,
        "height_m": 8.4
      },
      "geometry": {
        "type": "Point",
        "coordinates": [
          -119.15529396695824,
          34.43240400907893
        ]
      }
    },
    {
      "type": "Feature",
      "properties": {
        "id": 2412,
        "height_m": 7.1
      },
      "geometry": {
        "type": "Point",
        "coordinates": [
          -119.1552917888873,
          34.431155592327
        ]
      }
    },
    {
      "type": "Feature",
      "properties": {
        "id": 2413,
        "height_m": 26.5
      },
      "geometry": {
        "type": "Point",
        "coordinates": [
          -119.15528525358653,
          34.4335619608227
        ]
      }
    },
    {
      "type": "Feature",
      "properties": {
        "id": 2414,
        "height_m": 6.9
      },
      "geometry": {
        "type": "Point",
        "coordinates": [
          -119.15528089744464,
          34.43297303364667
        ]
      }
    },
    {
      "type": "Feature",
      "properties": {
        "id": 2415,
        "height_m": 11.1
      },
      "geometry": {
        "type": "Point",
        "coordinates": [
          -119.15527980840916,
          34.43133742651561
        ]
      }
    },
    {
      "type": "Feature",
      "properties": {
        "id": 2416,
        "height_m": 13.6
      },
      "geometry": {
        "type": "Point",
        "coordinates": [
          -119.15527980840916,
          34.43152197502407
        ]
      }
    },
    {
      "type": "Feature",
      "properties": {
        "id": 2417,
        "height_m": 15.7
      },
      "geometry": {
        "type": "Point",
        "coordinates": [
          -119.1552787193737,
          34.430909527649064
        ]
      }
    },
    {
      "type": "Feature",
      "properties": {
        "id": 2418,
        "height_m": 10.4
      },
      "geometry": {
        "type": "Point",
        "coordinates": [
          -119.1552787193737,
          34.43246642942072
        ]
      }
    },
    {
      "type": "Feature",
      "properties": {
        "id": 2419,
        "height_m": 3.9
      },
      "geometry": {
        "type": "Point",
        "coordinates": [
          -119.1552787193737,
          34.434411426645276
        ]
      }
    },
    {
      "type": "Feature",
      "properties": {
        "id": 2420,
        "height_m": 12.8
      },
      "geometry": {
        "type": "Point",
        "coordinates": [
          -119.15527763033822,
          34.43186845601431
        ]
      }
    },
    {
      "type": "Feature",
      "properties": {
        "id": 2421,
        "height_m": 15.5
      },
      "geometry": {
        "type": "Point",
        "coordinates": [
          -119.15527545226728,
          34.43284547774178
        ]
      }
    },
    {
      "type": "Feature",
      "properties": {
        "id": 2422,
        "height_m": 3.0
      },
      "geometry": {
        "type": "Point",
        "coordinates": [
          -119.15527545226728,
          34.43410294162555
        ]
      }
    },
    {
      "type": "Feature",
      "properties": {
        "id": 2423,
        "height_m": 12.3
      },
      "geometry": {
        "type": "Point",
        "coordinates": [
          -119.15527109503745,
          34.430123386340576
        ]
      }
    },
    {
      "type": "Feature",
      "properties": {
        "id": 2424,
        "height_m": 15.8
      },
      "geometry": {
        "type": "Point",
        "coordinates": [
          -119.15527109503745,
          34.4310488432027
        ]
      }
    },
    {
      "type": "Feature",
      "properties": {
        "id": 2425,
        "height_m": 14.6
      },
      "geometry": {
        "type": "Point",
        "coordinates": [
          -119.15527000600198,
          34.4308606762021
        ]
      }
    },
    {
      "type": "Feature",
      "properties": {
        "id": 2426,
        "height_m": 11.0
      },
      "geometry": {
        "type": "Point",
        "coordinates": [
          -119.1552689169665,
          34.430450869796296
        ]
      }
    },
    {
      "type": "Feature",
      "properties": {
        "id": 2427,
        "height_m": 3.8
      },
      "geometry": {
        "type": "Point",
        "coordinates": [
          -119.15526673889556,
          34.43420607135623
        ]
      }
    },
    {
      "type": "Feature",
      "properties": {
        "id": 2428,
        "height_m": 7.2
      },
      "geometry": {
        "type": "Point",
        "coordinates": [
          -119.1552656498601,
          34.43292146878133
        ]
      }
    },
    {
      "type": "Feature",
      "properties": {
        "id": 2429,
        "height_m": 11.7
      },
      "geometry": {
        "type": "Point",
        "coordinates": [
          -119.15526238275368,
          34.43077925742432
        ]
      }
    },
    {
      "type": "Feature",
      "properties": {
        "id": 2430,
        "height_m": 9.5
      },
      "geometry": {
        "type": "Point",
        "coordinates": [
          -119.15526129371821,
          34.43066436714342
        ]
      }
    },
    {
      "type": "Feature",
      "properties": {
        "id": 2431,
        "height_m": 5.6
      },
      "geometry": {
        "type": "Point",
        "coordinates": [
          -119.15526129371821,
          34.43070145804016
        ]
      }
    },
    {
      "type": "Feature",
      "properties": {
        "id": 2432,
        "height_m": 13.4
      },
      "geometry": {
        "type": "Point",
        "coordinates": [
          -119.15526129371821,
          34.43305535659675
        ]
      }
    },
    {
      "type": "Feature",
      "properties": {
        "id": 2433,
        "height_m": 9.2
      },
      "geometry": {
        "type": "Point",
        "coordinates": [
          -119.15525802661179,
          34.43225021865521
        ]
      }
    },
    {
      "type": "Feature",
      "properties": {
        "id": 2434,
        "height_m": 5.2
      },
      "geometry": {
        "type": "Point",
        "coordinates": [
          -119.1552558474529,
          34.43274325218341
        ]
      }
    },
    {
      "type": "Feature",
      "properties": {
        "id": 2435,
        "height_m": 14.2
      },
      "geometry": {
        "type": "Point",
        "coordinates": [
          -119.15525475841743,
          34.43060556529378
        ]
      }
    },
    {
      "type": "Feature",
      "properties": {
        "id": 2436,
        "height_m": 8.7
      },
      "geometry": {
        "type": "Point",
        "coordinates": [
          -119.15525475841743,
          34.431126643488334
        ]
      }
    },
    {
      "type": "Feature",
      "properties": {
        "id": 2437,
        "height_m": 11.5
      },
      "geometry": {
        "type": "Point",
        "coordinates": [
          -119.15525475841743,
          34.43205210035046
        ]
      }
    },
    {
      "type": "Feature",
      "properties": {
        "id": 2438,
        "height_m": 12.0
      },
      "geometry": {
        "type": "Point",
        "coordinates": [
          -119.15525040227556,
          34.43166671921741
        ]
      }
    },
    {
      "type": "Feature",
      "properties": {
        "id": 2439,
        "height_m": 13.1
      },
      "geometry": {
        "type": "Point",
        "coordinates": [
          -119.15525040227556,
          34.43363342829634
        ]
      }
    },
    {
      "type": "Feature",
      "properties": {
        "id": 2440,
        "height_m": 3.3
      },
      "geometry": {
        "type": "Point",
        "coordinates": [
          -119.15524386806273,
          34.43444580412364
        ]
      }
    },
    {
      "type": "Feature",
      "properties": {
        "id": 2441,
        "height_m": 11.8
      },
      "geometry": {
        "type": "Point",
        "coordinates": [
          -119.15524168999178,
          34.43197249081876
        ]
      }
    },
    {
      "type": "Feature",
      "properties": {
        "id": 2442,
        "height_m": 5.3
      },
      "geometry": {
        "type": "Point",
        "coordinates": [
          -119.15524168999178,
          34.43528984220799
        ]
      }
    },
    {
      "type": "Feature",
      "properties": {
        "id": 2443,
        "height_m": 12.8
      },
      "geometry": {
        "type": "Point",
        "coordinates": [
          -119.15524059986836,
          34.43191278389535
        ]
      }
    },
    {
      "type": "Feature",
      "properties": {
        "id": 2444,
        "height_m": 9.9
      },
      "geometry": {
        "type": "Point",
        "coordinates": [
          -119.15523842179742,
          34.43033236102325
        ]
      }
    },
    {
      "type": "Feature",
      "properties": {
        "id": 2445,
        "height_m": 3.6
      },
      "geometry": {
        "type": "Point",
        "coordinates": [
          -119.15523624372648,
          34.434383382880384
        ]
      }
    },
    {
      "type": "Feature",
      "properties": {
        "id": 2446,
        "height_m": 15.3
      },
      "geometry": {
        "type": "Point",
        "coordinates": [
          -119.155235154691,
          34.43126414979591
        ]
      }
    },
    {
      "type": "Feature",
      "properties": {
        "id": 2447,
        "height_m": 14.4
      },
      "geometry": {
        "type": "Point",
        "coordinates": [
          -119.155235154691,
          34.43182141471489
        ]
      }
    },
    {
      "type": "Feature",
      "properties": {
        "id": 2448,
        "height_m": 14.7
      },
      "geometry": {
        "type": "Point",
        "coordinates": [
          -119.15523406565553,
          34.433190149485945
        ]
      }
    },
    {
      "type": "Feature",
      "properties": {
        "id": 2449,
        "height_m": 10.9
      },
      "geometry": {
        "type": "Point",
        "coordinates": [
          -119.15523297662007,
          34.43038844855304
        ]
      }
    },
    {
      "type": "Feature",
      "properties": {
        "id": 2450,
        "height_m": 13.4
      },
      "geometry": {
        "type": "Point",
        "coordinates": [
          -119.15522970951365,
          34.43120987061072
        ]
      }
    },
    {
      "type": "Feature",
      "properties": {
        "id": 2451,
        "height_m": 10.3
      },
      "geometry": {
        "type": "Point",
        "coordinates": [
          -119.15522862047818,
          34.431707428606295
        ]
      }
    },
    {
      "type": "Feature",
      "properties": {
        "id": 2452,
        "height_m": 7.3
      },
      "geometry": {
        "type": "Point",
        "coordinates": [
          -119.15522644240724,
          34.43290608973896
        ]
      }
    },
    {
      "type": "Feature",
      "properties": {
        "id": 2453,
        "height_m": 10.6
      },
      "geometry": {
        "type": "Point",
        "coordinates": [
          -119.15522535337176,
          34.430178569698064
        ]
      }
    },
    {
      "type": "Feature",
      "properties": {
        "id": 2454,
        "height_m": 12.8
      },
      "geometry": {
        "type": "Point",
        "coordinates": [
          -119.15522317421288,
          34.43156087516688
        ]
      }
    },
    {
      "type": "Feature",
      "properties": {
        "id": 2455,
        "height_m": 7.4
      },
      "geometry": {
        "type": "Point",
        "coordinates": [
          -119.15522317421288,
          34.432487237102784
        ]
      }
    },
    {
      "type": "Feature",
      "properties": {
        "id": 2456,
        "height_m": 15.9
      },
      "geometry": {
        "type": "Point",
        "coordinates": [
          -119.15522317421288,
          34.43280114986074
        ]
      }
    },
    {
      "type": "Feature",
      "properties": {
        "id": 2457,
        "height_m": 3.0
      },
      "geometry": {
        "type": "Point",
        "coordinates": [
          -119.15522317421288,
          34.43419250155993
        ]
      }
    },
    {
      "type": "Feature",
      "properties": {
        "id": 2458,
        "height_m": 7.3
      },
      "geometry": {
        "type": "Point",
        "coordinates": [
          -119.1552220851774,
          34.43220679494648
        ]
      }
    },
    {
      "type": "Feature",
      "properties": {
        "id": 2459,
        "height_m": 8.5
      },
      "geometry": {
        "type": "Point",
        "coordinates": [
          -119.15521337289363,
          34.43299112700889
        ]
      }
    },
    {
      "type": "Feature",
      "properties": {
        "id": 2460,
        "height_m": 13.7
      },
      "geometry": {
        "type": "Point",
        "coordinates": [
          -119.15521228385816,
          34.43207923994306
        ]
      }
    },
    {
      "type": "Feature",
      "properties": {
        "id": 2461,
        "height_m": 6.4
      },
      "geometry": {
        "type": "Point",
        "coordinates": [
          -119.15520901675175,
          34.4356652720369
        ]
      }
    },
    {
      "type": "Feature",
      "properties": {
        "id": 2462,
        "height_m": 2.9
      },
      "geometry": {
        "type": "Point",
        "coordinates": [
          -119.15520792662834,
          34.435421016605034
        ]
      }
    },
    {
      "type": "Feature",
      "properties": {
        "id": 2463,
        "height_m": 11.6
      },
      "geometry": {
        "type": "Point",
        "coordinates": [
          -119.15520574855739,
          34.43163415188659
        ]
      }
    },
    {
      "type": "Feature",
      "properties": {
        "id": 2464,
        "height_m": 3.8
      },
      "geometry": {
        "type": "Point",
        "coordinates": [
          -119.15520574855739,
          34.43409841805963
        ]
      }
    },
    {
      "type": "Feature",
      "properties": {
        "id": 2465,
        "height_m": 3.3
      },
      "geometry": {
        "type": "Point",
        "coordinates": [
          -119.15520574855739,
          34.43441233171905
        ]
      }
    },
    {
      "type": "Feature",
      "properties": {
        "id": 2466,
        "height_m": 13.5
      },
      "geometry": {
        "type": "Point",
        "coordinates": [
          -119.15520248145097,
          34.43004468188265
        ]
      }
    },
    {
      "type": "Feature",
      "properties": {
        "id": 2467,
        "height_m": 12.0
      },
      "geometry": {
        "type": "Point",
        "coordinates": [
          -119.1552013924155,
          34.43313677537453
        ]
      }
    },
    {
      "type": "Feature",
      "properties": {
        "id": 2468,
        "height_m": 3.5
      },
      "geometry": {
        "type": "Point",
        "coordinates": [
          -119.15519921434456,
          34.43435352986941
        ]
      }
    },
    {
      "type": "Feature",
      "properties": {
        "id": 2469,
        "height_m": 12.3
      },
      "geometry": {
        "type": "Point",
        "coordinates": [
          -119.15519812530908,
          34.43131300124286
        ]
      }
    },
    {
      "type": "Feature",
      "properties": {
        "id": 2470,
        "height_m": 4.7
      },
      "geometry": {
        "type": "Point",
        "coordinates": [
          -119.15519703627362,
          34.43569964861379
        ]
      }
    },
    {
      "type": "Feature",
      "properties": {
        "id": 2471,
        "height_m": 3.6
      },
      "geometry": {
        "type": "Point",
        "coordinates": [
          -119.15518941193737,
          34.434231401702746
        ]
      }
    },
    {
      "type": "Feature",
      "properties": {
        "id": 2472,
        "height_m": 12.5
      },
      "geometry": {
        "type": "Point",
        "coordinates": [
          -119.1551883229019,
          34.43176170779148
        ]
      }
    },
    {
      "type": "Feature",
      "properties": {
        "id": 2473,
        "height_m": 11.8
      },
      "geometry": {
        "type": "Point",
        "coordinates": [
          -119.15518614483096,
          34.4301215770945
        ]
      }
    },
    {
      "type": "Feature",
      "properties": {
        "id": 2474,
        "height_m": 12.5
      },
      "geometry": {
        "type": "Point",
        "coordinates": [
          -119.1551806996536,
          34.4319019284189
        ]
      }
    },
    {
      "type": "Feature",
      "properties": {
        "id": 2475,
        "height_m": 10.5
      },
      "geometry": {
        "type": "Point",
        "coordinates": [
          -119.15517961061813,
          34.43141794021962
        ]
      }
    },
    {
      "type": "Feature",
      "properties": {
        "id": 2476,
        "height_m": 6.2
      },
      "geometry": {
        "type": "Point",
        "coordinates": [
          -119.15517961061813,
          34.435514195031566
        ]
      }
    },
    {
      "type": "Feature",
      "properties": {
        "id": 2477,
        "height_m": 8.7
      },
      "geometry": {
        "type": "Point",
        "coordinates": [
          -119.15517852158266,
          34.43169024031785
        ]
      }
    },
    {
      "type": "Feature",
      "properties": {
        "id": 2478,
        "height_m": 6.2
      },
      "geometry": {
        "type": "Point",
        "coordinates": [
          -119.15517307531735,
          34.435492484078665
        ]
      }
    },
    {
      "type": "Feature",
      "properties": {
        "id": 2479,
        "height_m": 8.2
      },
      "geometry": {
        "type": "Point",
        "coordinates": [
          -119.15517198628189,
          34.432447431886196
        ]
      }
    },
    {
      "type": "Feature",
      "properties": {
        "id": 2480,
        "height_m": 14.6
      },
      "geometry": {
        "type": "Point",
        "coordinates": [
          -119.15516654110453,
          34.431152878007154
        ]
      }
    },
    {
      "type": "Feature",
      "properties": {
        "id": 2481,
        "height_m": 11.8
      },
      "geometry": {
        "type": "Point",
        "coordinates": [
          -119.15516654110453,
          34.432024055684096
        ]
      }
    },
    {
      "type": "Feature",
      "properties": {
        "id": 2482,
        "height_m": 3.9
      },
      "geometry": {
        "type": "Point",
        "coordinates": [
          -119.15516654110453,
          34.432226697554775
        ]
      }
    },
    {
      "type": "Feature",
      "properties": {
        "id": 2483,
        "height_m": 5.8
      },
      "geometry": {
        "type": "Point",
        "coordinates": [
          -119.15516654110453,
          34.43569241162949
        ]
      }
    },
    {
      "type": "Feature",
      "properties": {
        "id": 2484,
        "height_m": 9.1
      },
      "geometry": {
        "type": "Point",
        "coordinates": [
          -119.15516436303359,
          34.435296175019985
        ]
      }
    },
    {
      "type": "Feature",
      "properties": {
        "id": 2485,
        "height_m": 7.0
      },
      "geometry": {
        "type": "Point",
        "coordinates": [
          -119.15516327399811,
          34.43560918360564
        ]
      }
    },
    {
      "type": "Feature",
      "properties": {
        "id": 2486,
        "height_m": 11.1
      },
      "geometry": {
        "type": "Point",
        "coordinates": [
          -119.15516218496265,
          34.43317657968965
        ]
      }
    },
    {
      "type": "Feature",
      "properties": {
        "id": 2487,
        "height_m": 16.7
      },
      "geometry": {
        "type": "Point",
        "coordinates": [
          -119.15516109592717,
          34.43122796397294
        ]
      }
    },
    {
      "type": "Feature",
      "properties": {
        "id": 2488,
        "height_m": 12.8
      },
      "geometry": {
        "type": "Point",
        "coordinates": [
          -119.15515891676829,
          34.43045901185437
        ]
      }
    },
    {
      "type": "Feature",
      "properties": {
        "id": 2489,
        "height_m": 9.6
      },
      "geometry": {
        "type": "Point",
        "coordinates": [
          -119.15515673869734,
          34.43260212738368
        ]
      }
    },
    {
      "type": "Feature",
      "properties": {
        "id": 2490,
        "height_m": 14.2
      },
      "geometry": {
        "type": "Point",
        "coordinates": [
          -119.15515564966186,
          34.43069060166224
        ]
      }
    },
    {
      "type": "Feature",
      "properties": {
        "id": 2491,
        "height_m": 7.6
      },
      "geometry": {
        "type": "Point",
        "coordinates": [
          -119.15515564966186,
          34.433026407758085
        ]
      }
    },
    {
      "type": "Feature",
      "properties": {
        "id": 2492,
        "height_m": 11.6
      },
      "geometry": {
        "type": "Point",
        "coordinates": [
          -119.15515347159092,
          34.430220184160724
        ]
      }
    },
    {
      "type": "Feature",
      "properties": {
        "id": 2493,
        "height_m": 3.9
      },
      "geometry": {
        "type": "Point",
        "coordinates": [
          -119.15515129351998,
          34.4343082969146
        ]
      }
    },
    {
      "type": "Feature",
      "properties": {
        "id": 2494,
        "height_m": 12.5
      },
      "geometry": {
        "type": "Point",
        "coordinates": [
          -119.15515020448451,
          34.43028170033021
        ]
      }
    },
    {
      "type": "Feature",
      "properties": {
        "id": 2495,
        "height_m": 7.9
      },
      "geometry": {
        "type": "Point",
        "coordinates": [
          -119.15515020448451,
          34.435750309306826
        ]
      }
    },
    {
      "type": "Feature",
      "properties": {
        "id": 2496,
        "height_m": 10.9
      },
      "geometry": {
        "type": "Point",
        "coordinates": [
          -119.15514911544905,
          34.43207833486928
        ]
      }
    },
    {
      "type": "Feature",
      "properties": {
        "id": 2497,
        "height_m": 12.7
      },
      "geometry": {
        "type": "Point",
        "coordinates": [
          -119.1551469373781,
          34.431456840362436
        ]
      }
    },
    {
      "type": "Feature",
      "properties": {
        "id": 2498,
        "height_m": 10.0
      },
      "geometry": {
        "type": "Point",
        "coordinates": [
          -119.1551469373781,
          34.43184855340602
        ]
      }
    },
    {
      "type": "Feature",
      "properties": {
        "id": 2499,
        "height_m": 8.8
      },
      "geometry": {
        "type": "Point",
        "coordinates": [
          -119.15514366918374,
          34.43539659043082
        ]
      }
    },
    {
      "type": "Feature",
      "properties": {
        "id": 2500,
        "height_m": 3.1
      },
      "geometry": {
        "type": "Point",
        "coordinates": [
          -119.15514258014827,
          34.43552143201587
        ]
      }
    },
    {
      "type": "Feature",
      "properties": {
        "id": 2501,
        "height_m": 4.0
      },
      "geometry": {
        "type": "Point",
        "coordinates": [
          -119.15514040207732,
          34.432513471621604
        ]
      }
    },
    {
      "type": "Feature",
      "properties": {
        "id": 2502,
        "height_m": 7.1
      },
      "geometry": {
        "type": "Point",
        "coordinates": [
          -119.15514040207732,
          34.43306621297467
        ]
      }
    },
    {
      "type": "Feature",
      "properties": {
        "id": 2503,
        "height_m": 5.6
      },
      "geometry": {
        "type": "Point",
        "coordinates": [
          -119.15513931304186,
          34.43215432590884
        ]
      }
    },
    {
      "type": "Feature",
      "properties": {
        "id": 2504,
        "height_m": 10.6
      },
      "geometry": {
        "type": "Point",
        "coordinates": [
          -119.15513931304186,
          34.435250942065174
        ]
      }
    },
    {
      "type": "Feature",
      "properties": {
        "id": 2505,
        "height_m": 8.0
      },
      "geometry": {
        "type": "Point",
        "coordinates": [
          -119.15513386786449,
          34.43543639564741
        ]
      }
    },
    {
      "type": "Feature",
      "properties": {
        "id": 2506,
        "height_m": 8.2
      },
      "geometry": {
        "type": "Point",
        "coordinates": [
          -119.15512951172262,
          34.43245557394427
        ]
      }
    },
    {
      "type": "Feature",
      "properties": {
        "id": 2507,
        "height_m": 7.6
      },
      "geometry": {
        "type": "Point",
        "coordinates": [
          -119.15512842268714,
          34.43164048469858
        ]
      }
    },
    {
      "type": "Feature",
      "properties": {
        "id": 2508,
        "height_m": 15.4
      },
      "geometry": {
        "type": "Point",
        "coordinates": [
          -119.15512733256372,
          34.43235877612412
        ]
      }
    },
    {
      "type": "Feature",
      "properties": {
        "id": 2509,
        "height_m": 13.6
      },
      "geometry": {
        "type": "Point",
        "coordinates": [
          -119.15512624352826,
          34.431539163312515
        ]
      }
    },
    {
      "type": "Feature",
      "properties": {
        "id": 2510,
        "height_m": 15.8
      },
      "geometry": {
        "type": "Point",
        "coordinates": [
          -119.15512188738637,
          34.43093214367573
        ]
      }
    },
    {
      "type": "Feature",
      "properties": {
        "id": 2511,
        "height_m": 12.7
      },
      "geometry": {
        "type": "Point",
        "coordinates": [
          -119.15512188738637,
          34.43133742651561
        ]
      }
    },
    {
      "type": "Feature",
      "properties": {
        "id": 2512,
        "height_m": 13.0
      },
      "geometry": {
        "type": "Point",
        "coordinates": [
          -119.15511970931543,
          34.43010800729821
        ]
      }
    },
    {
      "type": "Feature",
      "properties": {
        "id": 2513,
        "height_m": 8.0
      },
      "geometry": {
        "type": "Point",
        "coordinates": [
          -119.15511426413806,
          34.435596517981644
        ]
      }
    },
    {
      "type": "Feature",
      "properties": {
        "id": 2514,
        "height_m": 8.9
      },
      "geometry": {
        "type": "Point",
        "coordinates": [
          -119.15510881787277,
          34.432777629661764
        ]
      }
    },
    {
      "type": "Feature",
      "properties": {
        "id": 2515,
        "height_m": 7.9
      },
      "geometry": {
        "type": "Point",
        "coordinates": [
          -119.1551077288373,
          34.43212809048855
        ]
      }
    },
    {
      "type": "Feature",
      "properties": {
        "id": 2516,
        "height_m": 12.4
      },
      "geometry": {
        "type": "Point",
        "coordinates": [
          -119.1551077288373,
          34.432294546536255
        ]
      }
    },
    {
      "type": "Feature",
      "properties": {
        "id": 2517,
        "height_m": 8.7
      },
      "geometry": {
        "type": "Point",
        "coordinates": [
          -119.15510446173089,
          34.433022789265934
        ]
      }
    },
    {
      "type": "Feature",
      "properties": {
        "id": 2518,
        "height_m": 5.0
      },
      "geometry": {
        "type": "Point",
        "coordinates": [
          -119.15510119462446,
          34.435755737045056
        ]
      }
    },
    {
      "type": "Feature",
      "properties": {
        "id": 2519,
        "height_m": 7.4
      },
      "geometry": {
        "type": "Point",
        "coordinates": [
          -119.15509901655352,
          34.432226697554775
        ]
      }
    },
    {
      "type": "Feature",
      "properties": {
        "id": 2520,
        "height_m": 12.7
      },
      "geometry": {
        "type": "Point",
        "coordinates": [
          -119.15509792751806,
          34.43270616218813
        ]
      }
    },
    {
      "type": "Feature",
      "properties": {
        "id": 2521,
        "height_m": 14.3
      },
      "geometry": {
        "type": "Point",
        "coordinates": [
          -119.15509683848258,
          34.430997278337365
        ]
      }
    },
    {
      "type": "Feature",
      "properties": {
        "id": 2522,
        "height_m": 9.2
      },
      "geometry": {
        "type": "Point",
        "coordinates": [
          -119.15509683848258,
          34.43159163325163
        ]
      }
    },
    {
      "type": "Feature",
      "properties": {
        "id": 2523,
        "height_m": 15.5
      },
      "geometry": {
        "type": "Point",
        "coordinates": [
          -119.15509574944711,
          34.43190011917282
        ]
      }
    },
    {
      "type": "Feature",
      "properties": {
        "id": 2524,
        "height_m": 12.9
      },
      "geometry": {
        "type": "Point",
        "coordinates": [
          -119.15509574944711,
          34.43262383923805
        ]
      }
    },
    {
      "type": "Feature",
      "properties": {
        "id": 2525,
        "height_m": 13.9
      },
      "geometry": {
        "type": "Point",
        "coordinates": [
          -119.15509357028822,
          34.430651702420896
        ]
      }
    },
    {
      "type": "Feature",
      "properties": {
        "id": 2526,
        "height_m": 5.3
      },
      "geometry": {
        "type": "Point",
        "coordinates": [
          -119.15509248125275,
          34.43520932850399
        ]
      }
    },
    {
      "type": "Feature",
      "properties": {
        "id": 2527,
        "height_m": 7.2
      },
      "geometry": {
        "type": "Point",
        "coordinates": [
          -119.15509030318181,
          34.43082810887128
        ]
      }
    },
    {
      "type": "Feature",
      "properties": {
        "id": 2528,
        "height_m": 14.4
      },
      "geometry": {
        "type": "Point",
        "coordinates": [
          -119.15508921414634,
          34.43104431963678
        ]
      }
    },
    {
      "type": "Feature",
      "properties": {
        "id": 2529,
        "height_m": 10.3
      },
      "geometry": {
        "type": "Point",
        "coordinates": [
          -119.15508267993351,
          34.430580234947264
        ]
      }
    },
    {
      "type": "Feature",
      "properties": {
        "id": 2530,
        "height_m": 11.6
      },
      "geometry": {
        "type": "Point",
        "coordinates": [
          -119.15508050186257,
          34.430424635277475
        ]
      }
    },
    {
      "type": "Feature",
      "properties": {
        "id": 2531,
        "height_m": 16.6
      },
      "geometry": {
        "type": "Point",
        "coordinates": [
          -119.15508050186257,
          34.432870808088296
        ]
      }
    },
    {
      "type": "Feature",
      "properties": {
        "id": 2532,
        "height_m": 7.4
      },
      "geometry": {
        "type": "Point",
        "coordinates": [
          -119.15507723366821,
          34.43304631036638
        ]
      }
    },
    {
      "type": "Feature",
      "properties": {
        "id": 2533,
        "height_m": 11.8
      },
      "geometry": {
        "type": "Point",
        "coordinates": [
          -119.15507614463273,
          34.43137451741235
        ]
      }
    },
    {
      "type": "Feature",
      "properties": {
        "id": 2534,
        "height_m": 14.2
      },
      "geometry": {
        "type": "Point",
        "coordinates": [
          -119.15507505559727,
          34.43025908430354
        ]
      }
    },
    {
      "type": "Feature",
      "properties": {
        "id": 2535,
        "height_m": 11.1
      },
      "geometry": {
        "type": "Point",
        "coordinates": [
          -119.15506743234897,
          34.43010438880606
        ]
      }
    },
    {
      "type": "Feature",
      "properties": {
        "id": 2536,
        "height_m": 8.5
      },
      "geometry": {
        "type": "Point",
        "coordinates": [
          -119.15506634331349,
          34.4327495849954
        ]
      }
    },
    {
      "type": "Feature",
      "properties": {
        "id": 2537,
        "height_m": 13.9
      },
      "geometry": {
        "type": "Point",
        "coordinates": [
          -119.15506416524255,
          34.430906813329216
        ]
      }
    },
    {
      "type": "Feature",
      "properties": {
        "id": 2538,
        "height_m": 9.4
      },
      "geometry": {
        "type": "Point",
        "coordinates": [
          -119.15506307511913,
          34.4314785522168
        ]
      }
    },
    {
      "type": "Feature",
      "properties": {
        "id": 2539,
        "height_m": 13.6
      },
      "geometry": {
        "type": "Point",
        "coordinates": [
          -119.15505980801272,
          34.432953131038374
        ]
      }
    },
    {
      "type": "Feature",
      "properties": {
        "id": 2540,
        "height_m": 12.6
      },
      "geometry": {
        "type": "Point",
        "coordinates": [
          -119.15505762994178,
          34.43033236102325
        ]
      }
    },
    {
      "type": "Feature",
      "properties": {
        "id": 2541,
        "height_m": 4.6
      },
      "geometry": {
        "type": "Point",
        "coordinates": [
          -119.15505545187084,
          34.434254017729415
        ]
      }
    },
    {
      "type": "Feature",
      "properties": {
        "id": 2542,
        "height_m": 7.1
      },
      "geometry": {
        "type": "Point",
        "coordinates": [
          -119.1550532737999,
          34.432226697554775
        ]
      }
    },
    {
      "type": "Feature",
      "properties": {
        "id": 2543,
        "height_m": 11.1
      },
      "geometry": {
        "type": "Point",
        "coordinates": [
          -119.15505218476441,
          34.43111216861826
        ]
      }
    },
    {
      "type": "Feature",
      "properties": {
        "id": 2544,
        "height_m": 5.2
      },
      "geometry": {
        "type": "Point",
        "coordinates": [
          -119.15505218476441,
          34.432443813394045
        ]
      }
    },
    {
      "type": "Feature",
      "properties": {
        "id": 2545,
        "height_m": 11.6
      },
      "geometry": {
        "type": "Point",
        "coordinates": [
          -119.15504673849912,
          34.43151835653192
        ]
      }
    },
    {
      "type": "Feature",
      "properties": {
        "id": 2546,
        "height_m": 13.9
      },
      "geometry": {
        "type": "Point",
        "coordinates": [
          -119.15504238235724,
          34.43256051292102
        ]
      }
    },
    {
      "type": "Feature",
      "properties": {
        "id": 2547,
        "height_m": 11.2
      },
      "geometry": {
        "type": "Point",
        "coordinates": [
          -119.15503911525082,
          34.43230811633255
        ]
      }
    },
    {
      "type": "Feature",
      "properties": {
        "id": 2548,
        "height_m": 4.6
      },
      "geometry": {
        "type": "Point",
        "coordinates": [
          -119.15503911525082,
          34.433662377135
        ]
      }
    },
    {
      "type": "Feature",
      "properties": {
        "id": 2549,
        "height_m": 10.5
      },
      "geometry": {
        "type": "Point",
        "coordinates": [
          -119.15503584814441,
          34.431446889058286
        ]
      }
    },
    {
      "type": "Feature",
      "properties": {
        "id": 2550,
        "height_m": 12.6
      },
      "geometry": {
        "type": "Point",
        "coordinates": [
          -119.15503475910893,
          34.43014328894887
        ]
      }
    },
    {
      "type": "Feature",
      "properties": {
        "id": 2551,
        "height_m": 15.3
      },
      "geometry": {
        "type": "Point",
        "coordinates": [
          -119.15503367007346,
          34.430530479328
        ]
      }
    },
    {
      "type": "Feature",
      "properties": {
        "id": 2552,
        "height_m": 14.0
      },
      "geometry": {
        "type": "Point",
        "coordinates": [
          -119.15503258103799,
          34.431973395892534
        ]
      }
    },
    {
      "type": "Feature",
      "properties": {
        "id": 2553,
        "height_m": 8.8
      },
      "geometry": {
        "type": "Point",
        "coordinates": [
          -119.15503258103799,
          34.432157039327215
        ]
      }
    },
    {
      "type": "Feature",
      "properties": {
        "id": 2554,
        "height_m": 13.9
      },
      "geometry": {
        "type": "Point",
        "coordinates": [
          -119.15502822380816,
          34.430642655289056
        ]
      }
    },
    {
      "type": "Feature",
      "properties": {
        "id": 2555,
        "height_m": 12.5
      },
      "geometry": {
        "type": "Point",
        "coordinates": [
          -119.1550271347727,
          34.43269711505629
        ]
      }
    },
    {
      "type": "Feature",
      "properties": {
        "id": 2556,
        "height_m": 9.8
      },
      "geometry": {
        "type": "Point",
        "coordinates": [
          -119.15502604573722,
          34.435213851168434
        ]
      }
    },
    {
      "type": "Feature",
      "properties": {
        "id": 2557,
        "height_m": 10.7
      },
      "geometry": {
        "type": "Point",
        "coordinates": [
          -119.15502386766627,
          34.43094299915218
        ]
      }
    },
    {
      "type": "Feature",
      "properties": {
        "id": 2558,
        "height_m": 10.2
      },
      "geometry": {
        "type": "Point",
        "coordinates": [
          -119.15502386766627,
          34.43155544742866
        ]
      }
    },
    {
      "type": "Feature",
      "properties": {
        "id": 2559,
        "height_m": 14.6
      },
      "geometry": {
        "type": "Point",
        "coordinates": [
          -119.15502277863081,
          34.4328500013077
        ]
      }
    },
    {
      "type": "Feature",
      "properties": {
        "id": 2560,
        "height_m": 12.0
      },
      "geometry": {
        "type": "Point",
        "coordinates": [
          -119.15502168959533,
          34.4302147564225
        ]
      }
    },
    {
      "type": "Feature",
      "properties": {
        "id": 2561,
        "height_m": 8.8
      },
      "geometry": {
        "type": "Point",
        "coordinates": [
          -119.15502060055987,
          34.430708695024464
        ]
      }
    },
    {
      "type": "Feature",
      "properties": {
        "id": 2562,
        "height_m": 14.9
      },
      "geometry": {
        "type": "Point",
        "coordinates": [
          -119.15502060055987,
          34.43291513596934
        ]
      }
    },
    {
      "type": "Feature",
      "properties": {
        "id": 2563,
        "height_m": 4.8
      },
      "geometry": {
        "type": "Point",
        "coordinates": [
          -119.15501842248892,
          34.43175899347163
        ]
      }
    },
    {
      "type": "Feature",
      "properties": {
        "id": 2564,
        "height_m": 11.5
      },
      "geometry": {
        "type": "Point",
        "coordinates": [
          -119.15501406525908,
          34.432635598886804
        ]
      }
    },
    {
      "type": "Feature",
      "properties": {
        "id": 2565,
        "height_m": 6.4
      },
      "geometry": {
        "type": "Point",
        "coordinates": [
          -119.15501079815267,
          34.430807302090685
        ]
      }
    },
    {
      "type": "Feature",
      "properties": {
        "id": 2566,
        "height_m": 16.1
      },
      "geometry": {
        "type": "Point",
        "coordinates": [
          -119.1550097091172,
          34.431899214099055
        ]
      }
    },
    {
      "type": "Feature",
      "properties": {
        "id": 2567,
        "height_m": 10.4
      },
      "geometry": {
        "type": "Point",
        "coordinates": [
          -119.15500862008173,
          34.4352491328191
        ]
      }
    },
    {
      "type": "Feature",
      "properties": {
        "id": 2568,
        "height_m": 10.0
      },
      "geometry": {
        "type": "Point",
        "coordinates": [
          -119.15499990779796,
          34.43253246915612
        ]
      }
    },
    {
      "type": "Feature",
      "properties": {
        "id": 2569,
        "height_m": 7.9
      },
      "geometry": {
        "type": "Point",
        "coordinates": [
          -119.1549966396036,
          34.43151926160569
        ]
      }
    },
    {
      "type": "Feature",
      "properties": {
        "id": 2570,
        "height_m": 14.1
      },
      "geometry": {
        "type": "Point",
        "coordinates": [
          -119.15499337249719,
          34.431381754396654
        ]
      }
    },
    {
      "type": "Feature",
      "properties": {
        "id": 2571,
        "height_m": 8.3
      },
      "geometry": {
        "type": "Point",
        "coordinates": [
          -119.1549857492489,
          34.43241124606323
        ]
      }
    },
    {
      "type": "Feature",
      "properties": {
        "id": 2572,
        "height_m": 12.2
      },
      "geometry": {
        "type": "Point",
        "coordinates": [
          -119.15498466021342,
          34.43185398204571
        ]
      }
    },
    {
      "type": "Feature",
      "properties": {
        "id": 2573,
        "height_m": 10.5
      },
      "geometry": {
        "type": "Point",
        "coordinates": [
          -119.15498248214247,
          34.43166038640541
        ]
      }
    },
    {
      "type": "Feature",
      "properties": {
        "id": 2574,
        "height_m": 15.5
      },
      "geometry": {
        "type": "Point",
        "coordinates": [
          -119.15497812491265,
          34.43248180846309
        ]
      }
    },
    {
      "type": "Feature",
      "properties": {
        "id": 2575,
        "height_m": 10.0
      },
      "geometry": {
        "type": "Point",
        "coordinates": [
          -119.15497703587717,
          34.432956749530526
        ]
      }
    },
    {
      "type": "Feature",
      "properties": {
        "id": 2576,
        "height_m": 5.4
      },
      "geometry": {
        "type": "Point",
        "coordinates": [
          -119.15497376877076,
          34.43365242583086
        ]
      }
    },
    {
      "type": "Feature",
      "properties": {
        "id": 2577,
        "height_m": 14.3
      },
      "geometry": {
        "type": "Point",
        "coordinates": [
          -119.15497050166434,
          34.43106422224508
        ]
      }
    },
    {
      "type": "Feature",
      "properties": {
        "id": 2578,
        "height_m": 13.8
      },
      "geometry": {
        "type": "Point",
        "coordinates": [
          -119.15497050166434,
          34.431156496499305
        ]
      }
    },
    {
      "type": "Feature",
      "properties": {
        "id": 2579,
        "height_m": 9.4
      },
      "geometry": {
        "type": "Point",
        "coordinates": [
          -119.15497050166434,
          34.43178703723653
        ]
      }
    },
    {
      "type": "Feature",
      "properties": {
        "id": 2580,
        "height_m": 12.4
      },
      "geometry": {
        "type": "Point",
        "coordinates": [
          -119.15496723455793,
          34.43123972452316
        ]
      }
    },
    {
      "type": "Feature",
      "properties": {
        "id": 2581,
        "height_m": 11.8
      },
      "geometry": {
        "type": "Point",
        "coordinates": [
          -119.15496614552247,
          34.43054857178875
        ]
      }
    },
    {
      "type": "Feature",
      "properties": {
        "id": 2582,
        "height_m": 12.8
      },
      "geometry": {
        "type": "Point",
        "coordinates": [
          -119.15496614552247,
          34.43206928863891
        ]
      }
    },
    {
      "type": "Feature",
      "properties": {
        "id": 2583,
        "height_m": 9.1
      },
      "geometry": {
        "type": "Point",
        "coordinates": [
          -119.15495961022168,
          34.43162329641014
        ]
      }
    },
    {
      "type": "Feature",
      "properties": {
        "id": 2584,
        "height_m": 13.7
      },
      "geometry": {
        "type": "Point",
        "coordinates": [
          -119.15495961022168,
          34.43197430006484
        ]
      }
    },
    {
      "type": "Feature",
      "properties": {
        "id": 2585,
        "height_m": 8.5
      },
      "geometry": {
        "type": "Point",
        "coordinates": [
          -119.15495852118622,
          34.432766773283845
        ]
      }
    },
    {
      "type": "Feature",
      "properties": {
        "id": 2586,
        "height_m": 12.3
      },
      "geometry": {
        "type": "Point",
        "coordinates": [
          -119.15495634311527,
          34.43064808302728
        ]
      }
    },
    {
      "type": "Feature",
      "properties": {
        "id": 2587,
        "height_m": 14.0
      },
      "geometry": {
        "type": "Point",
        "coordinates": [
          -119.1549552540798,
          34.43073583461705
        ]
      }
    },
    {
      "type": "Feature",
      "properties": {
        "id": 2588,
        "height_m": 9.1
      },
      "geometry": {
        "type": "Point",
        "coordinates": [
          -119.15494980890244,
          34.43040473266918
        ]
      }
    },
    {
      "type": "Feature",
      "properties": {
        "id": 2589,
        "height_m": 13.0
      },
      "geometry": {
        "type": "Point",
        "coordinates": [
          -119.15494980890244,
          34.43110945519989
        ]
      }
    },
    {
      "type": "Feature",
      "properties": {
        "id": 2590,
        "height_m": 8.6
      },
      "geometry": {
        "type": "Point",
        "coordinates": [
          -119.15494980890244,
          34.43272244540281
        ]
      }
    },
    {
      "type": "Feature",
      "properties": {
        "id": 2591,
        "height_m": 6.6
      },
      "geometry": {
        "type": "Point",
        "coordinates": [
          -119.15494545167262,
          34.43569060238342
        ]
      }
    },
    {
      "type": "Feature",
      "properties": {
        "id": 2592,
        "height_m": 11.5
      },
      "geometry": {
        "type": "Point",
        "coordinates": [
          -119.1549421845662,
          34.43282557603495
        ]
      }
    },
    {
      "type": "Feature",
      "properties": {
        "id": 2593,
        "height_m": 16.0
      },
      "geometry": {
        "type": "Point",
        "coordinates": [
          -119.15494109553073,
          34.43191368896912
        ]
      }
    },
    {
      "type": "Feature",
      "properties": {
        "id": 2594,
        "height_m": 10.4
      },
      "geometry": {
        "type": "Point",
        "coordinates": [
          -119.15494109553073,
          34.43267359485731
        ]
      }
    },
    {
      "type": "Feature",
      "properties": {
        "id": 2595,
        "height_m": 3.6
      },
      "geometry": {
        "type": "Point",
        "coordinates": [
          -119.15494109553073,
          34.43526813035362
        ]
      }
    },
    {
      "type": "Feature",
      "properties": {
        "id": 2596,
        "height_m": 3.9
      },
      "geometry": {
        "type": "Point",
        "coordinates": [
          -119.15493673938884,
          34.43258674834131
        ]
      }
    },
    {
      "type": "Feature",
      "properties": {
        "id": 2597,
        "height_m": 4.8
      },
      "geometry": {
        "type": "Point",
        "coordinates": [
          -119.15493673938884,
          34.43349411184122
        ]
      }
    },
    {
      "type": "Feature",
      "properties": {
        "id": 2598,
        "height_m": 8.6
      },
      "geometry": {
        "type": "Point",
        "coordinates": [
          -119.15493565035337,
          34.43082177605928
        ]
      }
    },
    {
      "type": "Feature",
      "properties": {
        "id": 2599,
        "height_m": 12.7
      },
      "geometry": {
        "type": "Point",
        "coordinates": [
          -119.154932382159,
          34.43214527877699
        ]
      }
    },
    {
      "type": "Feature",
      "properties": {
        "id": 2600,
        "height_m": 10.9
      },
      "geometry": {
        "type": "Point",
        "coordinates": [
          -119.15493129312354,
          34.432325304620996
        ]
      }
    },
    {
      "type": "Feature",
      "properties": {
        "id": 2601,
        "height_m": 12.8
      },
      "geometry": {
        "type": "Point",
        "coordinates": [
          -119.15492040276882,
          34.43223574378515
        ]
      }
    },
    {
      "type": "Feature",
      "properties": {
        "id": 2602,
        "height_m": 11.7
      },
      "geometry": {
        "type": "Point",
        "coordinates": [
          -119.15491931373336,
          34.43139713343902
        ]
      }
    },
    {
      "type": "Feature",
      "properties": {
        "id": 2603,
        "height_m": 4.4
      },
      "geometry": {
        "type": "Point",
        "coordinates": [
          -119.15491822469788,
          34.43068788824387
        ]
      }
    },
    {
      "type": "Feature",
      "properties": {
        "id": 2604,
        "height_m": 13.4
      },
      "geometry": {
        "type": "Point",
        "coordinates": [
          -119.15491713457446,
          34.431687525998
        ]
      }
    },
    {
      "type": "Feature",
      "properties": {
        "id": 2605,
        "height_m": 10.6
      },
      "geometry": {
        "type": "Point",
        "coordinates": [
          -119.15491168939711,
          34.431352805557985
        ]
      }
    },
    {
      "type": "Feature",
      "properties": {
        "id": 2606,
        "height_m": 7.6
      },
      "geometry": {
        "type": "Point",
        "coordinates": [
          -119.15490842229069,
          34.43160158455577
        ]
      }
    },
    {
      "type": "Feature",
      "properties": {
        "id": 2607,
        "height_m": 3.8
      },
      "geometry": {
        "type": "Point",
        "coordinates": [
          -119.15490406614882,
          34.43058928117764
        ]
      }
    },
    {
      "type": "Feature",
      "properties": {
        "id": 2608,
        "height_m": 13.2
      },
      "geometry": {
        "type": "Point",
        "coordinates": [
          -119.15490297711334,
          34.431252389245685
        ]
      }
    },
    {
      "type": "Feature",
      "properties": {
        "id": 2609,
        "height_m": 11.2
      },
      "geometry": {
        "type": "Point",
        "coordinates": [
          -119.15489861988351,
          34.43079282722062
        ]
      }
    },
    {
      "type": "Feature",
      "properties": {
        "id": 2610,
        "height_m": 13.8
      },
      "geometry": {
        "type": "Point",
        "coordinates": [
          -119.15489426374162,
          34.430443632812
        ]
      }
    },
    {
      "type": "Feature",
      "properties": {
        "id": 2611,
        "height_m": 10.9
      },
      "geometry": {
        "type": "Point",
        "coordinates": [
          -119.15488881856426,
          34.430739453109204
        ]
      }
    },
    {
      "type": "Feature",
      "properties": {
        "id": 2612,
        "height_m": 10.0
      },
      "geometry": {
        "type": "Point",
        "coordinates": [
          -119.15488555145785,
          34.43013695613688
        ]
      }
    },
    {
      "type": "Feature",
      "properties": {
        "id": 2613,
        "height_m": 12.6
      },
      "geometry": {
        "type": "Point",
        "coordinates": [
          -119.15488337229897,
          34.4311691621233
        ]
      }
    },
    {
      "type": "Feature",
      "properties": {
        "id": 2614,
        "height_m": 13.0
      },
      "geometry": {
        "type": "Point",
        "coordinates": [
          -119.15488228326349,
          34.4317219025749
        ]
      }
    },
    {
      "type": "Feature",
      "properties": {
        "id": 2615,
        "height_m": 14.2
      },
      "geometry": {
        "type": "Point",
        "coordinates": [
          -119.15488010519255,
          34.43227102543581
        ]
      }
    },
    {
      "type": "Feature",
      "properties": {
        "id": 2616,
        "height_m": 11.6
      },
      "geometry": {
        "type": "Point",
        "coordinates": [
          -119.15487574905066,
          34.43049338843126
        ]
      }
    },
    {
      "type": "Feature",
      "properties": {
        "id": 2617,
        "height_m": 14.0
      },
      "geometry": {
        "type": "Point",
        "coordinates": [
          -119.1548746600152,
          34.43104703395663
        ]
      }
    },
    {
      "type": "Feature",
      "properties": {
        "id": 2618,
        "height_m": 12.6
      },
      "geometry": {
        "type": "Point",
        "coordinates": [
          -119.15487030387331,
          34.431383563642726
        ]
      }
    },
    {
      "type": "Feature",
      "properties": {
        "id": 2619,
        "height_m": 11.3
      },
      "geometry": {
        "type": "Point",
        "coordinates": [
          -119.15487030387331,
          34.435221993226506
        ]
      }
    },
    {
      "type": "Feature",
      "properties": {
        "id": 2620,
        "height_m": 10.7
      },
      "geometry": {
        "type": "Point",
        "coordinates": [
          -119.15486921483783,
          34.432826480207254
        ]
      }
    },
    {
      "type": "Feature",
      "properties": {
        "id": 2621,
        "height_m": 6.0
      },
      "geometry": {
        "type": "Point",
        "coordinates": [
          -119.15486921483783,
          34.433254379975274
        ]
      }
    },
    {
      "type": "Feature",
      "properties": {
        "id": 2622,
        "height_m": 14.3
      },
      "geometry": {
        "type": "Point",
        "coordinates": [
          -119.15486594664347,
          34.43207562054944
        ]
      }
    },
    {
      "type": "Feature",
      "properties": {
        "id": 2623,
        "height_m": 10.2
      },
      "geometry": {
        "type": "Point",
        "coordinates": [
          -119.15486267953706,
          34.432583129849164
        ]
      }
    },
    {
      "type": "Feature",
      "properties": {
        "id": 2624,
        "height_m": 11.2
      },
      "geometry": {
        "type": "Point",
        "coordinates": [
          -119.15485832339517,
          34.430105293879826
        ]
      }
    },
    {
      "type": "Feature",
      "properties": {
        "id": 2625,
        "height_m": 12.3
      },
      "geometry": {
        "type": "Point",
        "coordinates": [
          -119.15485832339517,
          34.432345206327824
        ]
      }
    },
    {
      "type": "Feature",
      "properties": {
        "id": 2626,
        "height_m": 13.3
      },
      "geometry": {
        "type": "Point",
        "coordinates": [
          -119.15485505628877,
          34.431281338084354
        ]
      }
    },
    {
      "type": "Feature",
      "properties": {
        "id": 2627,
        "height_m": 7.2
      },
      "geometry": {
        "type": "Point",
        "coordinates": [
          -119.15485069905893,
          34.43287623582652
        ]
      }
    },
    {
      "type": "Feature",
      "properties": {
        "id": 2628,
        "height_m": 12.2
      },
      "geometry": {
        "type": "Point",
        "coordinates": [
          -119.1548441648461,
          34.43168843107178
        ]
      }
    },
    {
      "type": "Feature",
      "properties": {
        "id": 2629,
        "height_m": 7.0
      },
      "geometry": {
        "type": "Point",
        "coordinates": [
          -119.15484198677517,
          34.430569378569345
        ]
      }
    },
    {
      "type": "Feature",
      "properties": {
        "id": 2630,
        "height_m": 3.7
      },
      "geometry": {
        "type": "Point",
        "coordinates": [
          -119.15484198677517,
          34.43084620133203
        ]
      }
    },
    {
      "type": "Feature",
      "properties": {
        "id": 2631,
        "height_m": 4.5
      },
      "geometry": {
        "type": "Point",
        "coordinates": [
          -119.15484198677517,
          34.43542553926949
        ]
      }
    },
    {
      "type": "Feature",
      "properties": {
        "id": 2632,
        "height_m": 15.6
      },
      "geometry": {
        "type": "Point",
        "coordinates": [
          -119.15484089773969,
          34.432417578875224
        ]
      }
    },
    {
      "type": "Feature",
      "properties": {
        "id": 2633,
        "height_m": 10.9
      },
      "geometry": {
        "type": "Point",
        "coordinates": [
          -119.1548365415978,
          34.4317734683417
        ]
      }
    },
    {
      "type": "Feature",
      "properties": {
        "id": 2634,
        "height_m": 10.4
      },
      "geometry": {
        "type": "Point",
        "coordinates": [
          -119.1548365415978,
          34.43203581623432
        ]
      }
    },
    {
      "type": "Feature",
      "properties": {
        "id": 2635,
        "height_m": 6.2
      },
      "geometry": {
        "type": "Point",
        "coordinates": [
          -119.15483545147438,
          34.43052957425423
        ]
      }
    },
    {
      "type": "Feature",
      "properties": {
        "id": 2636,
        "height_m": 13.9
      },
      "geometry": {
        "type": "Point",
        "coordinates": [
          -119.15483218436798,
          34.4307602598898
        ]
      }
    },
    {
      "type": "Feature",
      "properties": {
        "id": 2637,
        "height_m": 12.4
      },
      "geometry": {
        "type": "Point",
        "coordinates": [
          -119.1548310953325,
          34.4325342784022
        ]
      }
    },
    {
      "type": "Feature",
      "properties": {
        "id": 2638,
        "height_m": 19.5
      },
      "geometry": {
        "type": "Point",
        "coordinates": [
          -119.15482673919061,
          34.43298207987704
        ]
      }
    },
    {
      "type": "Feature",
      "properties": {
        "id": 2639,
        "height_m": 3.9
      },
      "geometry": {
        "type": "Point",
        "coordinates": [
          -119.15482456111967,
          34.435811825476314
        ]
      }
    },
    {
      "type": "Feature",
      "properties": {
        "id": 2640,
        "height_m": 16.8
      },
      "geometry": {
        "type": "Point",
        "coordinates": [
          -119.1548234720842,
          34.43217694193551
        ]
      }
    },
    {
      "type": "Feature",
      "properties": {
        "id": 2641,
        "height_m": 14.8
      },
      "geometry": {
        "type": "Point",
        "coordinates": [
          -119.1548234720842,
          34.433139489694376
        ]
      }
    },
    {
      "type": "Feature",
      "properties": {
        "id": 2642,
        "height_m": 12.9
      },
      "geometry": {
        "type": "Point",
        "coordinates": [
          -119.15482238304874,
          34.43124605733516
        ]
      }
    },
    {
      "type": "Feature",
      "properties": {
        "id": 2643,
        "height_m": 13.7
      },
      "geometry": {
        "type": "Point",
        "coordinates": [
          -119.15481911485438,
          34.43108593409944
        ]
      }
    },
    {
      "type": "Feature",
      "properties": {
        "id": 2644,
        "height_m": 15.0
      },
      "geometry": {
        "type": "Point",
        "coordinates": [
          -119.1548180258189,
          34.432288213724256
        ]
      }
    },
    {
      "type": "Feature",
      "properties": {
        "id": 2645,
        "height_m": 4.9
      },
      "geometry": {
        "type": "Point",
        "coordinates": [
          -119.15481584774795,
          34.43546805790445
        ]
      }
    },
    {
      "type": "Feature",
      "properties": {
        "id": 2646,
        "height_m": 15.0
      },
      "geometry": {
        "type": "Point",
        "coordinates": [
          -119.15481258064155,
          34.432676308275695
        ]
      }
    },
    {
      "type": "Feature",
      "properties": {
        "id": 2647,
        "height_m": 9.8
      },
      "geometry": {
        "type": "Point",
        "coordinates": [
          -119.15480931353513,
          34.432612982860135
        ]
      }
    },
    {
      "type": "Feature",
      "properties": {
        "id": 2648,
        "height_m": 17.5
      },
      "geometry": {
        "type": "Point",
        "coordinates": [
          -119.15480931353513,
          34.43307344995897
        ]
      }
    },
    {
      "type": "Feature",
      "properties": {
        "id": 2649,
        "height_m": 14.4
      },
      "geometry": {
        "type": "Point",
        "coordinates": [
          -119.15480604642872,
          34.43237867873241
        ]
      }
    },
    {
      "type": "Feature",
      "properties": {
        "id": 2650,
        "height_m": 9.8
      },
      "geometry": {
        "type": "Point",
        "coordinates": [
          -119.15480060016341,
          34.433194673051865
        ]
      }
    },
    {
      "type": "Feature",
      "properties": {
        "id": 2651,
        "height_m": 4.2
      },
      "geometry": {
        "type": "Point",
        "coordinates": [
          -119.15479951112795,
          34.43550786312104
        ]
      }
    },
    {
      "type": "Feature",
      "properties": {
        "id": 2652,
        "height_m": 10.6
      },
      "geometry": {
        "type": "Point",
        "coordinates": [
          -119.15479406595058,
          34.430616420770235
        ]
      }
    },
    {
      "type": "Feature",
      "properties": {
        "id": 2653,
        "height_m": 3.4
      },
      "geometry": {
        "type": "Point",
        "coordinates": [
          -119.15479406595058,
          34.43541739811288
        ]
      }
    },
    {
      "type": "Feature",
      "properties": {
        "id": 2654,
        "height_m": 6.4
      },
      "geometry": {
        "type": "Point",
        "coordinates": [
          -119.15479406595058,
          34.43567522334104
        ]
      }
    },
    {
      "type": "Feature",
      "properties": {
        "id": 2655,
        "height_m": 5.3
      },
      "geometry": {
        "type": "Point",
        "coordinates": [
          -119.15478644161433,
          34.43016590497554
        ]
      }
    },
    {
      "type": "Feature",
      "properties": {
        "id": 2656,
        "height_m": 13.1
      },
      "geometry": {
        "type": "Point",
        "coordinates": [
          -119.15478535257887,
          34.43210637863418
        ]
      }
    },
    {
      "type": "Feature",
      "properties": {
        "id": 2657,
        "height_m": 10.4
      },
      "geometry": {
        "type": "Point",
        "coordinates": [
          -119.15478317450793,
          34.43194987479209
        ]
      }
    },
    {
      "type": "Feature",
      "properties": {
        "id": 2658,
        "height_m": 9.2
      },
      "geometry": {
        "type": "Point",
        "coordinates": [
          -119.15477881836604,
          34.4310479390304
        ]
      }
    },
    {
      "type": "Feature",
      "properties": {
        "id": 2659,
        "height_m": 11.1
      },
      "geometry": {
        "type": "Point",
        "coordinates": [
          -119.15477881836604,
          34.432844573569476
        ]
      }
    },
    {
      "type": "Feature",
      "properties": {
        "id": 2660,
        "height_m": 7.2
      },
      "geometry": {
        "type": "Point",
        "coordinates": [
          -119.15477772933058,
          34.43085886695602
        ]
      }
    },
    {
      "type": "Feature",
      "properties": {
        "id": 2661,
        "height_m": 14.1
      },
      "geometry": {
        "type": "Point",
        "coordinates": [
          -119.15477555125963,
          34.43127862466597
        ]
      }
    },
    {
      "type": "Feature",
      "properties": {
        "id": 2662,
        "height_m": 11.9
      },
      "geometry": {
        "type": "Point",
        "coordinates": [
          -119.15477337318869,
          34.43115921081915
        ]
      }
    },
    {
      "type": "Feature",
      "properties": {
        "id": 2663,
        "height_m": 13.2
      },
      "geometry": {
        "type": "Point",
        "coordinates": [
          -119.15477119402979,
          34.43133923576169
        ]
      }
    },
    {
      "type": "Feature",
      "properties": {
        "id": 2664,
        "height_m": 13.5
      },
      "geometry": {
        "type": "Point",
        "coordinates": [
          -119.15476901595885,
          34.43079192304831
        ]
      }
    },
    {
      "type": "Feature",
      "properties": {
        "id": 2665,
        "height_m": 12.0
      },
      "geometry": {
        "type": "Point",
        "coordinates": [
          -119.15476901595885,
          34.431219821914866
        ]
      }
    },
    {
      "type": "Feature",
      "properties": {
        "id": 2666,
        "height_m": 11.3
      },
      "geometry": {
        "type": "Point",
        "coordinates": [
          -119.15476792692338,
          34.432773106095844
        ]
      }
    },
    {
      "type": "Feature",
      "properties": {
        "id": 2667,
        "height_m": 9.5
      },
      "geometry": {
        "type": "Point",
        "coordinates": [
          -119.1547668378879,
          34.43165857715934
        ]
      }
    },
    {
      "type": "Feature",
      "properties": {
        "id": 2668,
        "height_m": 13.7
      },
      "geometry": {
        "type": "Point",
        "coordinates": [
          -119.15476574885244,
          34.430354977049916
        ]
      }
    },
    {
      "type": "Feature",
      "properties": {
        "id": 2669,
        "height_m": 4.5
      },
      "geometry": {
        "type": "Point",
        "coordinates": [
          -119.15476574885244,
          34.435510576539414
        ]
      }
    },
    {
      "type": "Feature",
      "properties": {
        "id": 2670,
        "height_m": 13.2
      },
      "geometry": {
        "type": "Point",
        "coordinates": [
          -119.1547559475332,
          34.432641931698804
        ]
      }
    },
    {
      "type": "Feature",
      "properties": {
        "id": 2671,
        "height_m": 2.8
      },
      "geometry": {
        "type": "Point",
        "coordinates": [
          -119.1547559475332,
          34.43466020564307
        ]
      }
    },
    {
      "type": "Feature",
      "properties": {
        "id": 2672,
        "height_m": 12.7
      },
      "geometry": {
        "type": "Point",
        "coordinates": [
          -119.15475485740978,
          34.43098823210699
        ]
      }
    },
    {
      "type": "Feature",
      "properties": {
        "id": 2673,
        "height_m": 12.4
      },
      "geometry": {
        "type": "Point",
        "coordinates": [
          -119.1547537683743,
          34.43185488621801
        ]
      }
    },
    {
      "type": "Feature",
      "properties": {
        "id": 2674,
        "height_m": 12.2
      },
      "geometry": {
        "type": "Point",
        "coordinates": [
          -119.1547505012679,
          34.43201139096158
        ]
      }
    },
    {
      "type": "Feature",
      "properties": {
        "id": 2675,
        "height_m": 12.0
      },
      "geometry": {
        "type": "Point",
        "coordinates": [
          -119.15474941223242,
          34.43050514898148
        ]
      }
    },
    {
      "type": "Feature",
      "properties": {
        "id": 2676,
        "height_m": 11.0
      },
      "geometry": {
        "type": "Point",
        "coordinates": [
          -119.15474941223242,
          34.43523284870296
        ]
      }
    },
    {
      "type": "Feature",
      "properties": {
        "id": 2677,
        "height_m": 10.2
      },
      "geometry": {
        "type": "Point",
        "coordinates": [
          -119.15474287801959,
          34.43055761801912
        ]
      }
    },
    {
      "type": "Feature",
      "properties": {
        "id": 2678,
        "height_m": 14.8
      },
      "geometry": {
        "type": "Point",
        "coordinates": [
          -119.15474287801959,
          34.432893424114965
        ]
      }
    },
    {
      "type": "Feature",
      "properties": {
        "id": 2679,
        "height_m": 13.3
      },
      "geometry": {
        "type": "Point",
        "coordinates": [
          -119.15474069994866,
          34.4322393622773
        ]
      }
    },
    {
      "type": "Feature",
      "properties": {
        "id": 2680,
        "height_m": 11.3
      },
      "geometry": {
        "type": "Point",
        "coordinates": [
          -119.15473961091318,
          34.430898671271144
        ]
      }
    },
    {
      "type": "Feature",
      "properties": {
        "id": 2681,
        "height_m": 10.4
      },
      "geometry": {
        "type": "Point",
        "coordinates": [
          -119.15473852078976,
          34.43039659061111
        ]
      }
    },
    {
      "type": "Feature",
      "properties": {
        "id": 2682,
        "height_m": 12.3
      },
      "geometry": {
        "type": "Point",
        "coordinates": [
          -119.15473852078976,
          34.4304517739686
        ]
      }
    },
    {
      "type": "Feature",
      "properties": {
        "id": 2683,
        "height_m": 12.8
      },
      "geometry": {
        "type": "Point",
        "coordinates": [
          -119.15473852078976,
          34.43061823001631
        ]
      }
    },
    {
      "type": "Feature",
      "properties": {
        "id": 2684,
        "height_m": 13.5
      },
      "geometry": {
        "type": "Point",
        "coordinates": [
          -119.15473852078976,
          34.43269621088398
        ]
      }
    },
    {
      "type": "Feature",
      "properties": {
        "id": 2685,
        "height_m": 11.9
      },
      "geometry": {
        "type": "Point",
        "coordinates": [
          -119.1547374317543,
          34.43015324025302
        ]
      }
    },
    {
      "type": "Feature",
      "properties": {
        "id": 2686,
        "height_m": 12.3
      },
      "geometry": {
        "type": "Point",
        "coordinates": [
          -119.1547254523641,
          34.43111397786434
        ]
      }
    },
    {
      "type": "Feature",
      "properties": {
        "id": 2687,
        "height_m": 12.0
      },
      "geometry": {
        "type": "Point",
        "coordinates": [
          -119.1547254523641,
          34.432298165028406
        ]
      }
    },
    {
      "type": "Feature",
      "properties": {
        "id": 2688,
        "height_m": 5.3
      },
      "geometry": {
        "type": "Point",
        "coordinates": [
          -119.1547254523641,
          34.43539478118474
        ]
      }
    },
    {
      "type": "Feature",
      "properties": {
        "id": 2689,
        "height_m": 15.5
      },
      "geometry": {
        "type": "Point",
        "coordinates": [
          -119.15472436332864,
          34.43074035728151
        ]
      }
    },
    {
      "type": "Feature",
      "properties": {
        "id": 2690,
        "height_m": 12.3
      },
      "geometry": {
        "type": "Point",
        "coordinates": [
          -119.15472327429316,
          34.433127729144154
        ]
      }
    },
    {
      "type": "Feature",
      "properties": {
        "id": 2691,
        "height_m": 5.2
      },
      "geometry": {
        "type": "Point",
        "coordinates": [
          -119.15472218416974,
          34.43136275686213
        ]
      }
    },
    {
      "type": "Feature",
      "properties": {
        "id": 2692,
        "height_m": 11.2
      },
      "geometry": {
        "type": "Point",
        "coordinates": [
          -119.15472000609881,
          34.43194896971832
        ]
      }
    },
    {
      "type": "Feature",
      "properties": {
        "id": 2693,
        "height_m": 10.2
      },
      "geometry": {
        "type": "Point",
        "coordinates": [
          -119.15471782802787,
          34.433183816673946
        ]
      }
    },
    {
      "type": "Feature",
      "properties": {
        "id": 2694,
        "height_m": 10.8
      },
      "geometry": {
        "type": "Point",
        "coordinates": [
          -119.15471564995693,
          34.43169204956393
        ]
      }
    },
    {
      "type": "Feature",
      "properties": {
        "id": 2695,
        "height_m": 15.4
      },
      "geometry": {
        "type": "Point",
        "coordinates": [
          -119.1547123828505,
          34.43259127100576
        ]
      }
    },
    {
      "type": "Feature",
      "properties": {
        "id": 2696,
        "height_m": 15.3
      },
      "geometry": {
        "type": "Point",
        "coordinates": [
          -119.15470802670862,
          34.430315171833335
        ]
      }
    },
    {
      "type": "Feature",
      "properties": {
        "id": 2697,
        "height_m": 9.2
      },
      "geometry": {
        "type": "Point",
        "coordinates": [
          -119.15470584754974,
          34.435255465631094
        ]
      }
    },
    {
      "type": "Feature",
      "properties": {
        "id": 2698,
        "height_m": 9.9
      },
      "geometry": {
        "type": "Point",
        "coordinates": [
          -119.15470475851426,
          34.43130666843087
        ]
      }
    },
    {
      "type": "Feature",
      "properties": {
        "id": 2699,
        "height_m": 6.6
      },
      "geometry": {
        "type": "Point",
        "coordinates": [
          -119.15470475851426,
          34.43553228839378
        ]
      }
    },
    {
      "type": "Feature",
      "properties": {
        "id": 2700,
        "height_m": 10.2
      },
      "geometry": {
        "type": "Point",
        "coordinates": [
          -119.15470366947879,
          34.43215523008114
        ]
      }
    },
    {
      "type": "Feature",
      "properties": {
        "id": 2701,
        "height_m": 5.1
      },
      "geometry": {
        "type": "Point",
        "coordinates": [
          -119.15470258044331,
          34.43543096700771
        ]
      }
    },
    {
      "type": "Feature",
      "properties": {
        "id": 2702,
        "height_m": 13.1
      },
      "geometry": {
        "type": "Point",
        "coordinates": [
          -119.15470040237237,
          34.43282828945333
        ]
      }
    },
    {
      "type": "Feature",
      "properties": {
        "id": 2703,
        "height_m": 15.2
      },
      "geometry": {
        "type": "Point",
        "coordinates": [
          -119.15469822430144,
          34.430188521002215
        ]
      }
    },
    {
      "type": "Feature",
      "properties": {
        "id": 2704,
        "height_m": 6.2
      },
      "geometry": {
        "type": "Point",
        "coordinates": [
          -119.1546960462305,
          34.430405636841485
        ]
      }
    },
    {
      "type": "Feature",
      "properties": {
        "id": 2705,
        "height_m": 13.5
      },
      "geometry": {
        "type": "Point",
        "coordinates": [
          -119.1546960462305,
          34.430925810863734
        ]
      }
    },
    {
      "type": "Feature",
      "properties": {
        "id": 2706,
        "height_m": 13.6
      },
      "geometry": {
        "type": "Point",
        "coordinates": [
          -119.15469169008861,
          34.43200505814958
        ]
      }
    },
    {
      "type": "Feature",
      "properties": {
        "id": 2707,
        "height_m": 12.6
      },
      "geometry": {
        "type": "Point",
        "coordinates": [
          -119.15468951092971,
          34.43114383177678
        ]
      }
    },
    {
      "type": "Feature",
      "properties": {
        "id": 2708,
        "height_m": 10.3
      },
      "geometry": {
        "type": "Point",
        "coordinates": [
          -119.15468406575236,
          34.432739633691256
        ]
      }
    },
    {
      "type": "Feature",
      "properties": {
        "id": 2709,
        "height_m": 10.9
      },
      "geometry": {
        "type": "Point",
        "coordinates": [
          -119.15468188768142,
          34.43185940978393
        ]
      }
    },
    {
      "type": "Feature",
      "properties": {
        "id": 2710,
        "height_m": 15.4
      },
      "geometry": {
        "type": "Point",
        "coordinates": [
          -119.15467753153953,
          34.4301423838751
        ]
      }
    },
    {
      "type": "Feature",
      "properties": {
        "id": 2711,
        "height_m": 4.3
      },
      "geometry": {
        "type": "Point",
        "coordinates": [
          -119.15467753153953,
          34.432938657069776
        ]
      }
    },
    {
      "type": "Feature",
      "properties": {
        "id": 2712,
        "height_m": 11.2
      },
      "geometry": {
        "type": "Point",
        "coordinates": [
          -119.15467753153953,
          34.43521927980813
        ]
      }
    },
    {
      "type": "Feature",
      "properties": {
        "id": 2713,
        "height_m": 3.7
      },
      "geometry": {
        "type": "Point",
        "coordinates": [
          -119.15467535346859,
          34.43122524965309
        ]
      }
    },
    {
      "type": "Feature",
      "properties": {
        "id": 2714,
        "height_m": 13.5
      },
      "geometry": {
        "type": "Point",
        "coordinates": [
          -119.15466990720329,
          34.43267359485731
        ]
      }
    },
    {
      "type": "Feature",
      "properties": {
        "id": 2715,
        "height_m": 11.0
      },
      "geometry": {
        "type": "Point",
        "coordinates": [
          -119.15466881816782,
          34.431037987726256
        ]
      }
    },
    {
      "type": "Feature",
      "properties": {
        "id": 2716,
        "height_m": 7.0
      },
      "geometry": {
        "type": "Point",
        "coordinates": [
          -119.15466881816782,
          34.431521070851765
        ]
      }
    },
    {
      "type": "Feature",
      "properties": {
        "id": 2717,
        "height_m": 10.6
      },
      "geometry": {
        "type": "Point",
        "coordinates": [
          -119.15466881816782,
          34.43317115195142
        ]
      }
    },
    {
      "type": "Feature",
      "properties": {
        "id": 2718,
        "height_m": 15.1
      },
      "geometry": {
        "type": "Point",
        "coordinates": [
          -119.1546655510614,
          34.43262293416428
        ]
      }
    },
    {
      "type": "Feature",
      "properties": {
        "id": 2719,
        "height_m": 10.1
      },
      "geometry": {
        "type": "Point",
        "coordinates": [
          -119.15466446202593,
          34.43169295373623
        ]
      }
    },
    {
      "type": "Feature",
      "properties": {
        "id": 2720,
        "height_m": 3.8
      },
      "geometry": {
        "type": "Point",
        "coordinates": [
          -119.15466446202593,
          34.4325270414179
        ]
      }
    },
    {
      "type": "Feature",
      "properties": {
        "id": 2721,
        "height_m": 5.8
      },
      "geometry": {
        "type": "Point",
        "coordinates": [
          -119.15466119491951,
          34.43288709220444
        ]
      }
    },
    {
      "type": "Feature",
      "properties": {
        "id": 2722,
        "height_m": 16.1
      },
      "geometry": {
        "type": "Point",
        "coordinates": [
          -119.15466010588405,
          34.43058294836565
        ]
      }
    },
    {
      "type": "Feature",
      "properties": {
        "id": 2723,
        "height_m": 10.3
      },
      "geometry": {
        "type": "Point",
        "coordinates": [
          -119.15465901684857,
          34.43302550358578
        ]
      }
    },
    {
      "type": "Feature",
      "properties": {
        "id": 2724,
        "height_m": 15.0
      },
      "geometry": {
        "type": "Point",
        "coordinates": [
          -119.15465574865422,
          34.43225655056575
        ]
      }
    },
    {
      "type": "Feature",
      "properties": {
        "id": 2725,
        "height_m": 13.8
      },
      "geometry": {
        "type": "Point",
        "coordinates": [
          -119.15465357058328,
          34.43204486246469
        ]
      }
    },
    {
      "type": "Feature",
      "properties": {
        "id": 2726,
        "height_m": 8.4
      },
      "geometry": {
        "type": "Point",
        "coordinates": [
          -119.1546524815478,
          34.43080096927869
        ]
      }
    },
    {
      "type": "Feature",
      "properties": {
        "id": 2727,
        "height_m": 13.0
      },
      "geometry": {
        "type": "Point",
        "coordinates": [
          -119.15465139251233,
          34.43072316899306
        ]
      }
    },
    {
      "type": "Feature",
      "properties": {
        "id": 2728,
        "height_m": 13.7
      },
      "geometry": {
        "type": "Point",
        "coordinates": [
          -119.15464921444139,
          34.43210637863418
        ]
      }
    },
    {
      "type": "Feature",
      "properties": {
        "id": 2729,
        "height_m": 4.7
      },
      "geometry": {
        "type": "Point",
        "coordinates": [
          -119.15464703637045,
          34.435544048944
        ]
      }
    },
    {
      "type": "Feature",
      "properties": {
        "id": 2730,
        "height_m": 9.9
      },
      "geometry": {
        "type": "Point",
        "coordinates": [
          -119.15464594733497,
          34.43157715928302
        ]
      }
    },
    {
      "type": "Feature",
      "properties": {
        "id": 2731,
        "height_m": 4.9
      },
      "geometry": {
        "type": "Point",
        "coordinates": [
          -119.1546448582995,
          34.43175718422556
        ]
      }
    },
    {
      "type": "Feature",
      "properties": {
        "id": 2732,
        "height_m": 11.2
      },
      "geometry": {
        "type": "Point",
        "coordinates": [
          -119.15464268022856,
          34.432807482672736
        ]
      }
    },
    {
      "type": "Feature",
      "properties": {
        "id": 2733,
        "height_m": 5.6
      },
      "geometry": {
        "type": "Point",
        "coordinates": [
          -119.15463723396326,
          34.43045448828845
        ]
      }
    },
    {
      "type": "Feature",
      "properties": {
        "id": 2734,
        "height_m": 13.7
      },
      "geometry": {
        "type": "Point",
        "coordinates": [
          -119.15463287782137,
          34.430233753957026
        ]
      }
    },
    {
      "type": "Feature",
      "properties": {
        "id": 2735,
        "height_m": 14.0
      },
      "geometry": {
        "type": "Point",
        "coordinates": [
          -119.15463069975043,
          34.431971586646455
        ]
      }
    },
    {
      "type": "Feature",
      "properties": {
        "id": 2736,
        "height_m": 4.0
      },
      "geometry": {
        "type": "Point",
        "coordinates": [
          -119.15463069975043,
          34.43534412139318
        ]
      }
    },
    {
      "type": "Feature",
      "properties": {
        "id": 2737,
        "height_m": 17.6
      },
      "geometry": {
        "type": "Point",
        "coordinates": [
          -119.15462743264402,
          34.43030883992281
        ]
      }
    },
    {
      "type": "Feature",
      "properties": {
        "id": 2738,
        "height_m": 10.8
      },
      "geometry": {
        "type": "Point",
        "coordinates": [
          -119.15462198637871,
          34.43127319692775
        ]
      }
    },
    {
      "type": "Feature",
      "properties": {
        "id": 2739,
        "height_m": 6.5
      },
      "geometry": {
        "type": "Point",
        "coordinates": [
          -119.15462089734324,
          34.435442727557934
        ]
      }
    },
    {
      "type": "Feature",
      "properties": {
        "id": 2740,
        "height_m": 15.2
      },
      "geometry": {
        "type": "Point",
        "coordinates": [
          -119.15461980830777,
          34.4323054020127
        ]
      }
    },
    {
      "type": "Feature",
      "properties": {
        "id": 2741,
        "height_m": 11.4
      },
      "geometry": {
        "type": "Point",
        "coordinates": [
          -119.15461871927229,
          34.43131933405486
        ]
      }
    },
    {
      "type": "Feature",
      "properties": {
        "id": 2742,
        "height_m": 9.9
      },
      "geometry": {
        "type": "Point",
        "coordinates": [
          -119.15461871927229,
          34.43291423179703
        ]
      }
    },
    {
      "type": "Feature",
      "properties": {
        "id": 2743,
        "height_m": 2.7
      },
      "geometry": {
        "type": "Point",
        "coordinates": [
          -119.15461545216588,
          34.43253246915612
        ]
      }
    },
    {
      "type": "Feature",
      "properties": {
        "id": 2744,
        "height_m": 10.1
      },
      "geometry": {
        "type": "Point",
        "coordinates": [
          -119.15460673879417,
          34.430778353252016
        ]
      }
    },
    {
      "type": "Feature",
      "properties": {
        "id": 2745,
        "height_m": 4.5
      },
      "geometry": {
        "type": "Point",
        "coordinates": [
          -119.1546056497587,
          34.43174180518319
        ]
      }
    },
    {
      "type": "Feature",
      "properties": {
        "id": 2746,
        "height_m": 15.2
      },
      "geometry": {
        "type": "Point",
        "coordinates": [
          -119.1546056497587,
          34.43268625957984
        ]
      }
    },
    {
      "type": "Feature",
      "properties": {
        "id": 2747,
        "height_m": 6.3
      },
      "geometry": {
        "type": "Point",
        "coordinates": [
          -119.1546012936168,
          34.43382069022317
        ]
      }
    },
    {
      "type": "Feature",
      "properties": {
        "id": 2748,
        "height_m": 12.4
      },
      "geometry": {
        "type": "Point",
        "coordinates": [
          -119.15459911554586,
          34.43092309744536
        ]
      }
    },
    {
      "type": "Feature",
      "properties": {
        "id": 2749,
        "height_m": 13.4
      },
      "geometry": {
        "type": "Point",
        "coordinates": [
          -119.15459911554586,
          34.43184855340602
        ]
      }
    },
    {
      "type": "Feature",
      "properties": {
        "id": 2750,
        "height_m": 10.3
      },
      "geometry": {
        "type": "Point",
        "coordinates": [
          -119.15459693747493,
          34.43156358948673
        ]
      }
    },
    {
      "type": "Feature",
      "properties": {
        "id": 2751,
        "height_m": 12.8
      },
      "geometry": {
        "type": "Point",
        "coordinates": [
          -119.15459367036851,
          34.432739633691256
        ]
      }
    },
    {
      "type": "Feature",
      "properties": {
        "id": 2752,
        "height_m": 13.4
      },
      "geometry": {
        "type": "Point",
        "coordinates": [
          -119.15459149120963,
          34.430841678667576
        ]
      }
    },
    {
      "type": "Feature",
      "properties": {
        "id": 2753,
        "height_m": 6.7
      },
      "geometry": {
        "type": "Point",
        "coordinates": [
          -119.15458931313869,
          34.435486151266666
        ]
      }
    },
    {
      "type": "Feature",
      "properties": {
        "id": 2754,
        "height_m": 12.6
      },
      "geometry": {
        "type": "Point",
        "coordinates": [
          -119.15458822410321,
          34.4313853728888
        ]
      }
    },
    {
      "type": "Feature",
      "properties": {
        "id": 2755,
        "height_m": 5.1
      },
      "geometry": {
        "type": "Point",
        "coordinates": [
          -119.15458822410321,
          34.435316076726814
        ]
      }
    },
    {
      "type": "Feature",
      "properties": {
        "id": 2756,
        "height_m": 4.8
      },
      "geometry": {
        "type": "Point",
        "coordinates": [
          -119.15458713506774,
          34.43116011499146
        ]
      }
    },
    {
      "type": "Feature",
      "properties": {
        "id": 2757,
        "height_m": 9.4
      },
      "geometry": {
        "type": "Point",
        "coordinates": [
          -119.15458386796132,
          34.431796988540675
        ]
      }
    },
    {
      "type": "Feature",
      "properties": {
        "id": 2758,
        "height_m": 13.5
      },
      "geometry": {
        "type": "Point",
        "coordinates": [
          -119.15458277892586,
          34.43107326847545
        ]
      }
    },
    {
      "type": "Feature",
      "properties": {
        "id": 2759,
        "height_m": 12.0
      },
      "geometry": {
        "type": "Point",
        "coordinates": [
          -119.15458168989038,
          34.4303640232803
        ]
      }
    },
    {
      "type": "Feature",
      "properties": {
        "id": 2760,
        "height_m": 3.1
      },
      "geometry": {
        "type": "Point",
        "coordinates": [
          -119.15458060085491,
          34.43295403611215
        ]
      }
    },
    {
      "type": "Feature",
      "properties": {
        "id": 2761,
        "height_m": 12.6
      },
      "geometry": {
        "type": "Point",
        "coordinates": [
          -119.15457842278397,
          34.43165043510126
        ]
      }
    },
    {
      "type": "Feature",
      "properties": {
        "id": 2762,
        "height_m": 13.8
      },
      "geometry": {
        "type": "Point",
        "coordinates": [
          -119.15457624362509,
          34.43225474131967
        ]
      }
    },
    {
      "type": "Feature",
      "properties": {
        "id": 2763,
        "height_m": 6.9
      },
      "geometry": {
        "type": "Point",
        "coordinates": [
          -119.15457515458961,
          34.43384421132362
        ]
      }
    },
    {
      "type": "Feature",
      "properties": {
        "id": 2764,
        "height_m": 5.1
      },
      "geometry": {
        "type": "Point",
        "coordinates": [
          -119.15457515458961,
          34.435346834811554
        ]
      }
    },
    {
      "type": "Feature",
      "properties": {
        "id": 2765,
        "height_m": 14.1
      },
      "geometry": {
        "type": "Point",
        "coordinates": [
          -119.15457406555414,
          34.43022742114503
        ]
      }
    },
    {
      "type": "Feature",
      "properties": {
        "id": 2766,
        "height_m": 7.3
      },
      "geometry": {
        "type": "Point",
        "coordinates": [
          -119.1545718874832,
          34.43253608764827
        ]
      }
    },
    {
      "type": "Feature",
      "properties": {
        "id": 2767,
        "height_m": 15.4
      },
      "geometry": {
        "type": "Point",
        "coordinates": [
          -119.15456862037678,
          34.43208104918913
        ]
      }
    },
    {
      "type": "Feature",
      "properties": {
        "id": 2768,
        "height_m": 7.6
      },
      "geometry": {
        "type": "Point",
        "coordinates": [
          -119.15456753134131,
          34.43309968447779
        ]
      }
    },
    {
      "type": "Feature",
      "properties": {
        "id": 2769,
        "height_m": 13.4
      },
      "geometry": {
        "type": "Point",
        "coordinates": [
          -119.15456317519943,
          34.43215613515491
        ]
      }
    },
    {
      "type": "Feature",
      "properties": {
        "id": 2770,
        "height_m": 13.9
      },
      "geometry": {
        "type": "Point",
        "coordinates": [
          -119.15455772893412,
          34.43282467096118
        ]
      }
    },
    {
      "type": "Feature",
      "properties": {
        "id": 2771,
        "height_m": 13.9
      },
      "geometry": {
        "type": "Point",
        "coordinates": [
          -119.15455555086318,
          34.432779438907836
        ]
      }
    },
    {
      "type": "Feature",
      "properties": {
        "id": 2772,
        "height_m": 12.8
      },
      "geometry": {
        "type": "Point",
        "coordinates": [
          -119.15455446182771,
          34.430291651634356
        ]
      }
    },
    {
      "type": "Feature",
      "properties": {
        "id": 2773,
        "height_m": 11.4
      },
      "geometry": {
        "type": "Point",
        "coordinates": [
          -119.15455228375677,
          34.432881664466215
        ]
      }
    },
    {
      "type": "Feature",
      "properties": {
        "id": 2774,
        "height_m": 13.0
      },
      "geometry": {
        "type": "Point",
        "coordinates": [
          -119.1545511947213,
          34.431356424050136
        ]
      }
    },
    {
      "type": "Feature",
      "properties": {
        "id": 2775,
        "height_m": 6.7
      },
      "geometry": {
        "type": "Point",
        "coordinates": [
          -119.15454901665035,
          34.43552233708964
        ]
      }
    },
    {
      "type": "Feature",
      "properties": {
        "id": 2776,
        "height_m": 13.0
      },
      "geometry": {
        "type": "Point",
        "coordinates": [
          -119.15454466050846,
          34.43016861929539
        ]
      }
    },
    {
      "type": "Feature",
      "properties": {
        "id": 2777,
        "height_m": 13.9
      },
      "geometry": {
        "type": "Point",
        "coordinates": [
          -119.15454030327864,
          34.43102713134834
        ]
      }
    },
    {
      "type": "Feature",
      "properties": {
        "id": 2778,
        "height_m": 4.1
      },
      "geometry": {
        "type": "Point",
        "coordinates": [
          -119.15454030327864,
          34.43532602803096
        ]
      }
    },
    {
      "type": "Feature",
      "properties": {
        "id": 2779,
        "height_m": 5.5
      },
      "geometry": {
        "type": "Point",
        "coordinates": [
          -119.15454030327864,
          34.435473485642675
        ]
      }
    },
    {
      "type": "Feature",
      "properties": {
        "id": 2780,
        "height_m": 12.6
      },
      "geometry": {
        "type": "Point",
        "coordinates": [
          -119.1545381252077,
          34.43266726204532
        ]
      }
    },
    {
      "type": "Feature",
      "properties": {
        "id": 2781,
        "height_m": 15.1
      },
      "geometry": {
        "type": "Point",
        "coordinates": [
          -119.15453594713675,
          34.430733120297205
        ]
      }
    },
    {
      "type": "Feature",
      "properties": {
        "id": 2782,
        "height_m": 8.3
      },
      "geometry": {
        "type": "Point",
        "coordinates": [
          -119.15453268003034,
          34.43192725876542
        ]
      }
    },
    {
      "type": "Feature",
      "properties": {
        "id": 2783,
        "height_m": 7.2
      },
      "geometry": {
        "type": "Point",
        "coordinates": [
          -119.15453268003034,
          34.435410160227114
        ]
      }
    },
    {
      "type": "Feature",
      "properties": {
        "id": 2784,
        "height_m": 8.0
      },
      "geometry": {
        "type": "Point",
        "coordinates": [
          -119.15453159099486,
          34.43235063496751
        ]
      }
    },
    {
      "type": "Feature",
      "properties": {
        "id": 2785,
        "height_m": 9.7
      },
      "geometry": {
        "type": "Point",
        "coordinates": [
          -119.1545305019594,
          34.43149393125917
        ]
      }
    },
    {
      "type": "Feature",
      "properties": {
        "id": 2786,
        "height_m": 9.7
      },
      "geometry": {
        "type": "Point",
        "coordinates": [
          -119.1545305019594,
          34.43184493491387
        ]
      }
    },
    {
      "type": "Feature",
      "properties": {
        "id": 2787,
        "height_m": 14.7
      },
      "geometry": {
        "type": "Point",
        "coordinates": [
          -119.15452941292392,
          34.430379402322664
        ]
      }
    },
    {
      "type": "Feature",
      "properties": {
        "id": 2788,
        "height_m": 16.6
      },
      "geometry": {
        "type": "Point",
        "coordinates": [
          -119.15452941292392,
          34.430544953296604
        ]
      }
    },
    {
      "type": "Feature",
      "properties": {
        "id": 2789,
        "height_m": 11.4
      },
      "geometry": {
        "type": "Point",
        "coordinates": [
          -119.15452832388846,
          34.43521294699613
        ]
      }
    },
    {
      "type": "Feature",
      "properties": {
        "id": 2790,
        "height_m": 13.8
      },
      "geometry": {
        "type": "Point",
        "coordinates": [
          -119.15452723376504,
          34.43131481048894
        ]
      }
    },
    {
      "type": "Feature",
      "properties": {
        "id": 2791,
        "height_m": 13.5
      },
      "geometry": {
        "type": "Point",
        "coordinates": [
          -119.15452614472956,
          34.43164681660912
        ]
      }
    },
    {
      "type": "Feature",
      "properties": {
        "id": 2792,
        "height_m": 16.6
      },
      "geometry": {
        "type": "Point",
        "coordinates": [
          -119.1545250556941,
          34.43082720379751
        ]
      }
    },
    {
      "type": "Feature",
      "properties": {
        "id": 2793,
        "height_m": 11.9
      },
      "geometry": {
        "type": "Point",
        "coordinates": [
          -119.1545250556941,
          34.43256865497909
        ]
      }
    },
    {
      "type": "Feature",
      "properties": {
        "id": 2794,
        "height_m": 7.1
      },
      "geometry": {
        "type": "Point",
        "coordinates": [
          -119.1545250556941,
          34.43384963906184
        ]
      }
    },
    {
      "type": "Feature",
      "properties": {
        "id": 2795,
        "height_m": 7.2
      },
      "geometry": {
        "type": "Point",
        "coordinates": [
          -119.15452178858767,
          34.43381797680479
        ]
      }
    },
    {
      "type": "Feature",
      "properties": {
        "id": 2796,
        "height_m": 15.2
      },
      "geometry": {
        "type": "Point",
        "coordinates": [
          -119.15451852148126,
          34.43273149253465
        ]
      }
    },
    {
      "type": "Feature",
      "properties": {
        "id": 2797,
        "height_m": 5.6
      },
      "geometry": {
        "type": "Point",
        "coordinates": [
          -119.15451634341032,
          34.435506052973494
        ]
      }
    },
    {
      "type": "Feature",
      "properties": {
        "id": 2798,
        "height_m": 9.6
      },
      "geometry": {
        "type": "Point",
        "coordinates": [
          -119.15451525437484,
          34.43218417891981
        ]
      }
    },
    {
      "type": "Feature",
      "properties": {
        "id": 2799,
        "height_m": 11.1
      },
      "geometry": {
        "type": "Point",
        "coordinates": [
          -119.15451307630391,
          34.43173275895281
        ]
      }
    },
    {
      "type": "Feature",
      "properties": {
        "id": 2800,
        "height_m": 14.7
      },
      "geometry": {
        "type": "Point",
        "coordinates": [
          -119.15451198726844,
          34.43210185596973
        ]
      }
    },
    {
      "type": "Feature",
      "properties": {
        "id": 2801,
        "height_m": 3.9
      },
      "geometry": {
        "type": "Point",
        "coordinates": [
          -119.15451198726844,
          34.43534502556548
        ]
      }
    },
    {
      "type": "Feature",
      "properties": {
        "id": 2802,
        "height_m": 7.0
      },
      "geometry": {
        "type": "Point",
        "coordinates": [
          -119.15451089714502,
          34.435432777155256
        ]
      }
    },
    {
      "type": "Feature",
      "properties": {
        "id": 2803,
        "height_m": 17.2
      },
      "geometry": {
        "type": "Point",
        "coordinates": [
          -119.15450871907407,
          34.43097828080285
        ]
      }
    },
    {
      "type": "Feature",
      "properties": {
        "id": 2804,
        "height_m": 14.8
      },
      "geometry": {
        "type": "Point",
        "coordinates": [
          -119.15450327389672,
          34.43140346625102
        ]
      }
    },
    {
      "type": "Feature",
      "properties": {
        "id": 2805,
        "height_m": 15.9
      },
      "geometry": {
        "type": "Point",
        "coordinates": [
          -119.15450327389672,
          34.43310782653586
        ]
      }
    },
    {
      "type": "Feature",
      "properties": {
        "id": 2806,
        "height_m": 9.6
      },
      "geometry": {
        "type": "Point",
        "coordinates": [
          -119.15449891775484,
          34.43151926160569
        ]
      }
    },
    {
      "type": "Feature",
      "properties": {
        "id": 2807,
        "height_m": 12.5
      },
      "geometry": {
        "type": "Point",
        "coordinates": [
          -119.154494560525,
          34.4318015121066
        ]
      }
    },
    {
      "type": "Feature",
      "properties": {
        "id": 2808,
        "height_m": 18.0
      },
      "geometry": {
        "type": "Point",
        "coordinates": [
          -119.15449238245407,
          34.43068155543187
        ]
      }
    },
    {
      "type": "Feature",
      "properties": {
        "id": 2809,
        "height_m": 12.0
      },
      "geometry": {
        "type": "Point",
        "coordinates": [
          -119.15449129341859,
          34.43145593619013
        ]
      }
    },
    {
      "type": "Feature",
      "properties": {
        "id": 2810,
        "height_m": 10.1
      },
      "geometry": {
        "type": "Point",
        "coordinates": [
          -119.15449129341859,
          34.43201320020765
        ]
      }
    },
    {
      "type": "Feature",
      "properties": {
        "id": 2811,
        "height_m": 12.7
      },
      "geometry": {
        "type": "Point",
        "coordinates": [
          -119.15449020438312,
          34.43287985431867
        ]
      }
    },
    {
      "type": "Feature",
      "properties": {
        "id": 2812,
        "height_m": 6.5
      },
      "geometry": {
        "type": "Point",
        "coordinates": [
          -119.15448584824124,
          34.435461725993925
        ]
      }
    },
    {
      "type": "Feature",
      "properties": {
        "id": 2813,
        "height_m": 9.6
      },
      "geometry": {
        "type": "Point",
        "coordinates": [
          -119.1544836701703,
          34.43195077896439
        ]
      }
    },
    {
      "type": "Feature",
      "properties": {
        "id": 2814,
        "height_m": 15.5
      },
      "geometry": {
        "type": "Point",
        "coordinates": [
          -119.15448258113481,
          34.43033326519555
        ]
      }
    },
    {
      "type": "Feature",
      "properties": {
        "id": 2815,
        "height_m": 14.5
      },
      "geometry": {
        "type": "Point",
        "coordinates": [
          -119.15448258113481,
          34.4316142492783
        ]
      }
    },
    {
      "type": "Feature",
      "properties": {
        "id": 2816,
        "height_m": 4.8
      },
      "geometry": {
        "type": "Point",
        "coordinates": [
          -119.15448258113481,
          34.435674318267274
        ]
      }
    },
    {
      "type": "Feature",
      "properties": {
        "id": 2817,
        "height_m": 11.9
      },
      "geometry": {
        "type": "Point",
        "coordinates": [
          -119.15448149209935,
          34.43018218909168
        ]
      }
    },
    {
      "type": "Feature",
      "properties": {
        "id": 2818,
        "height_m": 13.9
      },
      "geometry": {
        "type": "Point",
        "coordinates": [
          -119.15448149209935,
          34.43135190138568
        ]
      }
    },
    {
      "type": "Feature",
      "properties": {
        "id": 2819,
        "height_m": 10.9
      },
      "geometry": {
        "type": "Point",
        "coordinates": [
          -119.15447822390499,
          34.430859771128326
        ]
      }
    },
    {
      "type": "Feature",
      "properties": {
        "id": 2820,
        "height_m": 14.9
      },
      "geometry": {
        "type": "Point",
        "coordinates": [
          -119.15447822390499,
          34.43104431963678
        ]
      }
    },
    {
      "type": "Feature",
      "properties": {
        "id": 2821,
        "height_m": 12.6
      },
      "geometry": {
        "type": "Point",
        "coordinates": [
          -119.15447604583404,
          34.43074035728151
        ]
      }
    },
    {
      "type": "Feature",
      "properties": {
        "id": 2822,
        "height_m": 10.2
      },
      "geometry": {
        "type": "Point",
        "coordinates": [
          -119.15447277872764,
          34.43219232097788
        ]
      }
    },
    {
      "type": "Feature",
      "properties": {
        "id": 2823,
        "height_m": 4.1
      },
      "geometry": {
        "type": "Point",
        "coordinates": [
          -119.15447277872764,
          34.435381211388446
        ]
      }
    },
    {
      "type": "Feature",
      "properties": {
        "id": 2824,
        "height_m": 12.0
      },
      "geometry": {
        "type": "Point",
        "coordinates": [
          -119.15446951162122,
          34.431700191622
        ]
      }
    },
    {
      "type": "Feature",
      "properties": {
        "id": 2825,
        "height_m": 12.9
      },
      "geometry": {
        "type": "Point",
        "coordinates": [
          -119.15446951162122,
          34.4322393622773
        ]
      }
    },
    {
      "type": "Feature",
      "properties": {
        "id": 2826,
        "height_m": 13.2
      },
      "geometry": {
        "type": "Point",
        "coordinates": [
          -119.15446842258575,
          34.430898671271144
        ]
      }
    },
    {
      "type": "Feature",
      "properties": {
        "id": 2827,
        "height_m": 15.1
      },
      "geometry": {
        "type": "Point",
        "coordinates": [
          -119.15446842258575,
          34.43114292670301
        ]
      }
    },
    {
      "type": "Feature",
      "properties": {
        "id": 2828,
        "height_m": 11.4
      },
      "geometry": {
        "type": "Point",
        "coordinates": [
          -119.15446624451481,
          34.43278396157229
        ]
      }
    },
    {
      "type": "Feature",
      "properties": {
        "id": 2829,
        "height_m": 11.8
      },
      "geometry": {
        "type": "Point",
        "coordinates": [
          -119.15446515547933,
          34.43263198039465
        ]
      }
    },
    {
      "type": "Feature",
      "properties": {
        "id": 2830,
        "height_m": 17.3
      },
      "geometry": {
        "type": "Point",
        "coordinates": [
          -119.15444772982384,
          34.43049700692341
        ]
      }
    },
    {
      "type": "Feature",
      "properties": {
        "id": 2831,
        "height_m": 8.5
      },
      "geometry": {
        "type": "Point",
        "coordinates": [
          -119.15444772982384,
          34.431999630411354
        ]
      }
    },
    {
      "type": "Feature",
      "properties": {
        "id": 2832,
        "height_m": 15.5
      },
      "geometry": {
        "type": "Point",
        "coordinates": [
          -119.15444446162948,
          34.43165495866719
        ]
      }
    },
    {
      "type": "Feature",
      "properties": {
        "id": 2833,
        "height_m": 15.8
      },
      "geometry": {
        "type": "Point",
        "coordinates": [
          -119.15443574934571,
          34.431089552591594
        ]
      }
    },
    {
      "type": "Feature",
      "properties": {
        "id": 2834,
        "height_m": 9.3
      },
      "geometry": {
        "type": "Point",
        "coordinates": [
          -119.15443139320384,
          34.431482170708954
        ]
      }
    },
    {
      "type": "Feature",
      "properties": {
        "id": 2835,
        "height_m": 15.3
      },
      "geometry": {
        "type": "Point",
        "coordinates": [
          -119.15442921404494,
          34.43066255789735
        ]
      }
    },
    {
      "type": "Feature",
      "properties": {
        "id": 2836,
        "height_m": 4.2
      },
      "geometry": {
        "type": "Point",
        "coordinates": [
          -119.15442921404494,
          34.435518718597486
        ]
      }
    },
    {
      "type": "Feature",
      "properties": {
        "id": 2837,
        "height_m": 14.8
      },
      "geometry": {
        "type": "Point",
        "coordinates": [
          -119.15442376886759,
          34.43523918151495
        ]
      }
    },
    {
      "type": "Feature",
      "properties": {
        "id": 2838,
        "height_m": 4.7
      },
      "geometry": {
        "type": "Point",
        "coordinates": [
          -119.15442267983211,
          34.43593938047974
        ]
      }
    },
    {
      "type": "Feature",
      "properties": {
        "id": 2839,
        "height_m": 15.0
      },
      "geometry": {
        "type": "Point",
        "coordinates": [
          -119.15442159079664,
          34.43059923248179
        ]
      }
    },
    {
      "type": "Feature",
      "properties": {
        "id": 2840,
        "height_m": 15.5
      },
      "geometry": {
        "type": "Point",
        "coordinates": [
          -119.15442159079664,
          34.43210185596973
        ]
      }
    },
    {
      "type": "Feature",
      "properties": {
        "id": 2841,
        "height_m": 8.9
      },
      "geometry": {
        "type": "Point",
        "coordinates": [
          -119.15442159079664,
          34.43311958708608
        ]
      }
    },
    {
      "type": "Feature",
      "properties": {
        "id": 2842,
        "height_m": 13.3
      },
      "geometry": {
        "type": "Point",
        "coordinates": [
          -119.15442050176117,
          34.43204214904632
        ]
      }
    },
    {
      "type": "Feature",
      "properties": {
        "id": 2843,
        "height_m": 11.9
      },
      "geometry": {
        "type": "Point",
        "coordinates": [
          -119.1544194127257,
          34.43196344458838
        ]
      }
    },
    {
      "type": "Feature",
      "properties": {
        "id": 2844,
        "height_m": 13.3
      },
      "geometry": {
        "type": "Point",
        "coordinates": [
          -119.15441723465476,
          34.43227283468189
        ]
      }
    },
    {
      "type": "Feature",
      "properties": {
        "id": 2845,
        "height_m": 7.9
      },
      "geometry": {
        "type": "Point",
        "coordinates": [
          -119.1544139664604,
          34.43022289757911
        ]
      }
    },
    {
      "type": "Feature",
      "properties": {
        "id": 2846,
        "height_m": 16.1
      },
      "geometry": {
        "type": "Point",
        "coordinates": [
          -119.15441287742492,
          34.4308679131864
        ]
      }
    },
    {
      "type": "Feature",
      "properties": {
        "id": 2847,
        "height_m": 9.0
      },
      "geometry": {
        "type": "Point",
        "coordinates": [
          -119.15441178838945,
          34.43019575888798
        ]
      }
    },
    {
      "type": "Feature",
      "properties": {
        "id": 2848,
        "height_m": 19.9
      },
      "geometry": {
        "type": "Point",
        "coordinates": [
          -119.15441069935399,
          34.432711589926356
        ]
      }
    },
    {
      "type": "Feature",
      "properties": {
        "id": 2849,
        "height_m": 7.4
      },
      "geometry": {
        "type": "Point",
        "coordinates": [
          -119.15441069935399,
          34.432859047538074
        ]
      }
    },
    {
      "type": "Feature",
      "properties": {
        "id": 2850,
        "height_m": 16.2
      },
      "geometry": {
        "type": "Point",
        "coordinates": [
          -119.15440743224757,
          34.430961996686705
        ]
      }
    },
    {
      "type": "Feature",
      "properties": {
        "id": 2851,
        "height_m": 7.9
      },
      "geometry": {
        "type": "Point",
        "coordinates": [
          -119.1544063432121,
          34.432993840427265
        ]
      }
    },
    {
      "type": "Feature",
      "properties": {
        "id": 2852,
        "height_m": 8.4
      },
      "geometry": {
        "type": "Point",
        "coordinates": [
          -119.15440416514116,
          34.43308159201704
        ]
      }
    },
    {
      "type": "Feature",
      "properties": {
        "id": 2853,
        "height_m": 12.8
      },
      "geometry": {
        "type": "Point",
        "coordinates": [
          -119.15439545176943,
          34.4322176513244
        ]
      }
    },
    {
      "type": "Feature",
      "properties": {
        "id": 2854,
        "height_m": 4.3
      },
      "geometry": {
        "type": "Point",
        "coordinates": [
          -119.15439545176943,
          34.43549791181689
        ]
      }
    },
    {
      "type": "Feature",
      "properties": {
        "id": 2855,
        "height_m": 16.4
      },
      "geometry": {
        "type": "Point",
        "coordinates": [
          -119.15439436273397,
          34.430544953296604
        ]
      }
    },
    {
      "type": "Feature",
      "properties": {
        "id": 2856,
        "height_m": 3.8
      },
      "geometry": {
        "type": "Point",
        "coordinates": [
          -119.15439000659208,
          34.435909527468766
        ]
      }
    },
    {
      "type": "Feature",
      "properties": {
        "id": 2857,
        "height_m": 15.0
      },
      "geometry": {
        "type": "Point",
        "coordinates": [
          -119.15438673948567,
          34.43070778995069
        ]
      }
    },
    {
      "type": "Feature",
      "properties": {
        "id": 2858,
        "height_m": 18.5
      },
      "geometry": {
        "type": "Point",
        "coordinates": [
          -119.15438673948567,
          34.43103979697233
        ]
      }
    },
    {
      "type": "Feature",
      "properties": {
        "id": 2859,
        "height_m": 5.1
      },
      "geometry": {
        "type": "Point",
        "coordinates": [
          -119.1543856504502,
          34.43567069977512
        ]
      }
    },
    {
      "type": "Feature",
      "properties": {
        "id": 2860,
        "height_m": 9.3
      },
      "geometry": {
        "type": "Point",
        "coordinates": [
          -119.15438238334379,
          34.43280476835289
        ]
      }
    },
    {
      "type": "Feature",
      "properties": {
        "id": 2861,
        "height_m": 13.5
      },
      "geometry": {
        "type": "Point",
        "coordinates": [
          -119.15438020418489,
          34.43029436505274
        ]
      }
    },
    {
      "type": "Feature",
      "properties": {
        "id": 2862,
        "height_m": 11.6
      },
      "geometry": {
        "type": "Point",
        "coordinates": [
          -119.15438020418489,
          34.43137270816628
        ]
      }
    },
    {
      "type": "Feature",
      "properties": {
        "id": 2863,
        "height_m": 13.0
      },
      "geometry": {
        "type": "Point",
        "coordinates": [
          -119.15438020418489,
          34.431575349135485
        ]
      }
    },
    {
      "type": "Feature",
      "properties": {
        "id": 2864,
        "height_m": 15.2
      },
      "geometry": {
        "type": "Point",
        "coordinates": [
          -119.15438020418489,
          34.43215161158899
        ]
      }
    },
    {
      "type": "Feature",
      "properties": {
        "id": 2865,
        "height_m": 5.2
      },
      "geometry": {
        "type": "Point",
        "coordinates": [
          -119.15436931383019,
          34.4357656883492
        ]
      }
    },
    {
      "type": "Feature",
      "properties": {
        "id": 2866,
        "height_m": 7.9
      },
      "geometry": {
        "type": "Point",
        "coordinates": [
          -119.15436495660035,
          34.43189650068067
        ]
      }
    },
    {
      "type": "Feature",
      "properties": {
        "id": 2867,
        "height_m": 9.1
      },
      "geometry": {
        "type": "Point",
        "coordinates": [
          -119.15436386756488,
          34.43020570929066
        ]
      }
    },
    {
      "type": "Feature",
      "properties": {
        "id": 2868,
        "height_m": 15.6
      },
      "geometry": {
        "type": "Point",
        "coordinates": [
          -119.1543627785294,
          34.43116463855738
        ]
      }
    },
    {
      "type": "Feature",
      "properties": {
        "id": 2869,
        "height_m": 12.8
      },
      "geometry": {
        "type": "Point",
        "coordinates": [
          -119.15436060045846,
          34.43141794021962
        ]
      }
    },
    {
      "type": "Feature",
      "properties": {
        "id": 2870,
        "height_m": 14.8
      },
      "geometry": {
        "type": "Point",
        "coordinates": [
          -119.154359511423,
          34.43150569180939
        ]
      }
    },
    {
      "type": "Feature",
      "properties": {
        "id": 2871,
        "height_m": 14.5
      },
      "geometry": {
        "type": "Point",
        "coordinates": [
          -119.15435733335205,
          34.430925810863734
        ]
      }
    },
    {
      "type": "Feature",
      "properties": {
        "id": 2872,
        "height_m": 5.2
      },
      "geometry": {
        "type": "Point",
        "coordinates": [
          -119.15435297721017,
          34.4357873993021
        ]
      }
    },
    {
      "type": "Feature",
      "properties": {
        "id": 2873,
        "height_m": 11.1
      },
      "geometry": {
        "type": "Point",
        "coordinates": [
          -119.15435079913922,
          34.4327568219797
        ]
      }
    },
    {
      "type": "Feature",
      "properties": {
        "id": 2874,
        "height_m": 14.7
      },
      "geometry": {
        "type": "Point",
        "coordinates": [
          -119.15434861998034,
          34.431711047098446
        ]
      }
    },
    {
      "type": "Feature",
      "properties": {
        "id": 2875,
        "height_m": 9.7
      },
      "geometry": {
        "type": "Point",
        "coordinates": [
          -119.15434753094486,
          34.432024055684096
        ]
      }
    },
    {
      "type": "Feature",
      "properties": {
        "id": 2876,
        "height_m": 5.7
      },
      "geometry": {
        "type": "Point",
        "coordinates": [
          -119.15434753094486,
          34.43523103945688
        ]
      }
    },
    {
      "type": "Feature",
      "properties": {
        "id": 2877,
        "height_m": 13.3
      },
      "geometry": {
        "type": "Point",
        "coordinates": [
          -119.1543464419094,
          34.432093713911655
        ]
      }
    },
    {
      "type": "Feature",
      "properties": {
        "id": 2878,
        "height_m": 5.4
      },
      "geometry": {
        "type": "Point",
        "coordinates": [
          -119.15434426383845,
          34.43519937719984
        ]
      }
    },
    {
      "type": "Feature",
      "properties": {
        "id": 2879,
        "height_m": 8.1
      },
      "geometry": {
        "type": "Point",
        "coordinates": [
          -119.15434317480297,
          34.43284547774178
        ]
      }
    },
    {
      "type": "Feature",
      "properties": {
        "id": 2880,
        "height_m": 17.9
      },
      "geometry": {
        "type": "Point",
        "coordinates": [
          -119.15434208576751,
          34.43063360905868
        ]
      }
    },
    {
      "type": "Feature",
      "properties": {
        "id": 2881,
        "height_m": 9.6
      },
      "geometry": {
        "type": "Point",
        "coordinates": [
          -119.15434208576751,
          34.43291513596934
        ]
      }
    },
    {
      "type": "Feature",
      "properties": {
        "id": 2882,
        "height_m": 13.3
      },
      "geometry": {
        "type": "Point",
        "coordinates": [
          -119.15434099673203,
          34.43218689323965
        ]
      }
    },
    {
      "type": "Feature",
      "properties": {
        "id": 2883,
        "height_m": 3.2
      },
      "geometry": {
        "type": "Point",
        "coordinates": [
          -119.15434099673203,
          34.433039073382076
        ]
      }
    },
    {
      "type": "Feature",
      "properties": {
        "id": 2884,
        "height_m": 12.2
      },
      "geometry": {
        "type": "Point",
        "coordinates": [
          -119.15433990769657,
          34.43110855012612
        ]
      }
    },
    {
      "type": "Feature",
      "properties": {
        "id": 2885,
        "height_m": 18.3
      },
      "geometry": {
        "type": "Point",
        "coordinates": [
          -119.15433772962562,
          34.43132566596539
        ]
      }
    },
    {
      "type": "Feature",
      "properties": {
        "id": 2886,
        "height_m": 13.7
      },
      "geometry": {
        "type": "Point",
        "coordinates": [
          -119.15433664059015,
          34.431635056058894
        ]
      }
    },
    {
      "type": "Feature",
      "properties": {
        "id": 2887,
        "height_m": 16.9
      },
      "geometry": {
        "type": "Point",
        "coordinates": [
          -119.15433555155468,
          34.430796445712765
        ]
      }
    },
    {
      "type": "Feature",
      "properties": {
        "id": 2888,
        "height_m": 11.5
      },
      "geometry": {
        "type": "Point",
        "coordinates": [
          -119.1543344625192,
          34.43270435294206
        ]
      }
    },
    {
      "type": "Feature",
      "properties": {
        "id": 2889,
        "height_m": 4.7
      },
      "geometry": {
        "type": "Point",
        "coordinates": [
          -119.1543344625192,
          34.43574488066714
        ]
      }
    },
    {
      "type": "Feature",
      "properties": {
        "id": 2890,
        "height_m": 19.6
      },
      "geometry": {
        "type": "Point",
        "coordinates": [
          -119.15432901625391,
          34.43036945101852
        ]
      }
    },
    {
      "type": "Feature",
      "properties": {
        "id": 2891,
        "height_m": 14.7
      },
      "geometry": {
        "type": "Point",
        "coordinates": [
          -119.15432901625391,
          34.43176080271771
        ]
      }
    },
    {
      "type": "Feature",
      "properties": {
        "id": 2892,
        "height_m": 8.0
      },
      "geometry": {
        "type": "Point",
        "coordinates": [
          -119.1543213930056,
          34.43021385134873
        ]
      }
    },
    {
      "type": "Feature",
      "properties": {
        "id": 2893,
        "height_m": 16.7
      },
      "geometry": {
        "type": "Point",
        "coordinates": [
          -119.1543181258992,
          34.43074035728151
        ]
      }
    },
    {
      "type": "Feature",
      "properties": {
        "id": 2894,
        "height_m": 6.5
      },
      "geometry": {
        "type": "Point",
        "coordinates": [
          -119.1543181258992,
          34.43520932850399
        ]
      }
    },
    {
      "type": "Feature",
      "properties": {
        "id": 2895,
        "height_m": 12.6
      },
      "geometry": {
        "type": "Point",
        "coordinates": [
          -119.15431267963389,
          34.432261979205435
        ]
      }
    },
    {
      "type": "Feature",
      "properties": {
        "id": 2896,
        "height_m": 10.7
      },
      "geometry": {
        "type": "Point",
        "coordinates": [
          -119.15430614542106,
          34.43088510147484
        ]
      }
    },
    {
      "type": "Feature",
      "properties": {
        "id": 2897,
        "height_m": 14.2
      },
      "geometry": {
        "type": "Point",
        "coordinates": [
          -119.15430614542106,
          34.43153554482036
        ]
      }
    },
    {
      "type": "Feature",
      "properties": {
        "id": 2898,
        "height_m": 10.4
      },
      "geometry": {
        "type": "Point",
        "coordinates": [
          -119.15430287831465,
          34.43200596322335
        ]
      }
    },
    {
      "type": "Feature",
      "properties": {
        "id": 2899,
        "height_m": 13.3
      },
      "geometry": {
        "type": "Point",
        "coordinates": [
          -119.15429852108481,
          34.432066574319066
        ]
      }
    },
    {
      "type": "Feature",
      "properties": {
        "id": 2900,
        "height_m": 5.1
      },
      "geometry": {
        "type": "Point",
        "coordinates": [
          -119.15429416494293,
          34.432998363993185
        ]
      }
    },
    {
      "type": "Feature",
      "properties": {
        "id": 2901,
        "height_m": 12.5
      },
      "geometry": {
        "type": "Point",
        "coordinates": [
          -119.15428871976557,
          34.43160791736777
        ]
      }
    },
    {
      "type": "Feature",
      "properties": {
        "id": 2902,
        "height_m": 5.7
      },
      "geometry": {
        "type": "Point",
        "coordinates": [
          -119.15428327350027,
          34.435667985455275
        ]
      }
    },
    {
      "type": "Feature",
      "properties": {
        "id": 2903,
        "height_m": 10.4
      },
      "geometry": {
        "type": "Point",
        "coordinates": [
          -119.15428109542933,
          34.433139489694376
        ]
      }
    },
    {
      "type": "Feature",
      "properties": {
        "id": 2904,
        "height_m": 20.2
      },
      "geometry": {
        "type": "Point",
        "coordinates": [
          -119.15428000639386,
          34.43126414979591
        ]
      }
    },
    {
      "type": "Feature",
      "properties": {
        "id": 2905,
        "height_m": 13.0
      },
      "geometry": {
        "type": "Point",
        "coordinates": [
          -119.15428000639386,
          34.431803321352675
        ]
      }
    },
    {
      "type": "Feature",
      "properties": {
        "id": 2906,
        "height_m": 15.8
      },
      "geometry": {
        "type": "Point",
        "coordinates": [
          -119.15427238314555,
          34.43064808302728
        ]
      }
    },
    {
      "type": "Feature",
      "properties": {
        "id": 2907,
        "height_m": 9.4
      },
      "geometry": {
        "type": "Point",
        "coordinates": [
          -119.15426802591573,
          34.43272696896873
        ]
      }
    },
    {
      "type": "Feature",
      "properties": {
        "id": 2908,
        "height_m": 12.8
      },
      "geometry": {
        "type": "Point",
        "coordinates": [
          -119.15426584784478,
          34.43171828408275
        ]
      }
    },
    {
      "type": "Feature",
      "properties": {
        "id": 2909,
        "height_m": 4.8
      },
      "geometry": {
        "type": "Point",
        "coordinates": [
          -119.15426366977384,
          34.43282467096118
        ]
      }
    },
    {
      "type": "Feature",
      "properties": {
        "id": 2910,
        "height_m": 14.7
      },
      "geometry": {
        "type": "Point",
        "coordinates": [
          -119.15426258073838,
          34.43029979279096
        ]
      }
    },
    {
      "type": "Feature",
      "properties": {
        "id": 2911,
        "height_m": 16.5
      },
      "geometry": {
        "type": "Point",
        "coordinates": [
          -119.15426040266743,
          34.430402018349334
        ]
      }
    },
    {
      "type": "Feature",
      "properties": {
        "id": 2912,
        "height_m": 20.2
      },
      "geometry": {
        "type": "Point",
        "coordinates": [
          -119.15426040266743,
          34.430996373263596
        ]
      }
    },
    {
      "type": "Feature",
      "properties": {
        "id": 2913,
        "height_m": 12.4
      },
      "geometry": {
        "type": "Point",
        "coordinates": [
          -119.15425713556101,
          34.43146679166658
        ]
      }
    },
    {
      "type": "Feature",
      "properties": {
        "id": 2914,
        "height_m": 12.9
      },
      "geometry": {
        "type": "Point",
        "coordinates": [
          -119.15425495749007,
          34.43092309744536
        ]
      }
    },
    {
      "type": "Feature",
      "properties": {
        "id": 2915,
        "height_m": 10.7
      },
      "geometry": {
        "type": "Point",
        "coordinates": [
          -119.1542538684546,
          34.4319372091681
        ]
      }
    },
    {
      "type": "Feature",
      "properties": {
        "id": 2916,
        "height_m": 11.6
      },
      "geometry": {
        "type": "Point",
        "coordinates": [
          -119.15425277941912,
          34.432232125293
        ]
      }
    },
    {
      "type": "Feature",
      "properties": {
        "id": 2917,
        "height_m": 4.9
      },
      "geometry": {
        "type": "Point",
        "coordinates": [
          -119.1542484221893,
          34.4328644752763
        ]
      }
    },
    {
      "type": "Feature",
      "properties": {
        "id": 2918,
        "height_m": 15.0
      },
      "geometry": {
        "type": "Point",
        "coordinates": [
          -119.15423644279912,
          34.431065127318845
        ]
      }
    },
    {
      "type": "Feature",
      "properties": {
        "id": 2919,
        "height_m": 17.5
      },
      "geometry": {
        "type": "Point",
        "coordinates": [
          -119.1542353526757,
          34.430747595167276
        ]
      }
    },
    {
      "type": "Feature",
      "properties": {
        "id": 2920,
        "height_m": 14.3
      },
      "geometry": {
        "type": "Point",
        "coordinates": [
          -119.15423208556928,
          34.43118182684582
        ]
      }
    },
    {
      "type": "Feature",
      "properties": {
        "id": 2921,
        "height_m": 12.7
      },
      "geometry": {
        "type": "Point",
        "coordinates": [
          -119.15422664039193,
          34.43197972780306
        ]
      }
    },
    {
      "type": "Feature",
      "properties": {
        "id": 2922,
        "height_m": 13.5
      },
      "geometry": {
        "type": "Point",
        "coordinates": [
          -119.15422446232098,
          34.43204486246469
        ]
      }
    },
    {
      "type": "Feature",
      "properties": {
        "id": 2923,
        "height_m": 7.0
      },
      "geometry": {
        "type": "Point",
        "coordinates": [
          -119.15422010509116,
          34.43301283796179
        ]
      }
    },
    {
      "type": "Feature",
      "properties": {
        "id": 2924,
        "height_m": 5.5
      },
      "geometry": {
        "type": "Point",
        "coordinates": [
          -119.15422010509116,
          34.43577744799795
        ]
      }
    },
    {
      "type": "Feature",
      "properties": {
        "id": 2925,
        "height_m": 11.0
      },
      "geometry": {
        "type": "Point",
        "coordinates": [
          -119.15421901605568,
          34.432119948430476
        ]
      }
    },
    {
      "type": "Feature",
      "properties": {
        "id": 2926,
        "height_m": 12.8
      },
      "geometry": {
        "type": "Point",
        "coordinates": [
          -119.15420812570096,
          34.43060104172786
        ]
      }
    },
    {
      "type": "Feature",
      "properties": {
        "id": 2927,
        "height_m": 6.9
      },
      "geometry": {
        "type": "Point",
        "coordinates": [
          -119.15420376847113,
          34.43598370836078
        ]
      }
    },
    {
      "type": "Feature",
      "properties": {
        "id": 2928,
        "height_m": 6.8
      },
      "geometry": {
        "type": "Point",
        "coordinates": [
          -119.1541972342583,
          34.431902832591206
        ]
      }
    },
    {
      "type": "Feature",
      "properties": {
        "id": 2929,
        "height_m": 6.9
      },
      "geometry": {
        "type": "Point",
        "coordinates": [
          -119.15419614522284,
          34.432990221935114
        ]
      }
    },
    {
      "type": "Feature",
      "properties": {
        "id": 2930,
        "height_m": 4.1
      },
      "geometry": {
        "type": "Point",
        "coordinates": [
          -119.15419505618736,
          34.43335931895203
        ]
      }
    },
    {
      "type": "Feature",
      "properties": {
        "id": 2931,
        "height_m": 5.1
      },
      "geometry": {
        "type": "Point",
        "coordinates": [
          -119.1541939671519,
          34.432834622265325
        ]
      }
    },
    {
      "type": "Feature",
      "properties": {
        "id": 2932,
        "height_m": 12.4
      },
      "geometry": {
        "type": "Point",
        "coordinates": [
          -119.15419070004548,
          34.43137904097827
        ]
      }
    },
    {
      "type": "Feature",
      "properties": {
        "id": 2933,
        "height_m": 15.5
      },
      "geometry": {
        "type": "Point",
        "coordinates": [
          -119.15418961101001,
          34.43024551450724
        ]
      }
    },
    {
      "type": "Feature",
      "properties": {
        "id": 2934,
        "height_m": 7.4
      },
      "geometry": {
        "type": "Point",
        "coordinates": [
          -119.15418852197453,
          34.43155906592081
        ]
      }
    },
    {
      "type": "Feature",
      "properties": {
        "id": 2935,
        "height_m": 15.6
      },
      "geometry": {
        "type": "Point",
        "coordinates": [
          -119.1541841647447,
          34.43054133480445
        ]
      }
    },
    {
      "type": "Feature",
      "properties": {
        "id": 2936,
        "height_m": 10.8
      },
      "geometry": {
        "type": "Point",
        "coordinates": [
          -119.15417871956735,
          34.43208195336143
        ]
      }
    },
    {
      "type": "Feature",
      "properties": {
        "id": 2937,
        "height_m": 10.1
      },
      "geometry": {
        "type": "Point",
        "coordinates": [
          -119.15417763053188,
          34.43142789152377
        ]
      }
    },
    {
      "type": "Feature",
      "properties": {
        "id": 2938,
        "height_m": 19.7
      },
      "geometry": {
        "type": "Point",
        "coordinates": [
          -119.15417654149641,
          34.43070417145854
        ]
      }
    },
    {
      "type": "Feature",
      "properties": {
        "id": 2939,
        "height_m": 16.2
      },
      "geometry": {
        "type": "Point",
        "coordinates": [
          -119.15417545246093,
          34.43099456401752
        ]
      }
    },
    {
      "type": "Feature",
      "properties": {
        "id": 2940,
        "height_m": 14.2
      },
      "geometry": {
        "type": "Point",
        "coordinates": [
          -119.15417545246093,
          34.431086838271746
        ]
      }
    },
    {
      "type": "Feature",
      "properties": {
        "id": 2941,
        "height_m": 9.6
      },
      "geometry": {
        "type": "Point",
        "coordinates": [
          -119.15417545246093,
          34.43564898792076
        ]
      }
    },
    {
      "type": "Feature",
      "properties": {
        "id": 2942,
        "height_m": 14.3
      },
      "geometry": {
        "type": "Point",
        "coordinates": [
          -119.15417218535453,
          34.430484342200884
        ]
      }
    },
    {
      "type": "Feature",
      "properties": {
        "id": 2943,
        "height_m": 14.5
      },
      "geometry": {
        "type": "Point",
        "coordinates": [
          -119.15417218535453,
          34.431133880472636
        ]
      }
    },
    {
      "type": "Feature",
      "properties": {
        "id": 2944,
        "height_m": 14.5
      },
      "geometry": {
        "type": "Point",
        "coordinates": [
          -119.15417218535453,
          34.431746328749114
        ]
      }
    },
    {
      "type": "Feature",
      "properties": {
        "id": 2945,
        "height_m": 3.9
      },
      "geometry": {
        "type": "Point",
        "coordinates": [
          -119.15417218535453,
          34.432912422550956
        ]
      }
    },
    {
      "type": "Feature",
      "properties": {
        "id": 2946,
        "height_m": 10.1
      },
      "geometry": {
        "type": "Point",
        "coordinates": [
          -119.15417000619563,
          34.431516547285845
        ]
      }
    },
    {
      "type": "Feature",
      "properties": {
        "id": 2947,
        "height_m": 7.5
      },
      "geometry": {
        "type": "Point",
        "coordinates": [
          -119.15417000619563,
          34.433037264136004
        ]
      }
    },
    {
      "type": "Feature",
      "properties": {
        "id": 2948,
        "height_m": 12.0
      },
      "geometry": {
        "type": "Point",
        "coordinates": [
          -119.15416673908922,
          34.43200596322335
        ]
      }
    },
    {
      "type": "Feature",
      "properties": {
        "id": 2949,
        "height_m": 7.6
      },
      "geometry": {
        "type": "Point",
        "coordinates": [
          -119.15416673908922,
          34.43523103945688
        ]
      }
    },
    {
      "type": "Feature",
      "properties": {
        "id": 2950,
        "height_m": 3.0
      },
      "geometry": {
        "type": "Point",
        "coordinates": [
          -119.15416347198281,
          34.43266092923332
        ]
      }
    },
    {
      "type": "Feature",
      "properties": {
        "id": 2951,
        "height_m": 10.1
      },
      "geometry": {
        "type": "Point",
        "coordinates": [
          -119.15416238294733,
          34.4314722194048
        ]
      }
    },
    {
      "type": "Feature",
      "properties": {
        "id": 2952,
        "height_m": 4.6
      },
      "geometry": {
        "type": "Point",
        "coordinates": [
          -119.15416238294733,
          34.432863571103994
        ]
      }
    },
    {
      "type": "Feature",
      "properties": {
        "id": 2953,
        "height_m": 19.3
      },
      "geometry": {
        "type": "Point",
        "coordinates": [
          -119.15416129391187,
          34.4307810666704
        ]
      }
    },
    {
      "type": "Feature",
      "properties": {
        "id": 2954,
        "height_m": 15.0
      },
      "geometry": {
        "type": "Point",
        "coordinates": [
          -119.15415475861109,
          34.43180060703283
        ]
      }
    },
    {
      "type": "Feature",
      "properties": {
        "id": 2955,
        "height_m": 11.4
      },
      "geometry": {
        "type": "Point",
        "coordinates": [
          -119.15415149150468,
          34.43555219010061
        ]
      }
    },
    {
      "type": "Feature",
      "properties": {
        "id": 2956,
        "height_m": 20.0
      },
      "geometry": {
        "type": "Point",
        "coordinates": [
          -119.15414495729185,
          34.43087695941677
        ]
      }
    },
    {
      "type": "Feature",
      "properties": {
        "id": 2957,
        "height_m": 17.2
      },
      "geometry": {
        "type": "Point",
        "coordinates": [
          -119.15414386825638,
          34.430374878756744
        ]
      }
    },
    {
      "type": "Feature",
      "properties": {
        "id": 2958,
        "height_m": 4.8
      },
      "geometry": {
        "type": "Point",
        "coordinates": [
          -119.15414169018544,
          34.43299655474711
        ]
      }
    },
    {
      "type": "Feature",
      "properties": {
        "id": 2959,
        "height_m": 16.1
      },
      "geometry": {
        "type": "Point",
        "coordinates": [
          -119.1541395121145,
          34.43062003926238
        ]
      }
    },
    {
      "type": "Feature",
      "properties": {
        "id": 2960,
        "height_m": 2.9
      },
      "geometry": {
        "type": "Point",
        "coordinates": [
          -119.15413624392014,
          34.4333529870415
        ]
      }
    },
    {
      "type": "Feature",
      "properties": {
        "id": 2961,
        "height_m": 12.8
      },
      "geometry": {
        "type": "Point",
        "coordinates": [
          -119.15413079874277,
          34.431256912811605
        ]
      }
    },
    {
      "type": "Feature",
      "properties": {
        "id": 2962,
        "height_m": 10.4
      },
      "geometry": {
        "type": "Point",
        "coordinates": [
          -119.1541297097073,
          34.431381754396654
        ]
      }
    },
    {
      "type": "Feature",
      "properties": {
        "id": 2963,
        "height_m": 6.1
      },
      "geometry": {
        "type": "Point",
        "coordinates": [
          -119.1541297097073,
          34.43599908740315
        ]
      }
    },
    {
      "type": "Feature",
      "properties": {
        "id": 2964,
        "height_m": 10.6
      },
      "geometry": {
        "type": "Point",
        "coordinates": [
          -119.15412753163636,
          34.431709237852374
        ]
      }
    },
    {
      "type": "Feature",
      "properties": {
        "id": 2965,
        "height_m": 12.6
      },
      "geometry": {
        "type": "Point",
        "coordinates": [
          -119.15412208537106,
          34.431097694649665
        ]
      }
    },
    {
      "type": "Feature",
      "properties": {
        "id": 2966,
        "height_m": 11.5
      },
      "geometry": {
        "type": "Point",
        "coordinates": [
          -119.15412208537106,
          34.4318946914346
        ]
      }
    },
    {
      "type": "Feature",
      "properties": {
        "id": 2967,
        "height_m": 12.2
      },
      "geometry": {
        "type": "Point",
        "coordinates": [
          -119.15412099633559,
          34.43130033561887
        ]
      }
    },
    {
      "type": "Feature",
      "properties": {
        "id": 2968,
        "height_m": 12.4
      },
      "geometry": {
        "type": "Point",
        "coordinates": [
          -119.15411990730011,
          34.432038530554166
        ]
      }
    },
    {
      "type": "Feature",
      "properties": {
        "id": 2969,
        "height_m": 7.3
      },
      "geometry": {
        "type": "Point",
        "coordinates": [
          -119.15411881826465,
          34.43303364564385
        ]
      }
    },
    {
      "type": "Feature",
      "properties": {
        "id": 2970,
        "height_m": 9.9
      },
      "geometry": {
        "type": "Point",
        "coordinates": [
          -119.15411772922917,
          34.43308430543542
        ]
      }
    },
    {
      "type": "Feature",
      "properties": {
        "id": 2971,
        "height_m": 8.9
      },
      "geometry": {
        "type": "Point",
        "coordinates": [
          -119.15411446212276,
          34.43153735406644
        ]
      }
    },
    {
      "type": "Feature",
      "properties": {
        "id": 2972,
        "height_m": 23.9
      },
      "geometry": {
        "type": "Point",
        "coordinates": [
          -119.15411119501634,
          34.43030250711081
        ]
      }
    },
    {
      "type": "Feature",
      "properties": {
        "id": 2973,
        "height_m": 13.5
      },
      "geometry": {
        "type": "Point",
        "coordinates": [
          -119.15410574875104,
          34.43199058418098
        ]
      }
    },
    {
      "type": "Feature",
      "properties": {
        "id": 2974,
        "height_m": 9.0
      },
      "geometry": {
        "type": "Point",
        "coordinates": [
          -119.15410465971557,
          34.432930515011705
        ]
      }
    },
    {
      "type": "Feature",
      "properties": {
        "id": 2975,
        "height_m": 2.9
      },
      "geometry": {
        "type": "Point",
        "coordinates": [
          -119.15410030357368,
          34.43590319465677
        ]
      }
    },
    {
      "type": "Feature",
      "properties": {
        "id": 2976,
        "height_m": 5.7
      },
      "geometry": {
        "type": "Point",
        "coordinates": [
          -119.15410030357368,
          34.43597737554878
        ]
      }
    },
    {
      "type": "Feature",
      "properties": {
        "id": 2977,
        "height_m": 6.1
      },
      "geometry": {
        "type": "Point",
        "coordinates": [
          -119.1540959474318,
          34.43312591989808
        ]
      }
    },
    {
      "type": "Feature",
      "properties": {
        "id": 2978,
        "height_m": 6.5
      },
      "geometry": {
        "type": "Point",
        "coordinates": [
          -119.15409485839633,
          34.43519937719984
        ]
      }
    },
    {
      "type": "Feature",
      "properties": {
        "id": 2979,
        "height_m": 15.4
      },
      "geometry": {
        "type": "Point",
        "coordinates": [
          -119.15409268032539,
          34.430965615178856
        ]
      }
    },
    {
      "type": "Feature",
      "properties": {
        "id": 2980,
        "height_m": 13.6
      },
      "geometry": {
        "type": "Point",
        "coordinates": [
          -119.15409050225445,
          34.431772563267934
        ]
      }
    },
    {
      "type": "Feature",
      "properties": {
        "id": 2981,
        "height_m": 18.5
      },
      "geometry": {
        "type": "Point",
        "coordinates": [
          -119.15408941213103,
          34.43073131105113
        ]
      }
    },
    {
      "type": "Feature",
      "properties": {
        "id": 2982,
        "height_m": 7.3
      },
      "geometry": {
        "type": "Point",
        "coordinates": [
          -119.15408723406009,
          34.43522923021081
        ]
      }
    },
    {
      "type": "Feature",
      "properties": {
        "id": 2983,
        "height_m": 9.7
      },
      "geometry": {
        "type": "Point",
        "coordinates": [
          -119.15408396695368,
          34.43156630290511
        ]
      }
    },
    {
      "type": "Feature",
      "properties": {
        "id": 2984,
        "height_m": 14.5
      },
      "geometry": {
        "type": "Point",
        "coordinates": [
          -119.15408069984726,
          34.431129356906716
        ]
      }
    },
    {
      "type": "Feature",
      "properties": {
        "id": 2985,
        "height_m": 18.4
      },
      "geometry": {
        "type": "Point",
        "coordinates": [
          -119.15407852177631,
          34.430549476862524
        ]
      }
    },
    {
      "type": "Feature",
      "properties": {
        "id": 2986,
        "height_m": 12.2
      },
      "geometry": {
        "type": "Point",
        "coordinates": [
          -119.15407416454649,
          34.43192273519949
        ]
      }
    },
    {
      "type": "Feature",
      "properties": {
        "id": 2987,
        "height_m": 17.9
      },
      "geometry": {
        "type": "Point",
        "coordinates": [
          -119.15407089744006,
          34.4311908730762
        ]
      }
    },
    {
      "type": "Feature",
      "properties": {
        "id": 2988,
        "height_m": 8.2
      },
      "geometry": {
        "type": "Point",
        "coordinates": [
          -119.15407089744006,
          34.43302459851201
        ]
      }
    },
    {
      "type": "Feature",
      "properties": {
        "id": 2989,
        "height_m": 19.1
      },
      "geometry": {
        "type": "Point",
        "coordinates": [
          -119.15406654129818,
          34.43041739739171
        ]
      }
    },
    {
      "type": "Feature",
      "properties": {
        "id": 2990,
        "height_m": 3.8
      },
      "geometry": {
        "type": "Point",
        "coordinates": [
          -119.15406654129818,
          34.432993840427265
        ]
      }
    },
    {
      "type": "Feature",
      "properties": {
        "id": 2991,
        "height_m": 4.2
      },
      "geometry": {
        "type": "Point",
        "coordinates": [
          -119.15406654129818,
          34.433196482297944
        ]
      }
    },
    {
      "type": "Feature",
      "properties": {
        "id": 2992,
        "height_m": 9.1
      },
      "geometry": {
        "type": "Point",
        "coordinates": [
          -119.15406327419177,
          34.431386277962574
        ]
      }
    },
    {
      "type": "Feature",
      "properties": {
        "id": 2993,
        "height_m": 5.4
      },
      "geometry": {
        "type": "Point",
        "coordinates": [
          -119.1540621851563,
          34.435648083748454
        ]
      }
    },
    {
      "type": "Feature",
      "properties": {
        "id": 2994,
        "height_m": 14.0
      },
      "geometry": {
        "type": "Point",
        "coordinates": [
          -119.15406109612083,
          34.431676670521554
        ]
      }
    },
    {
      "type": "Feature",
      "properties": {
        "id": 2995,
        "height_m": 3.5
      },
      "geometry": {
        "type": "Point",
        "coordinates": [
          -119.15406000708536,
          34.43328513806002
        ]
      }
    },
    {
      "type": "Feature",
      "properties": {
        "id": 2996,
        "height_m": 4.8
      },
      "geometry": {
        "type": "Point",
        "coordinates": [
          -119.15405782792647,
          34.435782876637646
        ]
      }
    },
    {
      "type": "Feature",
      "properties": {
        "id": 2997,
        "height_m": 5.2
      },
      "geometry": {
        "type": "Point",
        "coordinates": [
          -119.15405456082006,
          34.43288075939244
        ]
      }
    },
    {
      "type": "Feature",
      "properties": {
        "id": 2998,
        "height_m": 7.7
      },
      "geometry": {
        "type": "Point",
        "coordinates": [
          -119.15405347178458,
          34.43521294699613
        ]
      }
    },
    {
      "type": "Feature",
      "properties": {
        "id": 2999,
        "height_m": 5.7
      },
      "geometry": {
        "type": "Point",
        "coordinates": [
          -119.15404911564269,
          34.432936847823704
        ]
      }
    },
    {
      "type": "Feature",
      "properties": {
        "id": 3000,
        "height_m": 12.0
      },
      "geometry": {
        "type": "Point",
        "coordinates": [
          -119.15404802660723,
          34.431725521067044
        ]
      }
    },
    {
      "type": "Feature",
      "properties": {
        "id": 3001,
        "height_m": 3.9
      },
      "geometry": {
        "type": "Point",
        "coordinates": [
          -119.15404584853628,
          34.432090095419504
        ]
      }
    },
    {
      "type": "Feature",
      "properties": {
        "id": 3002,
        "height_m": 20.4
      },
      "geometry": {
        "type": "Point",
        "coordinates": [
          -119.1540447595008,
          34.43049157918519
        ]
      }
    },
    {
      "type": "Feature",
      "properties": {
        "id": 3003,
        "height_m": 9.3
      },
      "geometry": {
        "type": "Point",
        "coordinates": [
          -119.15404367046534,
          34.433104208043716
        ]
      }
    },
    {
      "type": "Feature",
      "properties": {
        "id": 3004,
        "height_m": 9.5
      },
      "geometry": {
        "type": "Point",
        "coordinates": [
          -119.15404367046534,
          34.43323357319468
        ]
      }
    },
    {
      "type": "Feature",
      "properties": {
        "id": 3005,
        "height_m": 5.7
      },
      "geometry": {
        "type": "Point",
        "coordinates": [
          -119.15404258142988,
          34.435896861844775
        ]
      }
    },
    {
      "type": "Feature",
      "properties": {
        "id": 3006,
        "height_m": 4.2
      },
      "geometry": {
        "type": "Point",
        "coordinates": [
          -119.15404040227098,
          34.435966520072334
        ]
      }
    },
    {
      "type": "Feature",
      "properties": {
        "id": 3007,
        "height_m": 10.0
      },
      "geometry": {
        "type": "Point",
        "coordinates": [
          -119.15403931323551,
          34.43101356155204
        ]
      }
    },
    {
      "type": "Feature",
      "properties": {
        "id": 3008,
        "height_m": 9.0
      },
      "geometry": {
        "type": "Point",
        "coordinates": [
          -119.15403931323551,
          34.433068022220745
        ]
      }
    },
    {
      "type": "Feature",
      "properties": {
        "id": 3009,
        "height_m": 12.5
      },
      "geometry": {
        "type": "Point",
        "coordinates": [
          -119.15403713516457,
          34.43089414860669
        ]
      }
    },
    {
      "type": "Feature",
      "properties": {
        "id": 3010,
        "height_m": 5.9
      },
      "geometry": {
        "type": "Point",
        "coordinates": [
          -119.1540316899872,
          34.431097694649665
        ]
      }
    },
    {
      "type": "Feature",
      "properties": {
        "id": 3011,
        "height_m": 6.5
      },
      "geometry": {
        "type": "Point",
        "coordinates": [
          -119.15403060095174,
          34.433153058589205
        ]
      }
    },
    {
      "type": "Feature",
      "properties": {
        "id": 3012,
        "height_m": 6.6
      },
      "geometry": {
        "type": "Point",
        "coordinates": [
          -119.15402951191626,
          34.432388630036556
        ]
      }
    },
    {
      "type": "Feature",
      "properties": {
        "id": 3013,
        "height_m": 15.1
      },
      "geometry": {
        "type": "Point",
        "coordinates": [
          -119.1540284228808,
          34.43067884111202
        ]
      }
    },
    {
      "type": "Feature",
      "properties": {
        "id": 3014,
        "height_m": 13.4
      },
      "geometry": {
        "type": "Point",
        "coordinates": [
          -119.15402624480986,
          34.43084077359381
        ]
      }
    },
    {
      "type": "Feature",
      "properties": {
        "id": 3015,
        "height_m": 11.0
      },
      "geometry": {
        "type": "Point",
        "coordinates": [
          -119.15402515468644,
          34.431762611963784
        ]
      }
    },
    {
      "type": "Feature",
      "properties": {
        "id": 3016,
        "height_m": 4.2
      },
      "geometry": {
        "type": "Point",
        "coordinates": [
          -119.1540153533672,
          34.432990221935114
        ]
      }
    },
    {
      "type": "Feature",
      "properties": {
        "id": 3017,
        "height_m": 4.6
      },
      "geometry": {
        "type": "Point",
        "coordinates": [
          -119.15401317529626,
          34.432967605908445
        ]
      }
    },
    {
      "type": "Feature",
      "properties": {
        "id": 3018,
        "height_m": 11.9
      },
      "geometry": {
        "type": "Point",
        "coordinates": [
          -119.15400990818983,
          34.431825937379344
        ]
      }
    },
    {
      "type": "Feature",
      "properties": {
        "id": 3019,
        "height_m": 13.7
      },
      "geometry": {
        "type": "Point",
        "coordinates": [
          -119.15400555096001,
          34.43160520304792
        ]
      }
    },
    {
      "type": "Feature",
      "properties": {
        "id": 3020,
        "height_m": 9.4
      },
      "geometry": {
        "type": "Point",
        "coordinates": [
          -119.15400555096001,
          34.43321819415231
        ]
      }
    },
    {
      "type": "Feature",
      "properties": {
        "id": 3021,
        "height_m": 10.0
      },
      "geometry": {
        "type": "Point",
        "coordinates": [
          -119.15400337288906,
          34.431357329123905
        ]
      }
    },
    {
      "type": "Feature",
      "properties": {
        "id": 3022,
        "height_m": 10.7
      },
      "geometry": {
        "type": "Point",
        "coordinates": [
          -119.15400228385359,
          34.43150478673562
        ]
      }
    },
    {
      "type": "Feature",
      "properties": {
        "id": 3023,
        "height_m": 4.4
      },
      "geometry": {
        "type": "Point",
        "coordinates": [
          -119.15400119481812,
          34.43594661746404
        ]
      }
    },
    {
      "type": "Feature",
      "properties": {
        "id": 3024,
        "height_m": 8.3
      },
      "geometry": {
        "type": "Point",
        "coordinates": [
          -119.15399901674718,
          34.43326975901765
        ]
      }
    },
    {
      "type": "Feature",
      "properties": {
        "id": 3025,
        "height_m": 10.6
      },
      "geometry": {
        "type": "Point",
        "coordinates": [
          -119.15399574964077,
          34.43146407734673
        ]
      }
    },
    {
      "type": "Feature",
      "properties": {
        "id": 3026,
        "height_m": 24.4
      },
      "geometry": {
        "type": "Point",
        "coordinates": [
          -119.15399466060529,
          34.43060737453986
        ]
      }
    },
    {
      "type": "Feature",
      "properties": {
        "id": 3027,
        "height_m": 3.9
      },
      "geometry": {
        "type": "Point",
        "coordinates": [
          -119.15399139241093,
          34.43523013528458
        ]
      }
    },
    {
      "type": "Feature",
      "properties": {
        "id": 3028,
        "height_m": 9.9
      },
      "geometry": {
        "type": "Point",
        "coordinates": [
          -119.15397832398529,
          34.431777086833854
        ]
      }
    },
    {
      "type": "Feature",
      "properties": {
        "id": 3029,
        "height_m": 11.8
      },
      "geometry": {
        "type": "Point",
        "coordinates": [
          -119.1539772349498,
          34.43186483752216
        ]
      }
    },
    {
      "type": "Feature",
      "properties": {
        "id": 3030,
        "height_m": 3.6
      },
      "geometry": {
        "type": "Point",
        "coordinates": [
          -119.15397614482639,
          34.43293775199601
        ]
      }
    },
    {
      "type": "Feature",
      "properties": {
        "id": 3031,
        "height_m": 6.2
      },
      "geometry": {
        "type": "Point",
        "coordinates": [
          -119.15397505579092,
          34.43104431963678
        ]
      }
    },
    {
      "type": "Feature",
      "properties": {
        "id": 3032,
        "height_m": 10.3
      },
      "geometry": {
        "type": "Point",
        "coordinates": [
          -119.1539717886845,
          34.43071774125484
        ]
      }
    },
    {
      "type": "Feature",
      "properties": {
        "id": 3033,
        "height_m": 15.3
      },
      "geometry": {
        "type": "Point",
        "coordinates": [
          -119.15396961061356,
          34.43035949971437
        ]
      }
    },
    {
      "type": "Feature",
      "properties": {
        "id": 3034,
        "height_m": 5.3
      },
      "geometry": {
        "type": "Point",
        "coordinates": [
          -119.1539685215781,
          34.4311700662956
        ]
      }
    },
    {
      "type": "Feature",
      "properties": {
        "id": 3035,
        "height_m": 7.8
      },
      "geometry": {
        "type": "Point",
        "coordinates": [
          -119.15396525447167,
          34.430807302090685
        ]
      }
    },
    {
      "type": "Feature",
      "properties": {
        "id": 3036,
        "height_m": 10.3
      },
      "geometry": {
        "type": "Point",
        "coordinates": [
          -119.15395000688713,
          34.431294003708345
        ]
      }
    },
    {
      "type": "Feature",
      "properties": {
        "id": 3037,
        "height_m": 12.4
      },
      "geometry": {
        "type": "Point",
        "coordinates": [
          -119.15394891785166,
          34.43282828945333
        ]
      }
    },
    {
      "type": "Feature",
      "properties": {
        "id": 3038,
        "height_m": 7.1
      },
      "geometry": {
        "type": "Point",
        "coordinates": [
          -119.15394673978072,
          34.431930877257564
        ]
      }
    },
    {
      "type": "Feature",
      "properties": {
        "id": 3039,
        "height_m": 17.7
      },
      "geometry": {
        "type": "Point",
        "coordinates": [
          -119.15394347158636,
          34.43029074656059
        ]
      }
    },
    {
      "type": "Feature",
      "properties": {
        "id": 3040,
        "height_m": 8.9
      },
      "geometry": {
        "type": "Point",
        "coordinates": [
          -119.15394129351542,
          34.43150750105547
        ]
      }
    },
    {
      "type": "Feature",
      "properties": {
        "id": 3041,
        "height_m": 6.1
      },
      "geometry": {
        "type": "Point",
        "coordinates": [
          -119.15394129351542,
          34.43301012454341
        ]
      }
    },
    {
      "type": "Feature",
      "properties": {
        "id": 3042,
        "height_m": 3.3
      },
      "geometry": {
        "type": "Point",
        "coordinates": [
          -119.15393584833807,
          34.43591857369914
        ]
      }
    },
    {
      "type": "Feature",
      "properties": {
        "id": 3043,
        "height_m": 14.3
      },
      "geometry": {
        "type": "Point",
        "coordinates": [
          -119.15393258123164,
          34.433163914967125
        ]
      }
    },
    {
      "type": "Feature",
      "properties": {
        "id": 3044,
        "height_m": 7.8
      },
      "geometry": {
        "type": "Point",
        "coordinates": [
          -119.15393149219618,
          34.432067479392835
        ]
      }
    },
    {
      "type": "Feature",
      "properties": {
        "id": 3045,
        "height_m": 8.1
      },
      "geometry": {
        "type": "Point",
        "coordinates": [
          -119.15392931412524,
          34.43145050755044
        ]
      }
    },
    {
      "type": "Feature",
      "properties": {
        "id": 3046,
        "height_m": 12.5
      },
      "geometry": {
        "type": "Point",
        "coordinates": [
          -119.15392931412524,
          34.43169024031785
        ]
      }
    },
    {
      "type": "Feature",
      "properties": {
        "id": 3047,
        "height_m": 10.9
      },
      "geometry": {
        "type": "Point",
        "coordinates": [
          -119.15392931412524,
          34.432745062330945
        ]
      }
    },
    {
      "type": "Feature",
      "properties": {
        "id": 3048,
        "height_m": 4.5
      },
      "geometry": {
        "type": "Point",
        "coordinates": [
          -119.15392822400182,
          34.430999087583444
        ]
      }
    },
    {
      "type": "Feature",
      "properties": {
        "id": 3049,
        "height_m": 10.1
      },
      "geometry": {
        "type": "Point",
        "coordinates": [
          -119.15392822400182,
          34.43155635160096
        ]
      }
    },
    {
      "type": "Feature",
      "properties": {
        "id": 3050,
        "height_m": 3.2
      },
      "geometry": {
        "type": "Point",
        "coordinates": [
          -119.15392386785993,
          34.432893424114965
        ]
      }
    },
    {
      "type": "Feature",
      "properties": {
        "id": 3051,
        "height_m": 4.1
      },
      "geometry": {
        "type": "Point",
        "coordinates": [
          -119.15392386785993,
          34.43595295027603
        ]
      }
    },
    {
      "type": "Feature",
      "properties": {
        "id": 3052,
        "height_m": 4.4
      },
      "geometry": {
        "type": "Point",
        "coordinates": [
          -119.15392277882445,
          34.43600361096907
        ]
      }
    },
    {
      "type": "Feature",
      "properties": {
        "id": 3053,
        "height_m": 12.7
      },
      "geometry": {
        "type": "Point",
        "coordinates": [
          -119.15392168978899,
          34.430848011479576
        ]
      }
    },
    {
      "type": "Feature",
      "properties": {
        "id": 3054,
        "height_m": 2.9
      },
      "geometry": {
        "type": "Point",
        "coordinates": [
          -119.15392060075351,
          34.43347963787262
        ]
      }
    },
    {
      "type": "Feature",
      "properties": {
        "id": 3055,
        "height_m": 18.5
      },
      "geometry": {
        "type": "Point",
        "coordinates": [
          -119.15391515557616,
          34.43067884111202
        ]
      }
    },
    {
      "type": "Feature",
      "properties": {
        "id": 3056,
        "height_m": 4.4
      },
      "geometry": {
        "type": "Point",
        "coordinates": [
          -119.15391079834633,
          34.43589143410655
        ]
      }
    },
    {
      "type": "Feature",
      "properties": {
        "id": 3057,
        "height_m": 12.6
      },
      "geometry": {
        "type": "Point",
        "coordinates": [
          -119.15390970931085,
          34.43279481795021
        ]
      }
    },
    {
      "type": "Feature",
      "properties": {
        "id": 3058,
        "height_m": 3.8
      },
      "geometry": {
        "type": "Point",
        "coordinates": [
          -119.15390970931085,
          34.432868998842224
        ]
      }
    },
    {
      "type": "Feature",
      "properties": {
        "id": 3059,
        "height_m": 11.1
      },
      "geometry": {
        "type": "Point",
        "coordinates": [
          -119.1539042641335,
          34.431256912811605
        ]
      }
    },
    {
      "type": "Feature",
      "properties": {
        "id": 3060,
        "height_m": 8.5
      },
      "geometry": {
        "type": "Point",
        "coordinates": [
          -119.1539042641335,
          34.43158891893178
        ]
      }
    },
    {
      "type": "Feature",
      "properties": {
        "id": 3061,
        "height_m": 10.5
      },
      "geometry": {
        "type": "Point",
        "coordinates": [
          -119.1539042641335,
          34.43305445242445
        ]
      }
    },
    {
      "type": "Feature",
      "properties": {
        "id": 3062,
        "height_m": 11.6
      },
      "geometry": {
        "type": "Point",
        "coordinates": [
          -119.1539042641335,
          34.43322000339838
        ]
      }
    },
    {
      "type": "Feature",
      "properties": {
        "id": 3063,
        "height_m": 17.4
      },
      "geometry": {
        "type": "Point",
        "coordinates": [
          -119.15390317509802,
          34.43060285097393
        ]
      }
    },
    {
      "type": "Feature",
      "properties": {
        "id": 3064,
        "height_m": 12.5
      },
      "geometry": {
        "type": "Point",
        "coordinates": [
          -119.15389881895615,
          34.43133199877739
        ]
      }
    },
    {
      "type": "Feature",
      "properties": {
        "id": 3065,
        "height_m": 7.6
      },
      "geometry": {
        "type": "Point",
        "coordinates": [
          -119.15389772992067,
          34.43373746310078
        ]
      }
    },
    {
      "type": "Feature",
      "properties": {
        "id": 3066,
        "height_m": 4.5
      },
      "geometry": {
        "type": "Point",
        "coordinates": [
          -119.15389337269085,
          34.43094118990611
        ]
      }
    },
    {
      "type": "Feature",
      "properties": {
        "id": 3067,
        "height_m": 4.6
      },
      "geometry": {
        "type": "Point",
        "coordinates": [
          -119.15389228365537,
          34.4358670088338
        ]
      }
    },
    {
      "type": "Feature",
      "properties": {
        "id": 3068,
        "height_m": 15.9
      },
      "geometry": {
        "type": "Point",
        "coordinates": [
          -119.1538911946199,
          34.43036130896045
        ]
      }
    },
    {
      "type": "Feature",
      "properties": {
        "id": 3069,
        "height_m": 4.8
      },
      "geometry": {
        "type": "Point",
        "coordinates": [
          -119.1538911946199,
          34.4320104858878
        ]
      }
    },
    {
      "type": "Feature",
      "properties": {
        "id": 3070,
        "height_m": 5.9
      },
      "geometry": {
        "type": "Point",
        "coordinates": [
          -119.15388901654896,
          34.43331951463691
        ]
      }
    },
    {
      "type": "Feature",
      "properties": {
        "id": 3071,
        "height_m": 4.6
      },
      "geometry": {
        "type": "Point",
        "coordinates": [
          -119.15388466040707,
          34.43297031932683
        ]
      }
    },
    {
      "type": "Feature",
      "properties": {
        "id": 3072,
        "height_m": 8.1
      },
      "geometry": {
        "type": "Point",
        "coordinates": [
          -119.15388466040707,
          34.435956568768184
        ]
      }
    },
    {
      "type": "Feature",
      "properties": {
        "id": 3073,
        "height_m": 20.3
      },
      "geometry": {
        "type": "Point",
        "coordinates": [
          -119.1538835713716,
          34.43256051292102
        ]
      }
    },
    {
      "type": "Feature",
      "properties": {
        "id": 3074,
        "height_m": 10.1
      },
      "geometry": {
        "type": "Point",
        "coordinates": [
          -119.15388248233613,
          34.43212809048855
        ]
      }
    },
    {
      "type": "Feature",
      "properties": {
        "id": 3075,
        "height_m": 14.8
      },
      "geometry": {
        "type": "Point",
        "coordinates": [
          -119.15388030426519,
          34.430455393362216
        ]
      }
    },
    {
      "type": "Feature",
      "properties": {
        "id": 3076,
        "height_m": 11.3
      },
      "geometry": {
        "type": "Point",
        "coordinates": [
          -119.15388030426519,
          34.43184312566779
        ]
      }
    },
    {
      "type": "Feature",
      "properties": {
        "id": 3077,
        "height_m": 18.6
      },
      "geometry": {
        "type": "Point",
        "coordinates": [
          -119.15387703607082,
          34.43242843435168
        ]
      }
    },
    {
      "type": "Feature",
      "properties": {
        "id": 3078,
        "height_m": 10.7
      },
      "geometry": {
        "type": "Point",
        "coordinates": [
          -119.15387703607082,
          34.43274144293733
        ]
      }
    },
    {
      "type": "Feature",
      "properties": {
        "id": 3079,
        "height_m": 9.7
      },
      "geometry": {
        "type": "Point",
        "coordinates": [
          -119.15387703607082,
          34.433262522033345
        ]
      }
    },
    {
      "type": "Feature",
      "properties": {
        "id": 3080,
        "height_m": 13.5
      },
      "geometry": {
        "type": "Point",
        "coordinates": [
          -119.15387594703536,
          34.43236872742827
        ]
      }
    },
    {
      "type": "Feature",
      "properties": {
        "id": 3081,
        "height_m": 18.9
      },
      "geometry": {
        "type": "Point",
        "coordinates": [
          -119.15387485799988,
          34.43249356901331
        ]
      }
    },
    {
      "type": "Feature",
      "properties": {
        "id": 3082,
        "height_m": 3.7
      },
      "geometry": {
        "type": "Point",
        "coordinates": [
          -119.15387485799988,
          34.432995649673344
        ]
      }
    },
    {
      "type": "Feature",
      "properties": {
        "id": 3083,
        "height_m": 19.9
      },
      "geometry": {
        "type": "Point",
        "coordinates": [
          -119.15387485799988,
          34.43568155525158
        ]
      }
    },
    {
      "type": "Feature",
      "properties": {
        "id": 3084,
        "height_m": 10.1
      },
      "geometry": {
        "type": "Point",
        "coordinates": [
          -119.15387376896442,
          34.43562184832816
        ]
      }
    },
    {
      "type": "Feature",
      "properties": {
        "id": 3085,
        "height_m": 6.6
      },
      "geometry": {
        "type": "Point",
        "coordinates": [
          -119.15386723475159,
          34.433932867085694
        ]
      }
    },
    {
      "type": "Feature",
      "properties": {
        "id": 3086,
        "height_m": 11.3
      },
      "geometry": {
        "type": "Point",
        "coordinates": [
          -119.15386614571611,
          34.43179970286052
        ]
      }
    },
    {
      "type": "Feature",
      "properties": {
        "id": 3087,
        "height_m": 22.8
      },
      "geometry": {
        "type": "Point",
        "coordinates": [
          -119.15386505668064,
          34.4357801623178
        ]
      }
    },
    {
      "type": "Feature",
      "properties": {
        "id": 3088,
        "height_m": 17.5
      },
      "geometry": {
        "type": "Point",
        "coordinates": [
          -119.15386396764517,
          34.43169838237592
        ]
      }
    },
    {
      "type": "Feature",
      "properties": {
        "id": 3089,
        "height_m": 6.5
      },
      "geometry": {
        "type": "Point",
        "coordinates": [
          -119.15386396764517,
          34.43290156617304
        ]
      }
    },
    {
      "type": "Feature",
      "properties": {
        "id": 3090,
        "height_m": 22.3
      },
      "geometry": {
        "type": "Point",
        "coordinates": [
          -119.15386287752175,
          34.43263831320665
        ]
      }
    },
    {
      "type": "Feature",
      "properties": {
        "id": 3091,
        "height_m": 4.2
      },
      "geometry": {
        "type": "Point",
        "coordinates": [
          -119.1538606994508,
          34.43285542904592
        ]
      }
    },
    {
      "type": "Feature",
      "properties": {
        "id": 3092,
        "height_m": 11.8
      },
      "geometry": {
        "type": "Point",
        "coordinates": [
          -119.1538574323444,
          34.43206386090068
        ]
      }
    },
    {
      "type": "Feature",
      "properties": {
        "id": 3093,
        "height_m": 7.7
      },
      "geometry": {
        "type": "Point",
        "coordinates": [
          -119.15385525427345,
          34.43521113775006
        ]
      }
    },
    {
      "type": "Feature",
      "properties": {
        "id": 3094,
        "height_m": 4.0
      },
      "geometry": {
        "type": "Point",
        "coordinates": [
          -119.15385307620251,
          34.43110583670774
        ]
      }
    },
    {
      "type": "Feature",
      "properties": {
        "id": 3095,
        "height_m": 4.6
      },
      "geometry": {
        "type": "Point",
        "coordinates": [
          -119.1538498090961,
          34.43076116496357
        ]
      }
    },
    {
      "type": "Feature",
      "properties": {
        "id": 3096,
        "height_m": 7.8
      },
      "geometry": {
        "type": "Point",
        "coordinates": [
          -119.1538498090961,
          34.43389487201665
        ]
      }
    },
    {
      "type": "Feature",
      "properties": {
        "id": 3097,
        "height_m": 7.2
      },
      "geometry": {
        "type": "Point",
        "coordinates": [
          -119.15384872006062,
          34.43381616755872
        ]
      }
    },
    {
      "type": "Feature",
      "properties": {
        "id": 3098,
        "height_m": 6.0
      },
      "geometry": {
        "type": "Point",
        "coordinates": [
          -119.15384872006062,
          34.43528170014992
        ]
      }
    },
    {
      "type": "Feature",
      "properties": {
        "id": 3099,
        "height_m": 16.6
      },
      "geometry": {
        "type": "Point",
        "coordinates": [
          -119.15384654090174,
          34.43039839985719
        ]
      }
    },
    {
      "type": "Feature",
      "properties": {
        "id": 3100,
        "height_m": 9.5
      },
      "geometry": {
        "type": "Point",
        "coordinates": [
          -119.15384545186626,
          34.43122796397294
        ]
      }
    },
    {
      "type": "Feature",
      "properties": {
        "id": 3101,
        "height_m": 6.9
      },
      "geometry": {
        "type": "Point",
        "coordinates": [
          -119.15384545186626,
          34.4339925740091
        ]
      }
    },
    {
      "type": "Feature",
      "properties": {
        "id": 3102,
        "height_m": 11.2
      },
      "geometry": {
        "type": "Point",
        "coordinates": [
          -119.15384327379532,
          34.4313708989202
        ]
      }
    },
    {
      "type": "Feature",
      "properties": {
        "id": 3103,
        "height_m": 11.5
      },
      "geometry": {
        "type": "Point",
        "coordinates": [
          -119.15383782861797,
          34.43365242583086
        ]
      }
    },
    {
      "type": "Feature",
      "properties": {
        "id": 3104,
        "height_m": 7.5
      },
      "geometry": {
        "type": "Point",
        "coordinates": [
          -119.15383782861797,
          34.43539478118474
        ]
      }
    },
    {
      "type": "Feature",
      "properties": {
        "id": 3105,
        "height_m": 12.0
      },
      "geometry": {
        "type": "Point",
        "coordinates": [
          -119.15383565054702,
          34.435551285928305
        ]
      }
    },
    {
      "type": "Feature",
      "properties": {
        "id": 3106,
        "height_m": 3.3
      },
      "geometry": {
        "type": "Point",
        "coordinates": [
          -119.15383456151156,
          34.43356557931485
        ]
      }
    },
    {
      "type": "Feature",
      "properties": {
        "id": 3107,
        "height_m": 6.0
      },
      "geometry": {
        "type": "Point",
        "coordinates": [
          -119.15383456151156,
          34.433769125357834
        ]
      }
    },
    {
      "type": "Feature",
      "properties": {
        "id": 3108,
        "height_m": 4.1
      },
      "geometry": {
        "type": "Point",
        "coordinates": [
          -119.15383238344062,
          34.43099999265721
        ]
      }
    },
    {
      "type": "Feature",
      "properties": {
        "id": 3109,
        "height_m": 5.1
      },
      "geometry": {
        "type": "Point",
        "coordinates": [
          -119.15383238344062,
          34.435506052973494
        ]
      }
    },
    {
      "type": "Feature",
      "properties": {
        "id": 3110,
        "height_m": 12.0
      },
      "geometry": {
        "type": "Point",
        "coordinates": [
          -119.15382693717531,
          34.43593123842167
        ]
      }
    },
    {
      "type": "Feature",
      "properties": {
        "id": 3111,
        "height_m": 9.8
      },
      "geometry": {
        "type": "Point",
        "coordinates": [
          -119.15382584813983,
          34.43131481048894
        ]
      }
    },
    {
      "type": "Feature",
      "properties": {
        "id": 3112,
        "height_m": 12.8
      },
      "geometry": {
        "type": "Point",
        "coordinates": [
          -119.15382475910437,
          34.43160520304792
        ]
      }
    },
    {
      "type": "Feature",
      "properties": {
        "id": 3113,
        "height_m": 11.6
      },
      "geometry": {
        "type": "Point",
        "coordinates": [
          -119.15382475910437,
          34.43601899001144
        ]
      }
    },
    {
      "type": "Feature",
      "properties": {
        "id": 3114,
        "height_m": 10.6
      },
      "geometry": {
        "type": "Point",
        "coordinates": [
          -119.15382367006889,
          34.431825937379344
        ]
      }
    },
    {
      "type": "Feature",
      "properties": {
        "id": 3115,
        "height_m": 12.2
      },
      "geometry": {
        "type": "Point",
        "coordinates": [
          -119.15382258103342,
          34.43339821909484
        ]
      }
    },
    {
      "type": "Feature",
      "properties": {
        "id": 3116,
        "height_m": 12.7
      },
      "geometry": {
        "type": "Point",
        "coordinates": [
          -119.15381822489154,
          34.43115921081915
        ]
      }
    },
    {
      "type": "Feature",
      "properties": {
        "id": 3117,
        "height_m": 10.9
      },
      "geometry": {
        "type": "Point",
        "coordinates": [
          -119.15381822489154,
          34.433196482297944
        ]
      }
    },
    {
      "type": "Feature",
      "properties": {
        "id": 3118,
        "height_m": 5.6
      },
      "geometry": {
        "type": "Point",
        "coordinates": [
          -119.15381822489154,
          34.435868818079875
        ]
      }
    },
    {
      "type": "Feature",
      "properties": {
        "id": 3119,
        "height_m": 8.8
      },
      "geometry": {
        "type": "Point",
        "coordinates": [
          -119.15381495778513,
          34.43394734195576
        ]
      }
    },
    {
      "type": "Feature",
      "properties": {
        "id": 3120,
        "height_m": 11.8
      },
      "geometry": {
        "type": "Point",
        "coordinates": [
          -119.15381386766171,
          34.43329328011809
        ]
      }
    },
    {
      "type": "Feature",
      "properties": {
        "id": 3121,
        "height_m": 8.7
      },
      "geometry": {
        "type": "Point",
        "coordinates": [
          -119.15380842248435,
          34.4338704467439
        ]
      }
    },
    {
      "type": "Feature",
      "properties": {
        "id": 3122,
        "height_m": 4.3
      },
      "geometry": {
        "type": "Point",
        "coordinates": [
          -119.15380733344888,
          34.430972853064624
        ]
      }
    },
    {
      "type": "Feature",
      "properties": {
        "id": 3123,
        "height_m": 15.1
      },
      "geometry": {
        "type": "Point",
        "coordinates": [
          -119.15380515537794,
          34.43052143219616
        ]
      }
    },
    {
      "type": "Feature",
      "properties": {
        "id": 3124,
        "height_m": 15.2
      },
      "geometry": {
        "type": "Point",
        "coordinates": [
          -119.15380515537794,
          34.430632703984905
        ]
      }
    },
    {
      "type": "Feature",
      "properties": {
        "id": 3125,
        "height_m": 4.6
      },
      "geometry": {
        "type": "Point",
        "coordinates": [
          -119.153802977307,
          34.43070145804016
        ]
      }
    },
    {
      "type": "Feature",
      "properties": {
        "id": 3126,
        "height_m": 15.0
      },
      "geometry": {
        "type": "Point",
        "coordinates": [
          -119.153802977307,
          34.431425178105385
        ]
      }
    },
    {
      "type": "Feature",
      "properties": {
        "id": 3127,
        "height_m": 5.8
      },
      "geometry": {
        "type": "Point",
        "coordinates": [
          -119.15380188827152,
          34.43379355153205
        ]
      }
    },
    {
      "type": "Feature",
      "properties": {
        "id": 3128,
        "height_m": 9.0
      },
      "geometry": {
        "type": "Point",
        "coordinates": [
          -119.15380079923605,
          34.43126867336183
        ]
      }
    },
    {
      "type": "Feature",
      "properties": {
        "id": 3129,
        "height_m": 4.3
      },
      "geometry": {
        "type": "Point",
        "coordinates": [
          -119.15379862007715,
          34.430909527649064
        ]
      }
    },
    {
      "type": "Feature",
      "properties": {
        "id": 3130,
        "height_m": 9.8
      },
      "geometry": {
        "type": "Point",
        "coordinates": [
          -119.15379753104169,
          34.43335208196773
        ]
      }
    },
    {
      "type": "Feature",
      "properties": {
        "id": 3131,
        "height_m": 4.0
      },
      "geometry": {
        "type": "Point",
        "coordinates": [
          -119.1537931748998,
          34.43313225180861
        ]
      }
    },
    {
      "type": "Feature",
      "properties": {
        "id": 3132,
        "height_m": 21.2
      },
      "geometry": {
        "type": "Point",
        "coordinates": [
          -119.1537931748998,
          34.43573040669853
        ]
      }
    },
    {
      "type": "Feature",
      "properties": {
        "id": 3133,
        "height_m": 7.6
      },
      "geometry": {
        "type": "Point",
        "coordinates": [
          -119.15379208586434,
          34.43107236430315
        ]
      }
    },
    {
      "type": "Feature",
      "properties": {
        "id": 3134,
        "height_m": 3.7
      },
      "geometry": {
        "type": "Point",
        "coordinates": [
          -119.15379208586434,
          34.43372208405842
        ]
      }
    },
    {
      "type": "Feature",
      "properties": {
        "id": 3135,
        "height_m": 13.0
      },
      "geometry": {
        "type": "Point",
        "coordinates": [
          -119.15379099682886,
          34.43325709339366
        ]
      }
    },
    {
      "type": "Feature",
      "properties": {
        "id": 3136,
        "height_m": 7.5
      },
      "geometry": {
        "type": "Point",
        "coordinates": [
          -119.1537899077934,
          34.43284728698785
        ]
      }
    },
    {
      "type": "Feature",
      "properties": {
        "id": 3137,
        "height_m": 10.3
      },
      "geometry": {
        "type": "Point",
        "coordinates": [
          -119.1537899077934,
          34.43345521169841
        ]
      }
    },
    {
      "type": "Feature",
      "properties": {
        "id": 3138,
        "height_m": 10.7
      },
      "geometry": {
        "type": "Point",
        "coordinates": [
          -119.15378664068697,
          34.43363071397649
        ]
      }
    },
    {
      "type": "Feature",
      "properties": {
        "id": 3139,
        "height_m": 12.8
      },
      "geometry": {
        "type": "Point",
        "coordinates": [
          -119.15378555165151,
          34.43168209825978
        ]
      }
    },
    {
      "type": "Feature",
      "properties": {
        "id": 3140,
        "height_m": 7.9
      },
      "geometry": {
        "type": "Point",
        "coordinates": [
          -119.15378555165151,
          34.43279300870414
        ]
      }
    },
    {
      "type": "Feature",
      "properties": {
        "id": 3141,
        "height_m": 14.2
      },
      "geometry": {
        "type": "Point",
        "coordinates": [
          -119.15377466020885,
          34.430569378569345
        ]
      }
    },
    {
      "type": "Feature",
      "properties": {
        "id": 3142,
        "height_m": 4.8
      },
      "geometry": {
        "type": "Point",
        "coordinates": [
          -119.15377030406697,
          34.43077744817825
        ]
      }
    },
    {
      "type": "Feature",
      "properties": {
        "id": 3143,
        "height_m": 6.8
      },
      "geometry": {
        "type": "Point",
        "coordinates": [
          -119.15377030406697,
          34.434413235891355
        ]
      }
    },
    {
      "type": "Feature",
      "properties": {
        "id": 3144,
        "height_m": 10.4
      },
      "geometry": {
        "type": "Point",
        "coordinates": [
          -119.15376921503149,
          34.43181417682912
        ]
      }
    },
    {
      "type": "Feature",
      "properties": {
        "id": 3145,
        "height_m": 11.9
      },
      "geometry": {
        "type": "Point",
        "coordinates": [
          -119.15376812599602,
          34.43320191003617
        ]
      }
    },
    {
      "type": "Feature",
      "properties": {
        "id": 3146,
        "height_m": 5.8
      },
      "geometry": {
        "type": "Point",
        "coordinates": [
          -119.15376376876618,
          34.43071864632861
        ]
      }
    },
    {
      "type": "Feature",
      "properties": {
        "id": 3147,
        "height_m": 3.8
      },
      "geometry": {
        "type": "Point",
        "coordinates": [
          -119.15376267973072,
          34.430345929918076
        ]
      }
    },
    {
      "type": "Feature",
      "properties": {
        "id": 3148,
        "height_m": 5.7
      },
      "geometry": {
        "type": "Point",
        "coordinates": [
          -119.15375832358883,
          34.434018808527924
        ]
      }
    },
    {
      "type": "Feature",
      "properties": {
        "id": 3149,
        "height_m": 3.9
      },
      "geometry": {
        "type": "Point",
        "coordinates": [
          -119.15375505648242,
          34.430933047848036
        ]
      }
    },
    {
      "type": "Feature",
      "properties": {
        "id": 3150,
        "height_m": 12.9
      },
      "geometry": {
        "type": "Point",
        "coordinates": [
          -119.15375396744695,
          34.43331951463691
        ]
      }
    },
    {
      "type": "Feature",
      "properties": {
        "id": 3151,
        "height_m": 9.1
      },
      "geometry": {
        "type": "Point",
        "coordinates": [
          -119.1537463431107,
          34.43281471965704
        ]
      }
    },
    {
      "type": "Feature",
      "properties": {
        "id": 3152,
        "height_m": 3.8
      },
      "geometry": {
        "type": "Point",
        "coordinates": [
          -119.15374198696881,
          34.43126234054983
        ]
      }
    },
    {
      "type": "Feature",
      "properties": {
        "id": 3153,
        "height_m": 9.5
      },
      "geometry": {
        "type": "Point",
        "coordinates": [
          -119.15374198696881,
          34.43315124934313
        ]
      }
    },
    {
      "type": "Feature",
      "properties": {
        "id": 3154,
        "height_m": 8.2
      },
      "geometry": {
        "type": "Point",
        "coordinates": [
          -119.15374089793335,
          34.43277853383407
        ]
      }
    },
    {
      "type": "Feature",
      "properties": {
        "id": 3155,
        "height_m": 17.2
      },
      "geometry": {
        "type": "Point",
        "coordinates": [
          -119.15373980889787,
          34.43138265947042
        ]
      }
    },
    {
      "type": "Feature",
      "properties": {
        "id": 3156,
        "height_m": 12.6
      },
      "geometry": {
        "type": "Point",
        "coordinates": [
          -119.1537387198624,
          34.43132295254701
        ]
      }
    },
    {
      "type": "Feature",
      "properties": {
        "id": 3157,
        "height_m": 12.4
      },
      "geometry": {
        "type": "Point",
        "coordinates": [
          -119.15373763082692,
          34.431097694649665
        ]
      }
    },
    {
      "type": "Feature",
      "properties": {
        "id": 3158,
        "height_m": 12.2
      },
      "geometry": {
        "type": "Point",
        "coordinates": [
          -119.15373545275598,
          34.43324081017898
        ]
      }
    },
    {
      "type": "Feature",
      "properties": {
        "id": 3159,
        "height_m": 7.1
      },
      "geometry": {
        "type": "Point",
        "coordinates": [
          -119.15373218456163,
          34.43098823210699
        ]
      }
    },
    {
      "type": "Feature",
      "properties": {
        "id": 3160,
        "height_m": 17.7
      },
      "geometry": {
        "type": "Point",
        "coordinates": [
          -119.15372347227786,
          34.43045991602667
        ]
      }
    },
    {
      "type": "Feature",
      "properties": {
        "id": 3161,
        "height_m": 9.9
      },
      "geometry": {
        "type": "Point",
        "coordinates": [
          -119.15372347227786,
          34.43338555437232
        ]
      }
    },
    {
      "type": "Feature",
      "properties": {
        "id": 3162,
        "height_m": 5.3
      },
      "geometry": {
        "type": "Point",
        "coordinates": [
          -119.15372238324238,
          34.43384692564346
        ]
      }
    },
    {
      "type": "Feature",
      "properties": {
        "id": 3163,
        "height_m": 14.5
      },
      "geometry": {
        "type": "Point",
        "coordinates": [
          -119.15371693697708,
          34.43058566268549
        ]
      }
    },
    {
      "type": "Feature",
      "properties": {
        "id": 3164,
        "height_m": 6.2
      },
      "geometry": {
        "type": "Point",
        "coordinates": [
          -119.15371693697708,
          34.4340133807897
        ]
      }
    },
    {
      "type": "Feature",
      "properties": {
        "id": 3165,
        "height_m": 14.2
      },
      "geometry": {
        "type": "Point",
        "coordinates": [
          -119.15371584794161,
          34.43063632337852
        ]
      }
    },
    {
      "type": "Feature",
      "properties": {
        "id": 3166,
        "height_m": 4.5
      },
      "geometry": {
        "type": "Point",
        "coordinates": [
          -119.15371475890615,
          34.4316730520294
        ]
      }
    },
    {
      "type": "Feature",
      "properties": {
        "id": 3167,
        "height_m": 13.4
      },
      "geometry": {
        "type": "Point",
        "coordinates": [
          -119.15370822469332,
          34.43037126026459
        ]
      }
    },
    {
      "type": "Feature",
      "properties": {
        "id": 3168,
        "height_m": 13.2
      },
      "geometry": {
        "type": "Point",
        "coordinates": [
          -119.15370713565784,
          34.43116373348361
        ]
      }
    },
    {
      "type": "Feature",
      "properties": {
        "id": 3169,
        "height_m": 3.4
      },
      "geometry": {
        "type": "Point",
        "coordinates": [
          -119.15370277951595,
          34.430929429355885
        ]
      }
    },
    {
      "type": "Feature",
      "properties": {
        "id": 3170,
        "height_m": 7.1
      },
      "geometry": {
        "type": "Point",
        "coordinates": [
          -119.15369951132159,
          34.43121529925041
        ]
      }
    },
    {
      "type": "Feature",
      "properties": {
        "id": 3171,
        "height_m": 4.1
      },
      "geometry": {
        "type": "Point",
        "coordinates": [
          -119.1536951551797,
          34.43385235338169
        ]
      }
    },
    {
      "type": "Feature",
      "properties": {
        "id": 3172,
        "height_m": 4.2
      },
      "geometry": {
        "type": "Point",
        "coordinates": [
          -119.1536951551797,
          34.43388853920465
        ]
      }
    },
    {
      "type": "Feature",
      "properties": {
        "id": 3173,
        "height_m": 16.5
      },
      "geometry": {
        "type": "Point",
        "coordinates": [
          -119.15369079903783,
          34.43053590706623
        ]
      }
    },
    {
      "type": "Feature",
      "properties": {
        "id": 3174,
        "height_m": 5.4
      },
      "geometry": {
        "type": "Point",
        "coordinates": [
          -119.15369079903783,
          34.4309828034673
        ]
      }
    },
    {
      "type": "Feature",
      "properties": {
        "id": 3175,
        "height_m": 4.2
      },
      "geometry": {
        "type": "Point",
        "coordinates": [
          -119.15369079903783,
          34.43179789361445
        ]
      }
    },
    {
      "type": "Feature",
      "properties": {
        "id": 3176,
        "height_m": 4.0
      },
      "geometry": {
        "type": "Point",
        "coordinates": [
          -119.15368535386047,
          34.433964530244204
        ]
      }
    },
    {
      "type": "Feature",
      "properties": {
        "id": 3177,
        "height_m": 6.9
      },
      "geometry": {
        "type": "Point",
        "coordinates": [
          -119.15368317470158,
          34.43320010079009
        ]
      }
    },
    {
      "type": "Feature",
      "properties": {
        "id": 3178,
        "height_m": 8.9
      },
      "geometry": {
        "type": "Point",
        "coordinates": [
          -119.15368099663064,
          34.43154187763236
        ]
      }
    },
    {
      "type": "Feature",
      "properties": {
        "id": 3179,
        "height_m": 10.8
      },
      "geometry": {
        "type": "Point",
        "coordinates": [
          -119.15367664048875,
          34.43089776709884
        ]
      }
    },
    {
      "type": "Feature",
      "properties": {
        "id": 3180,
        "height_m": 11.7
      },
      "geometry": {
        "type": "Point",
        "coordinates": [
          -119.15367555145328,
          34.433413598137214
        ]
      }
    },
    {
      "type": "Feature",
      "properties": {
        "id": 3181,
        "height_m": 5.4
      },
      "geometry": {
        "type": "Point",
        "coordinates": [
          -119.15367337338235,
          34.43175989854541
        ]
      }
    },
    {
      "type": "Feature",
      "properties": {
        "id": 3182,
        "height_m": 6.1
      },
      "geometry": {
        "type": "Point",
        "coordinates": [
          -119.1536711953114,
          34.43399528832895
        ]
      }
    },
    {
      "type": "Feature",
      "properties": {
        "id": 3183,
        "height_m": 7.4
      },
      "geometry": {
        "type": "Point",
        "coordinates": [
          -119.15367010627592,
          34.431023512856186
        ]
      }
    },
    {
      "type": "Feature",
      "properties": {
        "id": 3184,
        "height_m": 12.0
      },
      "geometry": {
        "type": "Point",
        "coordinates": [
          -119.15366030386873,
          34.43329237504432
        ]
      }
    },
    {
      "type": "Feature",
      "properties": {
        "id": 3185,
        "height_m": 6.1
      },
      "geometry": {
        "type": "Point",
        "coordinates": [
          -119.15365050146156,
          34.43123972452316
        ]
      }
    },
    {
      "type": "Feature",
      "properties": {
        "id": 3186,
        "height_m": 7.7
      },
      "geometry": {
        "type": "Point",
        "coordinates": [
          -119.15364723435513,
          34.433378316486554
        ]
      }
    },
    {
      "type": "Feature",
      "properties": {
        "id": 3187,
        "height_m": 14.1
      },
      "geometry": {
        "type": "Point",
        "coordinates": [
          -119.15364614531967,
          34.431484885028794
        ]
      }
    },
    {
      "type": "Feature",
      "properties": {
        "id": 3188,
        "height_m": 5.3
      },
      "geometry": {
        "type": "Point",
        "coordinates": [
          -119.15364287821325,
          34.431807844918595
        ]
      }
    },
    {
      "type": "Feature",
      "properties": {
        "id": 3189,
        "height_m": 11.0
      },
      "geometry": {
        "type": "Point",
        "coordinates": [
          -119.1536374330359,
          34.43114111745693
        ]
      }
    },
    {
      "type": "Feature",
      "properties": {
        "id": 3190,
        "height_m": 14.8
      },
      "geometry": {
        "type": "Point",
        "coordinates": [
          -119.15363634291248,
          34.43046805808474
        ]
      }
    },
    {
      "type": "Feature",
      "properties": {
        "id": 3191,
        "height_m": 12.2
      },
      "geometry": {
        "type": "Point",
        "coordinates": [
          -119.15363416484153,
          34.43157444496318
        ]
      }
    },
    {
      "type": "Feature",
      "properties": {
        "id": 3192,
        "height_m": 6.5
      },
      "geometry": {
        "type": "Point",
        "coordinates": [
          -119.15362545255776,
          34.43074669009351
        ]
      }
    },
    {
      "type": "Feature",
      "properties": {
        "id": 3193,
        "height_m": 4.9
      },
      "geometry": {
        "type": "Point",
        "coordinates": [
          -119.1536243635223,
          34.43174723292142
        ]
      }
    },
    {
      "type": "Feature",
      "properties": {
        "id": 3194,
        "height_m": 6.0
      },
      "geometry": {
        "type": "Point",
        "coordinates": [
          -119.1536145611151,
          34.43317748476342
        ]
      }
    },
    {
      "type": "Feature",
      "properties": {
        "id": 3195,
        "height_m": 16.6
      },
      "geometry": {
        "type": "Point",
        "coordinates": [
          -119.15361347207963,
          34.430542238976756
        ]
      }
    },
    {
      "type": "Feature",
      "properties": {
        "id": 3196,
        "height_m": 11.5
      },
      "geometry": {
        "type": "Point",
        "coordinates": [
          -119.1536112940087,
          34.43092490669143
        ]
      }
    },
    {
      "type": "Feature",
      "properties": {
        "id": 3197,
        "height_m": 9.9
      },
      "geometry": {
        "type": "Point",
        "coordinates": [
          -119.1536112940087,
          34.43246371600234
        ]
      }
    },
    {
      "type": "Feature",
      "properties": {
        "id": 3198,
        "height_m": 5.9
      },
      "geometry": {
        "type": "Point",
        "coordinates": [
          -119.15361020497322,
          34.4333674610101
        ]
      }
    },
    {
      "type": "Feature",
      "properties": {
        "id": 3199,
        "height_m": 4.0
      },
      "geometry": {
        "type": "Point",
        "coordinates": [
          -119.15360911593775,
          34.43182412813327
        ]
      }
    },
    {
      "type": "Feature",
      "properties": {
        "id": 3200,
        "height_m": 3.3
      },
      "geometry": {
        "type": "Point",
        "coordinates": [
          -119.1536014916015,
          34.43287623582652
        ]
      }
    },
    {
      "type": "Feature",
      "properties": {
        "id": 3201,
        "height_m": 9.2
      },
      "geometry": {
        "type": "Point",
        "coordinates": [
          -119.15360040256603,
          34.431461363928356
        ]
      }
    },
    {
      "type": "Feature",
      "properties": {
        "id": 3202,
        "height_m": 3.2
      },
      "geometry": {
        "type": "Point",
        "coordinates": [
          -119.15360040256603,
          34.432834622265325
        ]
      }
    },
    {
      "type": "Feature",
      "properties": {
        "id": 3203,
        "height_m": 14.3
      },
      "geometry": {
        "type": "Point",
        "coordinates": [
          -119.15359277931773,
          34.43041739739171
        ]
      }
    },
    {
      "type": "Feature",
      "properties": {
        "id": 3204,
        "height_m": 12.4
      },
      "geometry": {
        "type": "Point",
        "coordinates": [
          -119.15359277931773,
          34.4311773032799
        ]
      }
    },
    {
      "type": "Feature",
      "properties": {
        "id": 3205,
        "height_m": 11.2
      },
      "geometry": {
        "type": "Point",
        "coordinates": [
          -119.15359169028225,
          34.43152830783607
        ]
      }
    },
    {
      "type": "Feature",
      "properties": {
        "id": 3206,
        "height_m": 9.3
      },
      "geometry": {
        "type": "Point",
        "coordinates": [
          -119.15359060124679,
          34.43111759635649
        ]
      }
    },
    {
      "type": "Feature",
      "properties": {
        "id": 3207,
        "height_m": 6.6
      },
      "geometry": {
        "type": "Point",
        "coordinates": [
          -119.15358515498149,
          34.433321323882986
        ]
      }
    },
    {
      "type": "Feature",
      "properties": {
        "id": 3208,
        "height_m": 3.4
      },
      "geometry": {
        "type": "Point",
        "coordinates": [
          -119.15357208655583,
          34.432707066360436
        ]
      }
    },
    {
      "type": "Feature",
      "properties": {
        "id": 3209,
        "height_m": 6.1
      },
      "geometry": {
        "type": "Point",
        "coordinates": [
          -119.15357099643242,
          34.43340726532522
        ]
      }
    },
    {
      "type": "Feature",
      "properties": {
        "id": 3210,
        "height_m": 4.2
      },
      "geometry": {
        "type": "Point",
        "coordinates": [
          -119.15356446221959,
          34.43334846347558
        ]
      }
    },
    {
      "type": "Feature",
      "properties": {
        "id": 3211,
        "height_m": 5.8
      },
      "geometry": {
        "type": "Point",
        "coordinates": [
          -119.15356337318411,
          34.43069512522816
        ]
      }
    },
    {
      "type": "Feature",
      "properties": {
        "id": 3212,
        "height_m": 13.5
      },
      "geometry": {
        "type": "Point",
        "coordinates": [
          -119.15356228414865,
          34.43037306951067
        ]
      }
    },
    {
      "type": "Feature",
      "properties": {
        "id": 3213,
        "height_m": 8.9
      },
      "geometry": {
        "type": "Point",
        "coordinates": [
          -119.15356119511317,
          34.43255689442887
        ]
      }
    },
    {
      "type": "Feature",
      "properties": {
        "id": 3214,
        "height_m": 13.3
      },
      "geometry": {
        "type": "Point",
        "coordinates": [
          -119.1535601060777,
          34.43157082647103
        ]
      }
    },
    {
      "type": "Feature",
      "properties": {
        "id": 3215,
        "height_m": 4.5
      },
      "geometry": {
        "type": "Point",
        "coordinates": [
          -119.15355901704223,
          34.43395819743221
        ]
      }
    },
    {
      "type": "Feature",
      "properties": {
        "id": 3216,
        "height_m": 9.4
      },
      "geometry": {
        "type": "Point",
        "coordinates": [
          -119.15355792800676,
          34.4324193881213
        ]
      }
    },
    {
      "type": "Feature",
      "properties": {
        "id": 3217,
        "height_m": 3.3
      },
      "geometry": {
        "type": "Point",
        "coordinates": [
          -119.15355792800676,
          34.432677213349464
        ]
      }
    },
    {
      "type": "Feature",
      "properties": {
        "id": 3218,
        "height_m": 6.3
      },
      "geometry": {
        "type": "Point",
        "coordinates": [
          -119.15355683897128,
          34.43100542039544
        ]
      }
    },
    {
      "type": "Feature",
      "properties": {
        "id": 3219,
        "height_m": 7.8
      },
      "geometry": {
        "type": "Point",
        "coordinates": [
          -119.15355683897128,
          34.43104160621841
        ]
      }
    },
    {
      "type": "Feature",
      "properties": {
        "id": 3220,
        "height_m": 12.9
      },
      "geometry": {
        "type": "Point",
        "coordinates": [
          -119.1535546598124,
          34.43084891565188
        ]
      }
    },
    {
      "type": "Feature",
      "properties": {
        "id": 3221,
        "height_m": 3.9
      },
      "geometry": {
        "type": "Point",
        "coordinates": [
          -119.15355139270598,
          34.432895233361045
        ]
      }
    },
    {
      "type": "Feature",
      "properties": {
        "id": 3222,
        "height_m": 3.2
      },
      "geometry": {
        "type": "Point",
        "coordinates": [
          -119.15354812559957,
          34.43270254369598
        ]
      }
    },
    {
      "type": "Feature",
      "properties": {
        "id": 3223,
        "height_m": 3.8
      },
      "geometry": {
        "type": "Point",
        "coordinates": [
          -119.1535470365641,
          34.432863571103994
        ]
      }
    },
    {
      "type": "Feature",
      "properties": {
        "id": 3224,
        "height_m": 11.8
      },
      "geometry": {
        "type": "Point",
        "coordinates": [
          -119.15354268042222,
          34.43169928654822
        ]
      }
    },
    {
      "type": "Feature",
      "properties": {
        "id": 3225,
        "height_m": 3.5
      },
      "geometry": {
        "type": "Point",
        "coordinates": [
          -119.15354050235128,
          34.43174994724126
        ]
      }
    },
    {
      "type": "Feature",
      "properties": {
        "id": 3226,
        "height_m": 10.2
      },
      "geometry": {
        "type": "Point",
        "coordinates": [
          -119.15353832319238,
          34.43250171107138
        ]
      }
    },
    {
      "type": "Feature",
      "properties": {
        "id": 3227,
        "height_m": 12.0
      },
      "geometry": {
        "type": "Point",
        "coordinates": [
          -119.15353614512144,
          34.430806397016916
        ]
      }
    },
    {
      "type": "Feature",
      "properties": {
        "id": 3228,
        "height_m": 12.0
      },
      "geometry": {
        "type": "Point",
        "coordinates": [
          -119.15353614512144,
          34.43165948223311
        ]
      }
    },
    {
      "type": "Feature",
      "properties": {
        "id": 3229,
        "height_m": 8.6
      },
      "geometry": {
        "type": "Point",
        "coordinates": [
          -119.15353614512144,
          34.433253474901505
        ]
      }
    },
    {
      "type": "Feature",
      "properties": {
        "id": 3230,
        "height_m": 9.2
      },
      "geometry": {
        "type": "Point",
        "coordinates": [
          -119.15353396705049,
          34.43107869711515
        ]
      }
    },
    {
      "type": "Feature",
      "properties": {
        "id": 3231,
        "height_m": 10.2
      },
      "geometry": {
        "type": "Point",
        "coordinates": [
          -119.15353069994408,
          34.432457383190346
        ]
      }
    },
    {
      "type": "Feature",
      "properties": {
        "id": 3232,
        "height_m": 8.4
      },
      "geometry": {
        "type": "Point",
        "coordinates": [
          -119.15352198657237,
          34.432541515386504
        ]
      }
    },
    {
      "type": "Feature",
      "properties": {
        "id": 3233,
        "height_m": 8.8
      },
      "geometry": {
        "type": "Point",
        "coordinates": [
          -119.15351109621766,
          34.43259941306383
        ]
      }
    },
    {
      "type": "Feature",
      "properties": {
        "id": 3234,
        "height_m": 14.8
      },
      "geometry": {
        "type": "Point",
        "coordinates": [
          -119.15351000718218,
          34.430387544380736
        ]
      }
    },
    {
      "type": "Feature",
      "properties": {
        "id": 3235,
        "height_m": 15.8
      },
      "geometry": {
        "type": "Point",
        "coordinates": [
          -119.15350456091689,
          34.43089143428684
        ]
      }
    },
    {
      "type": "Feature",
      "properties": {
        "id": 3236,
        "height_m": 14.3
      },
      "geometry": {
        "type": "Point",
        "coordinates": [
          -119.15350129381046,
          34.43149121693933
        ]
      }
    },
    {
      "type": "Feature",
      "properties": {
        "id": 3237,
        "height_m": 4.1
      },
      "geometry": {
        "type": "Point",
        "coordinates": [
          -119.15350129381046,
          34.43336203327188
        ]
      }
    },
    {
      "type": "Feature",
      "properties": {
        "id": 3238,
        "height_m": 12.4
      },
      "geometry": {
        "type": "Point",
        "coordinates": [
          -119.15349911573952,
          34.431426987351465
        ]
      }
    },
    {
      "type": "Feature",
      "properties": {
        "id": 3239,
        "height_m": 12.1
      },
      "geometry": {
        "type": "Point",
        "coordinates": [
          -119.15349258152669,
          34.43133109370362
        ]
      }
    },
    {
      "type": "Feature",
      "properties": {
        "id": 3240,
        "height_m": 15.8
      },
      "geometry": {
        "type": "Point",
        "coordinates": [
          -119.15349258152669,
          34.43352034726151
        ]
      }
    },
    {
      "type": "Feature",
      "properties": {
        "id": 3241,
        "height_m": 11.1
      },
      "geometry": {
        "type": "Point",
        "coordinates": [
          -119.1534871352614,
          34.431221631160945
        ]
      }
    },
    {
      "type": "Feature",
      "properties": {
        "id": 3242,
        "height_m": 7.5
      },
      "geometry": {
        "type": "Point",
        "coordinates": [
          -119.15348495719046,
          34.43275229931525
        ]
      }
    },
    {
      "type": "Feature",
      "properties": {
        "id": 3243,
        "height_m": 8.1
      },
      "geometry": {
        "type": "Point",
        "coordinates": [
          -119.15348386815498,
          34.43271068485259
        ]
      }
    },
    {
      "type": "Feature",
      "properties": {
        "id": 3244,
        "height_m": 6.7
      },
      "geometry": {
        "type": "Point",
        "coordinates": [
          -119.15348169008404,
          34.430702362212465
        ]
      }
    },
    {
      "type": "Feature",
      "properties": {
        "id": 3245,
        "height_m": 17.7
      },
      "geometry": {
        "type": "Point",
        "coordinates": [
          -119.15348169008404,
          34.43346697224863
        ]
      }
    },
    {
      "type": "Feature",
      "properties": {
        "id": 3246,
        "height_m": 17.2
      },
      "geometry": {
        "type": "Point",
        "coordinates": [
          -119.15348060104857,
          34.43049519767734
        ]
      }
    },
    {
      "type": "Feature",
      "properties": {
        "id": 3247,
        "height_m": 7.4
      },
      "geometry": {
        "type": "Point",
        "coordinates": [
          -119.15347951201309,
          34.432550562518344
        ]
      }
    },
    {
      "type": "Feature",
      "properties": {
        "id": 3248,
        "height_m": 6.1
      },
      "geometry": {
        "type": "Point",
        "coordinates": [
          -119.15346753153497,
          34.43260393662976
        ]
      }
    },
    {
      "type": "Feature",
      "properties": {
        "id": 3249,
        "height_m": 11.0
      },
      "geometry": {
        "type": "Point",
        "coordinates": [
          -119.15346099732214,
          34.43130124069265
        ]
      }
    },
    {
      "type": "Feature",
      "properties": {
        "id": 3250,
        "height_m": 7.5
      },
      "geometry": {
        "type": "Point",
        "coordinates": [
          -119.15345990828666,
          34.43268806882591
        ]
      }
    },
    {
      "type": "Feature",
      "properties": {
        "id": 3251,
        "height_m": 3.7
      },
      "geometry": {
        "type": "Point",
        "coordinates": [
          -119.1534588192512,
          34.432443813394045
        ]
      }
    },
    {
      "type": "Feature",
      "properties": {
        "id": 3252,
        "height_m": 16.8
      },
      "geometry": {
        "type": "Point",
        "coordinates": [
          -119.15345772912778,
          34.43055038103483
        ]
      }
    },
    {
      "type": "Feature",
      "properties": {
        "id": 3253,
        "height_m": 6.3
      },
      "geometry": {
        "type": "Point",
        "coordinates": [
          -119.1534566400923,
          34.4327351110268
        ]
      }
    },
    {
      "type": "Feature",
      "properties": {
        "id": 3254,
        "height_m": 16.0
      },
      "geometry": {
        "type": "Point",
        "coordinates": [
          -119.15345446202136,
          34.4311691621233
        ]
      }
    },
    {
      "type": "Feature",
      "properties": {
        "id": 3255,
        "height_m": 2.8
      },
      "geometry": {
        "type": "Point",
        "coordinates": [
          -119.15345446202136,
          34.43400704887917
        ]
      }
    },
    {
      "type": "Feature",
      "properties": {
        "id": 3256,
        "height_m": 11.5
      },
      "geometry": {
        "type": "Point",
        "coordinates": [
          -119.15345119491495,
          34.43041830246548
        ]
      }
    },
    {
      "type": "Feature",
      "properties": {
        "id": 3257,
        "height_m": 11.9
      },
      "geometry": {
        "type": "Point",
        "coordinates": [
          -119.15345010587947,
          34.43099004135307
        ]
      }
    },
    {
      "type": "Feature",
      "properties": {
        "id": 3258,
        "height_m": 3.8
      },
      "geometry": {
        "type": "Point",
        "coordinates": [
          -119.15344248263118,
          34.432484522782936
        ]
      }
    },
    {
      "type": "Feature",
      "properties": {
        "id": 3259,
        "height_m": 6.6
      },
      "geometry": {
        "type": "Point",
        "coordinates": [
          -119.15343812540135,
          34.43187659807238
        ]
      }
    },
    {
      "type": "Feature",
      "properties": {
        "id": 3260,
        "height_m": 9.2
      },
      "geometry": {
        "type": "Point",
        "coordinates": [
          -119.15343812540135,
          34.43278486664607
        ]
      }
    },
    {
      "type": "Feature",
      "properties": {
        "id": 3261,
        "height_m": 8.0
      },
      "geometry": {
        "type": "Point",
        "coordinates": [
          -119.15343703636587,
          34.43181689114897
        ]
      }
    },
    {
      "type": "Feature",
      "properties": {
        "id": 3262,
        "height_m": 14.8
      },
      "geometry": {
        "type": "Point",
        "coordinates": [
          -119.15343485829493,
          34.43090048051722
        ]
      }
    },
    {
      "type": "Feature",
      "properties": {
        "id": 3263,
        "height_m": 15.7
      },
      "geometry": {
        "type": "Point",
        "coordinates": [
          -119.15342941311758,
          34.43082810887128
        ]
      }
    },
    {
      "type": "Feature",
      "properties": {
        "id": 3264,
        "height_m": 6.5
      },
      "geometry": {
        "type": "Point",
        "coordinates": [
          -119.15342941311758,
          34.432606650048136
        ]
      }
    },
    {
      "type": "Feature",
      "properties": {
        "id": 3265,
        "height_m": 7.6
      },
      "geometry": {
        "type": "Point",
        "coordinates": [
          -119.15342396685227,
          34.43312863331646
        ]
      }
    },
    {
      "type": "Feature",
      "properties": {
        "id": 3266,
        "height_m": 7.8
      },
      "geometry": {
        "type": "Point",
        "coordinates": [
          -119.15342069974587,
          34.433378316486554
        ]
      }
    },
    {
      "type": "Feature",
      "properties": {
        "id": 3267,
        "height_m": 2.9
      },
      "geometry": {
        "type": "Point",
        "coordinates": [
          -119.15342069974587,
          34.43394915120184
        ]
      }
    },
    {
      "type": "Feature",
      "properties": {
        "id": 3268,
        "height_m": 16.0
      },
      "geometry": {
        "type": "Point",
        "coordinates": [
          -119.15341852167492,
          34.431443270566135
        ]
      }
    },
    {
      "type": "Feature",
      "properties": {
        "id": 3269,
        "height_m": 4.2
      },
      "geometry": {
        "type": "Point",
        "coordinates": [
          -119.15341852167492,
          34.43246190675627
        ]
      }
    },
    {
      "type": "Feature",
      "properties": {
        "id": 3270,
        "height_m": 16.3
      },
      "geometry": {
        "type": "Point",
        "coordinates": [
          -119.15341634360398,
          34.430507862399864
        ]
      }
    },
    {
      "type": "Feature",
      "properties": {
        "id": 3271,
        "height_m": 5.5
      },
      "geometry": {
        "type": "Point",
        "coordinates": [
          -119.15341634360398,
          34.43256322724087
        ]
      }
    },
    {
      "type": "Feature",
      "properties": {
        "id": 3272,
        "height_m": 7.1
      },
      "geometry": {
        "type": "Point",
        "coordinates": [
          -119.15341307649756,
          34.43270254369598
        ]
      }
    },
    {
      "type": "Feature",
      "properties": {
        "id": 3273,
        "height_m": 14.0
      },
      "geometry": {
        "type": "Point",
        "coordinates": [
          -119.15340545216132,
          34.43113749896479
        ]
      }
    },
    {
      "type": "Feature",
      "properties": {
        "id": 3274,
        "height_m": 9.3
      },
      "geometry": {
        "type": "Point",
        "coordinates": [
          -119.15340436312584,
          34.4336759469313
        ]
      }
    },
    {
      "type": "Feature",
      "properties": {
        "id": 3275,
        "height_m": 14.0
      },
      "geometry": {
        "type": "Point",
        "coordinates": [
          -119.15339238264771,
          34.430411969653484
        ]
      }
    },
    {
      "type": "Feature",
      "properties": {
        "id": 3276,
        "height_m": 4.4
      },
      "geometry": {
        "type": "Point",
        "coordinates": [
          -119.1533891155413,
          34.43160610812169
        ]
      }
    },
    {
      "type": "Feature",
      "properties": {
        "id": 3277,
        "height_m": 10.8
      },
      "geometry": {
        "type": "Point",
        "coordinates": [
          -119.15338693747036,
          34.432670880537465
        ]
      }
    },
    {
      "type": "Feature",
      "properties": {
        "id": 3278,
        "height_m": 18.5
      },
      "geometry": {
        "type": "Point",
        "coordinates": [
          -119.15338693747036,
          34.43348596978315
        ]
      }
    },
    {
      "type": "Feature",
      "properties": {
        "id": 3279,
        "height_m": 12.0
      },
      "geometry": {
        "type": "Point",
        "coordinates": [
          -119.15338258132847,
          34.43362076267234
        ]
      }
    },
    {
      "type": "Feature",
      "properties": {
        "id": 3280,
        "height_m": 3.2
      },
      "geometry": {
        "type": "Point",
        "coordinates": [
          -119.15338149229301,
          34.43241396038307
        ]
      }
    },
    {
      "type": "Feature",
      "properties": {
        "id": 3281,
        "height_m": 10.5
      },
      "geometry": {
        "type": "Point",
        "coordinates": [
          -119.15338149229301,
          34.43334032141751
        ]
      }
    },
    {
      "type": "Feature",
      "properties": {
        "id": 3282,
        "height_m": 14.7
      },
      "geometry": {
        "type": "Point",
        "coordinates": [
          -119.1533760460277,
          34.43104160621841
        ]
      }
    },
    {
      "type": "Feature",
      "properties": {
        "id": 3283,
        "height_m": 4.2
      },
      "geometry": {
        "type": "Point",
        "coordinates": [
          -119.1533760460277,
          34.432544229706345
        ]
      }
    },
    {
      "type": "Feature",
      "properties": {
        "id": 3284,
        "height_m": 13.5
      },
      "geometry": {
        "type": "Point",
        "coordinates": [
          -119.15336951181487,
          34.43089143428684
        ]
      }
    },
    {
      "type": "Feature",
      "properties": {
        "id": 3285,
        "height_m": 5.3
      },
      "geometry": {
        "type": "Point",
        "coordinates": [
          -119.15336951181487,
          34.431633246812815
        ]
      }
    },
    {
      "type": "Feature",
      "properties": {
        "id": 3286,
        "height_m": 4.9
      },
      "geometry": {
        "type": "Point",
        "coordinates": [
          -119.15336733374393,
          34.43184945847979
        ]
      }
    },
    {
      "type": "Feature",
      "properties": {
        "id": 3287,
        "height_m": 6.7
      },
      "geometry": {
        "type": "Point",
        "coordinates": [
          -119.15336624470845,
          34.43291875446148
        ]
      }
    },
    {
      "type": "Feature",
      "properties": {
        "id": 3288,
        "height_m": 11.6
      },
      "geometry": {
        "type": "Point",
        "coordinates": [
          -119.15336515567299,
          34.430952045382554
        ]
      }
    },
    {
      "type": "Feature",
      "properties": {
        "id": 3289,
        "height_m": 2.8
      },
      "geometry": {
        "type": "Point",
        "coordinates": [
          -119.15335862037222,
          34.432450146206044
        ]
      }
    },
    {
      "type": "Feature",
      "properties": {
        "id": 3290,
        "height_m": 9.3
      },
      "geometry": {
        "type": "Point",
        "coordinates": [
          -119.15335208615939,
          34.43281562473081
        ]
      }
    },
    {
      "type": "Feature",
      "properties": {
        "id": 3291,
        "height_m": 7.7
      },
      "geometry": {
        "type": "Point",
        "coordinates": [
          -119.15334990808844,
          34.43373746310078
        ]
      }
    },
    {
      "type": "Feature",
      "properties": {
        "id": 3292,
        "height_m": 10.4
      },
      "geometry": {
        "type": "Point",
        "coordinates": [
          -119.15334881905297,
          34.432862666030225
        ]
      }
    },
    {
      "type": "Feature",
      "properties": {
        "id": 3293,
        "height_m": 3.9
      },
      "geometry": {
        "type": "Point",
        "coordinates": [
          -119.15334664098202,
          34.4319091654032
        ]
      }
    },
    {
      "type": "Feature",
      "properties": {
        "id": 3294,
        "height_m": 10.9
      },
      "geometry": {
        "type": "Point",
        "coordinates": [
          -119.15334446182314,
          34.43264283677257
        ]
      }
    },
    {
      "type": "Feature",
      "properties": {
        "id": 3295,
        "height_m": 9.5
      },
      "geometry": {
        "type": "Point",
        "coordinates": [
          -119.1533422837522,
          34.432583129849164
        ]
      }
    },
    {
      "type": "Feature",
      "properties": {
        "id": 3296,
        "height_m": 9.4
      },
      "geometry": {
        "type": "Point",
        "coordinates": [
          -119.15334119471673,
          34.43368861165383
        ]
      }
    },
    {
      "type": "Feature",
      "properties": {
        "id": 3297,
        "height_m": 2.8
      },
      "geometry": {
        "type": "Point",
        "coordinates": [
          -119.15333792761031,
          34.43249175976724
        ]
      }
    },
    {
      "type": "Feature",
      "properties": {
        "id": 3298,
        "height_m": 5.1
      },
      "geometry": {
        "type": "Point",
        "coordinates": [
          -119.15333574953937,
          34.43278215232622
        ]
      }
    },
    {
      "type": "Feature",
      "properties": {
        "id": 3299,
        "height_m": 3.2
      },
      "geometry": {
        "type": "Point",
        "coordinates": [
          -119.15333357146842,
          34.4325342784022
        ]
      }
    },
    {
      "type": "Feature",
      "properties": {
        "id": 3300,
        "height_m": 15.3
      },
      "geometry": {
        "type": "Point",
        "coordinates": [
          -119.15332594713217,
          34.430415588145635
        ]
      }
    },
    {
      "type": "Feature",
      "properties": {
        "id": 3301,
        "height_m": 14.3
      },
      "geometry": {
        "type": "Point",
        "coordinates": [
          -119.15332050195482,
          34.43330594484062
        ]
      }
    },
    {
      "type": "Feature",
      "properties": {
        "id": 3302,
        "height_m": 5.8
      },
      "geometry": {
        "type": "Point",
        "coordinates": [
          -119.15331614581294,
          34.4310488432027
        ]
      }
    },
    {
      "type": "Feature",
      "properties": {
        "id": 3303,
        "height_m": 5.5
      },
      "geometry": {
        "type": "Point",
        "coordinates": [
          -119.15331614581294,
          34.43149574050525
        ]
      }
    },
    {
      "type": "Feature",
      "properties": {
        "id": 3304,
        "height_m": 12.7
      },
      "geometry": {
        "type": "Point",
        "coordinates": [
          -119.15331069954763,
          34.43088419730254
        ]
      }
    },
    {
      "type": "Feature",
      "properties": {
        "id": 3305,
        "height_m": 13.9
      },
      "geometry": {
        "type": "Point",
        "coordinates": [
          -119.15331069954763,
          34.43357100705308
        ]
      }
    },
    {
      "type": "Feature",
      "properties": {
        "id": 3306,
        "height_m": 11.6
      },
      "geometry": {
        "type": "Point",
        "coordinates": [
          -119.15330961051217,
          34.43141884529339
        ]
      }
    },
    {
      "type": "Feature",
      "properties": {
        "id": 3307,
        "height_m": 12.5
      },
      "geometry": {
        "type": "Point",
        "coordinates": [
          -119.15330852147669,
          34.43324895223705
        ]
      }
    },
    {
      "type": "Feature",
      "properties": {
        "id": 3308,
        "height_m": 5.1
      },
      "geometry": {
        "type": "Point",
        "coordinates": [
          -119.15330525437028,
          34.43110674088004
        ]
      }
    },
    {
      "type": "Feature",
      "properties": {
        "id": 3309,
        "height_m": 7.7
      },
      "geometry": {
        "type": "Point",
        "coordinates": [
          -119.15330525437028,
          34.432940466315856
        ]
      }
    },
    {
      "type": "Feature",
      "properties": {
        "id": 3310,
        "height_m": 13.7
      },
      "geometry": {
        "type": "Point",
        "coordinates": [
          -119.15330525437028,
          34.43362709548434
        ]
      }
    },
    {
      "type": "Feature",
      "properties": {
        "id": 3311,
        "height_m": 12.0
      },
      "geometry": {
        "type": "Point",
        "coordinates": [
          -119.15330307629934,
          34.430544953296604
        ]
      }
    },
    {
      "type": "Feature",
      "properties": {
        "id": 3312,
        "height_m": 13.7
      },
      "geometry": {
        "type": "Point",
        "coordinates": [
          -119.15330307629934,
          34.433360224025805
        ]
      }
    },
    {
      "type": "Feature",
      "properties": {
        "id": 3313,
        "height_m": 13.0
      },
      "geometry": {
        "type": "Point",
        "coordinates": [
          -119.15329763112199,
          34.43098823210699
        ]
      }
    },
    {
      "type": "Feature",
      "properties": {
        "id": 3314,
        "height_m": 8.5
      },
      "geometry": {
        "type": "Point",
        "coordinates": [
          -119.15329763112199,
          34.43184131642172
        ]
      }
    },
    {
      "type": "Feature",
      "properties": {
        "id": 3315,
        "height_m": 22.7
      },
      "geometry": {
        "type": "Point",
        "coordinates": [
          -119.15329763112199,
          34.433472399986854
        ]
      }
    },
    {
      "type": "Feature",
      "properties": {
        "id": 3316,
        "height_m": 8.7
      },
      "geometry": {
        "type": "Point",
        "coordinates": [
          -119.15329218485668,
          34.432676308275695
        ]
      }
    },
    {
      "type": "Feature",
      "properties": {
        "id": 3317,
        "height_m": 4.0
      },
      "geometry": {
        "type": "Point",
        "coordinates": [
          -119.15329000678574,
          34.43124334301531
        ]
      }
    },
    {
      "type": "Feature",
      "properties": {
        "id": 3318,
        "height_m": 11.3
      },
      "geometry": {
        "type": "Point",
        "coordinates": [
          -119.1532878287148,
          34.43290247124681
        ]
      }
    },
    {
      "type": "Feature",
      "properties": {
        "id": 3319,
        "height_m": 6.3
      },
      "geometry": {
        "type": "Point",
        "coordinates": [
          -119.15328565064385,
          34.43107869711515
        ]
      }
    },
    {
      "type": "Feature",
      "properties": {
        "id": 3320,
        "height_m": 8.2
      },
      "geometry": {
        "type": "Point",
        "coordinates": [
          -119.15328129450197,
          34.43297303364667
        ]
      }
    },
    {
      "type": "Feature",
      "properties": {
        "id": 3321,
        "height_m": 16.3
      },
      "geometry": {
        "type": "Point",
        "coordinates": [
          -119.15327693727214,
          34.430734929543284
        ]
      }
    },
    {
      "type": "Feature",
      "properties": {
        "id": 3322,
        "height_m": 9.3
      },
      "geometry": {
        "type": "Point",
        "coordinates": [
          -119.1532747592012,
          34.43046805808474
        ]
      }
    },
    {
      "type": "Feature",
      "properties": {
        "id": 3323,
        "height_m": 4.3
      },
      "geometry": {
        "type": "Point",
        "coordinates": [
          -119.15326931402383,
          34.43121077568449
        ]
      }
    },
    {
      "type": "Feature",
      "properties": {
        "id": 3324,
        "height_m": 13.0
      },
      "geometry": {
        "type": "Point",
        "coordinates": [
          -119.15326713595289,
          34.43085162997173
        ]
      }
    },
    {
      "type": "Feature",
      "properties": {
        "id": 3325,
        "height_m": 11.7
      },
      "geometry": {
        "type": "Point",
        "coordinates": [
          -119.15326713595289,
          34.43179608436837
        ]
      }
    },
    {
      "type": "Feature",
      "properties": {
        "id": 3326,
        "height_m": 7.3
      },
      "geometry": {
        "type": "Point",
        "coordinates": [
          -119.15326386884648,
          34.431713761418294
        ]
      }
    },
    {
      "type": "Feature",
      "properties": {
        "id": 3327,
        "height_m": 4.9
      },
      "geometry": {
        "type": "Point",
        "coordinates": [
          -119.15325951161665,
          34.431456840362436
        ]
      }
    },
    {
      "type": "Feature",
      "properties": {
        "id": 3328,
        "height_m": 14.2
      },
      "geometry": {
        "type": "Point",
        "coordinates": [
          -119.15325733354571,
          34.433286947306094
        ]
      }
    },
    {
      "type": "Feature",
      "properties": {
        "id": 3329,
        "height_m": 12.3
      },
      "geometry": {
        "type": "Point",
        "coordinates": [
          -119.15325624451023,
          34.43129671712672
        ]
      }
    },
    {
      "type": "Feature",
      "properties": {
        "id": 3330,
        "height_m": 8.1
      },
      "geometry": {
        "type": "Point",
        "coordinates": [
          -119.15325624451023,
          34.43166943353725
        ]
      }
    },
    {
      "type": "Feature",
      "properties": {
        "id": 3331,
        "height_m": 12.9
      },
      "geometry": {
        "type": "Point",
        "coordinates": [
          -119.15324644210304,
          34.433381030806395
        ]
      }
    },
    {
      "type": "Feature",
      "properties": {
        "id": 3332,
        "height_m": 14.5
      },
      "geometry": {
        "type": "Point",
        "coordinates": [
          -119.15324535306758,
          34.43359814664567
        ]
      }
    },
    {
      "type": "Feature",
      "properties": {
        "id": 3333,
        "height_m": 13.9
      },
      "geometry": {
        "type": "Point",
        "coordinates": [
          -119.15323446271286,
          34.43187659807238
        ]
      }
    },
    {
      "type": "Feature",
      "properties": {
        "id": 3334,
        "height_m": 13.0
      },
      "geometry": {
        "type": "Point",
        "coordinates": [
          -119.15323446271286,
          34.4327287782148
        ]
      }
    },
    {
      "type": "Feature",
      "properties": {
        "id": 3335,
        "height_m": 13.2
      },
      "geometry": {
        "type": "Point",
        "coordinates": [
          -119.1532333736774,
          34.43290880315734
        ]
      }
    },
    {
      "type": "Feature",
      "properties": {
        "id": 3336,
        "height_m": 5.0
      },
      "geometry": {
        "type": "Point",
        "coordinates": [
          -119.15322248223472,
          34.43118815965782
        ]
      }
    },
    {
      "type": "Feature",
      "properties": {
        "id": 3337,
        "height_m": 11.8
      },
      "geometry": {
        "type": "Point",
        "coordinates": [
          -119.15322248223472,
          34.431261436377525
        ]
      }
    },
    {
      "type": "Feature",
      "properties": {
        "id": 3338,
        "height_m": 6.9
      },
      "geometry": {
        "type": "Point",
        "coordinates": [
          -119.1532203041638,
          34.43166310072526
        ]
      }
    },
    {
      "type": "Feature",
      "properties": {
        "id": 3339,
        "height_m": 9.4
      },
      "geometry": {
        "type": "Point",
        "coordinates": [
          -119.15321812609285,
          34.43172823538689
        ]
      }
    },
    {
      "type": "Feature",
      "properties": {
        "id": 3340,
        "height_m": 12.6
      },
      "geometry": {
        "type": "Point",
        "coordinates": [
          -119.15321594802191,
          34.4318159860752
        ]
      }
    },
    {
      "type": "Feature",
      "properties": {
        "id": 3341,
        "height_m": 9.6
      },
      "geometry": {
        "type": "Point",
        "coordinates": [
          -119.15321594802191,
          34.43281562473081
        ]
      }
    },
    {
      "type": "Feature",
      "properties": {
        "id": 3342,
        "height_m": 11.5
      },
      "geometry": {
        "type": "Point",
        "coordinates": [
          -119.15321376886301,
          34.43060466022001
        ]
      }
    },
    {
      "type": "Feature",
      "properties": {
        "id": 3343,
        "height_m": 8.9
      },
      "geometry": {
        "type": "Point",
        "coordinates": [
          -119.15320832368566,
          34.4315871096857
        ]
      }
    },
    {
      "type": "Feature",
      "properties": {
        "id": 3344,
        "height_m": 10.3
      },
      "geometry": {
        "type": "Point",
        "coordinates": [
          -119.15320832368566,
          34.43177165819416
        ]
      }
    },
    {
      "type": "Feature",
      "properties": {
        "id": 3345,
        "height_m": 11.3
      },
      "geometry": {
        "type": "Point",
        "coordinates": [
          -119.15320505657924,
          34.43044544205807
        ]
      }
    },
    {
      "type": "Feature",
      "properties": {
        "id": 3346,
        "height_m": 15.5
      },
      "geometry": {
        "type": "Point",
        "coordinates": [
          -119.15320396754377,
          34.43136728042805
        ]
      }
    },
    {
      "type": "Feature",
      "properties": {
        "id": 3347,
        "height_m": 15.6
      },
      "geometry": {
        "type": "Point",
        "coordinates": [
          -119.1532028785083,
          34.43077292551379
        ]
      }
    },
    {
      "type": "Feature",
      "properties": {
        "id": 3348,
        "height_m": 13.0
      },
      "geometry": {
        "type": "Point",
        "coordinates": [
          -119.15319307610112,
          34.43276044137332
        ]
      }
    },
    {
      "type": "Feature",
      "properties": {
        "id": 3349,
        "height_m": 3.5
      },
      "geometry": {
        "type": "Point",
        "coordinates": [
          -119.15319307610112,
          34.43350225389929
        ]
      }
    },
    {
      "type": "Feature",
      "properties": {
        "id": 3350,
        "height_m": 12.8
      },
      "geometry": {
        "type": "Point",
        "coordinates": [
          -119.1531898089947,
          34.43091314614121
        ]
      }
    },
    {
      "type": "Feature",
      "properties": {
        "id": 3351,
        "height_m": 14.2
      },
      "geometry": {
        "type": "Point",
        "coordinates": [
          -119.15318763092375,
          34.430702362212465
        ]
      }
    },
    {
      "type": "Feature",
      "properties": {
        "id": 3352,
        "height_m": 4.0
      },
      "geometry": {
        "type": "Point",
        "coordinates": [
          -119.15318000658752,
          34.43344073772981
        ]
      }
    },
    {
      "type": "Feature",
      "properties": {
        "id": 3353,
        "height_m": 11.2
      },
      "geometry": {
        "type": "Point",
        "coordinates": [
          -119.15317891755204,
          34.43269440163791
        ]
      }
    },
    {
      "type": "Feature",
      "properties": {
        "id": 3354,
        "height_m": 6.8
      },
      "geometry": {
        "type": "Point",
        "coordinates": [
          -119.15317456141015,
          34.4314930261854
        ]
      }
    },
    {
      "type": "Feature",
      "properties": {
        "id": 3355,
        "height_m": 10.1
      },
      "geometry": {
        "type": "Point",
        "coordinates": [
          -119.15317238333921,
          34.43289432918874
        ]
      }
    },
    {
      "type": "Feature",
      "properties": {
        "id": 3356,
        "height_m": 8.5
      },
      "geometry": {
        "type": "Point",
        "coordinates": [
          -119.15317129430375,
          34.433317705390834
        ]
      }
    },
    {
      "type": "Feature",
      "properties": {
        "id": 3357,
        "height_m": 7.7
      },
      "geometry": {
        "type": "Point",
        "coordinates": [
          -119.15316802719732,
          34.43175175648734
        ]
      }
    },
    {
      "type": "Feature",
      "properties": {
        "id": 3358,
        "height_m": 15.9
      },
      "geometry": {
        "type": "Point",
        "coordinates": [
          -119.15316149189655,
          34.43130214486495
        ]
      }
    },
    {
      "type": "Feature",
      "properties": {
        "id": 3359,
        "height_m": 8.1
      },
      "geometry": {
        "type": "Point",
        "coordinates": [
          -119.15315931382561,
          34.4311827319196
        ]
      }
    },
    {
      "type": "Feature",
      "properties": {
        "id": 3360,
        "height_m": 5.3
      },
      "geometry": {
        "type": "Point",
        "coordinates": [
          -119.15315713575467,
          34.43171285634452
        ]
      }
    },
    {
      "type": "Feature",
      "properties": {
        "id": 3361,
        "height_m": 11.7
      },
      "geometry": {
        "type": "Point",
        "coordinates": [
          -119.1531560467192,
          34.430450869796296
        ]
      }
    },
    {
      "type": "Feature",
      "properties": {
        "id": 3362,
        "height_m": 7.1
      },
      "geometry": {
        "type": "Point",
        "coordinates": [
          -119.15314624431201,
          34.433345749155734
        ]
      }
    },
    {
      "type": "Feature",
      "properties": {
        "id": 3363,
        "height_m": 11.2
      },
      "geometry": {
        "type": "Point",
        "coordinates": [
          -119.15314406624107,
          34.4327287782148
        ]
      }
    },
    {
      "type": "Feature",
      "properties": {
        "id": 3364,
        "height_m": 7.2
      },
      "geometry": {
        "type": "Point",
        "coordinates": [
          -119.15313644299277,
          34.43092400161766
        ]
      }
    },
    {
      "type": "Feature",
      "properties": {
        "id": 3365,
        "height_m": 9.0
      },
      "geometry": {
        "type": "Point",
        "coordinates": [
          -119.15312881865653,
          34.43058475761172
        ]
      }
    },
    {
      "type": "Feature",
      "properties": {
        "id": 3366,
        "height_m": 10.4
      },
      "geometry": {
        "type": "Point",
        "coordinates": [
          -119.15312664058558,
          34.43164953092896
        ]
      }
    },
    {
      "type": "Feature",
      "properties": {
        "id": 3367,
        "height_m": 15.6
      },
      "geometry": {
        "type": "Point",
        "coordinates": [
          -119.15312446251464,
          34.43123520095724
        ]
      }
    },
    {
      "type": "Feature",
      "properties": {
        "id": 3368,
        "height_m": 9.1
      },
      "geometry": {
        "type": "Point",
        "coordinates": [
          -119.1531222844437,
          34.43141522680124
        ]
      }
    },
    {
      "type": "Feature",
      "properties": {
        "id": 3369,
        "height_m": 7.5
      },
      "geometry": {
        "type": "Point",
        "coordinates": [
          -119.1531222844437,
          34.43365966281516
        ]
      }
    },
    {
      "type": "Feature",
      "properties": {
        "id": 3370,
        "height_m": 10.9
      },
      "geometry": {
        "type": "Point",
        "coordinates": [
          -119.15312119540822,
          34.43048524637319
        ]
      }
    },
    {
      "type": "Feature",
      "properties": {
        "id": 3371,
        "height_m": 5.4
      },
      "geometry": {
        "type": "Point",
        "coordinates": [
          -119.15311030396556,
          34.43081906264091
        ]
      }
    },
    {
      "type": "Feature",
      "properties": {
        "id": 3372,
        "height_m": 13.9
      },
      "geometry": {
        "type": "Point",
        "coordinates": [
          -119.15311030396556,
          34.43135823329621
        ]
      }
    },
    {
      "type": "Feature",
      "properties": {
        "id": 3373,
        "height_m": 8.3
      },
      "geometry": {
        "type": "Point",
        "coordinates": [
          -119.1531092149301,
          34.43061189720431
        ]
      }
    },
    {
      "type": "Feature",
      "properties": {
        "id": 3374,
        "height_m": 14.1
      },
      "geometry": {
        "type": "Point",
        "coordinates": [
          -119.1530994125229,
          34.431097694649665
        ]
      }
    },
    {
      "type": "Feature",
      "properties": {
        "id": 3375,
        "height_m": 10.7
      },
      "geometry": {
        "type": "Point",
        "coordinates": [
          -119.15309396734555,
          34.43310330296994
        ]
      }
    },
    {
      "type": "Feature",
      "properties": {
        "id": 3376,
        "height_m": 13.8
      },
      "geometry": {
        "type": "Point",
        "coordinates": [
          -119.15309287831008,
          34.43341178889114
        ]
      }
    },
    {
      "type": "Feature",
      "properties": {
        "id": 3377,
        "height_m": 10.5
      },
      "geometry": {
        "type": "Point",
        "coordinates": [
          -119.15308852216819,
          34.43154640119828
        ]
      }
    },
    {
      "type": "Feature",
      "properties": {
        "id": 3378,
        "height_m": 4.9
      },
      "geometry": {
        "type": "Point",
        "coordinates": [
          -119.15308743313273,
          34.431966158006766
        ]
      }
    },
    {
      "type": "Feature",
      "properties": {
        "id": 3379,
        "height_m": 13.8
      },
      "geometry": {
        "type": "Point",
        "coordinates": [
          -119.15308634409725,
          34.43068607899779
        ]
      }
    },
    {
      "type": "Feature",
      "properties": {
        "id": 3380,
        "height_m": 16.1
      },
      "geometry": {
        "type": "Point",
        "coordinates": [
          -119.15308198686742,
          34.43358005418492
        ]
      }
    },
    {
      "type": "Feature",
      "properties": {
        "id": 3381,
        "height_m": 15.2
      },
      "geometry": {
        "type": "Point",
        "coordinates": [
          -119.15307763072553,
          34.43282557603495
        ]
      }
    },
    {
      "type": "Feature",
      "properties": {
        "id": 3382,
        "height_m": 10.4
      },
      "geometry": {
        "type": "Point",
        "coordinates": [
          -119.15307218554818,
          34.43314039386668
        ]
      }
    },
    {
      "type": "Feature",
      "properties": {
        "id": 3383,
        "height_m": 9.2
      },
      "geometry": {
        "type": "Point",
        "coordinates": [
          -119.1530710965127,
          34.43085886695602
        ]
      }
    },
    {
      "type": "Feature",
      "properties": {
        "id": 3384,
        "height_m": 11.8
      },
      "geometry": {
        "type": "Point",
        "coordinates": [
          -119.15306782831834,
          34.43336655593633
        ]
      }
    },
    {
      "type": "Feature",
      "properties": {
        "id": 3385,
        "height_m": 9.5
      },
      "geometry": {
        "type": "Point",
        "coordinates": [
          -119.1530580269991,
          34.43092671593751
        ]
      }
    },
    {
      "type": "Feature",
      "properties": {
        "id": 3386,
        "height_m": 13.5
      },
      "geometry": {
        "type": "Point",
        "coordinates": [
          -119.1530580269991,
          34.430981899295
        ]
      }
    },
    {
      "type": "Feature",
      "properties": {
        "id": 3387,
        "height_m": 4.1
      },
      "geometry": {
        "type": "Point",
        "coordinates": [
          -119.1530580269991,
          34.432907898985036
        ]
      }
    },
    {
      "type": "Feature",
      "properties": {
        "id": 3388,
        "height_m": 14.0
      },
      "geometry": {
        "type": "Point",
        "coordinates": [
          -119.1530547598927,
          34.430765687628025
        ]
      }
    },
    {
      "type": "Feature",
      "properties": {
        "id": 3389,
        "height_m": 13.2
      },
      "geometry": {
        "type": "Point",
        "coordinates": [
          -119.1530525807338,
          34.43166943353725
        ]
      }
    },
    {
      "type": "Feature",
      "properties": {
        "id": 3390,
        "height_m": 9.3
      },
      "geometry": {
        "type": "Point",
        "coordinates": [
          -119.15305149169833,
          34.4314993589974
        ]
      }
    },
    {
      "type": "Feature",
      "properties": {
        "id": 3391,
        "height_m": 3.8
      },
      "geometry": {
        "type": "Point",
        "coordinates": [
          -119.15305149169833,
          34.43197882363076
        ]
      }
    },
    {
      "type": "Feature",
      "properties": {
        "id": 3392,
        "height_m": 9.5
      },
      "geometry": {
        "type": "Point",
        "coordinates": [
          -119.1530449574855,
          34.43153283140199
        ]
      }
    },
    {
      "type": "Feature",
      "properties": {
        "id": 3393,
        "height_m": 15.5
      },
      "geometry": {
        "type": "Point",
        "coordinates": [
          -119.15304277941456,
          34.43269440163791
        ]
      }
    },
    {
      "type": "Feature",
      "properties": {
        "id": 3394,
        "height_m": 12.5
      },
      "geometry": {
        "type": "Point",
        "coordinates": [
          -119.15303951230814,
          34.43071864632861
        ]
      }
    },
    {
      "type": "Feature",
      "properties": {
        "id": 3395,
        "height_m": 10.1
      },
      "geometry": {
        "type": "Point",
        "coordinates": [
          -119.15303951230814,
          34.43305445242445
        ]
      }
    },
    {
      "type": "Feature",
      "properties": {
        "id": 3396,
        "height_m": 10.7
      },
      "geometry": {
        "type": "Point",
        "coordinates": [
          -119.15303951230814,
          34.433662377135
        ]
      }
    },
    {
      "type": "Feature",
      "properties": {
        "id": 3397,
        "height_m": 13.7
      },
      "geometry": {
        "type": "Point",
        "coordinates": [
          -119.15302970990096,
          34.43101989436404
        ]
      }
    },
    {
      "type": "Feature",
      "properties": {
        "id": 3398,
        "height_m": 10.8
      },
      "geometry": {
        "type": "Point",
        "coordinates": [
          -119.15302644279454,
          34.43310330296994
        ]
      }
    },
    {
      "type": "Feature",
      "properties": {
        "id": 3399,
        "height_m": 12.4
      },
      "geometry": {
        "type": "Point",
        "coordinates": [
          -119.15302099761719,
          34.430620944336155
        ]
      }
    },
    {
      "type": "Feature",
      "properties": {
        "id": 3400,
        "height_m": 15.1
      },
      "geometry": {
        "type": "Point",
        "coordinates": [
          -119.15301772942283,
          34.43107326847545
        ]
      }
    },
    {
      "type": "Feature",
      "properties": {
        "id": 3401,
        "height_m": 10.3
      },
      "geometry": {
        "type": "Point",
        "coordinates": [
          -119.15301446231642,
          34.43315577290905
        ]
      }
    },
    {
      "type": "Feature",
      "properties": {
        "id": 3402,
        "height_m": 12.6
      },
      "geometry": {
        "type": "Point",
        "coordinates": [
          -119.15301119521,
          34.433387363618394
        ]
      }
    },
    {
      "type": "Feature",
      "properties": {
        "id": 3403,
        "height_m": 11.0
      },
      "geometry": {
        "type": "Point",
        "coordinates": [
          -119.15300792810359,
          34.43092762010981
        ]
      }
    },
    {
      "type": "Feature",
      "properties": {
        "id": 3404,
        "height_m": 9.6
      },
      "geometry": {
        "type": "Point",
        "coordinates": [
          -119.15300683906811,
          34.43324081017898
        ]
      }
    },
    {
      "type": "Feature",
      "properties": {
        "id": 3405,
        "height_m": 5.5
      },
      "geometry": {
        "type": "Point",
        "coordinates": [
          -119.15300683906811,
          34.43331408689869
        ]
      }
    },
    {
      "type": "Feature",
      "properties": {
        "id": 3406,
        "height_m": 5.4
      },
      "geometry": {
        "type": "Point",
        "coordinates": [
          -119.15300466099717,
          34.432421197367375
        ]
      }
    },
    {
      "type": "Feature",
      "properties": {
        "id": 3407,
        "height_m": 12.0
      },
      "geometry": {
        "type": "Point",
        "coordinates": [
          -119.15300466099717,
          34.43343892848373
        ]
      }
    },
    {
      "type": "Feature",
      "properties": {
        "id": 3408,
        "height_m": 7.3
      },
      "geometry": {
        "type": "Point",
        "coordinates": [
          -119.15299594762546,
          34.431279528838274
        ]
      }
    },
    {
      "type": "Feature",
      "properties": {
        "id": 3409,
        "height_m": 8.4
      },
      "geometry": {
        "type": "Point",
        "coordinates": [
          -119.15299268051905,
          34.43291604104311
        ]
      }
    },
    {
      "type": "Feature",
      "properties": {
        "id": 3410,
        "height_m": 15.4
      },
      "geometry": {
        "type": "Point",
        "coordinates": [
          -119.15299159148357,
          34.43354296328818
        ]
      }
    },
    {
      "type": "Feature",
      "properties": {
        "id": 3411,
        "height_m": 5.0
      },
      "geometry": {
        "type": "Point",
        "coordinates": [
          -119.15297961100543,
          34.431615154352066
        ]
      }
    },
    {
      "type": "Feature",
      "properties": {
        "id": 3412,
        "height_m": 9.1
      },
      "geometry": {
        "type": "Point",
        "coordinates": [
          -119.15297525486356,
          34.43263921828042
        ]
      }
    },
    {
      "type": "Feature",
      "properties": {
        "id": 3413,
        "height_m": 2.8
      },
      "geometry": {
        "type": "Point",
        "coordinates": [
          -119.15297525486356,
          34.4327495849954
        ]
      }
    },
    {
      "type": "Feature",
      "properties": {
        "id": 3414,
        "height_m": 10.0
      },
      "geometry": {
        "type": "Point",
        "coordinates": [
          -119.15297307679262,
          34.43114654519516
        ]
      }
    },
    {
      "type": "Feature",
      "properties": {
        "id": 3415,
        "height_m": 11.1
      },
      "geometry": {
        "type": "Point",
        "coordinates": [
          -119.15296763052731,
          34.43066798563557
        ]
      }
    },
    {
      "type": "Feature",
      "properties": {
        "id": 3416,
        "height_m": 8.2
      },
      "geometry": {
        "type": "Point",
        "coordinates": [
          -119.15296654149184,
          34.43233163653153
        ]
      }
    },
    {
      "type": "Feature",
      "properties": {
        "id": 3417,
        "height_m": 9.8
      },
      "geometry": {
        "type": "Point",
        "coordinates": [
          -119.15296545245637,
          34.433663281307304
        ]
      }
    },
    {
      "type": "Feature",
      "properties": {
        "id": 3418,
        "height_m": 6.0
      },
      "geometry": {
        "type": "Point",
        "coordinates": [
          -119.15296218534995,
          34.433153058589205
        ]
      }
    },
    {
      "type": "Feature",
      "properties": {
        "id": 3419,
        "height_m": 13.8
      },
      "geometry": {
        "type": "Point",
        "coordinates": [
          -119.15296218534995,
          34.433595433227296
        ]
      }
    },
    {
      "type": "Feature",
      "properties": {
        "id": 3420,
        "height_m": 7.0
      },
      "geometry": {
        "type": "Point",
        "coordinates": [
          -119.15295782920806,
          34.43237506024026
        ]
      }
    },
    {
      "type": "Feature",
      "properties": {
        "id": 3421,
        "height_m": 11.4
      },
      "geometry": {
        "type": "Point",
        "coordinates": [
          -119.15295347197824,
          34.43080458777084
        ]
      }
    },
    {
      "type": "Feature",
      "properties": {
        "id": 3422,
        "height_m": 9.1
      },
      "geometry": {
        "type": "Point",
        "coordinates": [
          -119.15295347197824,
          34.43293775199601
        ]
      }
    },
    {
      "type": "Feature",
      "properties": {
        "id": 3423,
        "height_m": 11.4
      },
      "geometry": {
        "type": "Point",
        "coordinates": [
          -119.15295347197824,
          34.43375374631546
        ]
      }
    },
    {
      "type": "Feature",
      "properties": {
        "id": 3424,
        "height_m": 3.1
      },
      "geometry": {
        "type": "Point",
        "coordinates": [
          -119.15295238294277,
          34.43278667589214
        ]
      }
    },
    {
      "type": "Feature",
      "properties": {
        "id": 3425,
        "height_m": 15.4
      },
      "geometry": {
        "type": "Point",
        "coordinates": [
          -119.15295020487183,
          34.430869722432476
        ]
      }
    },
    {
      "type": "Feature",
      "properties": {
        "id": 3426,
        "height_m": 6.3
      },
      "geometry": {
        "type": "Point",
        "coordinates": [
          -119.15294584872994,
          34.43311506352016
        ]
      }
    },
    {
      "type": "Feature",
      "properties": {
        "id": 3427,
        "height_m": 10.6
      },
      "geometry": {
        "type": "Point",
        "coordinates": [
          -119.15294584872994,
          34.43350677746521
        ]
      }
    },
    {
      "type": "Feature",
      "properties": {
        "id": 3428,
        "height_m": 12.5
      },
      "geometry": {
        "type": "Point",
        "coordinates": [
          -119.152943670659,
          34.43323990510521
        ]
      }
    },
    {
      "type": "Feature",
      "properties": {
        "id": 3429,
        "height_m": 11.8
      },
      "geometry": {
        "type": "Point",
        "coordinates": [
          -119.15294258162352,
          34.43251166237553
        ]
      }
    },
    {
      "type": "Feature",
      "properties": {
        "id": 3430,
        "height_m": 4.1
      },
      "geometry": {
        "type": "Point",
        "coordinates": [
          -119.15293713535821,
          34.43162329641014
        ]
      }
    },
    {
      "type": "Feature",
      "properties": {
        "id": 3431,
        "height_m": 8.2
      },
      "geometry": {
        "type": "Point",
        "coordinates": [
          -119.15293604632275,
          34.43226921618974
        ]
      }
    },
    {
      "type": "Feature",
      "properties": {
        "id": 3432,
        "height_m": 10.3
      },
      "geometry": {
        "type": "Point",
        "coordinates": [
          -119.15293604632275,
          34.432674499029616
        ]
      }
    },
    {
      "type": "Feature",
      "properties": {
        "id": 3433,
        "height_m": 3.6
      },
      "geometry": {
        "type": "Point",
        "coordinates": [
          -119.15293386825181,
          34.43285452487362
        ]
      }
    },
    {
      "type": "Feature",
      "properties": {
        "id": 3434,
        "height_m": 9.0
      },
      "geometry": {
        "type": "Point",
        "coordinates": [
          -119.15292624500351,
          34.43371756049249
        ]
      }
    },
    {
      "type": "Feature",
      "properties": {
        "id": 3435,
        "height_m": 14.9
      },
      "geometry": {
        "type": "Point",
        "coordinates": [
          -119.15291426452538,
          34.430992754771445
        ]
      }
    },
    {
      "type": "Feature",
      "properties": {
        "id": 3436,
        "height_m": 10.5
      },
      "geometry": {
        "type": "Point",
        "coordinates": [
          -119.15291426452538,
          34.432604840802064
        ]
      }
    },
    {
      "type": "Feature",
      "properties": {
        "id": 3437,
        "height_m": 5.0
      },
      "geometry": {
        "type": "Point",
        "coordinates": [
          -119.15290990838349,
          34.432739633691256
        ]
      }
    },
    {
      "type": "Feature",
      "properties": {
        "id": 3438,
        "height_m": 4.5
      },
      "geometry": {
        "type": "Point",
        "coordinates": [
          -119.15290990838349,
          34.432831907945484
        ]
      }
    },
    {
      "type": "Feature",
      "properties": {
        "id": 3439,
        "height_m": 4.4
      },
      "geometry": {
        "type": "Point",
        "coordinates": [
          -119.15290773031255,
          34.43289704350858
        ]
      }
    },
    {
      "type": "Feature",
      "properties": {
        "id": 3440,
        "height_m": 9.5
      },
      "geometry": {
        "type": "Point",
        "coordinates": [
          -119.15290555115367,
          34.43050153048933
        ]
      }
    },
    {
      "type": "Feature",
      "properties": {
        "id": 3441,
        "height_m": 11.6
      },
      "geometry": {
        "type": "Point",
        "coordinates": [
          -119.15290446211819,
          34.432330732359226
        ]
      }
    },
    {
      "type": "Feature",
      "properties": {
        "id": 3442,
        "height_m": 10.5
      },
      "geometry": {
        "type": "Point",
        "coordinates": [
          -119.15290228404724,
          34.433418121703134
        ]
      }
    },
    {
      "type": "Feature",
      "properties": {
        "id": 3443,
        "height_m": 3.9
      },
      "geometry": {
        "type": "Point",
        "coordinates": [
          -119.15290119501178,
          34.43276496403777
        ]
      }
    },
    {
      "type": "Feature",
      "properties": {
        "id": 3444,
        "height_m": 10.6
      },
      "geometry": {
        "type": "Point",
        "coordinates": [
          -119.15290119501178,
          34.43367232843915
        ]
      }
    },
    {
      "type": "Feature",
      "properties": {
        "id": 3445,
        "height_m": 13.5
      },
      "geometry": {
        "type": "Point",
        "coordinates": [
          -119.15289683886989,
          34.432119948430476
        ]
      }
    },
    {
      "type": "Feature",
      "properties": {
        "id": 3446,
        "height_m": 9.8
      },
      "geometry": {
        "type": "Point",
        "coordinates": [
          -119.15289683886989,
          34.432267406943666
        ]
      }
    },
    {
      "type": "Feature",
      "properties": {
        "id": 3447,
        "height_m": 7.4
      },
      "geometry": {
        "type": "Point",
        "coordinates": [
          -119.15289466079895,
          34.431130261980485
        ]
      }
    },
    {
      "type": "Feature",
      "properties": {
        "id": 3448,
        "height_m": 12.1
      },
      "geometry": {
        "type": "Point",
        "coordinates": [
          -119.15288485839176,
          34.430933952921805
        ]
      }
    },
    {
      "type": "Feature",
      "properties": {
        "id": 3449,
        "height_m": 10.3
      },
      "geometry": {
        "type": "Point",
        "coordinates": [
          -119.15288485839176,
          34.433288756552166
        ]
      }
    },
    {
      "type": "Feature",
      "properties": {
        "id": 3450,
        "height_m": 11.6
      },
      "geometry": {
        "type": "Point",
        "coordinates": [
          -119.15287723514346,
          34.43352034726151
        ]
      }
    },
    {
      "type": "Feature",
      "properties": {
        "id": 3451,
        "height_m": 7.1
      },
      "geometry": {
        "type": "Point",
        "coordinates": [
          -119.15287614610799,
          34.43264555019095
        ]
      }
    },
    {
      "type": "Feature",
      "properties": {
        "id": 3452,
        "height_m": 10.4
      },
      "geometry": {
        "type": "Point",
        "coordinates": [
          -119.15287505707252,
          34.433345749155734
        ]
      }
    },
    {
      "type": "Feature",
      "properties": {
        "id": 3453,
        "height_m": 13.3
      },
      "geometry": {
        "type": "Point",
        "coordinates": [
          -119.1528739669491,
          34.433193767978096
        ]
      }
    },
    {
      "type": "Feature",
      "properties": {
        "id": 3454,
        "height_m": 11.9
      },
      "geometry": {
        "type": "Point",
        "coordinates": [
          -119.1528706998427,
          34.43218508399358
        ]
      }
    },
    {
      "type": "Feature",
      "properties": {
        "id": 3455,
        "height_m": 9.4
      },
      "geometry": {
        "type": "Point",
        "coordinates": [
          -119.15286961080722,
          34.43364609301886
        ]
      }
    },
    {
      "type": "Feature",
      "properties": {
        "id": 3456,
        "height_m": 8.7
      },
      "geometry": {
        "type": "Point",
        "coordinates": [
          -119.15286743273627,
          34.43307978277097
        ]
      }
    },
    {
      "type": "Feature",
      "properties": {
        "id": 3457,
        "height_m": 9.3
      },
      "geometry": {
        "type": "Point",
        "coordinates": [
          -119.15286198755892,
          34.432375964412564
        ]
      }
    },
    {
      "type": "Feature",
      "properties": {
        "id": 3458,
        "height_m": 8.3
      },
      "geometry": {
        "type": "Point",
        "coordinates": [
          -119.15285763032908,
          34.43104522471056
        ]
      }
    },
    {
      "type": "Feature",
      "properties": {
        "id": 3459,
        "height_m": 14.8
      },
      "geometry": {
        "type": "Point",
        "coordinates": [
          -119.15285654129362,
          34.43208195336143
        ]
      }
    },
    {
      "type": "Feature",
      "properties": {
        "id": 3460,
        "height_m": 10.8
      },
      "geometry": {
        "type": "Point",
        "coordinates": [
          -119.15285654129362,
          34.43245105037835
        ]
      }
    },
    {
      "type": "Feature",
      "properties": {
        "id": 3461,
        "height_m": 13.5
      },
      "geometry": {
        "type": "Point",
        "coordinates": [
          -119.15285654129362,
          34.432935038577625
        ]
      }
    },
    {
      "type": "Feature",
      "properties": {
        "id": 3462,
        "height_m": 12.7
      },
      "geometry": {
        "type": "Point",
        "coordinates": [
          -119.15285545225814,
          34.433450689033954
        ]
      }
    },
    {
      "type": "Feature",
      "properties": {
        "id": 3463,
        "height_m": 3.0
      },
      "geometry": {
        "type": "Point",
        "coordinates": [
          -119.15285436322267,
          34.432833717191556
        ]
      }
    },
    {
      "type": "Feature",
      "properties": {
        "id": 3464,
        "height_m": 7.5
      },
      "geometry": {
        "type": "Point",
        "coordinates": [
          -119.15285109611627,
          34.43199148835328
        ]
      }
    },
    {
      "type": "Feature",
      "properties": {
        "id": 3465,
        "height_m": 6.8
      },
      "geometry": {
        "type": "Point",
        "coordinates": [
          -119.15284891804532,
          34.433742890839014
        ]
      }
    },
    {
      "type": "Feature",
      "properties": {
        "id": 3466,
        "height_m": 12.5
      },
      "geometry": {
        "type": "Point",
        "coordinates": [
          -119.15284782900984,
          34.43324081017898
        ]
      }
    },
    {
      "type": "Feature",
      "properties": {
        "id": 3467,
        "height_m": 4.8
      },
      "geometry": {
        "type": "Point",
        "coordinates": [
          -119.15284238383249,
          34.43085072489795
        ]
      }
    },
    {
      "type": "Feature",
      "properties": {
        "id": 3468,
        "height_m": 8.6
      },
      "geometry": {
        "type": "Point",
        "coordinates": [
          -119.15284129370907,
          34.43229273729018
        ]
      }
    },
    {
      "type": "Feature",
      "properties": {
        "id": 3469,
        "height_m": 13.4
      },
      "geometry": {
        "type": "Point",
        "coordinates": [
          -119.15283802660265,
          34.43124334301531
        ]
      }
    },
    {
      "type": "Feature",
      "properties": {
        "id": 3470,
        "height_m": 8.2
      },
      "geometry": {
        "type": "Point",
        "coordinates": [
          -119.15283693756719,
          34.432648264510796
        ]
      }
    },
    {
      "type": "Feature",
      "properties": {
        "id": 3471,
        "height_m": 7.5
      },
      "geometry": {
        "type": "Point",
        "coordinates": [
          -119.15283040335436,
          34.43368227884183
        ]
      }
    },
    {
      "type": "Feature",
      "properties": {
        "id": 3472,
        "height_m": 8.4
      },
      "geometry": {
        "type": "Point",
        "coordinates": [
          -119.15282713624795,
          34.43131842898109
        ]
      }
    },
    {
      "type": "Feature",
      "properties": {
        "id": 3473,
        "height_m": 16.3
      },
      "geometry": {
        "type": "Point",
        "coordinates": [
          -119.15282277901811,
          34.433581863430994
        ]
      }
    },
    {
      "type": "Feature",
      "properties": {
        "id": 3474,
        "height_m": 14.0
      },
      "geometry": {
        "type": "Point",
        "coordinates": [
          -119.15281733384076,
          34.433122300504465
        ]
      }
    },
    {
      "type": "Feature",
      "properties": {
        "id": 3475,
        "height_m": 9.7
      },
      "geometry": {
        "type": "Point",
        "coordinates": [
          -119.15281079962793,
          34.43104070114463
        ]
      }
    },
    {
      "type": "Feature",
      "properties": {
        "id": 3476,
        "height_m": 10.3
      },
      "geometry": {
        "type": "Point",
        "coordinates": [
          -119.15280970950451,
          34.43333579785158
        ]
      }
    },
    {
      "type": "Feature",
      "properties": {
        "id": 3477,
        "height_m": 8.8
      },
      "geometry": {
        "type": "Point",
        "coordinates": [
          -119.15280862046905,
          34.43092219237158
        ]
      }
    },
    {
      "type": "Feature",
      "properties": {
        "id": 3478,
        "height_m": 14.4
      },
      "geometry": {
        "type": "Point",
        "coordinates": [
          -119.15280753143357,
          34.432179655353885
        ]
      }
    },
    {
      "type": "Feature",
      "properties": {
        "id": 3479,
        "height_m": 13.7
      },
      "geometry": {
        "type": "Point",
        "coordinates": [
          -119.1528064423981,
          34.430673413373796
        ]
      }
    },
    {
      "type": "Feature",
      "properties": {
        "id": 3480,
        "height_m": 8.2
      },
      "geometry": {
        "type": "Point",
        "coordinates": [
          -119.1527988191498,
          34.43202043719195
        ]
      }
    },
    {
      "type": "Feature",
      "properties": {
        "id": 3481,
        "height_m": 14.4
      },
      "geometry": {
        "type": "Point",
        "coordinates": [
          -119.15279337288449,
          34.43350496821914
        ]
      }
    },
    {
      "type": "Feature",
      "properties": {
        "id": 3482,
        "height_m": 16.2
      },
      "geometry": {
        "type": "Point",
        "coordinates": [
          -119.15279119481356,
          34.43144146132006
        ]
      }
    },
    {
      "type": "Feature",
      "properties": {
        "id": 3483,
        "height_m": 15.0
      },
      "geometry": {
        "type": "Point",
        "coordinates": [
          -119.1527781263879,
          34.43308430543542
        ]
      }
    },
    {
      "type": "Feature",
      "properties": {
        "id": 3484,
        "height_m": 11.8
      },
      "geometry": {
        "type": "Point",
        "coordinates": [
          -119.1527781263879,
          34.43326885394388
        ]
      }
    },
    {
      "type": "Feature",
      "properties": {
        "id": 3485,
        "height_m": 6.0
      },
      "geometry": {
        "type": "Point",
        "coordinates": [
          -119.152775947229,
          34.4325406112142
        ]
      }
    },
    {
      "type": "Feature",
      "properties": {
        "id": 3486,
        "height_m": 6.2
      },
      "geometry": {
        "type": "Point",
        "coordinates": [
          -119.15277376915806,
          34.43267992676784
        ]
      }
    },
    {
      "type": "Feature",
      "properties": {
        "id": 3487,
        "height_m": 17.8
      },
      "geometry": {
        "type": "Point",
        "coordinates": [
          -119.15276941301619,
          34.43316934270535
        ]
      }
    },
    {
      "type": "Feature",
      "properties": {
        "id": 3488,
        "height_m": 6.9
      },
      "geometry": {
        "type": "Point",
        "coordinates": [
          -119.15276832398071,
          34.432515280867676
        ]
      }
    },
    {
      "type": "Feature",
      "properties": {
        "id": 3489,
        "height_m": 12.5
      },
      "geometry": {
        "type": "Point",
        "coordinates": [
          -119.15276723494524,
          34.43136275686213
        ]
      }
    },
    {
      "type": "Feature",
      "properties": {
        "id": 3490,
        "height_m": 5.7
      },
      "geometry": {
        "type": "Point",
        "coordinates": [
          -119.1527650568743,
          34.43265369224902
        ]
      }
    },
    {
      "type": "Feature",
      "properties": {
        "id": 3491,
        "height_m": 8.5
      },
      "geometry": {
        "type": "Point",
        "coordinates": [
          -119.15276396783882,
          34.43301826660148
        ]
      }
    },
    {
      "type": "Feature",
      "properties": {
        "id": 3492,
        "height_m": 9.8
      },
      "geometry": {
        "type": "Point",
        "coordinates": [
          -119.15276287880336,
          34.4334606403381
        ]
      }
    },
    {
      "type": "Feature",
      "properties": {
        "id": 3493,
        "height_m": 15.6
      },
      "geometry": {
        "type": "Point",
        "coordinates": [
          -119.15276178976788,
          34.432124471996396
        ]
      }
    },
    {
      "type": "Feature",
      "properties": {
        "id": 3494,
        "height_m": 3.8
      },
      "geometry": {
        "type": "Point",
        "coordinates": [
          -119.15276178976788,
          34.43273330178072
        ]
      }
    },
    {
      "type": "Feature",
      "properties": {
        "id": 3495,
        "height_m": 7.4
      },
      "geometry": {
        "type": "Point",
        "coordinates": [
          -119.15275416543163,
          34.4308543433901
        ]
      }
    },
    {
      "type": "Feature",
      "properties": {
        "id": 3496,
        "height_m": 6.0
      },
      "geometry": {
        "type": "Point",
        "coordinates": [
          -119.15274980928976,
          34.432490855594935
        ]
      }
    },
    {
      "type": "Feature",
      "properties": {
        "id": 3497,
        "height_m": 3.9
      },
      "geometry": {
        "type": "Point",
        "coordinates": [
          -119.15273565074068,
          34.43246190675627
        ]
      }
    },
    {
      "type": "Feature",
      "properties": {
        "id": 3498,
        "height_m": 15.5
      },
      "geometry": {
        "type": "Point",
        "coordinates": [
          -119.15273347266974,
          34.43126867336183
        ]
      }
    },
    {
      "type": "Feature",
      "properties": {
        "id": 3499,
        "height_m": 12.6
      },
      "geometry": {
        "type": "Point",
        "coordinates": [
          -119.15272911652785,
          34.43147674297072
        ]
      }
    },
    {
      "type": "Feature",
      "properties": {
        "id": 3500,
        "height_m": 16.3
      },
      "geometry": {
        "type": "Point",
        "coordinates": [
          -119.15272258122708,
          34.43152921200837
        ]
      }
    },
    {
      "type": "Feature",
      "properties": {
        "id": 3501,
        "height_m": 12.9
      },
      "geometry": {
        "type": "Point",
        "coordinates": [
          -119.1527214921916,
          34.433325847448906
        ]
      }
    },
    {
      "type": "Feature",
      "properties": {
        "id": 3502,
        "height_m": 3.1
      },
      "geometry": {
        "type": "Point",
        "coordinates": [
          -119.15272040315614,
          34.43243205284383
        ]
      }
    },
    {
      "type": "Feature",
      "properties": {
        "id": 3503,
        "height_m": 14.2
      },
      "geometry": {
        "type": "Point",
        "coordinates": [
          -119.15271604701425,
          34.431193587396045
        ]
      }
    },
    {
      "type": "Feature",
      "properties": {
        "id": 3504,
        "height_m": 11.5
      },
      "geometry": {
        "type": "Point",
        "coordinates": [
          -119.15271495797877,
          34.431115787110414
        ]
      }
    },
    {
      "type": "Feature",
      "properties": {
        "id": 3505,
        "height_m": 14.4
      },
      "geometry": {
        "type": "Point",
        "coordinates": [
          -119.15271386894331,
          34.43220770002025
        ]
      }
    },
    {
      "type": "Feature",
      "properties": {
        "id": 3506,
        "height_m": 15.4
      },
      "geometry": {
        "type": "Point",
        "coordinates": [
          -119.15271168978441,
          34.4332733775098
        ]
      }
    },
    {
      "type": "Feature",
      "properties": {
        "id": 3507,
        "height_m": 7.6
      },
      "geometry": {
        "type": "Point",
        "coordinates": [
          -119.15270951171347,
          34.432840050003556
        ]
      }
    },
    {
      "type": "Feature",
      "properties": {
        "id": 3508,
        "height_m": 3.7
      },
      "geometry": {
        "type": "Point",
        "coordinates": [
          -119.1527051555716,
          34.43260574587583
        ]
      }
    },
    {
      "type": "Feature",
      "properties": {
        "id": 3509,
        "height_m": 6.0
      },
      "geometry": {
        "type": "Point",
        "coordinates": [
          -119.15270406653612,
          34.430859771128326
        ]
      }
    },
    {
      "type": "Feature",
      "properties": {
        "id": 3510,
        "height_m": 15.4
      },
      "geometry": {
        "type": "Point",
        "coordinates": [
          -119.15270188846517,
          34.43316843763158
        ]
      }
    },
    {
      "type": "Feature",
      "properties": {
        "id": 3511,
        "height_m": 13.1
      },
      "geometry": {
        "type": "Point",
        "coordinates": [
          -119.15269644328782,
          34.43072316899306
        ]
      }
    },
    {
      "type": "Feature",
      "properties": {
        "id": 3512,
        "height_m": 16.7
      },
      "geometry": {
        "type": "Point",
        "coordinates": [
          -119.1526953531644,
          34.43136818460035
        ]
      }
    },
    {
      "type": "Feature",
      "properties": {
        "id": 3513,
        "height_m": 14.9
      },
      "geometry": {
        "type": "Point",
        "coordinates": [
          -119.1526953531644,
          34.432963082342525
        ]
      }
    },
    {
      "type": "Feature",
      "properties": {
        "id": 3514,
        "height_m": 13.5
      },
      "geometry": {
        "type": "Point",
        "coordinates": [
          -119.15268772991611,
          34.43123158246509
        ]
      }
    },
    {
      "type": "Feature",
      "properties": {
        "id": 3515,
        "height_m": 12.3
      },
      "geometry": {
        "type": "Point",
        "coordinates": [
          -119.15268228473875,
          34.432085571853584
        ]
      }
    },
    {
      "type": "Feature",
      "properties": {
        "id": 3516,
        "height_m": 3.8
      },
      "geometry": {
        "type": "Point",
        "coordinates": [
          -119.15267901654438,
          34.432611173614056
        ]
      }
    },
    {
      "type": "Feature",
      "properties": {
        "id": 3517,
        "height_m": 9.9
      },
      "geometry": {
        "type": "Point",
        "coordinates": [
          -119.15267792750892,
          34.4305521902809
        ]
      }
    },
    {
      "type": "Feature",
      "properties": {
        "id": 3518,
        "height_m": 9.2
      },
      "geometry": {
        "type": "Point",
        "coordinates": [
          -119.1526746604025,
          34.43224388584322
        ]
      }
    },
    {
      "type": "Feature",
      "properties": {
        "id": 3519,
        "height_m": 5.4
      },
      "geometry": {
        "type": "Point",
        "coordinates": [
          -119.15266921522515,
          34.432709780680284
        ]
      }
    },
    {
      "type": "Feature",
      "properties": {
        "id": 3520,
        "height_m": 6.7
      },
      "geometry": {
        "type": "Point",
        "coordinates": [
          -119.15266812618968,
          34.432557799502646
        ]
      }
    },
    {
      "type": "Feature",
      "properties": {
        "id": 3521,
        "height_m": 8.9
      },
      "geometry": {
        "type": "Point",
        "coordinates": [
          -119.1526670371542,
          34.43095928326832
        ]
      }
    },
    {
      "type": "Feature",
      "properties": {
        "id": 3522,
        "height_m": 3.9
      },
      "geometry": {
        "type": "Point",
        "coordinates": [
          -119.1526670371542,
          34.430996373263596
        ]
      }
    },
    {
      "type": "Feature",
      "properties": {
        "id": 3523,
        "height_m": 13.1
      },
      "geometry": {
        "type": "Point",
        "coordinates": [
          -119.1526615908889,
          34.432163372139215
        ]
      }
    },
    {
      "type": "Feature",
      "properties": {
        "id": 3524,
        "height_m": 13.9
      },
      "geometry": {
        "type": "Point",
        "coordinates": [
          -119.1526539676406,
          34.43310511221602
        ]
      }
    },
    {
      "type": "Feature",
      "properties": {
        "id": 3525,
        "height_m": 4.9
      },
      "geometry": {
        "type": "Point",
        "coordinates": [
          -119.15264961149872,
          34.4328291945271
        ]
      }
    },
    {
      "type": "Feature",
      "properties": {
        "id": 3526,
        "height_m": 7.7
      },
      "geometry": {
        "type": "Point",
        "coordinates": [
          -119.15264743233983,
          34.431133880472636
        ]
      }
    },
    {
      "type": "Feature",
      "properties": {
        "id": 3527,
        "height_m": 14.5
      },
      "geometry": {
        "type": "Point",
        "coordinates": [
          -119.15263872005606,
          34.43297936645867
        ]
      }
    },
    {
      "type": "Feature",
      "properties": {
        "id": 3528,
        "height_m": 5.9
      },
      "geometry": {
        "type": "Point",
        "coordinates": [
          -119.15263763102058,
          34.43258765251362
        ]
      }
    },
    {
      "type": "Feature",
      "properties": {
        "id": 3529,
        "height_m": 5.8
      },
      "geometry": {
        "type": "Point",
        "coordinates": [
          -119.15263654198512,
          34.4325279455902
        ]
      }
    },
    {
      "type": "Feature",
      "properties": {
        "id": 3530,
        "height_m": 13.0
      },
      "geometry": {
        "type": "Point",
        "coordinates": [
          -119.15263545294964,
          34.4330445011203
        ]
      }
    },
    {
      "type": "Feature",
      "properties": {
        "id": 3531,
        "height_m": 7.5
      },
      "geometry": {
        "type": "Point",
        "coordinates": [
          -119.15263109571981,
          34.43286085678415
        ]
      }
    },
    {
      "type": "Feature",
      "properties": {
        "id": 3532,
        "height_m": 16.0
      },
      "geometry": {
        "type": "Point",
        "coordinates": [
          -119.15262891764887,
          34.4307602598898
        ]
      }
    },
    {
      "type": "Feature",
      "properties": {
        "id": 3533,
        "height_m": 8.3
      },
      "geometry": {
        "type": "Point",
        "coordinates": [
          -119.15262782861339,
          34.431220726988634
        ]
      }
    },
    {
      "type": "Feature",
      "properties": {
        "id": 3534,
        "height_m": 9.7
      },
      "geometry": {
        "type": "Point",
        "coordinates": [
          -119.15262565054246,
          34.4321380417927
        ]
      }
    },
    {
      "type": "Feature",
      "properties": {
        "id": 3535,
        "height_m": 9.2
      },
      "geometry": {
        "type": "Point",
        "coordinates": [
          -119.15262347247152,
          34.431521070851765
        ]
      }
    },
    {
      "type": "Feature",
      "properties": {
        "id": 3536,
        "height_m": 3.5
      },
      "geometry": {
        "type": "Point",
        "coordinates": [
          -119.1526202053651,
          34.431973395892534
        ]
      }
    },
    {
      "type": "Feature",
      "properties": {
        "id": 3537,
        "height_m": 4.3
      },
      "geometry": {
        "type": "Point",
        "coordinates": [
          -119.15261258102885,
          34.43281833814918
        ]
      }
    },
    {
      "type": "Feature",
      "properties": {
        "id": 3538,
        "height_m": 11.6
      },
      "geometry": {
        "type": "Point",
        "coordinates": [
          -119.15260822488696,
          34.43132204747324
        ]
      }
    },
    {
      "type": "Feature",
      "properties": {
        "id": 3539,
        "height_m": 8.8
      },
      "geometry": {
        "type": "Point",
        "coordinates": [
          -119.15260822488696,
          34.43146950598643
        ]
      }
    },
    {
      "type": "Feature",
      "properties": {
        "id": 3540,
        "height_m": 7.2
      },
      "geometry": {
        "type": "Point",
        "coordinates": [
          -119.15260604681603,
          34.43266726204532
        ]
      }
    },
    {
      "type": "Feature",
      "properties": {
        "id": 3541,
        "height_m": 13.0
      },
      "geometry": {
        "type": "Point",
        "coordinates": [
          -119.15260169067415,
          34.43169204956393
        ]
      }
    },
    {
      "type": "Feature",
      "properties": {
        "id": 3542,
        "height_m": 8.6
      },
      "geometry": {
        "type": "Point",
        "coordinates": [
          -119.15260060163867,
          34.43190826032943
        ]
      }
    },
    {
      "type": "Feature",
      "properties": {
        "id": 3543,
        "height_m": 11.8
      },
      "geometry": {
        "type": "Point",
        "coordinates": [
          -119.15259515537336,
          34.43207562054944
        ]
      }
    },
    {
      "type": "Feature",
      "properties": {
        "id": 3544,
        "height_m": 6.1
      },
      "geometry": {
        "type": "Point",
        "coordinates": [
          -119.15259297730242,
          34.43258765251362
        ]
      }
    },
    {
      "type": "Feature",
      "properties": {
        "id": 3545,
        "height_m": 7.5
      },
      "geometry": {
        "type": "Point",
        "coordinates": [
          -119.15259297730242,
          34.43269802013006
        ]
      }
    },
    {
      "type": "Feature",
      "properties": {
        "id": 3546,
        "height_m": 8.8
      },
      "geometry": {
        "type": "Point",
        "coordinates": [
          -119.15258753212507,
          34.43220136720826
        ]
      }
    },
    {
      "type": "Feature",
      "properties": {
        "id": 3547,
        "height_m": 17.3
      },
      "geometry": {
        "type": "Point",
        "coordinates": [
          -119.15258644308959,
          34.430565760077194
        ]
      }
    },
    {
      "type": "Feature",
      "properties": {
        "id": 3548,
        "height_m": 8.1
      },
      "geometry": {
        "type": "Point",
        "coordinates": [
          -119.15258535405412,
          34.431579872701406
        ]
      }
    },
    {
      "type": "Feature",
      "properties": {
        "id": 3549,
        "height_m": 8.4
      },
      "geometry": {
        "type": "Point",
        "coordinates": [
          -119.15257990778882,
          34.43112031067634
        ]
      }
    },
    {
      "type": "Feature",
      "properties": {
        "id": 3550,
        "height_m": 9.4
      },
      "geometry": {
        "type": "Point",
        "coordinates": [
          -119.15257990778882,
          34.431156496499305
        ]
      }
    },
    {
      "type": "Feature",
      "properties": {
        "id": 3551,
        "height_m": 5.7
      },
      "geometry": {
        "type": "Point",
        "coordinates": [
          -119.15257119550505,
          34.431034369234105
        ]
      }
    },
    {
      "type": "Feature",
      "properties": {
        "id": 3552,
        "height_m": 7.8
      },
      "geometry": {
        "type": "Point",
        "coordinates": [
          -119.15256466020428,
          34.43093938066003
        ]
      }
    },
    {
      "type": "Feature",
      "properties": {
        "id": 3553,
        "height_m": 12.4
      },
      "geometry": {
        "type": "Point",
        "coordinates": [
          -119.15256357116881,
          34.43165767298703
        ]
      }
    },
    {
      "type": "Feature",
      "properties": {
        "id": 3554,
        "height_m": 5.9
      },
      "geometry": {
        "type": "Point",
        "coordinates": [
          -119.15256357116881,
          34.43254694312473
        ]
      }
    },
    {
      "type": "Feature",
      "properties": {
        "id": 3555,
        "height_m": 11.9
      },
      "geometry": {
        "type": "Point",
        "coordinates": [
          -119.15256030406239,
          34.43149754975132
        ]
      }
    },
    {
      "type": "Feature",
      "properties": {
        "id": 3556,
        "height_m": 11.6
      },
      "geometry": {
        "type": "Point",
        "coordinates": [
          -119.15255812599145,
          34.431548210444355
        ]
      }
    },
    {
      "type": "Feature",
      "properties": {
        "id": 3557,
        "height_m": 5.3
      },
      "geometry": {
        "type": "Point",
        "coordinates": [
          -119.15255812599145,
          34.43278848513821
        ]
      }
    },
    {
      "type": "Feature",
      "properties": {
        "id": 3558,
        "height_m": 9.1
      },
      "geometry": {
        "type": "Point",
        "coordinates": [
          -119.1525559479205,
          34.432152515761295
        ]
      }
    },
    {
      "type": "Feature",
      "properties": {
        "id": 3559,
        "height_m": 12.7
      },
      "geometry": {
        "type": "Point",
        "coordinates": [
          -119.15255485888504,
          34.43236963250204
        ]
      }
    },
    {
      "type": "Feature",
      "properties": {
        "id": 3560,
        "height_m": 16.3
      },
      "geometry": {
        "type": "Point",
        "coordinates": [
          -119.15254614551331,
          34.43074940441335
        ]
      }
    },
    {
      "type": "Feature",
      "properties": {
        "id": 3561,
        "height_m": 10.9
      },
      "geometry": {
        "type": "Point",
        "coordinates": [
          -119.15254178937144,
          34.43065803433142
        ]
      }
    },
    {
      "type": "Feature",
      "properties": {
        "id": 3562,
        "height_m": 13.9
      },
      "geometry": {
        "type": "Point",
        "coordinates": [
          -119.15254070033596,
          34.43082358530536
        ]
      }
    },
    {
      "type": "Feature",
      "properties": {
        "id": 3563,
        "height_m": 7.8
      },
      "geometry": {
        "type": "Point",
        "coordinates": [
          -119.15254070033596,
          34.432713399172435
        ]
      }
    },
    {
      "type": "Feature",
      "properties": {
        "id": 3564,
        "height_m": 13.8
      },
      "geometry": {
        "type": "Point",
        "coordinates": [
          -119.1525396113005,
          34.43243205284383
        ]
      }
    },
    {
      "type": "Feature",
      "properties": {
        "id": 3565,
        "height_m": 9.4
      },
      "geometry": {
        "type": "Point",
        "coordinates": [
          -119.15253307599971,
          34.43172371182097
        ]
      }
    },
    {
      "type": "Feature",
      "properties": {
        "id": 3566,
        "height_m": 13.8
      },
      "geometry": {
        "type": "Point",
        "coordinates": [
          -119.15253198696425,
          34.43198244212291
        ]
      }
    },
    {
      "type": "Feature",
      "properties": {
        "id": 3567,
        "height_m": 4.3
      },
      "geometry": {
        "type": "Point",
        "coordinates": [
          -119.15252654178688,
          34.43090500408314
        ]
      }
    },
    {
      "type": "Feature",
      "properties": {
        "id": 3568,
        "height_m": 14.8
      },
      "geometry": {
        "type": "Point",
        "coordinates": [
          -119.15252545275142,
          34.43190554691105
        ]
      }
    },
    {
      "type": "Feature",
      "properties": {
        "id": 3569,
        "height_m": 13.9
      },
      "geometry": {
        "type": "Point",
        "coordinates": [
          -119.15252545275142,
          34.432513471621604
        ]
      }
    },
    {
      "type": "Feature",
      "properties": {
        "id": 3570,
        "height_m": 8.6
      },
      "geometry": {
        "type": "Point",
        "coordinates": [
          -119.15252436371595,
          34.43267992676784
        ]
      }
    },
    {
      "type": "Feature",
      "properties": {
        "id": 3571,
        "height_m": 7.2
      },
      "geometry": {
        "type": "Point",
        "coordinates": [
          -119.15252327468048,
          34.431025322102265
        ]
      }
    },
    {
      "type": "Feature",
      "properties": {
        "id": 3572,
        "height_m": 14.7
      },
      "geometry": {
        "type": "Point",
        "coordinates": [
          -119.15252000757407,
          34.431349187065834
        ]
      }
    },
    {
      "type": "Feature",
      "properties": {
        "id": 3573,
        "height_m": 11.2
      },
      "geometry": {
        "type": "Point",
        "coordinates": [
          -119.15251129420234,
          34.431281338084354
        ]
      }
    },
    {
      "type": "Feature",
      "properties": {
        "id": 3574,
        "height_m": 6.6
      },
      "geometry": {
        "type": "Point",
        "coordinates": [
          -119.15250693806045,
          34.43213985103877
        ]
      }
    },
    {
      "type": "Feature",
      "properties": {
        "id": 3575,
        "height_m": 11.4
      },
      "geometry": {
        "type": "Point",
        "coordinates": [
          -119.15250475998951,
          34.43155906592081
        ]
      }
    },
    {
      "type": "Feature",
      "properties": {
        "id": 3576,
        "height_m": 14.2
      },
      "geometry": {
        "type": "Point",
        "coordinates": [
          -119.15250258191858,
          34.43145864960851
        ]
      }
    },
    {
      "type": "Feature",
      "properties": {
        "id": 3577,
        "height_m": 10.4
      },
      "geometry": {
        "type": "Point",
        "coordinates": [
          -119.15250040275969,
          34.43260122230991
        ]
      }
    },
    {
      "type": "Feature",
      "properties": {
        "id": 3578,
        "height_m": 6.5
      },
      "geometry": {
        "type": "Point",
        "coordinates": [
          -119.15249713565328,
          34.43108593409944
        ]
      }
    },
    {
      "type": "Feature",
      "properties": {
        "id": 3579,
        "height_m": 11.8
      },
      "geometry": {
        "type": "Point",
        "coordinates": [
          -119.15249060144045,
          34.43206928863891
        ]
      }
    },
    {
      "type": "Feature",
      "properties": {
        "id": 3580,
        "height_m": 12.6
      },
      "geometry": {
        "type": "Point",
        "coordinates": [
          -119.15247862096231,
          34.43150931030154
        ]
      }
    },
    {
      "type": "Feature",
      "properties": {
        "id": 3581,
        "height_m": 12.8
      },
      "geometry": {
        "type": "Point",
        "coordinates": [
          -119.15247753192685,
          34.43120987061072
        ]
      }
    },
    {
      "type": "Feature",
      "properties": {
        "id": 3582,
        "height_m": 7.7
      },
      "geometry": {
        "type": "Point",
        "coordinates": [
          -119.15247644289137,
          34.431150163687306
        ]
      }
    },
    {
      "type": "Feature",
      "properties": {
        "id": 3583,
        "height_m": 12.6
      },
      "geometry": {
        "type": "Point",
        "coordinates": [
          -119.1524753538559,
          34.43170381011414
        ]
      }
    },
    {
      "type": "Feature",
      "properties": {
        "id": 3584,
        "height_m": 12.7
      },
      "geometry": {
        "type": "Point",
        "coordinates": [
          -119.15247208674948,
          34.43246914374056
        ]
      }
    },
    {
      "type": "Feature",
      "properties": {
        "id": 3585,
        "height_m": 14.2
      },
      "geometry": {
        "type": "Point",
        "coordinates": [
          -119.15246990867854,
          34.43058928117764
        ]
      }
    },
    {
      "type": "Feature",
      "properties": {
        "id": 3586,
        "height_m": 11.8
      },
      "geometry": {
        "type": "Point",
        "coordinates": [
          -119.15246555144871,
          34.43242933942545
        ]
      }
    },
    {
      "type": "Feature",
      "properties": {
        "id": 3587,
        "height_m": 12.2
      },
      "geometry": {
        "type": "Point",
        "coordinates": [
          -119.1524622843423,
          34.43126867336183
        ]
      }
    },
    {
      "type": "Feature",
      "properties": {
        "id": 3588,
        "height_m": 4.3
      },
      "geometry": {
        "type": "Point",
        "coordinates": [
          -119.15245901723588,
          34.430647178854976
        ]
      }
    },
    {
      "type": "Feature",
      "properties": {
        "id": 3589,
        "height_m": 12.6
      },
      "geometry": {
        "type": "Point",
        "coordinates": [
          -119.15245792820042,
          34.43232892311315
        ]
      }
    },
    {
      "type": "Feature",
      "properties": {
        "id": 3590,
        "height_m": 15.4
      },
      "geometry": {
        "type": "Point",
        "coordinates": [
          -119.15244703675775,
          34.43164500736304
        ]
      }
    },
    {
      "type": "Feature",
      "properties": {
        "id": 3591,
        "height_m": 10.8
      },
      "geometry": {
        "type": "Point",
        "coordinates": [
          -119.15244594772228,
          34.43140075193117
        ]
      }
    },
    {
      "type": "Feature",
      "properties": {
        "id": 3592,
        "height_m": 10.6
      },
      "geometry": {
        "type": "Point",
        "coordinates": [
          -119.15244268061586,
          34.43206024150707
        ]
      }
    },
    {
      "type": "Feature",
      "properties": {
        "id": 3593,
        "height_m": 8.2
      },
      "geometry": {
        "type": "Point",
        "coordinates": [
          -119.15243505627963,
          34.43134737781976
        ]
      }
    },
    {
      "type": "Feature",
      "properties": {
        "id": 3594,
        "height_m": 10.2
      },
      "geometry": {
        "type": "Point",
        "coordinates": [
          -119.15243070013774,
          34.43101718094566
        ]
      }
    },
    {
      "type": "Feature",
      "properties": {
        "id": 3595,
        "height_m": 9.9
      },
      "geometry": {
        "type": "Point",
        "coordinates": [
          -119.15243070013774,
          34.43237144174811
        ]
      }
    },
    {
      "type": "Feature",
      "properties": {
        "id": 3596,
        "height_m": 18.4
      },
      "geometry": {
        "type": "Point",
        "coordinates": [
          -119.15242961110226,
          34.43175446990571
        ]
      }
    },
    {
      "type": "Feature",
      "properties": {
        "id": 3597,
        "height_m": 6.0
      },
      "geometry": {
        "type": "Point",
        "coordinates": [
          -119.1524285220668,
          34.432122662750324
        ]
      }
    },
    {
      "type": "Feature",
      "properties": {
        "id": 3598,
        "height_m": 6.6
      },
      "geometry": {
        "type": "Point",
        "coordinates": [
          -119.1524208988185,
          34.43220770002025
        ]
      }
    },
    {
      "type": "Feature",
      "properties": {
        "id": 3599,
        "height_m": 16.8
      },
      "geometry": {
        "type": "Point",
        "coordinates": [
          -119.15241871965961,
          34.431553638182585
        ]
      }
    },
    {
      "type": "Feature",
      "properties": {
        "id": 3600,
        "height_m": 9.7
      },
      "geometry": {
        "type": "Point",
        "coordinates": [
          -119.15240782930489,
          34.43229725995463
        ]
      }
    },
    {
      "type": "Feature",
      "properties": {
        "id": 3601,
        "height_m": 5.1
      },
      "geometry": {
        "type": "Point",
        "coordinates": [
          -119.15240129400412,
          34.430940285733804
        ]
      }
    },
    {
      "type": "Feature",
      "properties": {
        "id": 3602,
        "height_m": 14.6
      },
      "geometry": {
        "type": "Point",
        "coordinates": [
          -119.15239802689771,
          34.431483979955026
        ]
      }
    },
    {
      "type": "Feature",
      "properties": {
        "id": 3603,
        "height_m": 14.7
      },
      "geometry": {
        "type": "Point",
        "coordinates": [
          -119.15238060124223,
          34.43066798563557
        ]
      }
    },
    {
      "type": "Feature",
      "properties": {
        "id": 3604,
        "height_m": 10.0
      },
      "geometry": {
        "type": "Point",
        "coordinates": [
          -119.15237951220675,
          34.430608278712164
        ]
      }
    },
    {
      "type": "Feature",
      "properties": {
        "id": 3605,
        "height_m": 16.3
      },
      "geometry": {
        "type": "Point",
        "coordinates": [
          -119.15237951220675,
          34.43166762429118
        ]
      }
    },
    {
      "type": "Feature",
      "properties": {
        "id": 3606,
        "height_m": 9.2
      },
      "geometry": {
        "type": "Point",
        "coordinates": [
          -119.15237842317129,
          34.43123520095724
        ]
      }
    },
    {
      "type": "Feature",
      "properties": {
        "id": 3607,
        "height_m": 10.2
      },
      "geometry": {
        "type": "Point",
        "coordinates": [
          -119.15236970979956,
          34.431001801903285
        ]
      }
    },
    {
      "type": "Feature",
      "properties": {
        "id": 3608,
        "height_m": 9.7
      },
      "geometry": {
        "type": "Point",
        "coordinates": [
          -119.15236970979956,
          34.432024055684096
        ]
      }
    },
    {
      "type": "Feature",
      "properties": {
        "id": 3609,
        "height_m": 5.7
      },
      "geometry": {
        "type": "Point",
        "coordinates": [
          -119.15236317558673,
          34.43214980234291
        ]
      }
    },
    {
      "type": "Feature",
      "properties": {
        "id": 3610,
        "height_m": 9.0
      },
      "geometry": {
        "type": "Point",
        "coordinates": [
          -119.15235773040938,
          34.43207743069698
        ]
      }
    },
    {
      "type": "Feature",
      "properties": {
        "id": 3611,
        "height_m": 9.6
      },
      "geometry": {
        "type": "Point",
        "coordinates": [
          -119.15235446221502,
          34.43104612978433
        ]
      }
    },
    {
      "type": "Feature",
      "properties": {
        "id": 3612,
        "height_m": 15.2
      },
      "geometry": {
        "type": "Point",
        "coordinates": [
          -119.15235228414407,
          34.43174271025696
        ]
      }
    },
    {
      "type": "Feature",
      "properties": {
        "id": 3613,
        "height_m": 13.4
      },
      "geometry": {
        "type": "Point",
        "coordinates": [
          -119.15235010607313,
          34.431866646768235
        ]
      }
    },
    {
      "type": "Feature",
      "properties": {
        "id": 3614,
        "height_m": 9.6
      },
      "geometry": {
        "type": "Point",
        "coordinates": [
          -119.15232614620481,
          34.43156358948673
        ]
      }
    },
    {
      "type": "Feature",
      "properties": {
        "id": 3615,
        "height_m": 7.7
      },
      "geometry": {
        "type": "Point",
        "coordinates": [
          -119.15232505716935,
          34.43195077896439
        ]
      }
    },
    {
      "type": "Feature",
      "properties": {
        "id": 3616,
        "height_m": 8.9
      },
      "geometry": {
        "type": "Point",
        "coordinates": [
          -119.15231634379764,
          34.43092038312551
        ]
      }
    },
    {
      "type": "Feature",
      "properties": {
        "id": 3617,
        "height_m": 18.3
      },
      "geometry": {
        "type": "Point",
        "coordinates": [
          -119.15230872054933,
          34.43132295254701
        ]
      }
    },
    {
      "type": "Feature",
      "properties": {
        "id": 3618,
        "height_m": 11.5
      },
      "geometry": {
        "type": "Point",
        "coordinates": [
          -119.15230545235497,
          34.43123610603101
        ]
      }
    },
    {
      "type": "Feature",
      "properties": {
        "id": 3619,
        "height_m": 10.5
      },
      "geometry": {
        "type": "Point",
        "coordinates": [
          -119.1523043633195,
          34.43162329641014
        ]
      }
    },
    {
      "type": "Feature",
      "properties": {
        "id": 3620,
        "height_m": 7.6
      },
      "geometry": {
        "type": "Point",
        "coordinates": [
          -119.15230109621308,
          34.43066527221719
        ]
      }
    },
    {
      "type": "Feature",
      "properties": {
        "id": 3621,
        "height_m": 17.3
      },
      "geometry": {
        "type": "Point",
        "coordinates": [
          -119.15230109621308,
          34.431798797786755
        ]
      }
    },
    {
      "type": "Feature",
      "properties": {
        "id": 3622,
        "height_m": 13.6
      },
      "geometry": {
        "type": "Point",
        "coordinates": [
          -119.15229456200026,
          34.431702905040375
        ]
      }
    },
    {
      "type": "Feature",
      "properties": {
        "id": 3623,
        "height_m": 19.4
      },
      "geometry": {
        "type": "Point",
        "coordinates": [
          -119.15227386815042,
          34.43185488621801
        ]
      }
    },
    {
      "type": "Feature",
      "properties": {
        "id": 3624,
        "height_m": 9.6
      },
      "geometry": {
        "type": "Point",
        "coordinates": [
          -119.15227169007947,
          34.430643560362824
        ]
      }
    },
    {
      "type": "Feature",
      "properties": {
        "id": 3625,
        "height_m": 13.5
      },
      "geometry": {
        "type": "Point",
        "coordinates": [
          -119.15226406683117,
          34.43156630290511
        ]
      }
    },
    {
      "type": "Feature",
      "properties": {
        "id": 3626,
        "height_m": 7.2
      },
      "geometry": {
        "type": "Point",
        "coordinates": [
          -119.15226079972476,
          34.43116644780345
        ]
      }
    },
    {
      "type": "Feature",
      "properties": {
        "id": 3627,
        "height_m": 7.0
      },
      "geometry": {
        "type": "Point",
        "coordinates": [
          -119.15224773021116,
          34.430676127693644
        ]
      }
    },
    {
      "type": "Feature",
      "properties": {
        "id": 3628,
        "height_m": 10.5
      },
      "geometry": {
        "type": "Point",
        "coordinates": [
          -119.15224664117568,
          34.43121077568449
        ]
      }
    },
    {
      "type": "Feature",
      "properties": {
        "id": 3629,
        "height_m": 12.9
      },
      "geometry": {
        "type": "Point",
        "coordinates": [
          -119.15224446310474,
          34.43175989854541
        ]
      }
    },
    {
      "type": "Feature",
      "properties": {
        "id": 3630,
        "height_m": 15.8
      },
      "geometry": {
        "type": "Point",
        "coordinates": [
          -119.15224228394585,
          34.431381754396654
        ]
      }
    },
    {
      "type": "Feature",
      "properties": {
        "id": 3631,
        "height_m": 4.9
      },
      "geometry": {
        "type": "Point",
        "coordinates": [
          -119.15223139359114,
          34.43084529715973
        ]
      }
    },
    {
      "type": "Feature",
      "properties": {
        "id": 3632,
        "height_m": 6.0
      },
      "geometry": {
        "type": "Point",
        "coordinates": [
          -119.1522292155202,
          34.43095114121025
        ]
      }
    },
    {
      "type": "Feature",
      "properties": {
        "id": 3633,
        "height_m": 14.2
      },
      "geometry": {
        "type": "Point",
        "coordinates": [
          -119.15222703744925,
          34.431702905040375
        ]
      }
    },
    {
      "type": "Feature",
      "properties": {
        "id": 3634,
        "height_m": 5.9
      },
      "geometry": {
        "type": "Point",
        "coordinates": [
          -119.15222594732583,
          34.43079101797454
        ]
      }
    },
    {
      "type": "Feature",
      "properties": {
        "id": 3635,
        "height_m": 7.1
      },
      "geometry": {
        "type": "Point",
        "coordinates": [
          -119.15221505697113,
          34.43088510147484
        ]
      }
    },
    {
      "type": "Feature",
      "properties": {
        "id": 3636,
        "height_m": 19.9
      },
      "geometry": {
        "type": "Point",
        "coordinates": [
          -119.15220852167035,
          34.43164229394466
        ]
      }
    },
    {
      "type": "Feature",
      "properties": {
        "id": 3637,
        "height_m": 20.3
      },
      "geometry": {
        "type": "Point",
        "coordinates": [
          -119.1522063435994,
          34.431449603378134
        ]
      }
    },
    {
      "type": "Feature",
      "properties": {
        "id": 3638,
        "height_m": 4.5
      },
      "geometry": {
        "type": "Point",
        "coordinates": [
          -119.15219980938657,
          34.4307593557175
        ]
      }
    },
    {
      "type": "Feature",
      "properties": {
        "id": 3639,
        "height_m": 11.3
      },
      "geometry": {
        "type": "Point",
        "coordinates": [
          -119.15219109601486,
          34.4306598435775
        ]
      }
    },
    {
      "type": "Feature",
      "properties": {
        "id": 3640,
        "height_m": 13.0
      },
      "geometry": {
        "type": "Point",
        "coordinates": [
          -119.15218891794392,
          34.431356424050136
        ]
      }
    },
    {
      "type": "Feature",
      "properties": {
        "id": 3641,
        "height_m": 14.6
      },
      "geometry": {
        "type": "Point",
        "coordinates": [
          -119.15218565083751,
          34.431250579999606
        ]
      }
    },
    {
      "type": "Feature",
      "properties": {
        "id": 3642,
        "height_m": 15.3
      },
      "geometry": {
        "type": "Point",
        "coordinates": [
          -119.15218565083751,
          34.43156901722495
        ]
      }
    },
    {
      "type": "Feature",
      "properties": {
        "id": 3643,
        "height_m": 6.6
      },
      "geometry": {
        "type": "Point",
        "coordinates": [
          -119.15218129469562,
          34.43069874372031
        ]
      }
    },
    {
      "type": "Feature",
      "properties": {
        "id": 3644,
        "height_m": 4.6
      },
      "geometry": {
        "type": "Point",
        "coordinates": [
          -119.1521780275892,
          34.43078197174417
        ]
      }
    },
    {
      "type": "Feature",
      "properties": {
        "id": 3645,
        "height_m": 7.5
      },
      "geometry": {
        "type": "Point",
        "coordinates": [
          -119.1521595118103,
          34.43081363400121
        ]
      }
    },
    {
      "type": "Feature",
      "properties": {
        "id": 3646,
        "height_m": 6.5
      },
      "geometry": {
        "type": "Point",
        "coordinates": [
          -119.15214753242012,
          34.43120353870019
        ]
      }
    },
    {
      "type": "Feature",
      "properties": {
        "id": 3647,
        "height_m": 14.5
      },
      "geometry": {
        "type": "Point",
        "coordinates": [
          -119.15213555194198,
          34.431293098634576
        ]
      }
    },
    {
      "type": "Feature",
      "properties": {
        "id": 3648,
        "height_m": 13.3
      },
      "geometry": {
        "type": "Point",
        "coordinates": [
          -119.15212357146386,
          34.43136456610821
        ]
      }
    },
    {
      "type": "Feature",
      "properties": {
        "id": 3649,
        "height_m": 11.6
      },
      "geometry": {
        "type": "Point",
        "coordinates": [
          -119.15211485918009,
          34.43102079943781
        ]
      }
    },
    {
      "type": "Feature",
      "properties": {
        "id": 3650,
        "height_m": 13.3
      },
      "geometry": {
        "type": "Point",
        "coordinates": [
          -119.15211377014462,
          34.430776544005944
        ]
      }
    },
    {
      "type": "Feature",
      "properties": {
        "id": 3651,
        "height_m": 11.0
      },
      "geometry": {
        "type": "Point",
        "coordinates": [
          -119.1521126800212,
          34.43092038312551
        ]
      }
    },
    {
      "type": "Feature",
      "properties": {
        "id": 3652,
        "height_m": 3.6
      },
      "geometry": {
        "type": "Point",
        "coordinates": [
          -119.1521126800212,
          34.43116011499146
        ]
      }
    },
    {
      "type": "Feature",
      "properties": {
        "id": 3653,
        "height_m": 14.3
      },
      "geometry": {
        "type": "Point",
        "coordinates": [
          -119.1520952543657,
          34.430734929543284
        ]
      }
    },
    {
      "type": "Feature",
      "properties": {
        "id": 3654,
        "height_m": 6.1
      },
      "geometry": {
        "type": "Point",
        "coordinates": [
          -119.1520952543657,
          34.431085029025674
        ]
      }
    },
    {
      "type": "Feature",
      "properties": {
        "id": 3655,
        "height_m": 11.8
      },
      "geometry": {
        "type": "Point",
        "coordinates": [
          -119.152084364011,
          34.430829013043585
        ]
      }
    },
    {
      "type": "Feature",
      "properties": {
        "id": 3656,
        "height_m": 13.8
      },
      "geometry": {
        "type": "Point",
        "coordinates": [
          -119.15206367016116,
          34.430869722432476
        ]
      }
    },
    {
      "type": "Feature",
      "properties": {
        "id": 3657,
        "height_m": 12.4
      },
      "geometry": {
        "type": "Point",
        "coordinates": [
          -119.15206258112568,
          34.43069964879409
        ]
      }
    },
    {
      "type": "Feature",
      "properties": {
        "id": 3658,
        "height_m": 13.6
      },
      "geometry": {
        "type": "Point",
        "coordinates": [
          -119.1520506017355,
          34.430937571413956
        ]
      }
    },
    {
      "type": "Feature",
      "properties": {
        "id": 3659,
        "height_m": 9.1
      },
      "geometry": {
        "type": "Point",
        "coordinates": [
          -119.15202119560188,
          34.43080458777084
        ]
      }
    },
    {
      "type": "Feature",
      "properties": {
        "id": 3660,
        "height_m": 13.4
      },
      "geometry": {
        "type": "Point",
        "coordinates": [
          -119.15202119560188,
          34.431026227176034
        ]
      }
    },
    {
      "type": "Feature",
      "properties": {
        "id": 3661,
        "height_m": 10.7
      },
      "geometry": {
        "type": "Point",
        "coordinates": [
          -119.15201901753093,
          34.4307593557175
        ]
      }
    },
    {
      "type": "Feature",
      "properties": {
        "id": 3662,
        "height_m": 11.5
      },
      "geometry": {
        "type": "Point",
        "coordinates": [
          -119.15201030415922,
          34.43084439208596
        ]
      }
    },
    {
      "type": "Feature",
      "properties": {
        "id": 3663,
        "height_m": 11.1
      },
      "geometry": {
        "type": "Point",
        "coordinates": [
          -119.15198743332638,
          34.43091766880566
        ]
      }
    }
  ]
}
