x_east_dm,y_north_dm,height_dm,crown_radius_dm,ground_dm
-1039.108,4711.572,87,10,4140
-991.057,4662.399,123,44,4120
-964.028,4618.244,102,38,4118
-951.014,4733.650,33,15,4129
-907.968,4641.325,143,59,4128
-882.941,4463.701,130,69,4118
-797.851,4679.459,26,22,4140
-792.845,4414.528,58,24,4135
-776.828,4208.804,85,47,4121
-760.811,4350.302,91,42,4131
-746.796,4537.962,114,52,4144
-737.787,4217.836,79,34,4128
-730.779,4148.592,86,35,4124
-706.753,4506.852,82,28,4145
-691.737,3498.305,92,31,4164
-669.714,3534.432,97,52,4162
-659.703,4033.186,45,16,4145
-651.695,4617.241,39,18,4145
-647.690,3428.058,50,40,4164
-617.658,3455.153,54,29,4165
-604.645,4654.371,84,47,4145
-589.629,3093.882,46,25,4172
-582.621,4588.138,66,34,4147
-570.608,3308.638,69,47,4166
-567.605,3191.225,46,28,4165
-549.586,3492.284,42,26,4164
-543.579,4086.373,109,73,4135
-538.574,2912.243,42,23,4175
-536.572,3275.521,68,15,4166
-515.550,3419.026,83,20,4165
-513.547,3164.129,42,33,4167
-512.546,3593.640,37,21,4161
-510.544,2618.209,52,21,4179
-509.543,3067.791,36,15,4167
-500.534,2579.072,87,16,4179
-499.533,3110.942,46,31,4167
-499.533,4588.138,60,33,4146
-486.519,2521.870,44,15,4179
-474.506,3955.914,148,70,4131
-468.499,3481.245,67,17,4163
-465.496,2996.540,39,21,4167
-461.492,3534.432,81,48,4162
-460.491,4577.099,53,28,4147
-458.489,3049.727,40,16,4166
-457.488,2717.559,68,46,4172
-455.486,3244.412,93,40,4165
-432.461,3500.312,65,19,4162
-431.460,4073.327,110,31,4150
-426.455,4013.116,122,39,4139
-424.452,3016.611,30,14,4167
-410.438,3455.153,78,28,4163
-400.427,4587.135,63,26,4148
-396.423,2640.287,41,25,4173
-393.419,3490.277,62,14,4161
-392.418,3260.468,107,44,4166
-389.415,3904.734,27,12,4151
-388.414,4048.239,125,20,4152
-386.412,2683.439,36,11,4172
-385.411,3210.292,119,47,4165
-377.402,2399.440,77,22,4183
-377.402,3304.624,85,31,4166
-376.401,2293.066,64,29,4186
-370.395,3397.952,68,21,4164
-369.394,2718.562,46,26,4172
-367.392,3450.135,92,38,4163
-364.388,2760.710,49,24,4174
-358.382,2261.956,75,27,4185
-358.382,3989.031,151,73,4134
-353.377,4608.209,67,18,4148
-350.374,4676.449,83,39,4151
-349.372,3873.625,32,14,4152
-348.371,4114.472,78,17,4158
-346.369,4722.611,80,37,4151
-344.367,2801.855,42,21,4172
-336.359,4582.117,67,29,4149
-335.358,2911.240,79,51,4172
-330.352,2871.099,78,21,4170
-312.333,3294.588,96,35,4165
-303.323,4697.523,78,26,4151
-300.320,4090.387,91,17,4158
-295.315,3554.503,34,18,4158
-289.308,1742.128,60,28,4190
-289.308,3817.427,56,15,4151
-288.307,2641.290,100,45,4177
-288.307,4021.144,133,39,4155
-285.304,4747.699,84,21,4148
-281.300,4897.225,39,12,4153
-280.299,1708.008,59,24,4190
-273.291,2870.095,69,24,4170
-263.281,1804.347,88,24,4187
-257.274,1657.831,67,20,4191
-250.267,3274.518,135,56,4165
-248.265,4828.985,48,11,4153
-247.264,4741.678,82,21,4151
-242.258,3552.495,36,15,4158
-241.257,4881.169,64,30,4151
-240.256,4672.435,95,44,4153
-231.247,4183.716,49,21,4160
-228.243,4153.610,58,30,4161
-227.242,4026.162,88,42,4158
-219.234,1835.456,132,59,4187
-215.229,3957.922,52,18,4153
-206.220,4209.808,54,17,4159
-203.217,3786.318,98,27,4133
-203.217,4732.647,81,33,4153
-199.212,2248.910,117,37,4180
-198.211,4836.010,58,20,4154
-198.211,4877.155,49,21,4153
-197.210,4667.417,77,24,4153
-195.208,3302.617,118,49,4163
-194.207,4780.816,52,18,4153
-189.202,2517.856,60,30,4179
-188.201,2845.007,55,20,4170
-184.196,3750.191,105,38,4146
-178.190,3706.036,71,16,4154
-172.184,4218.839,49,17,4160
-168.179,1265.451,99,26,4267
-168.179,4142.571,53,22,4161
-158.169,4656.378,47,18,4154
-156.166,4176.691,48,26,4163
-155.165,3988.027,130,41,4161
-154.164,2398.436,34,14,4179
-153.163,2684.442,143,69,4177
-153.163,4842.031,65,27,4154
-150.160,1213.268,103,25,4283
-150.160,2219.808,143,48,4179
-149.159,1596.616,144,42,4195
-149.159,2297.080,43,17,4179
-149.159,2813.898,56,14,4170
-149.159,4724.618,52,21,4153
-149.159,4929.338,45,16,4155
-145.155,2446.606,75,42,4181
-140.149,1419.995,136,57,4229
-138.147,1513.323,80,18,4203
-136.145,1467.161,109,45,4217
-134.143,2505.814,52,16,4179
-132.141,3712.057,90,22,4154
-127.136,1101.876,123,11,4315
-127.136,1883.625,100,33,4184
-125.133,1934.805,80,30,4183
-124.132,3616.721,37,18,4155
-124.132,3923.802,107,35,4161
-122.130,2272.995,38,11,4178
-122.130,2851.028,68,30,4169
-120.128,2759.707,130,48,4173
-119.127,2013.081,154,50,4180
-116.124,4018.133,137,66,4171
-109.116,4709.565,72,32,4155
-105.112,4940.377,51,14,4155
-98.105,2591.114,38,12,4178
-97.104,4559.036,28,13,4154
-95.101,1201.225,124,33,4297
-95.101,2351.270,75,27,4180
-95.101,2637.276,116,15,4178
-91.097,2316.147,68,10,4181
-89.095,3293.585,47,31,4164
-87.093,1371.825,117,30,4251
-84.090,2552.980,56,18,4179
-84.090,3973.978,110,22,4173
-82.088,1066.752,165,58,4332
-81.086,2441.588,46,22,4179
-73.078,4196.762,30,22,4163
-72.077,4769.777,75,23,4157
-71.076,4825.975,78,22,4156
-70.075,4678.456,67,36,4158
-70.075,4882.172,71,21,4157
-67.072,2383.383,90,33,4179
-63.067,845.976,148,22,4395
-59.063,4736.661,77,29,4158
-59.063,4921.310,64,27,4157
-55.059,1574.538,169,65,4197
-55.059,3858.572,152,85,4159
-53.057,2841.996,36,17,4169
-50.053,2296.076,68,15,4180
-47.050,3293.585,67,31,4164
-46.049,4954.427,64,16,4157
-43.046,2246.903,78,26,4179
-40.043,2646.308,155,52,4177
-37.039,4425.566,45,16,4158
-34.036,1492.249,127,18,4224
-31.033,925.254,126,35,4378
-29.031,3691.986,158,37,4153
-27.029,4775.798,72,21,4157
-21.022,1153.056,138,29,4325
-21.022,1234.342,168,73,4304
-21.022,3208.285,113,39,4164
-20.021,1025.607,134,42,4353
-19.020,795.799,131,65,4421
-19.020,1884.629,38,12,4182
-17.018,3152.087,99,25,4165
-17.018,4818.950,74,36,4159
-16.017,4936.363,63,18,4158
-14.015,1374.836,129,26,4262
-10.011,3287.564,55,22,4163
-9.010,2955.395,75,41,4168
-8.009,1615.683,113,25,4196
0.000,596.097,135,34,4509
3.003,1695.965,146,42,4188
5.005,970.413,97,32,4370
5.005,4174.684,30,16,4167
7.007,2315.143,60,26,4179
10.011,2019.102,53,24,4177
11.012,1891.654,35,18,4182
13.014,1079.798,137,33,4347
13.014,2806.873,81,39,4170
14.015,4877.155,77,33,4159
15.016,2531.906,87,49,4178
16.017,4729.636,77,36,4160
17.018,861.029,104,25,4408
18.019,3815.420,159,44,4159
18.019,4556.025,26,18,4158
20.021,4342.273,83,46,4165
23.025,3178.179,121,48,4165
24.026,1179.148,161,41,4325
27.029,3285.557,54,29,4162
28.030,4763.756,83,26,4160
29.031,1016.576,133,33,4363
34.036,2249.914,43,17,4178
35.037,4075.335,61,33,4176
35.037,4815.940,88,17,4160
37.039,4975.501,70,30,4160
39.042,1326.666,129,23,4285
39.042,1571.528,139,33,4210
41.044,641.256,121,16,4488
45.048,3996.056,92,37,4185
53.057,3696.000,202,48,4152
54.058,567.998,145,58,4529
57.061,2981.487,30,19,4166
59.063,4679.459,65,30,4162
61.065,355.250,104,23,4605
62.066,4505.849,54,24,4160
62.066,4853.070,77,19,4160
64.068,1475.189,146,40,4242
64.068,1986.989,54,37,4179
67.072,1256.419,160,40,4310
68.073,1107.897,114,19,4348
68.073,1727.075,166,49,4189
68.073,3904.734,95,35,4192
69.074,4476.746,67,38,4160
72.077,910.202,132,38,4400
73.078,2836.979,38,20,4168
73.078,4728.632,75,21,4162
73.078,4892.208,67,19,4160
74.079,4580.110,48,15,4160
75.080,4391.446,33,20,4165
76.081,297.045,103,48,4627
78.083,4790.851,81,37,4160
83.089,2364.316,84,43,4178
83.089,3785.314,138,34,4155
84.090,1929.788,45,25,4182
85.091,1061.735,101,28,4359
85.091,2564.019,61,23,4176
87.093,846.979,99,22,4425
88.094,1358.779,154,48,4281
89.095,2401.447,68,17,4177
91.097,1778.255,34,15,4186
91.097,4635.304,47,20,4161
96.102,711.503,121,20,4492
96.102,3875.632,99,38,4195
97.104,4591.149,55,15,4160
98.105,4566.061,63,13,4161
101.108,631.220,133,21,4508
101.108,2292.062,70,36,4178
105.112,529.864,115,31,4559
105.112,1597.619,168,66,4214
106.113,2048.204,47,27,4175
107.114,1159.077,129,22,4343
109.116,3168.144,120,52,4163
110.117,387.363,123,29,4604
111.118,3015.607,62,25,4166
113.121,148.522,42,11,4672
115.123,4933.352,81,36,4163
116.124,2111.427,35,18,4174
117.125,2372.344,77,10,4177
118.126,931.276,141,40,4400
118.126,1529.379,185,65,4235
118.126,2434.563,61,18,4175
118.126,4754.724,66,26,4163
120.128,2670.393,139,69,4173
120.128,4602.188,56,12,4161
121.129,1105.890,128,33,4354
121.129,4785.834,64,16,4163
124.132,4669.424,65,26,4164
125.133,1295.557,142,28,4306
128.137,90.318,40,10,4683
129.138,3663.887,182,63,4152
130.139,985.466,121,33,4385
130.139,4399.475,48,22,4165
131.140,816.873,145,67,4443
134.143,127.448,45,23,4678
138.147,2127.483,40,11,4174
138.147,2454.634,70,28,4175
139.148,1401.931,181,62,4273
141.150,595.093,103,23,4543
142.152,1740.121,105,22,4189
142.152,2194.720,107,65,4176
143.153,1944.841,57,32,4180
143.153,3033.671,62,27,4165
144.154,1239.359,153,62,4324
144.154,3769.258,129,57,4161
147.157,4536.958,66,39,4163
149.159,4384.422,49,18,4166
150.160,106.374,40,19,4683
150.160,4052.253,124,54,4182
152.162,408.437,110,48,4605
152.162,1062.738,108,22,4365
153.163,669.354,159,66,4508
154.164,4901.240,76,17,4165
158.169,895.149,94,17,4422
164.175,2128.487,43,26,4174
166.177,1336.702,130,15,4296
171.182,453.595,132,32,4575
172.184,326.147,90,22,4634
172.184,4747.699,73,24,4165
175.187,4119.490,92,42,4174
176.188,1686.934,164,41,4196
176.188,2100.388,52,26,4175
177.189,2919.268,148,71,4165
177.189,4809.918,74,48,4165
179.191,1759.188,93,16,4189
180.192,1958.890,61,34,4182
181.193,4627.276,46,24,4163
183.195,1289.536,128,10,4311
184.196,3590.630,173,37,4154
187.200,1582.566,171,48,4231
187.200,2486.747,76,32,4173
189.202,4598.174,59,24,4163
192.205,4936.363,84,39,4164
193.206,924.251,70,15,4415
193.206,985.466,137,37,4391
194.207,796.803,146,37,4463
201.215,4263.998,53,14,4169
206.220,1116.929,118,48,4359
206.220,2082.324,46,30,4176
216.231,3710.050,140,48,4138
216.231,4017.130,104,17,4186
218.233,475.673,119,28,4570
218.233,1027.615,124,24,4379
218.233,3925.809,61,34,4193
221.236,2393.419,82,50,4174
221.236,3052.738,42,31,4164
221.236,4636.308,71,29,4166
222.237,415.461,102,29,4615
223.238,599.107,77,18,4543
223.238,3145.062,42,33,4163
224.239,3267.493,76,30,4164
228.243,-283.999,38,17,4715
228.243,1996.021,50,36,4180
232.248,315.108,137,64,4644
232.248,2247.907,78,34,4174
236.252,1348.744,154,42,4294
237.253,4262.995,50,20,4171
238.254,-347.221,91,28,4698
238.254,909.198,72,28,4426
239.255,1707.004,153,55,4198
240.256,817.877,135,33,4456
240.256,1477.196,166,51,4258
242.258,3563.534,116,41,4154
242.258,4202.783,55,33,4172
244.260,1233.338,137,48,4332
244.260,4049.243,109,33,4183
245.261,2608.174,96,20,4169
246.263,1059.727,83,24,4373
247.264,2189.702,70,28,4174
247.264,2312.133,96,25,4174
248.265,3851.547,64,34,4196
251.268,2068.275,50,34,4178
253.270,4526.923,45,21,4166
255.272,965.396,84,20,4408
258.275,2514.846,96,29,4170
262.280,1574.538,159,21,4236
263.281,3297.599,67,50,4163
268.286,-13.046,38,22,4721
268.286,1407.952,117,23,4281
268.286,2353.277,93,21,4173
268.286,4633.297,82,33,4167
269.287,2123.469,47,22,4175
271.289,1025.607,89,27,4386
272.290,-191.674,27,13,4721
274.292,744.619,69,20,4511
275.293,2467.680,69,24,4170
284.303,3910.756,57,31,4197
285.304,-60.212,39,22,4720
293.313,197.695,85,26,4681
293.313,2129.490,47,19,4175
294.314,29.102,55,24,4721
295.315,290.020,142,40,4659
295.315,888.124,99,20,4436
296.316,1358.779,104,21,4292
297.317,4251.956,70,27,4174
300.320,2637.276,140,35,4169
302.322,756.661,63,19,4505
304.324,2704.513,146,51,4168
305.325,-612.153,35,10,4579
305.325,149.526,50,21,4701
305.325,931.276,86,28,4429
305.325,1156.066,75,26,4350
306.327,537.892,162,60,4558
306.327,3722.092,115,36,4160
308.329,2297.080,114,55,4174
312.333,-350.232,45,24,4714
313.334,1270.469,144,56,4320
313.334,1516.334,149,39,4248
315.336,3892.692,64,29,4196
315.336,4614.230,93,39,4167
317.338,841.962,125,45,4451
317.338,1747.145,117,29,4194
322.344,2055.229,74,15,4178
323.345,-46.162,40,15,4721
324.346,363.278,124,24,4645
324.346,1186.172,71,29,4341
325.347,3604.679,104,26,4150
326.348,4238.910,75,42,4174
328.350,-187.660,28,12,4737
329.351,-90.318,39,10,4720
330.352,3666.898,129,49,4138
337.360,1562.496,155,26,4233
339.362,796.803,113,25,4470
341.364,439.546,143,51,4625
343.366,61.215,47,22,4730
346.369,685.411,84,18,4529
346.369,1447.090,97,17,4270
347.370,619.178,131,20,4537
348.371,-780.746,92,40,4554
348.371,4070.317,35,19,4185
350.374,957.367,81,18,4427
354.378,1229.324,58,13,4330
355.379,300.055,136,37,4665
355.379,2190.706,110,35,4176
356.380,1674.891,142,55,4211
358.382,-123.434,39,18,4722
358.382,4420.549,47,12,4170
359.383,3305.627,36,14,4160
361.385,2044.190,74,58,4178
362.386,46.162,38,19,4724
363.387,-634.231,84,23,4573
365.390,4621.255,91,36,4168
366.391,2643.297,151,71,4168
369.394,164.579,79,24,4704
370.395,2234.861,112,57,4175
371.396,1366.808,126,27,4294
371.396,3774.276,141,72,4182
375.400,-887.120,112,16,4513
377.402,4449.651,53,22,4170
379.404,4706.555,53,24,4171
380.406,1537.408,136,50,4242
382.408,975.431,94,15,4422
382.408,1098.865,101,38,4367
382.408,3710.050,119,31,4165
386.412,219.773,127,47,4687
388.414,1590.595,109,15,4235
388.414,4427.573,46,26,4172
389.415,599.107,117,49,4559
390.416,-4.014,43,19,4721
390.416,1314.624,125,54,4310
391.417,2398.436,99,51,4171
394.420,3417.019,100,12,4158
395.422,2568.033,126,55,4168
397.424,3299.606,42,17,4160
398.425,892.138,152,53,4435
398.425,3831.477,123,26,4195
400.427,-42.148,45,10,4721
400.427,780.746,140,52,4470
403.430,4446.641,52,18,4170
407.434,-152.537,36,22,4728
408.435,1447.090,158,46,4271
411.439,1948.855,69,41,4181
413.441,829.919,103,18,4452
414.442,355.250,174,64,4652
416.444,-227.801,37,20,4728
417.445,-850.993,123,39,4553
417.445,2481.729,104,34,4169
418.446,-1059.727,211,12,4513
420.448,-778.739,76,13,4575
422.450,4660.392,75,24,4172
423.451,3546.474,178,64,4148
424.452,-961.382,122,31,4519
424.452,500.761,118,26,4600
425.454,2305.108,131,42,4174
426.455,1129.975,112,36,4357
427.456,1784.276,154,46,4192
428.457,11.039,40,11,4722
428.457,4616.237,99,44,4171
434.463,-197.695,40,18,4727
436.465,1254.412,144,46,4328
440.470,969.410,46,18,4417
441.471,412.451,172,42,4634
445.475,1854.523,104,27,4186
447.477,593.086,121,21,4558
447.477,1620.701,172,58,4242
448.478,1042.667,141,46,4386
448.478,1369.818,156,33,4297
449.479,-894.145,115,35,4556
450.480,542.910,121,35,4577
450.480,3931.830,114,57,4195
453.483,-65.229,33,25,4729
455.486,2414.493,70,27,4172
460.491,3852.551,135,58,4196
461.492,662.330,155,59,4514
464.495,-808.845,84,17,4585
465.496,1160.080,106,18,4355
467.498,3782.304,134,35,4188
473.505,1212.264,137,28,4342
473.505,4458.683,53,28,4174
474.506,1677.902,144,36,4233
474.506,2725.587,102,50,4166
474.506,3447.125,189,73,4157
475.507,4285.072,50,33,4174
477.509,-1250.398,159,13,4563
478.510,819.884,111,50,4449
478.510,1085.819,128,33,4375
478.510,2568.033,140,67,4168
481.513,212.748,140,55,4696
482.514,-17.060,32,14,4729
482.514,1812.375,146,34,4191
482.514,3581.598,104,44,4142
488.521,-1108.900,224,84,4521
491.524,1303.585,171,56,4321
492.525,271.957,155,40,4677
492.525,1754.170,165,55,4209
493.526,-1190.186,184,39,4536
497.530,-835.940,92,12,4590
498.531,1439.062,112,35,4296
499.533,4664.407,78,38,4175
500.534,-191.674,52,36,4727
500.534,1536.404,87,34,4277
503.537,4629.283,78,26,4174
504.538,4128.522,82,27,4184
505.539,1946.848,32,18,4181
506.540,4042.218,102,38,4192
510.544,-889.127,107,44,4594
510.544,363.278,179,54,4642
511.545,895.149,151,51,4423
514.549,-1026.611,164,38,4533
515.550,1125.960,106,27,4366
517.552,768.704,142,31,4466
520.555,1475.189,100,31,4293
520.555,2032.148,57,22,4178
521.556,176.621,129,42,4709
521.556,1617.690,86,24,4259
522.557,606.132,137,31,4540
522.557,3647.831,32,14,4161
523.558,1853.520,130,29,4190
524.559,3867.604,123,38,4196
527.562,831.926,142,22,4439
527.562,2416.500,32,21,4174
529.565,-511.800,80,20,4728
530.566,1027.615,139,52,4388
530.566,3245.415,115,58,4167
540.576,2589.107,134,45,4168
541.577,-559.970,112,36,4711
541.577,3800.367,120,51,4190
541.577,3922.798,104,29,4195
541.577,4413.524,67,43,4175
543.579,1715.032,149,53,4230
543.579,4097.412,115,15,4186
544.581,539.899,112,29,4565
544.581,4649.354,64,22,4176
545.582,-83.293,43,27,4726
547.584,1205.239,139,30,4360
547.584,4619.248,64,16,4176
549.586,4032.183,107,47,4188
550.587,1379.853,128,23,4316
554.591,3522.390,121,28,4152
556.593,-888.124,74,10,4597
556.593,450.585,138,37,4600
556.593,4954.427,102,10,4176
557.594,281.992,177,64,4665
557.594,3405.980,137,24,4136
558.595,-708.492,46,14,4611
560.598,4811.925,44,25,4177
561.599,4540.972,68,29,4176
563.601,2333.207,33,20,4175
564.602,1138.003,154,37,4372
565.603,-1269.465,147,34,4535
566.604,719.531,195,53,4481
567.605,-517.821,92,34,4742
568.606,-1079.798,155,35,4535
568.606,1552.461,57,18,4282
569.607,1466.157,97,23,4301
574.613,644.266,173,47,4510
574.613,956.364,100,21,4404
574.613,3833.484,107,16,4191
575.614,1339.712,116,27,4333
576.615,-1005.537,131,31,4563
576.615,1932.798,106,39,4183
576.615,2076.303,98,42,4178
579.618,-1184.165,159,36,4524
579.618,216.762,124,48,4695
588.628,1864.558,160,54,4189
588.628,3305.627,153,62,4148
590.630,1629.732,90,21,4265
592.632,1415.981,127,35,4311
596.636,1073.777,149,39,4387
600.640,1775.244,171,61,4211
603.644,-166.586,71,17,4769
603.644,881.099,134,42,4425
606.647,1199.218,155,45,4367
606.647,3089.868,41,17,4163
608.649,3162.122,93,44,4164
611.652,929.269,87,23,4416
611.652,3255.451,147,52,4151
612.653,4216.832,66,23,4178
615.656,1594.609,87,17,4270
615.656,2208.769,180,83,4175
617.658,4279.051,91,30,4178
618.660,409.440,141,47,4607
618.660,987.473,123,38,4403
618.660,3451.139,130,43,4162
620.662,1141.013,148,32,4378
620.662,4100.423,67,24,4183
621.663,2475.708,163,64,4170
621.663,4366.358,77,37,4178
622.664,-120.424,87,36,4767
622.664,681.397,184,53,4490
623.665,1561.492,82,34,4278
624.666,1310.610,152,44,4350
625.667,753.651,177,48,4466
626.668,2681.432,200,83,4166
630.672,-297.045,97,36,4805
632.674,2141.533,153,26,4177
634.677,-414.458,97,28,4801
639.682,3512.354,155,34,4151
643.686,947.332,93,19,4416
644.687,4254.966,85,33,4179
647.690,-33.116,139,53,4752
648.692,4546.994,66,26,4179
650.694,4640.322,75,36,4179
651.695,-1119.939,84,33,4579
651.695,4511.870,61,29,4178
653.697,-859.022,166,48,4612
656.700,1819.400,114,25,4196
656.700,2253.928,121,15,4172
656.700,3567.548,165,79,4160
657.701,214.755,127,34,4704
657.701,2085.335,78,30,4179
658.702,537.892,162,48,4548
660.704,-269.950,74,17,4809
660.704,4417.538,65,39,4177
661.705,1739.117,153,51,4226
661.705,4290.090,96,34,4181
663.708,3994.049,94,40,4186
665.710,1208.250,92,21,4372
665.710,3759.223,98,37,4189
665.710,4045.229,110,53,4183
665.710,4357.326,73,21,4178
667.712,-339.193,84,19,4816
669.714,1091.840,123,45,4393
669.714,3351.790,157,51,4157
672.717,3444.114,119,20,4162
675.720,1374.836,142,39,4325
675.720,3184.200,95,37,4152
678.724,3685.965,75,27,4179
679.725,-469.652,119,36,4798
682.728,175.618,94,14,4719
683.729,1284.518,125,12,4355
683.729,1489.238,141,51,4288
684.730,272.960,126,42,4688
684.730,804.831,162,42,4464
685.731,1172.123,117,19,4380
685.731,4254.966,68,18,4179
687.733,877.085,133,44,4445
687.733,3958.925,91,30,4187
688.734,-1203.232,131,39,4593
689.735,-160.565,142,48,4798
689.735,1587.584,142,45,4263
691.737,4644.336,76,40,4180
693.740,-399.405,132,59,4819
700.747,578.033,173,55,4543
703.750,-90.318,118,23,4784
704.751,211.745,107,18,4717
707.754,1827.428,88,27,4195
708.756,999.516,123,45,4413
711.759,-246.868,110,42,4822
712.760,325.144,155,71,4664
716.764,1707.004,129,48,4230
718.766,3486.263,134,32,4150
719.767,10.035,135,46,4761
722.771,-699.460,37,18,4739
723.772,3160.115,52,40,4162
725.774,1095.855,138,29,4400
727.776,1417.988,154,38,4303
727.776,3840.509,111,44,4191
729.778,-319.122,74,22,4839
733.782,1148.038,134,50,4392
733.782,4333.242,104,58,4179
733.782,4639.318,66,40,4181
736.785,-1227.317,122,35,4621
736.785,-818.880,106,53,4702
737.787,4850.060,87,24,4181
738.788,-455.603,106,32,4822
738.788,408.437,162,37,4615
738.788,1292.546,158,65,4350
739.789,3425.047,181,72,4162
741.791,3190.221,54,14,4163
742.792,3558.517,129,30,4165
743.793,777.736,151,48,4493
746.796,-898.159,192,70,4657
747.797,-182.642,152,46,4816
751.801,3253.444,33,12,4161
752.803,64.226,125,29,4755
757.808,888.124,142,52,4456
758.809,3782.304,124,55,4189
761.812,521.835,175,64,4578
764.815,-1051.699,119,34,4616
764.815,838.951,106,14,4473
765.816,113.399,115,32,4744
767.819,-1106.893,114,22,4619
770.822,1183.162,142,33,4385
772.824,335.179,162,32,4669
772.824,3069.798,141,49,4160
773.825,1541.422,130,22,4254
775.827,1659.838,152,65,4225
776.828,1097.862,119,25,4400
780.832,-991.487,177,53,4665
781.833,-51.180,111,30,4793
784.837,696.450,152,69,4526
786.839,-336.182,78,21,4859
788.841,-571.008,128,28,4808
790.843,1433.041,173,54,4285
790.843,2977.473,56,27,4152
791.844,-212.748,142,60,4838
793.846,-140.494,163,40,4817
795.848,4665.410,61,21,4183
797.851,975.431,143,29,4431
797.851,1920.756,120,54,4187
798.852,1854.523,80,19,4197
799.853,474.670,165,43,4610
799.853,3352.793,134,34,4162
800.854,1026.611,139,40,4418
801.855,-378.331,100,20,4863
801.855,1492.249,164,44,4261
803.857,766.697,81,14,4508
804.858,-510.797,109,57,4836
808.862,870.060,112,22,4470
811.865,1331.684,164,50,4324
812.867,13.046,118,39,4779
814.869,-1167.105,174,54,4628
819.874,1175.133,134,42,4387
822.877,-1057.720,132,30,4679
825.880,926.258,126,21,4452
826.881,138.487,103,29,4747
827.883,-418.472,118,45,4868
827.883,-336.182,79,22,4873
829.885,4652.364,64,41,4183
831.887,1745.138,56,27,4212
833.889,1244.377,136,31,4364
834.890,212.748,133,52,4717
835.891,-881.099,148,66,4704
837.893,612.153,178,52,4568
841.898,3454.150,130,47,4159
842.899,1804.347,83,20,4209
842.899,3531.421,105,27,4167
843.900,342.204,132,37,4672
846.903,1375.839,171,47,4300
852.909,1908.714,108,19,4187
854.911,-135.477,151,56,4832
856.914,1296.561,116,20,4338
856.914,1541.422,81,21,4240
857.915,779.743,87,31,4511
858.916,4864.109,95,29,4184
860.918,-445.567,117,35,4876
861.919,3331.719,139,42,4162
862.920,-41.145,143,50,4806
863.921,-971.417,154,48,4717
865.923,2924.286,164,59,4149
867.925,143.505,75,17,4751
867.925,1641.775,172,58,4235
868.926,506.783,144,29,4610
871.930,1504.291,82,13,4246
873.932,4167.659,62,36,4181
874.933,3795.350,42,18,4190
875.934,-237.837,114,25,4869
880.939,975.431,136,51,4435
881.940,1813.378,89,34,4215
882.941,249.879,77,21,4708
883.942,674.372,151,24,4554
885.944,4058.275,78,58,4185
886.946,889.127,127,55,4469
886.946,1032.632,155,50,4416
889.949,3241.401,71,35,4162
893.953,-351.235,85,14,4896
896.956,1199.218,92,37,4376
899.959,-1177.140,146,35,4692
899.959,1127.967,97,17,4390
901.962,3586.616,76,26,4173
903.964,3495.294,120,44,4165
905.966,-460.620,98,22,4900
906.967,-1017.579,124,42,4737
908.969,4953.423,75,23,4185
909.970,-1072.773,155,38,4724
909.970,-597.100,74,16,4866
913.974,1274.483,156,37,4342
919.981,596.097,168,54,4585
919.981,1602.637,150,51,4261
920.982,754.654,111,24,4525
920.982,1965.915,106,36,4182
922.984,1445.083,137,38,4262
923.985,147.519,64,20,4758
923.985,3351.790,132,51,4166
924.986,183.646,96,32,4742
924.986,367.292,141,44,4665
930.992,4416.535,68,40,4181
931.994,-131.462,119,32,4846
934.997,1008.547,131,18,4420
938.000,-421.483,114,54,4914
938.000,441.553,155,40,4640
939.001,-221.780,154,43,4881
944.006,806.838,70,23,4505
945.007,106.374,102,19,4772
947.010,-890.131,84,27,4774
947.010,-726.556,132,38,4820
953.016,1922.763,106,57,4196
954.017,-279.985,144,48,4904
956.019,-678.386,123,65,4852
956.019,676.379,162,30,4556
959.022,1096.858,143,39,4394
960.023,1792.304,64,29,4244
960.023,3438.093,219,86,4165
962.026,943.318,157,16,4442
964.028,3566.545,48,21,4174
965.029,-57.201,126,20,4828
967.031,551.941,153,33,4597
968.032,178.628,74,13,4748
969.033,-485.708,91,27,4926
969.033,-153.540,87,21,4861
974.038,-975.431,84,28,4791
975.039,-775.729,160,47,4807
975.039,1836.460,67,19,4233
977.042,-1111.911,88,31,4761
978.043,-1076.787,85,34,4774
979.044,605.128,135,18,4581
979.044,2849.021,36,14,4165
981.046,4874.144,84,32,4189
984.049,34.120,85,28,4805
985.050,1383.868,173,47,4277
986.051,-98.346,133,38,4846
987.052,1317.635,167,62,4302
989.054,1185.169,135,32,4364
990.055,112.395,121,40,4775
991.057,209.738,96,15,4734
992.058,265.935,35,13,4700
995.061,3712.057,63,42,4188
999.065,1596.616,122,20,4295
1002.068,764.690,126,52,4520
1008.075,3515.365,97,31,4169
1009.076,1701.987,140,41,4277
1011.078,3792.339,45,21,4189
1015.082,-975.431,49,15,4828
1015.082,-233.822,121,36,4903
1018.085,1008.547,176,76,4411
1020.087,2026.127,112,28,4180
1021.089,4347.291,69,45,4182
1023.091,186.657,34,11,4743
1024.092,2093.363,60,23,4175
1028.096,24.085,76,14,4810
1031.099,3465.188,123,38,4158
1034.102,450.585,90,16,4631
1036.105,72.254,92,21,4794
1036.105,855.007,140,50,4481
1036.105,1841.477,126,34,4248
1038.107,640.252,126,28,4563
1038.107,3558.517,36,13,4174
1042.111,-176.621,146,45,4882
1043.112,4960.448,81,22,4189
1044.113,4439.616,59,37,4184
1046.115,2809.883,65,30,4168
1047.116,1117.932,184,45,4375
1048.117,581.044,151,35,4583
1048.117,1363.797,152,43,4289
1049.118,1563.499,116,21,4316
1050.119,1271.472,144,21,4312
1050.119,1619.697,133,52,4310
1050.119,3944.876,33,16,4186
1052.122,689.425,105,17,4544
1055.125,1212.264,174,51,4341
1056.126,4105.440,77,26,4185
1063.133,932.279,133,29,4441
1064.134,125.441,53,14,4772
1069.140,1935.809,154,63,4211
1070.141,780.746,135,51,4507
1070.141,1481.210,153,63,4320
1070.141,1727.075,127,36,4290
1072.143,-317.115,107,33,4943
1073.144,-10.035,29,16,4823
1074.145,4135.546,83,31,4184
1075.146,536.888,146,28,4597
1082.154,3222.334,122,64,4176
1084.156,2082.324,111,50,4174
1085.157,-963.389,52,19,4885
1085.157,4071.320,58,18,4185
1088.160,3423.040,136,31,4165
1089.161,2743.650,36,17,4164
1090.162,4650.357,62,41,4189
1093.165,4185.723,52,31,4182
1095.168,-1022.597,66,22,4876
1095.168,-76.268,82,22,4852
1096.169,3557.513,34,17,4172
1100.173,476.677,142,53,4615
1103.176,-273.964,87,20,4936
1106.179,1561.492,122,36,4332
1108.181,136.480,75,23,4766
1109.182,1633.747,107,22,4325
1109.182,1838.467,150,65,4261
1111.185,3474.220,108,42,4163
1113.187,2008.063,157,61,4184
1114.188,1098.865,163,31,4372
1115.189,2678.421,151,57,4155
1118.192,-643.263,87,36,4961
1120.194,4673.438,87,35,4190
1123.197,3262.475,145,44,4173
1125.200,1735.103,134,29,4304
1131.206,1281.508,188,54,4309
1132.207,740.605,120,24,4515
1132.207,821.891,146,28,4483
1134.209,1021.593,156,54,4397
1135.210,3648.834,57,30,4178
1136.211,2060.247,107,52,4180
1138.213,-434.528,131,53,4992
1144.220,1678.905,117,25,4322
1146.222,-320.126,121,32,4959
1146.222,1157.070,133,25,4346
1150.226,877.085,173,57,4458
1150.226,1491.245,121,36,4343
1151.227,-53.187,57,18,4845
1151.227,29.102,38,16,4813
1153.229,392.380,35,15,4641
1153.229,678.386,166,54,4533
1154.230,-557.963,112,37,4995
1159.236,1906.707,143,53,4239
1160.237,1390.892,130,40,4340
1165.242,3405.980,108,31,4157
1166.243,175.618,145,41,4741
1167.244,4653.368,84,32,4190
1170.248,1577.549,113,43,4346
1172.250,-384.352,101,22,4989
1172.250,1445.083,113,36,4346
1173.251,1955.880,92,19,4216
1175.253,-271.957,151,38,4945
1176.254,3260.468,118,23,4176
1178.256,-15.053,64,20,4835
1180.258,3532.425,60,24,4170
1182.260,2495.779,41,14,4170
1182.260,2679.425,67,25,4169
1185.264,1228.320,121,40,4323
1186.265,-131.462,126,29,4882
1190.269,1065.749,175,48,4373
1192.271,1777.251,133,29,4304
1192.271,2477.715,38,13,4171
1198.277,1282.511,117,17,4335
1199.278,1359.783,142,65,4344
1199.278,1645.789,119,45,4343
1200.280,2116.444,79,27,4175
1201.281,4641.325,79,33,4190
1205.285,410.444,106,25,4626
1205.285,4954.427,51,18,4193
1207.287,998.512,175,46,4399
1208.288,3605.683,70,43,4175
1210.290,738.598,141,32,4503
1211.291,3985.017,92,61,4186
1213.293,1159.077,148,31,4335
1213.293,1694.962,139,49,4333
1214.294,1526.369,96,21,4358
1215.296,-532.874,77,19,5020
1216.297,3244.412,108,36,4181
1220.301,3311.648,132,34,4173
1224.305,787.771,86,12,4484
1226.307,-392.380,126,51,4998
1227.308,2583.086,106,42,4157
1230.312,682.400,163,40,4521
1232.314,3386.913,156,53,4171
1232.314,3489.273,39,22,4168
1234.316,1818.396,107,29,4291
1234.316,3872.621,41,18,4188
1236.318,-83.293,81,28,4862
1236.318,1440.065,101,25,4363
1237.319,2033.151,160,68,4188
1245.328,1278.497,118,32,4349
1248.331,487.715,26,14,4590
1251.334,-943.318,42,14,5009
1253.336,1597.619,115,33,4361
1253.336,1782.269,98,39,4311
1255.338,913.212,190,47,4431
1255.338,1096.858,182,38,4353
1255.338,4654.371,72,33,4192
1256.339,4875.148,35,13,4194
1258.341,836.944,161,30,4462
1264.348,4330.231,49,35,4186
1269.353,3262.475,160,45,4180
1269.353,3508.340,37,20,4171
1270.354,2578.068,114,42,4171
1272.356,3207.281,101,22,4190
1272.356,4525.919,30,21,4189
1274.359,591.079,157,28,4544
1275.360,-441.553,109,21,5014
1282.367,3992.042,65,20,4185
1283.368,409.440,68,16,4620
1284.369,-582.047,130,63,5049
1289.375,-187.660,76,20,4913
1289.375,1003.530,155,34,4387
1290.376,1535.401,104,33,4375
1292.378,314.105,66,11,4661
1293.379,1356.772,116,48,4373
1294.380,2461.659,95,50,4168
1297.383,724.549,85,18,4497
1297.383,1301.578,106,31,4364
1299.385,1210.257,153,44,4351
1300.386,4640.322,73,26,4192
1301.387,3362.828,156,68,4166
1303.389,1707.004,128,24,4344
1305.392,4064.296,114,72,4185
1306.393,1861.548,136,42,4281
1307.394,-362.274,57,12,4996
1307.394,-218.769,98,31,4935
1309.396,512.804,152,18,4574
1309.396,3001.558,52,24,4183
1312.399,68.240,44,12,4787
1312.399,2414.493,62,21,4157
1314.401,1417.988,77,20,4382
1316.403,-109.385,105,11,4876
1316.403,1985.985,176,74,4221
1317.404,1613.676,130,41,4371
1321.409,35.124,44,22,4803
1321.409,1102.879,165,57,4353
1321.409,4681.467,69,27,4194
1322.410,337.186,82,23,4644
1322.410,4512.874,39,14,4190
1323.411,1753.167,141,35,4331
1327.415,875.078,185,40,4438
1330.418,3431.068,151,37,4173
1334.423,2.007,35,14,4816
1336.425,-621.185,118,31,5065
1339.428,-553.948,126,24,5054
1341.430,612.153,66,22,4529
1342.431,-767.700,118,35,5081
1342.431,2478.719,65,23,4172
1346.435,1354.765,93,33,4386
1347.436,465.638,142,52,4587
1347.436,4595.163,55,30,4193
1348.437,2065.264,148,46,4184
1349.439,3870.614,79,49,4183
1351.441,17.060,31,15,4809
1351.441,4663.403,60,29,4194
1358.448,1694.962,147,48,4354
1359.449,1403.938,67,21,4392
1360.450,-696.450,67,14,5080
1362.452,714.513,135,37,4493
1363.454,1532.390,121,39,4392
1369.460,972.420,188,67,4391
1373.464,527.857,143,30,4559
1375.466,252.890,172,31,4689
1376.467,1254.412,75,28,4379
1379.471,1158.073,141,47,4364
1381.473,2963.423,74,38,4187
1382.474,39.138,53,18,4794
1384.476,-792.789,124,38,5097
1385.477,-240.847,97,47,4948
1385.477,86.304,92,21,4771
1389.481,-587.065,116,30,5064
1390.482,-137.484,126,43,4887
1391.483,1912.728,156,55,4261
1392.484,308.084,40,18,4656
1393.486,3118.971,159,47,4201
1394.487,2332.203,81,35,4159
1396.489,4403.489,39,20,4189
1401.494,1772.234,169,59,4329
1401.494,2078.310,132,36,4184
1401.494,4546.994,58,26,4192
1402.495,3208.285,150,51,4194
1403.496,1312.617,66,33,4397
1404.497,919.233,146,27,4408
1409.503,15.053,30,12,4798
1414.508,1084.816,146,29,4369
1416.510,-488.719,88,18,5037
1416.510,2905.219,87,35,4176
1419.513,1434.044,80,33,4412
1423.518,453.595,149,43,4586
1423.518,800.817,172,29,4452
1425.520,2355.284,68,30,4173
1426.521,4594.159,55,24,4194
1427.522,-756.661,133,44,5105
1429.524,1022.597,124,16,4377
1430.525,690.429,196,48,4491
1430.525,3159.112,157,49,4201
1432.527,516.818,128,19,4559
1433.528,1851.512,160,54,4292
1436.531,-544.917,130,23,5053
1437.532,1979.964,138,37,4232
1440.536,4413.524,45,41,4190
1443.539,4649.354,59,26,4194
1444.540,264.932,70,11,4674
1446.542,111.392,104,19,4747
1449.545,20.071,74,17,4790
1449.545,4707.558,72,35,4198
1455.552,1724.064,120,25,4352
1457.554,-238.840,86,14,4933
1457.554,3298.602,72,29,4176
1459.556,2118.451,108,37,4179
1461.558,1617.690,147,54,4390
1462.559,4510.866,68,31,4193
1464.561,-819.884,122,46,5128
1465.562,-906.187,105,42,5138
1468.566,3091.875,136,44,4203
1470.568,904.180,175,64,4398
1471.569,-684.407,66,23,5095
1473.571,-484.705,106,30,5028
1473.571,3890.685,143,37,4184
1475.573,225.794,62,12,4685
1476.574,344.211,58,23,4629
1478.576,-34.120,140,56,4816
1478.576,829.919,146,15,4439
1479.577,-161.568,59,15,4888
1480.578,553.948,159,50,4541
1480.578,3268.497,81,28,4192
1482.581,-89.314,116,32,4850
1482.581,483.701,135,18,4572
1486.585,4333.242,72,23,4190
1488.587,729.566,172,27,4473
1489.588,1936.813,122,22,4249
1491.590,634.231,211,62,4507
1495.594,3639.803,76,29,4179
1496.595,1273.479,161,68,4413
1496.595,4683.474,87,30,4197
1497.597,-765.693,127,32,5120
1498.598,277.978,99,29,4659
1499.599,2123.469,101,18,4179
1499.599,4509.863,76,34,4194
1504.604,-569.001,142,39,5056
1505.605,-656.308,130,32,5087
1505.605,1546.439,135,51,4417
1507.607,-251.886,155,43,4925
1507.607,3326.701,69,16,4169
1508.608,1021.593,144,40,4388
1508.608,1451.104,132,47,4428
1510.610,1113.918,201,84,4386
1510.610,2882.138,44,11,4181
1511.611,3965.950,153,61,4184
1520.621,2287.044,54,30,4163
1520.621,3068.794,118,29,4203
1522.623,-948.336,98,26,5160
1525.626,4797.876,44,18,4200
1526.627,969.410,131,38,4397
1528.630,-456.606,87,16,5006
1529.631,4062.289,100,37,4185
1530.632,3582.601,105,48,4176
1532.634,3020.625,106,39,4203
1533.635,4559.036,65,35,4195
1534.636,4697.523,64,33,4199
1537.639,369.299,137,51,4618
1537.639,3287.564,100,37,4179
1540.642,-54.191,115,23,4814
1542.645,1872.587,152,48,4282
1542.645,2240.882,62,24,4160
1546.649,24.085,137,30,4770
1548.651,-640.252,129,35,5078
1549.652,-849.990,124,32,5148
1549.652,2150.564,84,20,4178
1552.655,515.814,156,60,4550
1554.657,-480.691,94,21,5009
1557.661,2081.321,153,50,4190
1558.662,-780.746,135,41,5128
1558.662,1375.839,138,55,4442
1558.662,4274.033,110,43,4190
1559.663,-581.044,149,27,5050
1560.664,813.863,183,48,4434
1562.666,702.471,171,18,4474
1562.666,1770.227,168,79,4333
1564.668,304.070,176,45,4628
1567.671,3499.308,109,42,4176
1569.673,80.282,156,36,4733
1571.675,4057.271,93,27,4184
1572.677,1195.204,166,64,4421
1575.680,219.773,136,29,4664
1576.681,2990.519,74,21,4202
1577.682,1488.235,118,14,4438
1578.683,1973.943,167,59,4231
1579.684,-167.589,105,37,4863
1580.685,-274.967,172,35,4910
1580.685,1657.831,119,15,4390
1582.687,1136.999,155,20,4412
1586.691,4368.365,89,42,4193
1588.694,3125.995,149,69,4202
1589.695,4174.684,58,17,4188
1592.698,4716.590,79,41,4201
1595.701,-353.242,176,44,4937
1599.705,4586.131,64,44,4196
1600.706,1887.640,173,35,4273
1601.707,1534.397,145,44,4434
1603.710,1074.780,165,80,4404
1606.713,3263.479,108,35,4184
1607.714,1612.672,116,36,4409
1607.714,3013.600,86,20,4202
1608.715,-467.645,83,21,4982
1608.715,417.468,161,61,4578
1610.717,-681.397,147,28,5075
1611.718,-88.311,121,43,4808
1612.719,2191.709,122,36,4163
1613.720,1282.511,131,56,4451
1614.721,3065.784,111,34,4203
1616.724,2831.961,91,28,4178
1617.725,1738.114,162,23,4350
1618.726,-546.924,35,12,5017
1619.727,1442.072,114,37,4452
1620.728,4667.417,60,24,4198
1626.734,1004.533,168,59,4407
1627.735,2129.490,175,79,4182
1631.740,161.568,142,37,4676
1635.744,-736.591,144,44,5092
1635.744,2242.889,154,39,4167
1636.745,593.086,180,47,4508
1636.745,4354.316,67,24,4193
1637.746,796.803,193,98,4433
1640.749,516.818,189,55,4536
1645.754,-283.999,161,35,4887
1649.759,667.347,171,48,4479
1653.763,2007.060,165,45,4216
1655.765,-982.456,158,61,5184
1655.765,950.343,111,31,4416
1655.765,4323.206,77,39,4193
1656.766,2857.049,37,14,4191
1657.767,3388.920,148,32,4179
1658.768,1472.178,123,34,4456
1658.768,3818.431,37,15,4180
1660.770,3727.110,58,38,4180
1661.772,1.004,161,42,4745
1661.772,3312.652,128,45,4177
1662.773,1846.495,176,38,4294
1662.773,4110.458,54,24,4188
1663.774,-826.909,139,36,5128
1665.776,1570.524,139,24,4430
1668.779,733.580,188,28,4458
1669.780,-523.843,83,22,4981
1670.781,437.539,144,13,4557
1671.782,3003.565,82,26,4200
1674.785,3095.889,108,29,4200
1676.788,372.310,131,20,4580
1678.790,117.413,145,45,4686
1679.791,-583.051,54,18,5007
1679.791,-153.540,154,50,4810
1680.792,2310.126,109,27,4175
1685.797,-770.711,105,22,5092
1686.798,-713.510,112,22,5064
1688.800,-330.161,121,14,4886
1688.800,2956.399,67,28,4201
1689.801,1515.330,132,15,4450
1690.802,196.692,134,47,4645
1691.804,-631.220,35,13,5022
1691.804,559.970,172,32,4512
1692.805,1091.840,138,18,4447
1697.810,-941.311,147,19,5166
1698.811,1931.795,173,67,4254
1702.815,1646.792,152,52,4403
1702.815,2162.607,163,48,4170
1704.817,-65.229,179,61,4760
1710.824,278.981,120,40,4612
1710.824,2027.130,115,14,4208
1711.825,28.099,161,36,4712
1713.827,2241.886,176,46,4176
1714.828,2937.332,62,15,4202
1716.830,1139.006,133,42,4453
1720.834,4104.437,61,39,4189
1721.836,1574.538,155,67,4433
1722.837,3624.750,71,49,4180
1724.839,348.225,139,56,4581
1724.839,1871.583,150,18,4285
1725.840,-868.053,162,38,5128
1727.842,3400.962,207,76,4180
1728.843,-984.463,139,22,5182
1730.845,1003.530,133,38,4433
1738.854,1752.163,168,70,4349
1750.867,3042.702,102,33,4200
1751.868,3820.438,32,12,4182
1752.869,1080.802,137,40,4463
1754.871,4669.424,32,13,4200
1760.877,-204.720,163,42,4792
1764.881,848.986,161,77,4430
1764.881,3271.507,75,16,4177
1766.884,1968.925,163,44,4243
1767.885,445.567,151,41,4545
1771.889,1147.035,96,37,4490
1772.890,672.365,196,50,4485
1775.893,-839.954,143,33,5093
1776.894,120.424,207,64,4653
1779.897,1547.443,133,42,4451
1779.897,3009.586,112,72,4201
1780.899,-614.160,92,25,4961
1783.902,-419.475,187,60,4875
1783.902,2151.568,167,53,4170
1785.904,-674.372,130,28,4993
1785.904,-286.006,198,63,4815
1787.906,1043.671,123,23,4474
1789.908,2066.268,182,62,4196
1795.915,4940.377,89,54,4218
1796.916,207.731,121,28,4623
1801.921,3746.177,147,43,4182
1803.923,981.452,124,31,4467
1803.923,1763.202,172,46,4353
1804.924,608.139,202,74,4509
1805.925,2290.055,35,16,4177
1806.926,373.313,186,54,4568
1808.928,5071.840,52,22,4222
1810.931,5025.677,42,10,4223
1811.932,1667.867,119,26,4407
1815.936,-360.267,135,30,4830
1817.938,739.601,198,75,4475
1826.948,-35.124,214,78,4695
1828.950,245.865,119,30,4608
1828.950,1129.975,118,39,4505
1830.952,5005.607,54,10,4222
1832.954,-882.103,203,39,5098
1835.957,1822.410,188,42,4321
1838.960,1970.933,191,46,4245
1839.961,488.719,148,49,4551
1839.961,3284.553,143,60,4177
1844.967,3163.126,30,16,4196
1844.967,3531.421,61,13,4180
1846.969,874.074,135,38,4466
1846.969,2167.624,171,42,4182
1847.970,2264.967,35,14,4178
1847.970,2760.710,35,10,4181
1848.971,2816.908,44,19,4182
1849.972,429.511,174,32,4569
1851.974,-238.840,131,25,4765
1851.974,4984.533,46,12,4222
1852.975,-795.799,106,35,5019
1852.975,-509.793,205,56,4873
1853.976,308.084,140,19,4599
1854.977,2895.183,45,21,4181
1854.977,3901.724,98,16,4186
1854.977,5220.362,44,21,4218
1859.983,1086.823,132,29,4513
1860.984,2932.314,46,12,4180
1864.988,1026.611,150,52,4503
1865.989,3940.862,97,23,4189
1866.990,1738.114,132,33,4379
1867.991,-342.204,132,31,4795
1868.992,87.307,210,82,4650
1872.997,-729.566,161,57,4973
1874.999,2756.696,46,17,4180
1877.001,3488.270,93,40,4181
1880.004,637.241,141,28,4520
1883.007,1920.756,127,16,4274
1883.007,2272.995,42,20,4179
1886.011,-946.329,186,49,5123
1886.011,1333.691,43,20,4521
1887.012,-664.337,147,29,4929
1889.014,1855.527,181,60,4311
1890.015,3435.083,81,25,4182
1893.018,3384.906,91,27,4183
1896.021,205.724,161,50,4631
1896.021,5036.716,62,17,4224
1898.023,2951.381,45,17,4181
1901.027,371.306,128,19,4603
1901.027,3907.745,93,46,4188
1906.032,2754.689,33,13,4182
1908.034,505.779,126,20,4567
1909.035,751.644,136,28,4497
1909.035,4038.204,112,32,4190
1912.038,1354.765,42,16,4515
1912.038,3102.914,72,41,4198
1913.039,-274.967,204,62,4748
1913.039,3036.681,61,32,4202
1914.040,4100.423,133,57,4191
1915.042,4815.940,72,46,4212
1920.047,-548.931,238,59,4846
1920.047,2103.398,203,42,4177
1922.049,4915.289,36,14,4221
1927.054,1993.010,167,26,4241
1930.058,1057.720,131,52,4536
1932.060,1748.149,91,11,4381
1933.061,2750.675,32,18,4182
1936.064,293.031,122,27,4631
1937.065,-202.713,200,78,4722
1937.065,620.181,131,41,4543
1941.069,-447.574,253,90,4803
1943.071,554.952,121,22,4563
1947.076,372.310,55,15,4619
1950.079,3199.253,54,26,4191
1950.079,4927.331,46,10,4221
1951.080,-117.413,97,22,4705
1952.081,-756.661,182,53,4945
1952.081,26.092,149,43,4674
1952.081,4814.936,49,28,4213
1953.082,1645.789,155,47,4434
1954.083,1927.781,170,45,4279
1957.086,3416.015,196,48,4182
1963.093,4071.320,106,30,4190
1965.095,2048.204,205,48,4205
1966.096,954.357,149,75,4534
1967.097,2948.371,45,20,4179
1971.101,234.826,149,44,4650
1971.101,710.499,109,34,4529
1971.101,5131.048,54,26,4224
1974.104,4110.458,93,35,4192
1974.104,4953.423,44,23,4221
1975.106,-25.088,147,37,4689
1978.109,5368.884,31,16,4220
1979.110,-637.241,244,61,4878
1980.111,2317.150,41,23,4179
1989.120,638.245,136,42,4553
1990.122,1067.756,130,38,4556
1991.123,3179.182,79,32,4192
1994.126,61.215,155,31,4681
1998.130,1856.530,145,37,4325
1999.131,762.683,168,70,4521
1999.131,1565.506,131,39,4470
2001.133,2133.504,171,56,4172
2001.133,4806.908,57,26,4211
2003.135,2741.643,44,21,4181
2004.137,3273.514,48,23,4181
2007.140,402.415,172,54,4632
2009.142,331.165,135,33,4647
2014.147,-117.413,62,22,4729
2014.147,889.127,106,14,4544
2016.149,2484.740,109,46,4179
2021.155,1765.209,145,55,4380
2025.159,-840.958,213,79,5000
2026.160,-2.007,94,20,4703
2027.161,-170.600,106,13,4751
2027.161,1618.694,159,43,4450
2027.161,2216.797,60,21,4183
2030.164,2943.353,44,20,4180
2031.165,203.717,166,52,4669
2032.166,510.797,172,61,4604
2032.166,1001.523,138,46,4565
2032.166,3224.341,89,42,4179
2038.173,3814.417,95,33,4188
2039.174,1141.013,117,40,4565
2039.174,4923.317,42,18,4217
2044.179,605.128,172,54,4579
2045.180,1959.894,167,83,4272
2046.181,-431.518,197,61,4858
2046.181,1070.766,116,18,4571
2049.185,4511.870,62,17,4203
2050.186,1301.578,58,28,4541
2050.186,1567.514,126,21,4473
2050.186,3479.238,223,80,4183
2052.188,841.962,137,33,4552
2057.193,3639.803,40,14,4185
2062.198,5097.931,71,45,4223
2063.199,5154.129,57,10,4223
2066.203,2737.629,43,17,4182
2067.204,2344.246,42,26,4179
2073.210,2938.335,42,12,4181
2076.213,-735.587,232,88,4973
2079.217,3097.896,103,35,4201
2079.217,4662.399,64,45,4207
2081.219,2061.250,198,60,4204
2082.220,3292.581,41,18,4183
2083.221,-228.805,216,66,4800
2083.221,328.154,133,48,4668
2086.224,1055.713,115,48,4578
2086.224,1673.888,169,43,4432
2089.227,447.574,177,43,4639
2090.228,258.911,141,16,4679
2090.228,2354.281,50,14,4180
2091.229,708.492,129,27,4563
2091.229,5002.596,40,18,4219
2092.230,3044.709,122,36,4201
2094.233,878.089,152,60,4573
2094.233,1537.408,137,41,4484
2095.234,1123.953,121,40,4578
2097.236,-654.301,169,20,4966
2097.236,4094.402,106,27,4192
2099.238,573.016,172,47,4609
2099.238,981.452,125,45,4585
2099.238,3205.274,130,71,4180
2101.240,3399.959,152,43,4184
2104.243,-494.740,123,31,4914
2105.244,-8.028,151,67,4730
2105.244,4004.084,66,18,4190
2106.245,1407.952,143,44,4525
2107.246,2144.543,131,48,4173
2108.247,-882.103,227,42,5060
2109.249,59.208,157,36,4717
2109.249,3943.872,78,25,4190
2111.251,381.341,127,24,4663
2111.251,790.781,135,70,4563
2113.253,4936.363,73,34,4216
2117.257,5167.175,69,19,4223
2119.259,-598.104,167,33,4963
2119.259,3082.844,100,37,4203
2120.260,199.702,172,52,4698
2124.265,-141.498,222,73,4779
2124.265,512.804,173,50,4630
2126.267,4045.229,60,18,4192
2127.268,1735.103,146,28,4402
2127.268,3585.612,90,34,4186
2131.272,2932.314,42,16,4182
2136.277,-374.317,147,34,4896
2138.280,4160.635,60,16,4194
2141.283,1166.102,99,28,4577
2144.286,1585.577,150,68,4475
2144.286,3150.080,109,21,4194
2147.289,651.291,126,39,4603
2150.292,1643.782,162,32,4450
2152.294,713.510,114,40,4585
2153.296,1117.932,80,26,4585
2153.296,5150.115,69,19,4223
2156.299,4931.345,64,24,4214
2157.300,-210.741,157,56,4823
2158.301,2928.300,33,14,4182
2163.306,2004.049,188,61,4246
2165.308,1810.368,166,29,4354
2166.309,2076.303,133,25,4203
2166.309,3885.667,63,34,4190
2167.310,98.346,160,65,4726
2167.310,942.314,100,37,4598
2167.310,3364.835,128,43,4183
2169.313,-733.580,128,28,5051
2170.314,1873.590,164,42,4315
2170.314,3539.450,170,53,4188
2171.315,759.672,102,14,4586
2172.316,1495.259,180,57,4504
2175.319,228.805,137,38,4705
2177.321,4149.596,62,32,4194
2180.324,3705.032,71,22,4188
2180.324,4073.327,134,47,4193
2185.330,-550.938,172,55,5001
2185.330,1401.931,132,43,4536
2185.330,1692.955,167,69,4430
2185.330,1754.170,151,39,4392
2187.332,369.299,99,36,4681
2187.332,4009.102,142,48,4193
2188.333,-335.179,137,17,4909
2189.334,-401.412,136,49,4942
2192.337,-43.152,96,18,4769
2194.339,300.055,142,56,4692
2194.339,442.557,70,17,4667
2195.340,2722.576,40,10,4183
2197.342,40.141,139,31,4748
2199.345,3138.038,119,43,4194
2199.345,3465.188,44,12,4188
2200.346,2928.300,43,21,4183
2203.349,551.941,129,31,4640
2208.354,615.164,67,20,4626
2210.356,-606.132,167,54,5035
2213.360,2215.794,116,60,4183
2215.362,913.212,79,40,4606
2216.363,1342.723,91,51,4552
2217.364,126.445,144,44,4732
2217.364,1955.880,147,35,4269
2218.365,2753.686,31,18,4183
2219.366,-149.526,155,35,4817
2221.368,2391.412,40,25,4181
2222.369,2780.781,34,17,4182
2224.371,4560.039,80,34,4205
2224.371,4846.045,87,29,4214
2225.372,2826.943,43,11,4182
2228.376,1851.512,176,43,4327
2229.377,2854.039,42,20,4182
2230.378,-667.347,132,28,5072
2230.378,1474.185,120,41,4520
2230.378,3978.996,89,36,4193
2231.379,-34.120,80,19,4776
2232.380,661.326,63,22,4622
2233.381,2261.956,103,26,4185
2239.387,3387.917,108,36,4186
2241.389,-358.260,151,22,4942
2243.392,4937.367,92,38,4217
2244.393,224.791,113,39,4718
2247.396,1631.739,146,15,4463
2248.397,3272.511,119,56,4184
2249.398,3042.702,80,33,4205
2250.399,3181.189,133,55,4181
2251.400,3528.411,74,26,4187
2251.400,4101.426,48,14,4196
2257.407,1797.322,173,36,4363
2260.410,-537.892,155,42,5045
2261.411,2191.709,121,45,4174
2265.415,1415.981,101,31,4543
2265.415,1723.061,142,21,4408
2267.417,3752.198,183,70,4192
2269.419,-407.433,135,41,4984
2270.420,4049.243,89,28,4195
2275.426,-309.087,161,52,4929
2275.426,1929.788,165,36,4278
2278.429,397.398,109,52,4693
2279.430,4.014,166,46,4773
2283.434,3316.666,119,52,4187
2284.435,3086.858,100,38,4201
2286.437,1518.341,112,51,4510
2287.439,1861.548,172,60,4316
2288.440,-750.640,165,56,5139
2288.440,440.550,100,35,4686
2288.440,2065.264,177,74,4204
2289.441,67.236,150,28,4755
2289.441,3951.900,86,30,4194
2290.442,-142.501,157,41,4833
2296.448,3018.618,106,30,4203
2297.449,1597.619,123,27,4479
2299.451,478.684,90,30,4679
2300.452,-78.275,140,25,4806
2300.452,5078.864,36,23,4223
2301.453,-844.972,138,28,5194
2302.455,2482.733,264,67,4183
2306.459,-679.390,139,26,5120
2307.460,3838.501,71,25,4193
2310.463,516.818,104,26,4670
2310.463,3538.446,41,13,4190
2315.468,3620.736,70,19,4185
2316.469,2282.027,170,44,4186
2316.469,2982.491,109,47,4203
2317.471,4005.087,90,24,4196
2319.473,4409.510,87,20,4202
2320.474,-610.146,133,46,5101
2320.474,-487.715,151,36,5048
2320.474,4097.412,72,10,4198
2321.475,1997.024,157,42,4239
2323.477,157.554,150,49,4739
2324.478,730.570,35,13,4631
2325.479,-404.423,140,46,5002
2326.480,2571.043,240,62,4183
2330.484,1671.881,153,52,4435
2333.488,2751.679,199,27,4186
2333.488,3778.290,62,18,4197
2343.498,305.073,91,57,4716
2346.501,4507.856,79,35,4206
2347.503,4978.511,77,40,4222
2348.504,4375.390,85,29,4203
2352.508,2837.982,211,30,4199
2354.510,3447.125,76,34,4192
2355.511,1923.767,152,42,4273
2355.511,4326.217,120,21,4203
2356.512,3850.544,72,34,4196
2357.513,1771.230,167,40,4366
2359.515,4413.524,85,23,4206
2360.516,95.335,193,31,4757
2361.517,4900.236,120,10,4221
2361.517,5083.882,52,21,4226
2362.519,4072.324,40,16,4199
2363.520,4133.539,79,29,4201
2364.521,4455.672,83,24,4209
2365.522,-215.759,171,56,4892
2365.522,2416.500,276,83,4182
2365.522,5355.839,61,34,4238
2366.523,1507.302,99,20,4520
2366.523,3710.050,115,11,4196
2367.524,3623.746,60,17,4193
2367.524,4012.112,33,17,4197
2368.525,3061.769,71,10,4200
2369.526,-536.888,158,46,5087
2370.527,-152.537,149,36,4852
2370.527,3486.263,90,48,4195
2370.527,3588.623,64,35,4196
2372.529,3108.935,114,10,4196
2375.532,-336.182,144,44,4973
2375.532,425.497,45,17,4699
2378.536,2.007,174,60,4786
2379.537,-825.905,154,49,5232
2379.537,1847.498,171,34,4310
2383.541,2304.104,204,39,4188
2383.541,4051.250,49,17,4203
2388.546,2529.899,227,38,4185
2390.548,-270.953,144,39,4932
2393.552,2142.536,41,17,4188
2394.553,5531.456,43,28,4249
2398.557,1688.941,166,44,4422
2398.557,4734.654,41,10,4212
2398.557,5246.454,68,22,4228
2399.558,5180.221,46,25,4217
2400.559,4540.972,73,25,4211
2401.560,299.052,110,44,4726
2405.564,3862.586,48,16,4190
2406.566,939.304,43,15,4621
2409.569,4256.973,62,25,4201
2410.570,4211.815,105,32,4195
2413.573,4161.638,106,52,4192
2415.575,-576.026,157,25,5123
2416.576,220.777,114,33,4739
2416.576,1990.000,188,51,4233
2416.576,2874.109,229,46,4204
2417.577,4351.305,95,32,4201
2418.578,2782.788,227,66,4196
2420.580,4418.542,97,45,4202
2420.580,4479.757,90,43,4202
2421.582,4311.164,96,35,4201
2421.582,5297.634,70,50,4234
2425.586,-635.234,152,70,5161
2426.587,1557.478,157,52,4500
2427.588,341.200,103,50,4720
2431.592,1620.701,175,60,4463
2431.592,2647.312,212,55,4189
2433.594,3112.949,31,15,4194
2439.601,1857.534,175,28,4301
2440.602,-283.999,95,19,4948
2440.602,63.222,190,41,4774
2443.605,278.981,101,26,4734
2446.608,1787.287,194,57,4349
2447.609,5094.921,48,33,4228
2449.611,4860.095,37,19,4222
2454.617,2045.194,189,75,4203
2454.617,2413.489,234,21,4187
2456.619,4892.208,41,20,4224
2457.620,-433.525,170,47,5044
2461.624,1933.802,206,46,4256
2462.625,-105.371,163,51,4836
2463.626,2256.939,80,19,4178
2464.627,5436.121,108,38,4243
2471.635,-736.591,106,27,5231
2471.635,3209.288,189,47,4190
2474.638,1078.795,51,21,4618
2479.643,1473.182,122,61,4542
2480.644,-34.120,193,65,4808
2482.647,-493.737,147,40,5086
2484.649,4945.395,45,25,4228
2497.663,1626.722,189,63,4458
2498.664,369.299,104,24,4722
2502.668,3068.794,96,38,4199
2503.669,309.087,80,17,4735
2503.669,2650.322,219,35,4188
2504.670,-396.394,157,34,5031
2505.671,4801.890,44,24,4223
2509.675,1557.478,111,28,4499
2509.675,3142.052,54,21,4194
2511.678,-792.789,123,25,5272
2511.678,-589.072,161,49,5153
2512.679,909.198,31,11,4623
2516.683,1881.618,194,38,4296
2517.684,2121.462,84,26,4194
2517.684,4753.721,86,10,4223
2517.684,5310.680,76,42,4243
2521.688,134.473,183,75,4766
2521.688,1780.262,141,36,4369
2523.690,-305.073,159,49,4970
2524.691,2875.113,153,34,4208
2526.694,401.412,108,15,4717
2526.694,1449.097,105,39,4556
2528.696,2553.983,243,65,4184
2529.697,3821.441,39,17,4199
2530.698,1721.054,143,28,4410
2536.704,1083.812,55,27,4625
2544.713,43.152,189,61,4788
2544.713,988.477,34,14,4622
2547.716,-360.267,134,26,5012
2547.716,278.981,112,31,4741
2551.720,-108.381,139,35,4842
2551.720,197.695,132,38,4754
2552.721,3055.748,97,42,4198
2554.723,2018.098,213,65,4210
2557.727,3301.613,159,64,4195
2560.730,328.154,97,21,4734
2564.734,1586.581,149,25,4487
2565.735,1479.203,127,34,4545
2575.746,-777.736,124,22,5276
2575.746,2345.249,280,61,4184
2576.747,-62.219,140,38,4825
2576.747,3184.200,92,38,4195
2577.748,2688.456,175,50,4189
2581.752,2899.198,43,20,4209
2584.755,2495.779,228,26,4187
2585.757,-325.144,131,29,4989
2585.757,1340.716,36,14,4585
2588.760,-191.674,161,55,4889
2597.769,1660.842,183,52,4450
2598.770,1103.883,49,21,4621
2599.771,399.405,131,55,4720
2600.773,3808.396,28,12,4199
2603.776,1907.710,165,61,4289
2605.778,1836.460,200,47,4341
2609.782,299.052,152,59,4740
2609.782,5604.714,49,13,4258
2612.785,-246.868,145,33,4928
2613.786,-476.677,135,29,5093
2615.789,-589.072,143,37,5163
2617.791,-680.393,130,36,5222
2621.795,-388.366,173,52,5035
2622.796,1544.432,168,72,4514
2623.797,-535.885,120,26,5131
2627.801,2634.266,188,63,4188
2628.802,1004.533,34,15,4621
2631.806,8.028,160,54,4805
2632.807,-99.349,173,50,4844
2632.807,227.801,155,36,4755
2636.811,3111.946,93,51,4198
2642.817,3332.722,87,36,4195
2643.818,82.289,111,23,4785
2643.818,2735.622,142,27,4194
2644.820,2403.454,83,28,4190
2649.825,467.645,97,15,4704
2652.828,2144.543,159,62,4197
2655.831,4414.528,36,13,4211
2660.837,342.204,116,36,4734
2662.839,4611.219,66,10,4217
2662.839,5617.760,52,10,4258
2663.840,-286.006,184,31,4959
2664.841,2362.309,102,40,4183
2665.842,1886.636,194,44,4313
2667.844,1406.949,107,46,4577
2670.847,2277.009,34,15,4187
2674.852,3084.851,86,38,4199
2675.853,3469.203,44,13,4201
2676.854,-461.624,167,41,5083
2677.855,1593.605,59,12,4493
2679.857,1665.859,162,41,4457
2685.863,1825.421,198,65,4360
2686.864,261.921,159,47,4750
2686.864,384.352,116,32,4724
2687.865,-607.136,154,65,5186
2695.874,-185.653,138,34,4893
2695.874,3248.426,72,28,4196
2697.876,-359.264,175,38,5018
2697.876,1491.245,156,72,4554
2702.881,5627.795,70,14,4254
2706.886,4437.609,46,27,4218
2709.889,190.671,167,48,4759
2709.889,1714.029,164,33,4434
2713.893,442.557,119,32,4710
2716.896,3059.762,69,32,4203
2717.897,-537.892,141,25,5138
2718.898,3320.680,69,15,4197
2722.903,2300.090,48,31,4186
2723.904,1431.033,124,31,4573
2726.907,-81.286,181,45,4840
2727.908,3287.564,72,37,4196
2731.912,3145.062,63,26,4198
2735.917,-467.645,103,27,5091
2735.917,2042.183,134,23,4240
2737.919,407.433,111,28,4716
2738.920,300.055,136,51,4739
2739.921,1654.821,150,33,4473
2740.922,2206.762,98,36,4195
2749.932,-274.967,105,16,4954
2749.932,5439.132,126,45,4250
2753.936,467.645,122,27,4702
2754.937,53.187,149,61,4791
2755.938,3238.391,35,21,4196
2758.941,1536.404,138,36,4539
2759.942,1843.484,135,27,4361
2760.943,3029.656,56,38,4205
2773.957,1703.994,141,28,4452
2778.963,-553.948,158,37,5153
2778.963,4541.976,42,21,4220
2779.964,3469.203,49,14,4200
2780.965,361.271,117,28,4727
2780.965,2314.140,84,26,4184
2781.966,4179.702,32,11,4210
2785.970,2171.638,148,35,4201
2785.970,4431.588,46,26,4219
2785.970,5274.553,46,16,4254
2789.974,5301.648,44,18,4255
2791.976,5541.492,71,20,4262
2793.979,5245.450,50,26,4253
2794.980,2485.743,138,34,4190
2796.982,2087.342,152,54,4230
2800.986,-313.101,166,69,4985
2801.987,-605.128,145,26,5183
2801.987,2231.850,67,14,4196
2807.993,296.041,122,31,4741
2809.996,-142.501,209,83,4869
2810.997,1988.996,152,60,4285
2811.998,1452.108,96,32,4575
2814.000,1565.506,138,22,4537
2814.000,1647.796,159,45,4495
2814.000,3027.649,103,38,4207
2815.001,431.518,158,49,4712
2816.002,1786.283,204,69,4410
2817.003,135.477,133,53,4770
2828.015,214.755,113,17,4757
2828.015,4410.513,41,22,4219
2830.017,-715.517,175,56,5242
2832.019,1927.781,163,53,4325
2835.022,517.821,132,31,4690
2835.022,2265.970,73,30,4195
2835.022,2573.050,150,50,4189
2838.025,2149.561,158,20,4203
2840.028,-242.854,172,47,4932
2843.031,34.120,185,73,4793
2843.031,5564.573,82,26,4265
2845.033,1506.298,122,24,4566
2846.034,2426.535,182,62,4194
2848.036,2315.143,91,32,4186
2855.044,5291.613,47,21,4257
2859.048,-462.627,144,22,5090
2859.048,1428.023,74,25,4580
2861.050,5594.679,77,33,4268
2866.055,167.589,135,32,4764
2874.064,465.638,169,57,4703
2874.064,3016.611,99,10,4207
2877.067,1606.651,165,64,4527
2879.069,2542.945,141,34,4191
2884.075,325.144,130,21,4736
2884.075,1721.054,159,42,4463
2884.075,2195.723,167,62,4201
2885.076,2048.204,154,44,4266
2886.077,397.398,144,36,4719
2890.081,1839.470,172,39,4390
2897.088,88.311,127,24,4774
2899.091,2465.673,139,32,4193
2905.097,-109.385,78,14,4846
2907.099,2988.512,99,10,4209
2909.101,2401.447,167,54,4192
2910.102,-562.980,175,84,5156
2910.102,1905.703,174,45,4356
2911.103,-297.045,190,61,4966
2915.108,281.992,114,26,4744
2916.109,1473.182,103,60,4574
2918.111,-366.288,200,73,5016
2921.114,2128.487,156,31,4234
2924.117,3453.146,332,68,4204
2925.118,529.864,131,39,4675
2927.120,-691.432,110,13,5220
2932.126,5621.774,79,27,4270
2938.132,1978.961,134,24,4317
2940.134,-166.586,176,54,4877
2940.134,430.514,158,62,4700
2942.136,5686.000,108,37,4270
2944.139,3003.565,97,10,4209
2947.142,4143.575,42,19,4217
2948.143,5293.620,43,21,4262
2950.145,658.316,42,10,4650
2950.145,2753.686,134,37,4199
2953.148,71.251,170,51,4774
2956.151,2300.090,75,36,4196
2957.152,343.207,166,53,4723
2957.152,2254.931,49,13,4199
2958.154,2066.268,142,35,4273
2963.159,2516.853,153,53,4193
2966.162,1521.351,66,23,4566
2970.166,1711.018,149,70,4484
2971.167,2692.470,150,36,4193
2979.176,-96.339,161,29,4837
2980.177,251.886,168,47,4747
2988.186,1863.555,141,25,4397
2988.186,4271.023,39,19,4221
2989.187,-216.762,157,33,4902
2993.191,1926.777,159,54,4359
3002.200,2776.767,143,56,4202
3002.200,5281.577,41,22,4264
3003.202,-601.114,95,17,5163
3005.204,-299.052,205,38,4956
3005.204,482.698,125,29,4671
3006.205,-672.365,150,32,5200
3006.205,2308.119,45,18,4197
3014.213,1783.272,155,55,4450
3014.213,2851.028,76,18,4221
3015.214,2989.515,95,10,4212
3016.215,-36.127,99,16,4810
3024.224,2173.646,210,89,4233
3024.224,3405.980,268,64,4212
3025.225,-462.627,157,45,5075
3025.225,53.187,146,42,4775
3030.230,5707.074,90,22,4280
3032.233,1711.018,135,36,4495
3034.235,306.077,188,53,4725
3037.238,393.384,166,49,4695
3037.238,2039.173,155,40,4304
3037.238,2243.893,134,20,4203
3037.238,2739.636,132,27,4196
3041.242,215.759,145,37,4754
3042.243,5291.613,45,24,4267
3043.244,5225.380,51,27,4263
3044.245,2874.109,66,26,4221
3047.249,2409.475,268,55,4188
3054.256,1951.865,181,35,4355
3057.259,112.395,132,45,4766
3058.260,930.272,103,24,4607
3060.262,16.056,145,33,4792
3060.262,573.016,171,69,4636
3061.263,-623.192,153,32,5170
3061.263,711.503,170,81,4608
3061.263,1595.612,89,23,4542
3064.267,-555.956,120,31,5127
3067.270,2992.526,0,10,4214
3068.271,-345.214,222,74,4985
3068.271,1878.608,180,50,4406
3068.271,2532.909,73,12,4194
3069.272,2777.770,157,41,4207
3070.273,-497.751,140,26,5092
3079.283,1666.863,135,55,4517
3084.288,823.898,131,48,4587
3093.298,-256.904,159,30,4924
3093.298,5252.475,52,34,4267
3094.299,478.684,106,24,4659
3094.299,2185.688,151,20,4233
3094.299,2329.193,154,46,4194
3095.300,-83.293,148,58,4827
3099.304,1589.591,78,27,4542
3101.306,204.720,111,23,4755
3101.306,286.006,178,50,4726
3103.308,2704.513,136,43,4196
3104.309,-198.699,180,68,4888
3106.311,2036.162,148,21,4313
3107.313,5174.200,57,26,4264
3108.314,2087.342,142,20,4285
3109.315,4346.288,40,21,4231
3116.322,965.396,139,75,4585
3117.323,4210.811,46,24,4227
3120.326,3480.241,336,88,4208
3124.331,419.475,177,18,4679
3124.331,1963.908,165,22,4359
3125.332,-592.083,175,35,5148
3126.333,537.892,189,46,4646
3127.334,4438.612,39,20,4236
3132.339,616.167,159,18,4628
3132.339,1725.068,148,37,4494
3134.341,729.566,132,22,4601
3138.346,1598.623,77,26,4535
3140.348,-445.567,189,45,5052
3140.348,1221.296,67,21,4584
3142.350,3373.867,281,62,4210
3143.351,2382.380,68,25,4194
3144.352,895.149,119,31,4569
3150.358,5107.967,55,27,4262
3150.358,5190.256,44,20,4266
3152.361,2240.882,172,65,4211
3153.362,161.568,147,53,4760
3156.365,253.893,149,26,4739
3156.365,2063.257,132,20,4299
3156.365,2472.697,154,50,4200
3157.366,4506.852,47,14,4237
3159.368,14.049,104,29,4795
3161.370,-158.558,174,36,4871
3162.371,5244.447,46,22,4269
3171.381,1632.743,121,20,4520
3174.384,1045.678,120,14,4573
3174.384,1148.038,139,56,4575
3175.385,381.341,186,65,4697
3178.388,2140.529,106,20,4261
3180.390,1986.989,180,49,4342
3183.394,4543.983,46,14,4237
3186.397,1799.329,152,37,4456
3188.399,823.898,134,38,4583
3190.401,-295.038,189,47,4953
3191.402,216.762,110,19,4757
3198.410,1424.009,67,32,4559
3199.411,3556.510,86,17,4212
3199.411,5141.083,65,33,4266
3201.413,-604.125,183,29,5162
3201.413,-521.835,193,64,5113
3202.414,5294.623,44,29,4273
3205.417,-46.162,167,58,4827
3205.417,1743.131,163,56,4480
3207.419,976.434,151,41,4557
3208.420,1299.571,71,19,4559
3210.422,716.520,168,63,4631
3210.422,1907.710,167,74,4391
3213.426,150.529,100,14,4761
3213.426,2946.363,105,10,4225
3216.429,34.120,166,65,4800
3217.430,299.052,156,53,4734
3217.430,1184.165,115,34,4561
3219.432,2839.989,56,35,4221
3221.434,919.233,155,58,4562
3222.435,5233.408,38,23,4270
3223.436,479.687,160,77,4687
3223.436,1384.871,59,36,4555
3227.441,2356.288,104,52,4197
3227.441,3404.977,265,44,4214
3229.443,2203.751,115,35,4232
3233.447,1652.814,143,47,4505
3238.452,-380.338,229,88,5017
3238.452,2108.416,184,50,4278
3239.453,2410.479,145,22,4192
3239.453,4322.203,47,22,4236
3240.454,1460.136,75,17,4544
3248.463,649.284,138,43,4659
3248.463,1058.724,162,57,4548
3250.465,782.753,147,23,4620
3252.467,200.706,135,31,4760
3257.473,5589.661,44,10,4299
3258.474,340.197,101,28,4732
3259.475,3565.541,136,36,4215
3264.480,955.360,162,45,4558
3265.481,3091.875,57,29,4225
3271.488,-60.212,150,50,4847
3274.491,1719.047,151,23,4476
3275.492,-156.551,161,44,4896
3276.493,416.465,105,29,4720
3278.495,5589.661,49,14,4299
3280.497,5681.986,54,10,4300
3284.501,-584.054,186,44,5165
3286.504,5105.960,64,34,4267
3288.506,2483.736,248,76,4199
3288.506,3470.206,257,46,4216
3291.509,1176.137,178,57,4534
3293.511,-290.020,159,45,4973
3294.512,527.857,121,26,4704
3296.514,891.134,147,28,4585
3300.519,1653.817,139,50,4490
3302.521,2241.886,165,41,4217
3308.527,102.360,128,17,4806
3309.528,1022.597,157,26,4550
3311.530,2167.624,125,44,4247
3312.531,2945.360,98,10,4228
3313.532,1790.297,170,73,4437
3314.533,1948.855,189,53,4348
3315.535,1269.465,164,67,4525
3316.536,584.054,140,37,4699
3317.537,190.671,180,56,4772
3319.539,819.884,108,24,4625
3320.540,692.436,102,24,4669
3322.542,2042.183,198,76,4299
3322.542,2370.337,57,14,4204
3332.553,5148.108,58,19,4271
3336.557,5398.990,36,13,4283
3338.559,-59.208,142,56,4870
3338.559,1423.005,122,31,4514
3339.560,3370.857,274,24,4221
3340.561,758.669,90,24,4656
3340.561,5323.726,91,36,4280
3342.563,1694.962,153,33,4468
3344.565,969.410,159,38,4571
3346.568,1578.552,150,47,4493
3346.568,4599.177,30,12,4265
3354.576,-428.507,143,40,5076
3356.578,37.131,135,38,4840
3362.585,544.917,146,52,4722
3362.585,2149.561,137,43,4256
3362.585,5687.003,33,14,4297
3364.587,723.545,82,25,4670
3365.588,1153.056,157,20,4535
3365.588,1235.345,178,71,4519
3369.592,1092.844,169,71,4549
3369.592,2391.412,72,40,4203
3369.592,2923.282,92,10,4231
3372.595,2253.928,138,33,4219
3372.595,5771.300,94,60,4297
3373.596,-484.705,167,63,5122
3375.599,1319.642,167,42,4504
3376.600,757.665,82,15,4661
3380.604,226.798,168,62,4783
3385.609,-282.995,172,21,4997
3385.609,5145.097,52,23,4273
3386.610,637.241,138,44,4702
3387.611,5319.711,83,34,4282
3388.612,4701.537,46,21,4265
3391.616,1502.284,151,58,4486
3393.618,485.708,155,56,4740
3393.618,1656.828,126,12,4460
3393.618,2458.648,191,36,4196
3394.619,2208.769,140,35,4227
3396.621,-223.787,161,63,4967
3397.622,159.561,156,31,4814
3397.622,860.025,142,70,4628
3399.624,339.193,139,42,4774
3399.624,686.414,117,22,4688
3401.626,1913.731,200,65,4353
3402.627,1004.533,166,50,4579
3402.627,2916.258,70,10,4232
3404.629,4470.725,51,20,4252
3405.631,1403.938,152,35,4489
3407.633,3494.291,288,68,4218
3411.637,413.454,160,60,4760
3412.638,-163.575,138,24,4938
3415.641,1713.025,151,25,4434
3418.644,2010.070,191,48,4302
3422.649,43.152,114,40,4856
3426.653,-569.001,149,28,5193
3426.653,5103.953,54,22,4273
3427.654,2160.600,87,15,4249
3430.657,2084.331,172,43,4272
3440.668,1345.733,186,69,4491
3440.668,1861.548,121,32,4370
3441.669,1136.999,157,45,4556
3442.670,1198.215,153,37,4541
3445.673,94.332,112,36,4844
3446.674,-94.332,107,35,4918
3446.674,232.819,157,23,4802
3453.682,556.959,40,11,4732
3459.688,635.234,111,44,4711
3459.688,1661.845,172,57,4433
3460.689,-356.253,168,44,5057
3460.689,-295.038,178,63,5022
3460.689,5235.415,50,20,4283
3464.694,2240.882,35,16,4224
3465.695,447.574,146,46,4757
3466.696,5170.186,49,23,4278
3467.697,4715.587,38,14,4266
3468.698,2532.909,241,65,4204
3470.700,4496.817,53,25,4267
3472.702,2968.441,50,16,4241
3476.706,1472.178,153,54,4461
3479.710,5326.736,42,24,4288
3481.712,1595.612,177,79,4440
3481.712,3548.481,81,10,4230
3481.712,4432.591,49,22,4259
3482.713,-524.846,164,34,5176
3483.714,1734.099,121,30,4407
3485.716,1085.819,124,44,4579
3485.716,2916.258,96,10,4237
3487.718,-462.627,157,45,5132
3488.719,1526.369,168,23,4443
3491.722,878.089,102,36,4633
3495.727,801.820,109,28,4655
3496.728,2009.067,168,25,4298
3497.729,1017.579,113,40,4599
3501.733,2214.790,76,26,4234
3501.733,5260.503,41,25,4284
3502.734,2066.268,174,47,4274
3503.735,1897.675,161,29,4342
3506.738,283.999,174,40,4786
3511.744,387.363,143,32,4774
3514.747,499.758,127,25,4744
3517.750,-229.808,163,20,5000
3517.750,36.127,142,39,4885
3517.750,5566.580,51,21,4294
3518.751,2146.550,141,51,4249
3522.755,1228.320,90,20,4550
3523.756,5153.126,42,23,4279
3526.760,4377.397,30,12,4262
3528.762,2951.381,79,34,4244
3529.763,606.132,105,20,4717
3537.771,-107.378,129,21,4947
3538.772,1062.738,121,35,4595
3539.774,2826.943,84,28,4218
3540.775,5208.320,47,25,4285
3542.777,2710.534,50,15,4204
3543.778,-540.903,143,32,5201
3543.778,1948.855,188,59,4313
3544.779,1719.047,146,39,4400
3544.779,1780.262,153,62,4378
3545.780,170.600,184,62,4836
3545.780,788.774,142,36,4657
3545.780,1177.140,59,17,4571
3547.782,1479.203,110,26,4461
3548.783,1617.690,116,33,4431
3549.784,978.442,115,25,4614
3552.787,4583.121,53,18,4266
3553.789,2033.151,172,35,4280
3560.796,-383.348,159,52,5097
3560.796,562.980,83,21,4726
3562.798,721.538,172,22,4675
3562.798,1129.975,108,19,4582
3562.798,5551.527,49,16,4295
3567.803,5266.524,56,27,4291
3569.806,1351.755,159,65,4509
3570.807,626.203,110,42,4707
3570.807,1224.306,101,24,4561
3571.808,2721.573,62,20,4204
3571.808,4633.297,49,22,4266
3572.809,2098.381,156,57,4265
3572.809,5574.608,36,20,4302
3573.810,2487.750,210,66,4203
3575.812,-174.614,181,49,4990
3576.813,1425.012,114,40,4483
3577.814,929.269,100,18,4625
3580.817,71.251,116,24,4884
3581.818,3398.955,289,88,4232
3582.819,4692.505,39,11,4266
3583.821,-494.740,132,32,5179
3584.822,2873.106,107,59,4234
3584.822,5219.358,47,25,4288
3585.823,1882.622,163,64,4340
3586.824,-320.126,151,46,5070
3589.827,324.140,182,37,4786
3589.827,446.571,177,38,4749
3589.827,1085.819,109,40,4593
3589.827,2813.898,86,23,4218
3596.834,4450.655,62,35,4268
3596.834,4532.944,42,18,4266
3598.837,1563.499,51,17,4451
3599.838,1190.186,98,27,4573
3600.839,5320.715,67,31,4292
3602.841,1671.881,86,29,4430
3605.844,-438.543,47,19,5147
3605.844,1825.421,168,48,4368
3606.845,4637.311,38,16,4266
3606.845,5807.427,52,20,4297
3607.846,4714.583,37,12,4266
3610.849,610.146,65,16,4703
3610.849,2772.753,38,14,4211
3611.850,-89.314,170,71,4960
3612.851,110.388,128,34,4872
3612.851,2333.207,69,11,4219
3617.857,2227.836,93,29,4231
3620.860,1251.402,118,39,4556
3623.863,4365.355,63,20,4266
3626.866,-356.253,120,36,5100
3627.867,563.984,77,26,4714
3627.867,4739.671,40,16,4266
3631.872,1044.675,120,26,4602
3636.877,2380.373,118,27,4216
3637.878,2089.349,154,50,4267
3638.879,3484.255,277,29,4231
3639.880,2181.674,126,51,4247
3642.883,751.644,186,79,4656
3645.887,4503.842,63,45,4265
3646.888,961.382,163,50,4616
3651.893,-473.666,123,22,5185
3651.893,-268.946,94,15,5062
3651.893,656.308,120,40,4682
3655.897,207.731,144,23,4833
3655.897,371.306,180,52,4763
3656.898,1704.997,97,17,4428
3661.904,1624.715,110,28,4444
3661.904,2467.680,158,76,4197
3662.905,137.484,123,22,4870
3662.905,551.941,84,18,4711
3662.905,1865.562,152,52,4353
3662.905,2872.102,75,13,4240
3666.909,491.730,104,28,4727
3667.910,4396.464,52,23,4265
3668.911,2541.941,111,28,4210
3669.912,5271.542,51,24,4295
3672.916,-3.011,117,44,4939
3673.917,1392.899,99,38,4522
3673.917,4535.955,72,16,4267
3675.919,2635.269,92,19,4209
3678.922,-334.175,123,35,5104
3679.923,4307.150,56,16,4261
3683.927,-230.812,128,24,5049
3683.927,-67.236,135,27,4969
3684.928,4738.668,39,17,4266
3686.930,-142.501,138,21,5007
3688.933,-438.543,134,46,5171
3689.934,5316.701,52,12,4295
3692.937,533.878,73,18,4712
3693.938,570.005,84,17,4700
3698.943,1025.607,152,33,4603
3698.943,1536.404,155,64,4481
3698.943,4563.050,62,21,4267
3702.948,-389.370,131,28,5142
3703.949,1170.116,143,52,4575
3708.954,2157.589,126,18,4254
3710.956,2603.156,122,46,4210
3711.957,1795.315,125,48,4392
3711.957,4427.573,58,22,4266
3712.958,2490.761,141,58,4201
3713.959,2219.808,133,32,4230
3715.961,2026.127,101,22,4293
3716.962,850.993,159,59,4628
3716.962,4592.152,62,31,4266
3718.965,120.424,118,19,4890
3720.967,647.277,149,48,4675
3720.967,1925.774,104,26,4329
3722.969,2657.347,111,48,4210
3724.971,715.517,144,18,4655
3724.971,940.307,178,61,4613
3724.971,5381.930,33,19,4297
3725.972,2437.574,123,14,4205
3725.972,4349.298,57,21,4262
3728.975,4279.051,52,23,4262
3729.976,-494.740,128,19,5209
3732.980,-14.049,128,44,4964
3732.980,1401.931,143,62,4528
3732.980,4673.438,35,14,4266
3733.981,3436.086,47,26,4240
3737.985,477.680,69,19,4720
3739.987,1623.711,101,37,4459
3741.989,586.061,99,24,4687
3745.993,4456.676,49,21,4267
3747.996,378.331,44,12,4756
3748.997,3046.716,137,62,4252
3749.998,-224.791,117,35,5065
3749.998,2816.908,105,44,4233
3750.999,-352.239,113,20,5130
3750.999,1968.925,107,34,4314
3752.000,4310.160,42,16,4262
3753.001,1120.943,142,57,4580
3753.001,2332.203,65,26,4218
3755.003,2158.593,97,29,4257
3757.005,1556.475,140,47,4487
3757.005,2583.086,110,21,4212
3759.007,1219.289,129,37,4559
3760.008,1832.445,96,17,4377
3761.009,80.282,117,49,4921
3763.012,2375.355,92,30,4217
3763.012,3444.114,47,20,4242
3766.015,2054.225,113,53,4284
3767.016,1021.593,163,39,4596
3770.019,4380.408,59,25,4262
3771.020,-291.024,131,58,5103
3771.020,2259.949,73,30,4220
3772.021,-106.374,124,58,5016
3775.024,-448.578,127,45,5186
3776.025,2776.767,100,17,4224
3776.025,4607.205,35,12,4266
3779.029,2496.782,147,35,4198
3781.031,1336.702,127,31,4544
3783.033,774.725,174,30,4633
3784.034,4348.295,64,18,4262
3785.035,704.478,158,21,4651
3787.037,306.077,110,33,4790
3787.037,2013.081,105,27,4300
3788.038,919.233,168,32,4608
3788.038,1165.098,140,51,4568
3792.042,859.022,177,49,4616
3792.042,4416.535,53,18,4261
3795.046,-55.194,117,20,4998
3795.046,4488.789,43,24,4266
3798.049,1474.185,66,22,4519
3801.052,-365.285,130,38,5146
3802.053,2813.898,101,35,4236
3804.055,361.271,136,21,4765
3806.057,1976.954,102,32,4314
3807.059,1067.756,132,26,4583
3809.061,239.844,112,26,4832
3809.061,4104.437,39,30,4261
3811.063,5351.824,93,39,4298
3813.065,1681.916,116,32,4433
3814.066,1615.683,128,48,4469
3815.067,562.980,71,16,4684
3817.069,4382.415,42,20,4262
3820.072,1449.097,64,12,4526
3822.075,5778.325,81,33,4311
3825.078,1511.316,92,25,4511
3826.079,1899.682,103,46,4349
3827.080,2222.819,114,40,4232
3832.085,1318.638,122,29,4546
3836.089,4447.644,34,13,4261
3839.093,-85.300,116,24,5019
3839.093,1125.960,138,39,4568
3841.095,-217.766,105,25,5079
3841.095,2992.526,128,39,4256
3843.097,596.097,109,24,4674
3844.098,1372.829,114,21,4539
3844.098,2589.107,135,39,4214
3846.100,934.286,141,33,4597
3848.102,1256.419,126,27,4552
3848.102,2181.674,84,31,4250
3850.104,796.803,71,17,4622
3856.111,3466.192,265,58,4247
3860.115,2812.894,69,29,4242
3861.116,998.512,111,43,4586
3861.116,1203.232,136,43,4555
3862.117,523.843,157,33,4695
3862.117,2250.917,104,58,4220
3862.117,4408.506,39,15,4261
3863.118,1587.584,128,38,4484
3865.120,2671.396,155,57,4213
3865.120,4066.303,30,19,4262
3869.125,-348.225,123,49,5137
3869.125,678.386,158,60,4650
3870.126,469.652,146,31,4718
3871.127,15.053,110,17,4978
3873.129,4180.705,38,17,4262
3874.130,2755.693,72,21,4228
3877.133,379.334,117,27,4761
3878.134,251.886,95,18,4839
3878.134,293.031,56,14,4811
3878.134,2904.215,134,49,4255
3881.137,2011.074,92,34,4305
3883.140,2557.997,52,18,4215
3884.141,186.657,142,57,4877
3884.141,764.690,87,22,4628
3884.141,1791.301,115,51,4403
3888.145,1363.797,120,45,4538
3888.145,3545.471,131,15,4248
3894.151,4446.641,33,14,4262
3896.153,1702.990,118,34,4425
3896.153,5382.934,53,19,4304
3897.155,1636.757,128,43,4460
3899.157,-116.409,99,19,5038
3901.159,4377.397,36,15,4262
3902.160,917.226,153,53,4592
3902.160,1535.401,144,31,4506
3903.161,3053.741,147,76,4257
3904.162,-54.191,109,49,5010
3907.165,857.014,134,30,4605
3908.166,1408.956,103,33,4534
3910.168,2738.633,73,28,4221
3911.169,-287.010,106,33,5109
3913.172,1246.384,128,53,4548
3913.172,2273.999,74,28,4220
3913.172,2622.223,159,43,4215
3913.172,4165.652,30,17,4262
3914.173,1962.904,73,27,4324
3922.181,2832.965,85,39,4254
3923.182,1821.407,137,51,4389
3926.185,5799.399,64,20,4313
3927.187,5528.446,29,14,4311
3929.189,1327.670,116,31,4540
3929.189,4061.285,38,11,4264
3929.189,4409.510,33,14,4262
3932.192,-435.532,135,33,5163
3933.193,2994.533,120,34,4258
3935.195,4344.281,35,15,4262
3936.196,971.417,123,23,4578
3937.197,5837.533,47,17,4313
3944.205,4208.804,36,11,4262
3945.206,1469.168,125,60,4524
3947.208,-350.232,118,24,5125
3952.213,1624.715,125,42,4464
3953.214,1087.826,105,37,4560
3953.214,5631.809,62,12,4314
3954.215,1389.889,87,26,4533
3959.221,5607.725,62,12,4312
3960.222,2229.843,82,30,4224
3965.227,793.792,146,35,4619
3965.227,1760.191,118,47,4403
3965.227,1984.982,39,12,4323
3965.227,5829.505,58,13,4314
3967.229,5389.959,91,25,4310
3968.230,5737.180,70,38,4313
3969.231,3038.688,111,38,4254
3970.232,877.085,167,55,4597
3972.235,24.085,128,52,4972
3974.237,2401.447,96,16,4219
3975.238,280.988,142,26,4838
3975.238,2872.102,76,22,4256
3977.240,-240.847,116,47,5079
3979.242,4294.104,39,13,4262
3980.243,-172.607,125,43,5052
3980.243,5893.731,79,18,4314
3981.244,1820.403,109,45,4388
3983.246,1130.978,127,41,4552
3983.246,1565.506,100,26,4489
3986.250,5501.350,88,31,4313
3987.251,5639.837,31,13,4313
3989.253,2303.101,40,14,4220
3989.253,2916.258,71,36,4258
3990.254,1904.700,56,21,4347
3990.254,5339.782,106,46,4307
3995.259,5545.506,80,27,4313
3999.263,2238.875,82,22,4222
4000.264,1334.695,76,16,4532
4001.266,2131.497,154,85,4261
4002.267,1222.299,136,45,4534
4006.271,548.931,158,35,4707
4006.271,998.512,127,58,4569
4008.273,-365.285,130,38,5113
4013.278,5723.130,80,10,4311
4018.284,2596.132,89,28,4218
4019.285,1875.597,79,21,4358
4019.285,2060.247,124,41,4290
4022.288,2868.088,87,44,4258
4025.291,5899.752,50,28,4313
4027.293,1984.982,74,24,4326
4028.294,2516.853,127,53,4206
4029.295,621.185,143,46,4683
4029.295,1280.504,92,28,4532
4030.296,1622.708,155,65,4457
4030.296,2425.532,129,33,4220
4032.299,237.837,139,57,4871
4033.300,5293.620,53,18,4305
4035.302,433.525,72,22,4767
4036.303,673.368,144,41,4664
4042.309,158.558,103,23,4909
4044.311,-14.049,116,15,4979
4044.311,2699.495,166,38,4228
4047.315,2894.180,74,15,4258
4048.316,1039.657,118,42,4560
4049.317,-197.695,142,45,5042
4056.324,-369.299,111,31,5098
4057.325,2565.022,85,24,4219
4059.327,520.832,139,39,4731
4060.329,1155.063,94,27,4544
4063.332,2790.816,136,56,4246
4065.334,-116.409,126,31,5012
4067.336,4233.892,46,22,4262
4069.338,1984.982,71,24,4318
4070.339,748.633,111,23,4645
4070.339,2225.829,52,29,4228
4075.345,1199.218,116,36,4538
4079.349,2355.284,139,67,4222
4082.352,2075.300,112,37,4282
4082.352,3577.584,46,12,4257
4085.355,1119.939,105,36,4548
4086.356,-326.147,126,41,5069
4087.357,103.364,153,57,4923
4088.358,1703.994,140,48,4424
4088.358,1907.710,88,36,4353
4092.363,227.801,139,50,4872
4093.364,2506.817,125,54,4207
4094.365,5298.637,98,18,4307
4096.367,560.973,107,17,4722
4096.367,1240.363,102,22,4531
4097.368,2676.414,146,49,4230
4098.369,-246.868,120,22,5041
4099.370,301.059,88,23,4840
4099.370,2748.668,149,55,4257
4101.372,1466.157,48,23,4507
4105.377,2438.577,115,24,4219
4108.380,410.444,64,15,4787
4109.381,1621.704,161,36,4447
4110.382,5337.775,104,30,4309
4118.390,2324.175,100,30,4224
4121.394,1200.222,79,30,4537
4124.397,1047.685,141,63,4561
4131.404,2189.702,83,41,4231
4132.405,1571.528,122,27,4464
4134.407,1356.772,105,34,4519
4138.412,2267.977,155,26,4227
4139.413,2794.830,100,31,4241
4142.416,3566.545,54,10,4259
4145.419,695.446,143,58,4675
4145.419,797.806,138,56,4641
4145.419,1497.266,94,19,4498
4148.422,890.131,124,42,4609
4149.423,123.434,118,21,4903
4149.423,1810.368,128,59,4372
4155.430,1315.628,91,38,4528
4155.430,1704.997,137,34,4414
4156.431,2584.089,85,27,4224
4158.433,233.822,123,24,4861
4159.434,331.165,140,39,4819
4164.439,-36.127,91,25,4950
4164.439,745.623,130,26,4660
4164.439,2534.916,86,28,4220
4168.444,5827.498,66,35,4316
4171.447,2649.319,115,33,4226
4172.448,1637.761,160,61,4441
4172.448,2480.726,104,37,4212
4172.448,5358.849,36,13,4314
4176.452,2384.387,39,14,4222
4176.452,3390.927,48,14,4259
4177.453,426.500,86,28,4778
4180.457,1894.664,127,40,4341
4181.458,2094.367,109,53,4262
4191.468,1995.017,128,33,4305
4192.469,1064.745,117,29,4564
4193.470,277.978,44,17,4835
4194.472,1386.878,134,74,4509
4199.477,1015.572,106,22,4578
4202.480,1291.543,76,22,4531
4206.484,168.593,38,15,4874
4207.485,904.180,132,58,4611
4211.490,394.387,112,27,4788
4215.494,7.025,138,40,4918
4220.499,335.179,109,28,4806
4223.502,-333.172,100,17,5010
4225.505,811.856,126,42,4643
4226.506,1425.012,130,42,4506
4228.508,2034.155,142,57,4287
4232.512,62.219,116,34,4897
4233.513,676.379,140,61,4685
4237.517,1049.692,126,45,4572
4237.517,5307.669,113,36,4312
4238.518,2650.322,107,39,4229
4238.518,3124.992,60,21,4259
4241.522,1817.392,143,38,4376
4244.525,2380.373,102,21,4221
4248.529,-368.295,112,40,5008
4248.529,2116.444,123,27,4251
4251.532,936.293,133,34,4603
4255.537,2705.516,72,31,4253
4261.543,1387.882,122,45,4508
4263.545,146.515,70,14,4858
4263.545,453.595,37,22,4757
4263.545,5533.463,45,29,4323
4264.546,2196.727,156,36,4229
4268.550,1482.214,109,21,4496
4268.550,1773.237,104,35,4400
4269.552,102.360,62,14,4869
4272.555,358.260,139,43,4787
4273.556,2326.182,124,36,4222
4277.560,2822.929,195,62,4261
4279.562,5961.971,39,11,4320
4280.563,1929.788,168,83,4325
4280.563,2997.544,148,47,4263
4281.564,897.156,129,31,4616
4284.568,719.531,137,40,4669
4285.569,2053.222,150,26,4274
4287.571,5580.629,49,10,4318
4290.574,2483.736,150,57,4218
4293.577,2413.489,98,27,4220
4293.577,2924.286,175,38,4262
4296.580,2153.575,144,63,4239
4301.586,3058.759,98,38,4264
4302.587,5624.785,42,26,4319
4307.592,198.699,106,28,4824
4307.592,5524.432,34,16,4322
4307.592,5810.438,64,34,4319
4314.600,-301.059,53,16,4944
4315.601,1851.512,131,34,4360
4317.603,1677.902,104,49,4440
4321.607,677.383,92,21,4675
4321.607,2670.393,111,32,4236
4322.608,467.645,72,19,4740
4324.610,933.283,141,36,4608
4326.612,800.817,119,35,4642
4328.615,1000.519,132,38,4592
4330.617,393.384,135,16,4758
4330.617,868.053,120,48,4623
4331.618,2591.114,113,42,4231
4332.619,1354.765,95,39,4529
4333.620,-91.321,137,18,4885
4333.620,5627.795,45,11,4322
4342.629,2445.602,132,31,4220
4342.629,4684.477,28,15,4300
4343.631,611.150,127,46,4692
4344.632,1572.531,124,48,4474
4347.635,1746.142,122,40,4408
4348.636,75.265,120,36,4842
4348.636,5319.711,110,36,4315
4354.642,133.469,102,11,4824
4354.642,2724.583,148,49,4250
4356.644,1999.031,133,39,4292
4357.645,511.800,113,29,4718
4358.647,-45.159,104,26,4865
4358.647,16.056,123,34,4852
4358.647,200.706,128,42,4802
4358.647,2505.814,135,50,4227
4359.648,-315.108,119,23,4927
4370.659,750.640,123,36,4651
4370.659,2064.261,120,41,4263
4370.659,5499.343,53,21,4322
4371.660,336.182,155,58,4760
4372.661,2984.498,123,36,4267
4373.663,1026.611,52,20,4590
4375.665,1676.898,112,28,4439
4377.667,3046.716,102,31,4266
4379.669,1391.896,108,36,4509
4382.672,2389.404,154,25,4224
4386.676,-135.477,153,49,4863
4388.679,5344.800,92,18,4317
4389.680,964.392,99,25,4600
4389.680,5651.880,66,35,4324
4390.681,1905.703,102,20,4329
4391.682,5539.484,51,18,4320
4393.684,2652.329,131,40,4241
4395.686,-275.971,152,43,4894
4397.688,-35.124,62,19,4842
4397.688,541.906,135,58,4697
4401.692,1739.117,136,50,4403
4403.695,783.757,126,59,4637
4408.700,2553.983,103,27,4235
4410.702,1577.549,109,30,4467
4414.706,-327.151,154,28,4894
4414.706,2774.760,43,18,4260
4414.706,5304.659,112,28,4317
4416.708,874.074,37,15,4616
4421.714,2480.726,135,25,4225
4422.715,666.344,110,38,4661
4422.715,1202.229,70,19,4564
4422.715,3032.667,106,37,4268
4425.718,2424.528,151,57,4231
4426.719,1392.899,101,44,4507
4426.719,2318.154,38,17,4219
4429.722,2717.559,58,20,4245
4430.723,161.568,161,61,4782
4431.724,2871.099,103,25,4268
4434.728,2018.098,150,35,4281
4436.730,1783.272,138,18,4375
4437.731,403.419,84,21,4720
4438.732,317.115,130,23,4741
4440.734,1851.512,137,49,4346
4442.736,5664.926,47,15,4324
4443.737,1264.448,99,43,4551
4444.738,1464.150,49,15,4506
4446.740,2629.248,112,21,4241
4451.746,19.067,56,10,4802
4455.750,-225.794,137,20,4844
4457.752,1701.987,140,53,4409
4457.752,5443.146,40,15,4319
4460.755,-142.501,176,58,4825
4465.761,927.262,108,19,4601
4466.762,5552.530,65,35,4323
4467.763,2072.289,152,50,4252
4468.764,978.442,114,40,4594
4468.764,2747.665,99,31,4252
4471.767,2324.175,27,13,4220
4479.776,378.331,101,21,4714
4480.777,1447.090,45,23,4507
4480.777,2494.775,152,46,4228
4484.781,3753.201,63,28,4277
4486.783,538.896,124,54,4671
4486.783,1565.506,134,54,4458
4488.785,1249.395,103,44,4549
4491.788,2553.983,128,26,4238
4493.791,448.578,134,14,4691
4495.793,5600.700,67,26,4323
4496.794,1051.699,126,47,4584
4496.794,5412.036,51,22,4320
4497.795,801.820,48,18,4615
4500.798,1508.305,94,31,4485
4501.799,705.481,135,37,4632
4502.800,-81.286,120,37,4793
4503.801,2791.820,31,16,4265
4505.803,1345.733,126,28,4509
4507.806,2016.091,138,65,4274
4508.807,3779.293,69,20,4280
4508.807,5446.156,51,10,4320
4509.808,-232.819,141,37,4815
4511.810,2328.189,73,20,4221
4514.813,1823.414,154,44,4347
4515.814,2953.388,76,32,4272
4519.818,1906.707,134,42,4312
4524.824,2648.315,139,50,4245
4526.826,2598.139,139,33,4242
4527.827,-161.568,128,35,4793
4529.829,2711.538,114,38,4248
4530.830,1019.586,130,28,4581
4532.832,5640.841,67,10,4325
4536.836,-298.048,130,42,4817
4540.841,654.301,139,25,4632
4540.841,5423.075,41,14,4321
4540.841,5586.650,55,15,4324
4542.843,2473.701,126,40,4231
4544.845,328.154,151,18,4698
4547.848,1652.814,83,40,4412
4547.848,5516.403,72,39,4319
4548.849,2122.466,80,21,4245
4549.850,1172.123,97,31,4557
4549.850,1561.492,97,20,4448
4550.851,-64.226,147,39,4767
4550.851,119.420,166,39,4733
4551.852,5297.634,114,49,4320
4552.854,973.424,138,53,4580
4553.855,1341.719,135,30,4507
4554.856,432.521,166,43,4668
4554.856,2364.316,119,42,4223
4554.856,3785.314,71,20,4280
4557.859,3750.191,72,20,4279
4560.862,2544.952,152,58,4241
4562.864,5622.777,56,10,4324
4563.865,1937.816,96,15,4298
4565.867,1437.055,111,33,4486
4566.868,1846.495,147,62,4326
4566.868,5444.149,39,10,4321
4567.870,5541.492,70,18,4322
4569.872,600.111,172,58,4635
4574.877,1071.770,148,71,4559
4574.877,2962.420,159,72,4273
4578.881,1200.222,96,35,4542
4582.886,1513.323,125,61,4446
4584.888,270.953,180,65,4694
4585.889,1129.975,120,14,4551
4585.889,1748.149,101,27,4356
4586.890,2709.530,127,40,4248
4590.894,5573.605,65,42,4324
4592.896,1678.905,96,31,4380
4593.897,-115.406,155,44,4752
4593.897,1305.592,145,51,4503
4593.897,5809.434,48,33,4323
4594.898,-282.995,119,17,4783
4594.898,1014.569,139,20,4555
4597.902,468.648,109,21,4649
4597.902,673.368,149,21,4612
4599.904,336.182,126,37,4672
4602.907,1946.848,102,24,4292
4602.907,5484.290,41,15,4320
4605.910,1400.928,120,28,4479
4605.910,1999.031,129,40,4278
4606.911,511.800,132,13,4640
4606.911,782.753,151,49,4589
4608.913,2603.156,114,41,4244
4609.914,2434.563,118,39,4224
4625.931,66.233,173,63,4710
4625.931,1733.096,85,21,4345
4628.935,1350.751,155,41,4474
4636.943,723.545,158,38,4595
4640.947,1159.077,93,27,4521
4642.950,249.879,153,34,4670
4642.950,5636.827,42,14,4323
4647.955,5326.736,148,49,4323
4648.956,6103.468,47,27,4331
4649.957,179.632,150,41,4680
4649.957,1846.495,155,47,4307
4649.957,2975.466,89,40,4275
4650.958,1780.262,133,32,4317
4651.959,1692.955,119,54,4339
4653.961,2036.162,133,41,4263
4656.965,-237.837,79,18,4743
4657.966,477.680,161,34,4628
4658.967,-267.942,90,10,4746
4659.968,2522.874,199,44,4229
4659.968,2686.449,74,21,4248
4662.971,582.047,162,41,4610
4663.972,2835.975,79,53,4272
4665.974,2933.318,84,36,4275
4673.983,1974.947,128,39,4272
4673.983,5613.746,43,21,4323
4674.984,119.420,164,24,4681
4678.988,6070.352,38,11,4331
4681.991,300.055,150,31,4641
4681.991,668.351,185,72,4594
4682.992,5805.420,51,29,4324
4685.995,2626.237,93,26,4248
4687.998,-158.558,135,18,4718
4687.998,1037.650,116,24,4495
4687.998,1262.440,130,33,4473
4687.998,1901.689,152,31,4281
4698.008,5910.791,52,22,4330
4702.013,1618.694,79,39,4388
4703.014,-256.904,91,10,4726
4704.015,806.838,156,33,4550
4706.017,1087.826,128,28,4495
4707.018,1185.169,148,48,4475
4709.020,541.906,145,51,4604
4713.024,5934.875,52,24,4331
4715.026,2573.050,111,54,4231
4717.029,1412.970,147,63,4460
4718.030,1760.191,97,24,4309
4718.030,5317.704,57,16,4325
4719.031,1837.463,133,52,4284
4721.033,5282.581,54,11,4325
4722.034,2671.396,81,32,4247
4723.035,217.766,179,46,4642
4723.035,2748.668,96,29,4254
4724.036,1940.827,133,32,4273
4724.036,2886.152,32,11,4275
4725.037,744.619,122,29,4563
4727.039,985.466,183,55,4505
4728.040,1328.673,137,35,4478
4729.041,398.401,169,36,4611
4730.042,2514.846,115,48,4238
4730.042,5887.709,47,12,4330
4735.048,-75.265,196,77,4690
4735.048,1468.164,147,43,4447
4742.055,-247.872,80,21,4708
4745.058,336.182,167,46,4612
4745.058,5293.620,65,10,4326
4750.064,2024.120,126,64,4270
4756.070,496.747,107,16,4593
4756.070,1218.285,142,57,4500
4759.073,1740.121,104,44,4332
4763.078,1807.357,133,44,4310
4767.082,2840.993,51,22,4251
4772.087,1298.568,125,27,4497
4777.093,5802.409,57,39,4325
4779.095,2997.544,104,61,4261
4780.096,917.226,202,87,4520
4780.096,1515.330,130,45,4437
4787.103,233.822,158,27,4613
4791.108,2539.934,94,36,4248
4793.110,1420.998,128,42,4490
4795.112,2648.315,48,23,4231
4796.113,-152.537,147,44,4681
4798.115,-39.138,165,47,4667
4798.115,620.181,202,77,4562
4801.118,1142.017,124,61,4533
4803.120,538.896,129,20,4574
4804.121,1663.852,107,32,4387
4805.122,1991.003,116,37,4284
4809.127,2692.470,49,28,4232
4820.138,696.450,150,30,4519
4821.140,344.211,175,27,4582
4824.143,825.905,143,38,4548
4829.148,1711.018,127,39,4368
4831.150,1783.272,135,38,4340
4835.155,2857.049,70,21,4242
4835.155,5923.836,55,25,4334
4836.156,1866.565,110,46,4316
4846.166,181.639,128,34,4597
4850.171,6152.641,69,28,4331
4856.177,1625.718,68,22,4413
4857.178,2831.961,69,28,4251
4858.179,3241.401,41,22,4280
4859.180,2659.354,51,21,4248
4862.183,1044.675,124,48,4566
4863.184,-212.748,155,35,4664
4864.185,1244.377,74,18,4558
4868.190,115.406,156,43,4604
4873.195,1824.417,108,28,4334
4874.196,1098.865,101,24,4574
4875.197,296.041,197,89,4550
4876.198,618.174,162,34,4530
4876.198,720.534,142,41,4555
4876.198,5781.335,96,40,4326
4879.201,52.184,143,58,4621
4879.201,772.718,145,33,4569
4879.201,1452.108,145,26,4496
4879.201,2745.658,39,27,4253
4881.204,1197.211,101,31,4567
4881.204,2884.145,75,17,4251
4884.207,1740.121,120,32,4370
4884.207,5317.704,76,29,4328
4887.210,2466.676,30,16,4249
4888.211,1148.038,101,36,4575
4888.211,2691.467,46,14,4251
4889.212,381.341,193,72,4544
4895.219,1512.319,150,39,4469
4898.222,5673.957,114,39,4327
4904.228,487.715,200,56,4535
4905.229,-69.244,172,39,4631
4907.231,2838.986,48,15,4258
4909.233,202.713,161,32,4564
4912.237,3234.377,29,20,4265
4917.242,909.198,128,35,4588
4918.243,1047.685,104,32,4592
4918.243,6169.701,61,11,4333
4920.245,1410.963,106,26,4519
4925.251,732.577,126,33,4584
4925.251,1616.687,115,22,4429
4926.252,957.367,122,39,4588
4927.253,1776.248,124,38,4362
4928.254,2880.131,73,28,4261
4929.255,2936.328,99,53,4247
4932.258,1220.292,89,21,4581
4935.261,-149.526,239,84,4611
4940.267,1723.061,135,40,4389
4941.268,2765.728,90,39,4257
4945.272,6063.327,29,15,4336
4945.272,6145.616,57,25,4334
4949.276,2982.491,61,14,4253
4950.277,5282.581,65,15,4333
4952.279,586.061,154,64,4581
4954.281,1481.210,136,43,4491
4955.283,326.147,185,58,4596
4957.285,5315.697,73,23,4332
4960.288,1252.405,97,36,4582
4963.291,767.700,145,27,4602
4965.293,124.438,184,68,4580
4969.298,1647.796,122,54,4423
4972.301,835.940,179,64,4607
4972.301,2870.095,82,20,4262
4976.305,-22.078,191,68,4614
4976.305,2835.975,38,15,4261
4976.305,3060.766,42,10,4260
4979.308,1052.703,91,35,4605
4980.309,5780.332,54,26,4336
4981.310,1374.836,140,57,4541
4982.311,3159.112,35,10,4265
4984.314,5929.858,48,29,4337
4987.317,2710.534,52,15,4260
4988.318,5297.634,77,24,4335
4992.322,2772.753,57,34,4261
4993.323,1429.026,120,48,4517
4995.325,1833.449,39,14,4350
4996.326,60.212,204,41,4609
4997.327,2958.406,93,31,4253
4997.327,3101.911,95,20,4265
4998.328,6056.302,57,35,4338
5000.331,6133.574,42,18,4338
5001.332,639.248,100,50,4614
5001.332,2918.265,90,46,4260
5003.334,506.783,125,38,4603
5008.339,732.577,59,20,4620
5009.340,3012.596,65,16,4253
5010.341,2164.614,66,27,4284
5011.342,267.942,151,34,4622
5013.344,447.574,134,49,4607
5014.346,1470.171,110,13,4502
5023.355,2831.961,42,15,4267
5025.357,2806.873,46,17,4269
5028.360,1540.418,119,47,4470
5032.365,1295.557,137,59,4573
5032.365,3084.851,94,33,4265
5034.367,1020.590,100,49,4621
5035.368,1184.165,107,32,4603
5036.369,6111.496,44,10,4338
5038.371,3142.052,83,21,4267
5041.374,1139.006,106,45,4610
5042.375,188.664,244,63,4628
5045.379,5316.701,39,17,4333
5057.391,1486.228,99,13,4497
5058.392,1583.570,118,27,4458
5059.394,2773.756,36,13,4267
5060.395,673.368,62,29,4645
5063.398,311.094,103,20,4646
5065.400,-86.304,153,41,4675
5066.401,812.859,53,17,4640
5069.404,410.444,78,19,4644
5083.419,950.343,103,36,4637
5084.420,2652.329,124,35,4265
5086.422,1656.828,71,24,4428
5089.426,-162.572,177,36,4702
5091.428,1187.176,89,24,4607
5091.428,2854.039,61,29,4268
5096.433,6080.387,33,13,4339
5099.436,3024.639,143,65,4253
5100.437,1808.361,78,33,4372
5102.439,1123.953,81,31,4621
5102.439,1389.889,125,28,4543
5102.439,2560.005,109,31,4262
5103.441,623.192,45,18,4665
5103.441,1241.366,101,24,4595
5107.445,2724.583,32,19,4263
5107.445,6118.521,41,15,4339
5108.446,6174.719,44,18,4339
5109.447,455.603,127,56,4662
5110.448,3374.871,29,12,4279
5115.453,267.942,185,63,4668
5119.458,6050.281,44,12,4339
5120.459,2615.199,126,29,4266
5120.459,2697.488,38,13,4265
5125.464,909.198,111,21,4653
5125.464,1277.493,85,34,4585
5125.464,2903.212,105,49,4268
5125.464,3086.858,116,37,4265
5126.465,183.646,174,50,4665
5130.469,992.491,125,56,4641
5131.470,3660.877,76,20,4303
5135.475,558.966,45,17,4676
5136.476,6023.186,46,13,4339
5137.477,-84.297,159,33,4710
5137.477,1745.138,48,22,4397
5139.479,3197.246,59,14,4270
5143.483,2809.883,46,17,4268
5143.483,6122.535,81,18,4339
5144.484,2355.284,203,52,4276
5145.485,1875.597,101,32,4354
5147.487,20.071,148,54,4692
5147.487,1559.485,113,20,4469
5150.491,2208.769,186,51,4291
5150.491,2555.990,107,25,4265
5150.491,3134.024,97,17,4267
5151.492,2142.536,135,39,4300
5152.493,2281.023,189,34,4283
5152.493,2837.982,37,18,4269
5152.493,5817.462,199,58,4345
5153.494,5751.229,101,14,4343
5159.500,3877.639,66,16,4306
5160.501,1511.316,113,34,4492
5161.502,5926.847,228,44,4339
5162.503,1398.921,175,84,4540
5162.503,2733.615,65,37,4268
5163.505,2441.588,223,58,4272
5165.507,2682.435,42,17,4269
5168.510,1804.347,118,59,4380
5170.512,5295.627,77,16,4338
5172.514,741.609,40,28,4686
5175.517,359.264,46,16,4695
5175.517,3835.491,78,25,4308
5176.518,3748.184,72,30,4305
5176.518,5373.902,60,10,4336
5178.521,-43.152,166,57,4719
5179.522,877.085,95,38,4672
5179.522,3943.872,69,22,4310
5181.524,1035.643,112,16,4646
5186.529,3566.545,115,37,4305
5186.529,5499.343,75,18,4337
5188.531,5672.954,120,39,4337
5189.532,3470.206,33,17,4300
5189.532,3696.000,60,26,4307
5191.534,624.196,41,15,4702
5191.534,5622.777,51,19,4337
5196.540,6094.436,120,61,4342
5197.541,973.424,98,25,4661
5198.542,1295.557,128,34,4581
5198.542,6191.779,116,33,4342
5199.543,1540.418,106,35,4482
5200.544,3284.553,122,48,4276
5204.548,800.817,127,44,4690
5204.548,3060.766,109,25,4257
5204.548,6025.193,56,18,4342
5207.551,3893.696,88,47,4310
5208.553,3168.144,118,44,4269
5213.558,3808.396,87,42,4310
5214.559,594.090,43,12,4715
5216.561,93.328,151,33,4705
5216.561,216.762,152,37,4713
5218.563,293.031,46,17,4714
5218.563,1095.855,150,32,4639
5219.564,3723.096,58,22,4308
5220.565,922.244,90,22,4674
5222.568,523.843,43,18,4721
5223.569,3233.373,98,26,4274
5227.573,2989.515,40,22,4277
5227.573,5871.653,212,44,4340
5228.574,704.478,76,26,4709
5228.574,3643.817,37,18,4308
5229.575,3128.002,130,31,4260
5230.576,2673.403,75,16,4272
5230.576,3347.775,103,39,4276
5233.579,3542.460,107,42,4307
5234.580,1380.857,128,30,4549
5234.580,2613.192,79,15,4271
5244.591,146.515,142,33,4715
5248.595,377.327,48,21,4727
5248.595,4410.513,68,35,4330
5249.596,1527.372,104,31,4484
5250.597,3066.787,119,35,4264
5254.602,312.098,58,24,4730
5255.603,-101.357,38,14,4769
5259.607,3972.974,57,23,4311
5262.610,549.934,39,15,4736
5263.611,3197.246,129,43,4267
5270.619,2637.276,91,43,4275
5274.623,915.219,38,17,4688
5274.623,3010.589,95,33,4281
5275.624,2597.135,82,24,4274
5276.625,1048.689,172,75,4657
5277.626,982.456,126,38,4674
5278.627,732.577,124,39,4724
5280.629,3109.939,122,42,4261
5283.633,611.150,71,20,4744
5291.641,25.088,177,49,4746
5291.641,3270.504,99,23,4277
5292.642,3782.304,53,10,4311
5297.648,164.579,145,37,4739
5297.648,3966.953,62,21,4312
5298.649,220.777,142,53,4748
5299.650,1370.822,45,23,4556
5305.656,-73.258,134,32,4783
5306.657,805.834,132,53,4721
5310.661,545.920,34,12,4754
5313.665,863.036,71,17,4708
5317.669,3788.325,41,11,4312
5317.669,3828.466,42,16,4313
5321.673,109.385,165,26,4742
5321.673,605.128,54,18,4757
5321.673,1509.309,42,12,4494
5326.678,3912.763,40,30,4312
5328.681,3064.780,69,20,4281
5330.683,1225.310,89,13,4615
5334.687,510.797,108,15,4770
5335.688,3301.613,117,33,4279
5337.690,1467.161,54,29,4516
5339.692,3946.883,61,26,4313
5340.693,650.287,74,27,4759
5349.703,3167.140,120,68,4267
5358.713,890.131,61,21,4711
5361.716,3262.475,77,32,4266
5362.717,1162.088,141,56,4638
5365.720,1520.348,53,19,4492
5370.725,780.746,110,33,4743
5371.727,34.120,148,39,4781
5373.729,1261.437,122,21,4603
5381.737,343.207,65,21,4800
5382.738,1453.111,49,14,4522
5391.748,3039.692,60,28,4286
5392.749,116.409,166,74,4771
5394.751,540.903,115,57,4793
5394.751,2247.907,99,32,4304
5395.752,3250.433,59,21,4264
5396.753,1538.411,40,11,4487
5403.761,2705.516,33,18,4285
5404.762,1135.996,92,19,4650
5404.762,2659.354,32,17,4285
5411.769,-22.078,143,45,4813
5411.769,820.887,124,52,4740
5412.770,1210.257,112,26,4627
5413.771,754.654,93,18,4762
5418.777,3199.253,66,12,4275
5430.789,2517.856,34,10,4288
5431.791,3294.588,61,26,4267
5437.797,3229.359,42,15,4273
5438.798,286.006,58,23,4820
5439.799,-71.251,135,21,4841
5440.800,2351.270,89,32,4303
5441.801,1257.423,133,57,4609
5442.802,3905.738,45,10,4314
5443.803,2198.734,94,29,4314
5443.803,2484.740,33,15,4290
5444.804,630.217,63,32,4797
5444.804,670.358,78,22,4789
5446.807,456.606,129,36,4830
5449.810,2726.590,39,14,4290
5452.813,2512.839,32,10,4290
5453.814,2691.467,38,10,4291
5457.818,1399.924,118,38,4548
5459.820,1456.122,35,18,4527
5461.823,2290.055,102,23,4313
5463.825,409.440,120,18,4841
5463.825,1355.769,120,46,4570
5463.825,3123.988,86,38,4286
5465.827,711.503,92,22,4784
5468.830,2240.882,102,39,4317
5476.839,2334.210,84,25,4313
5486.849,2398.436,88,17,4305
5487.850,-55.194,148,17,4866
5492.856,503.772,158,58,4838
5495.859,1169.112,143,55,4646
5495.859,3244.412,41,13,4280
5497.861,1097.862,124,27,4670
5503.867,991.487,121,27,4702
5503.867,3420.030,158,45,4284
5508.873,870.060,111,23,4743
5510.875,2568.033,75,16,4289
5511.876,2521.870,81,28,4295
5513.878,294.034,67,21,4863
5513.878,3360.821,177,70,4275
5514.879,64.226,172,32,4854
5515.880,2344.246,74,34,4318
5526.892,2403.454,61,14,4313
5532.898,958.371,110,31,4717
5533.899,2496.782,75,20,4298
5534.900,2225.829,37,19,4322
5535.902,125.441,168,46,4849
5536.903,2548.966,63,17,4291
5538.905,811.856,160,87,4767
5538.905,3959.929,28,16,4319
5541.908,-21.074,115,23,4896
5542.909,613.157,119,27,4828
5549.916,2270.988,38,10,4320
5553.921,1596.616,66,10,4479
5553.921,2604.160,92,49,4294
5554.922,1530.383,80,42,4500
5556.924,513.807,148,40,4861
5561.929,433.525,157,67,4877
5561.929,2406.464,65,21,4313
5566.935,2985.501,76,40,4294
5569.938,3262.475,78,23,4287
5569.938,3895.703,29,23,4319
5571.940,1115.925,160,55,4664
5571.940,2245.900,42,10,4323
5573.942,78.275,163,69,4888
5573.942,2358.295,55,20,4321
5576.945,2512.839,71,22,4300
5583.953,776.732,140,31,4784
5584.954,3592.637,93,20,4311
5595.966,-28.099,140,23,4942
5598.969,1296.561,44,16,4603
5600.971,2477.715,108,37,4304
5600.971,3381.895,185,41,4277
5604.975,3531.421,120,53,4301
5605.976,2192.713,32,15,4322
5605.976,3220.327,105,26,4290
5610.982,670.358,147,58,4825
5610.982,2337.221,42,16,4322
5616.988,503.772,135,33,4878
5616.988,1326.666,53,23,4591
5618.990,1566.510,49,16,4492
5619.991,2752.682,67,19,4302
5620.992,571.008,116,38,4862
5626.999,2232.854,28,14,4323
5633.005,2638.280,93,29,4305
5635.007,3660.877,77,41,4318
5636.008,2690.463,104,48,4305
5638.010,1632.743,39,20,4471
5640.013,2446.606,109,43,4310
5642.015,2380.373,95,41,4318
5643.016,3606.686,94,32,4314
5646.019,2279.016,28,15,4324
5648.021,2601.149,51,23,4305
5650.023,2326.182,32,17,4322
5657.031,-24.085,153,32,4988
5662.036,3182.193,143,45,4295
5666.040,678.386,58,21,4830
5666.040,1174.130,55,28,4649
5671.046,495.744,127,32,4893
5671.046,3476.227,139,42,4288
5672.047,1088.830,116,47,4679
5673.048,3118.971,125,41,4297
5676.051,742.612,51,27,4807
5676.051,2776.767,77,14,4305
5676.051,3538.446,137,34,4302
5678.053,119.420,120,44,4958
5678.053,3242.405,137,38,4294
5683.058,611.150,130,41,4858
5683.058,1557.478,85,20,4501
5683.058,3366.842,227,88,4276
5688.064,2483.736,87,17,4309
5690.066,894.145,40,13,4749
5692.068,2734.619,113,37,4307
5694.070,711.503,63,18,4821
5698.074,2812.894,82,14,4306
5702.079,330.161,163,66,4947
5704.081,34.120,93,28,5005
5709.086,858.018,43,15,4765
5711.088,459.617,130,34,4912
5711.088,1507.302,117,45,4523
5714.091,1415.981,73,22,4562
5718.096,1130.978,49,17,4667
5720.098,3161.119,142,43,4299
5721.099,953.353,123,17,4728
5721.099,1366.808,81,29,4585
5730.109,3265.486,129,51,4296
5731.110,3506.333,145,43,4295
5741.120,1596.616,139,37,4492
5741.120,2541.941,130,31,4316
5742.121,2741.643,132,60,4310
5752.132,832.930,50,27,4780
5752.132,914.216,118,35,4744
5754.134,1359.783,69,32,4590
5756.136,1432.037,94,32,4564
5758.138,1529.379,126,55,4518
5758.138,2638.280,96,25,4314
5760.141,185.653,115,50,5004
5765.146,1275.486,89,53,4622
5765.146,1480.206,103,25,4540
5768.149,9.032,113,28,5046
5769.150,1031.629,155,58,4705
5770.151,372.310,156,29,4955
5779.161,2577.065,130,48,4319
5779.161,3399.959,35,11,4283
5782.164,527.857,128,33,4900
5784.166,294.034,142,33,4981
5791.174,3331.719,40,27,4291
5792.175,2503.807,112,41,4322
5796.179,1171.119,68,31,4655
5798.181,2725.587,101,27,4314
5799.182,3195.239,85,25,4301
5802.185,1458.129,77,16,4551
5808.192,959.374,159,53,4732
5810.194,826.909,81,16,4787
5812.196,1414.977,53,13,4570
5813.197,15.053,117,29,5062
5822.207,3226.348,71,19,4301
5824.209,2541.941,112,30,4323
5831.216,539.899,72,17,4902
5838.224,163.575,90,39,5032
5840.226,1344.730,104,45,4600
5842.228,885.113,156,47,4762
5844.230,1084.816,91,28,4686
5844.230,3574.573,75,33,4315
5845.231,53.187,109,40,5060
5855.242,423.490,54,23,4950
5855.242,1021.593,139,33,4715
5856.243,193.681,83,14,5025
5865.253,732.577,141,65,4826
5870.258,2957.402,107,45,4309
5871.259,3299.606,138,49,4297
5875.263,1230.328,105,56,4642
5876.264,1695.965,49,10,4457
5877.265,275.971,138,35,5003
5881.270,3486.263,161,83,4285
5885.274,2649.319,152,45,4324
5890.279,2998.547,104,26,4307
5891.280,467.645,92,37,4934
5894.284,3249.429,118,32,4302
5903.293,542.910,95,35,4905
5903.293,604.125,135,40,4882
5903.293,2740.640,41,14,4327
5906.296,364.281,140,42,4975
5908.299,1366.808,132,73,4597
5909.300,1178.144,93,22,4662
5909.300,1710.015,38,22,4453
5915.306,1215.275,95,35,4649
5917.308,2503.807,155,30,4331
5920.311,312.098,125,39,4993
5920.311,2903.212,101,31,4316
5920.311,3577.584,107,38,4320
5929.321,646.273,137,37,4866
5932.324,2957.402,108,32,4311
5937.329,203.717,124,38,5027
5940.333,705.481,151,38,4842
5943.336,3015.607,103,32,4309
5946.339,3272.511,126,47,4301
5949.342,543.913,110,35,4908
5950.343,3109.939,96,19,4308
5950.343,3191.225,55,20,4304
5952.345,2200.741,54,36,4349
5952.345,3329.712,120,24,4296
5960.354,934.286,73,19,4753
5963.357,2749.672,84,31,4334
5964.358,3445.118,154,34,4287
5975.370,1306.596,50,20,4621
5979.374,2442.592,91,14,4338
5979.374,2565.022,28,15,4334
5981.376,786.767,100,39,4809
5986.382,255.900,111,19,5007
5987.383,2101.391,82,39,4367
5988.384,3578.587,98,22,4323
5991.387,3012.596,60,23,4312
5991.387,3503.323,138,33,4299
5995.391,2149.561,70,21,4357
5999.396,407.433,114,36,4956
5999.396,2773.756,91,41,4334
5999.396,3678.940,114,67,4330
6000.397,2606.167,31,20,4334
6002.399,479.687,154,48,4931
6006.403,2970.448,63,18,4315
6006.403,3404.977,106,32,4291
6008.405,3108.935,125,69,4310
6009.406,2301.094,118,50,4343
6014.412,1315.628,41,28,4617
6015.413,2032.148,82,37,4378
6015.413,2481.729,103,39,4337
6017.415,2681.432,36,21,4334
6024.422,3638.799,90,28,4329
6035.434,616.167,149,46,4877
6035.434,2404.457,105,44,4351
6039.438,2553.983,50,23,4334
6039.438,2656.343,45,10,4334
6041.440,2728.598,44,22,4334
6043.443,71.251,95,29,5049
6044.444,2100.388,116,40,4363
6046.446,3306.631,105,25,4303
6047.447,2582.082,39,10,4335
6047.447,3588.623,106,30,4324
6051.451,1866.565,135,42,4405
6051.451,2030.141,98,23,4377
6053.453,768.704,74,26,4820
6062.463,550.938,121,24,4900
6062.463,3163.126,103,21,4304
6069.470,3420.030,116,53,4287
6070.471,2449.616,71,21,4352
6071.472,3226.348,104,35,4306
6072.474,3057.755,133,27,4311
6075.477,1938.820,119,16,4390
6076.478,3559.520,94,26,4324
6078.480,2931.311,87,24,4322
6083.485,2150.564,93,31,4353
6087.490,674.372,83,27,4851
6088.491,1824.417,148,48,4417
6088.491,2233.857,108,44,4354
6088.491,2770.746,135,43,4333
6089.492,3342.758,127,51,4304
6090.493,2658.350,30,16,4333
6093.496,1724.064,75,19,4448
6095.498,3666.898,68,23,4330
6096.499,3109.939,125,42,4307
6101.504,458.613,48,12,4926
6102.506,2058.240,86,35,4365
6105.509,894.145,134,51,4769
6106.510,2452.627,82,35,4354
6112.516,3599.661,75,13,4327
6115.519,977.438,84,12,4739
6119.524,3488.270,163,61,4298
6124.529,2978.476,140,40,4321
6130.535,669.354,97,22,4851
6131.537,3215.309,103,33,4311
6132.538,537.892,88,33,4898
6133.539,1932.798,144,28,4388
6134.540,261.921,137,41,4979
6141.547,1756.177,82,26,4435
6146.553,3402.970,144,36,4289
6148.555,1113.918,162,66,4684
6160.567,2936.328,150,55,4322
6160.567,3141.048,118,28,4312
6162.570,2333.207,60,20,4370
6164.572,2487.750,62,35,4349
6168.576,3030.660,178,60,4312
6169.577,2305.108,69,11,4370
6170.578,1026.611,125,23,4716
6172.580,2458.648,57,17,4362
6173.581,2863.071,85,23,4326
6174.582,3353.797,98,28,4300
6175.583,1871.583,156,60,4401
6175.583,2546.959,38,12,4336
6182.591,462.627,74,29,4911
6186.595,2278.013,60,13,4370
6199.609,2245.900,39,12,4370
6201.611,922.244,155,50,4760
6205.615,1153.056,126,25,4667
6211.622,1211.260,163,44,4645
6212.623,3204.271,129,43,4313
6213.624,2212.783,31,19,4370
6217.628,838.951,142,51,4782
6218.629,752.647,115,39,4819
6219.630,1963.908,144,56,4370
6221.633,3146.066,154,36,4315
6223.635,2665.375,76,32,4333
6227.639,2405.461,37,16,4371
6228.640,468.648,60,19,4900
6230.642,3029.656,154,20,4315
6235.647,317.115,131,34,4921
6236.649,1032.632,167,80,4712
6236.649,2801.855,149,61,4329
6243.656,881.099,135,15,4770
6248.661,1828.431,123,50,4406
6251.665,2411.482,38,14,4371
6252.666,127.448,99,30,4948
6255.669,2004.049,92,14,4377
6260.674,2520.867,54,25,4357
6261.675,2352.274,67,19,4371
6262.676,579.037,89,22,4862
6262.676,620.181,39,10,4851
6267.682,1914.735,131,45,4376
6274.689,2959.409,139,39,4315
6278.693,2653.333,49,15,4335
6280.696,772.718,77,27,4800
6288.704,2819.919,145,26,4327
6289.705,2385.390,59,16,4371
6290.706,2319.157,58,20,4372
6291.707,2892.173,130,14,4319
6295.712,2688.456,75,39,4337
6297.714,358.260,160,54,4891
6298.715,869.057,83,13,4767
6300.717,1886.636,97,23,4378
6302.719,1202.229,92,32,4641
6305.722,1703.994,35,17,4443
6312.730,2641.290,43,15,4338
6316.734,981.452,116,23,4726
6316.734,1145.028,88,36,4663
6318.736,2473.701,72,46,4370
6322.740,1391.896,130,57,4550
6323.741,1631.739,86,51,4466
6328.747,1817.392,118,47,4399
6330.749,2385.390,61,24,4372
6330.749,2507.821,75,21,4368
6335.754,1956.883,88,39,4391
6336.755,142.501,173,44,4887
6337.756,1267.458,81,33,4615
6342.762,757.665,84,27,4790
6342.762,797.806,94,28,4779
6350.770,662.330,57,26,4819
6356.777,556.959,78,28,4835
6357.778,1353.762,124,38,4568
6357.778,2340.231,59,16,4372
6360.781,1176.137,119,35,4644
6362.783,1232.335,116,29,4622
6362.783,2608.174,53,31,4349
6364.785,1902.692,91,31,4391
6365.786,2143.540,127,41,4375
6373.795,346.218,163,65,4852
6377.799,244.861,109,15,4859
6378.800,428.507,139,28,4844
6378.800,2524.881,78,20,4365
6379.801,2212.783,138,31,4372
6385.808,1427.019,94,26,4528
6386.809,1714.029,138,44,4426
6391.814,518.825,43,16,4823
6392.815,1628.729,148,57,4455
6392.815,2303.101,139,37,4372
6393.816,2487.750,86,29,4368
6394.817,652.294,72,43,4809
6397.820,1011.558,147,45,4701
6405.829,936.293,112,29,4730
6409.833,1888.643,66,19,4402
6411.835,1244.377,114,33,4610
6413.837,1132.985,142,47,4653
6415.840,2400.443,104,31,4371
6418.843,719.531,65,21,4779
6424.849,1810.368,118,61,4394
6435.861,1189.183,126,43,4626
6436.862,857.014,128,41,4744
6437.863,790.781,77,18,4759
6438.864,1404.942,126,29,4529
6441.867,2253.928,127,23,4384
6443.869,168.593,142,30,4827
6447.874,2209.773,118,40,4395
6450.877,922.244,122,45,4724
6453.880,232.819,43,18,4814
6454.881,2098.381,126,35,4403
6464.892,1339.712,154,54,4557
6465.893,1068.759,108,25,4662
6468.896,1800.332,106,23,4407
6475.904,1009.551,82,28,4678
6479.908,643.263,102,44,4772
6479.908,2145.547,99,16,4408
6480.909,1461.139,184,57,4498
6481.910,1869.576,60,16,4417
6488.917,1963.908,66,32,4412
6490.920,1238.356,168,51,4595
6500.930,2063.257,97,17,4415
6506.937,557.963,51,31,4766
6509.940,1161.084,146,39,4620
6525.957,255.900,147,47,4766
6526.958,189.667,100,27,4771
6526.958,1364.801,163,52,4524
6527.959,885.113,92,28,4710
6535.968,626.203,102,49,4748
6535.968,1760.191,97,38,4418
6541.974,1899.682,57,19,4427
6546.979,1819.400,90,31,4432
6549.983,675.376,96,32,4738
6551.985,1448.094,152,22,4487
6553.987,1585.577,134,31,4435
6576.010,1249.395,96,24,4556
6577.011,1678.905,77,34,4413
6585.020,535.885,89,23,4726
6592.027,982.456,183,75,4642
6595.031,886.117,115,47,4670
6596.032,1315.628,105,22,4516
6599.035,252.890,76,20,4725
6599.035,1510.312,173,39,4450
6605.041,1403.938,136,33,4487
6624.062,1572.531,194,46,4423
6626.064,228.805,96,27,4713
6633.071,1252.405,135,39,4532
6636.074,808.845,72,19,4672
6648.087,264.932,70,22,4701
6649.088,858.018,105,14,4645
6651.090,1467.161,129,28,4448
6653.093,1047.685,158,40,4607
6663.103,452.592,49,18,4691
6665.105,570.005,60,11,4689
6667.107,1403.938,142,21,4457
6668.109,392.380,59,34,4690
6678.119,496.747,71,36,4682
6684.126,1336.702,199,42,4470
6686.128,1122.950,203,88,4574
6692.134,357.257,45,16,4680
6700.143,246.868,113,25,4678
6702.145,1019.586,130,32,4589
6705.148,902.173,146,45,4601
6705.148,1255.416,153,24,4493
6709.152,290.020,66,31,4673
6712.155,382.345,46,10,4669
6729.174,417.468,75,17,4659
6740.185,849.990,65,28,4594
6751.197,949.339,145,24,4570
6762.209,1028.618,133,26,4564
6770.217,647.277,116,42,4636
6771.218,376.324,133,27,4631
6772.220,535.885,110,37,4631
6772.220,801.820,36,14,4592
6788.237,330.161,143,51,4630
6788.237,718.527,61,24,4617
6798.247,434.528,118,18,4616
6817.268,479.687,138,54,4611
6818.269,291.024,124,55,4656
6829.280,554.952,136,31,4608
6856.309,407.433,91,25,4650
6856.309,653.298,134,18,4588
6858.311,357.257,107,17,4663
6866.320,451.588,115,30,4647
6887.342,532.874,111,14,4630
