{
  "type": "FeatureCollection",
  "name": "oak-leaf-knoll",
  "features": [
    {
      "type": "Feature",
      "properties": {
        "kind": "analysis_metadata",
        "id": "oak-leaf-knoll",
        "phase": "C12",
        "title": "Oak Leaf knoll site analysis",
        "purpose": "Describe the land for a slope-following redesign. Analysis only — no house proposed.",
        "centre": [
          -119.15536,
          34.4331
        ],
        "window_m": 100.0,
        "contour_interval_m": 0.5,
        "sample_step_m": 1.0,
        "slope_classes_pct": {
          "easy": 15.0,
          "care": 25.0
        },
        "stats": {
          "relief_m": 7.81,
          "elev_min_m": 419.19,
          "elev_max_m": 427.0,
          "elev_centre_m": 425.62,
          "slope_under_15_pct_of_window": 78.5,
          "slope_15_to_25_pct_of_window": 10.0,
          "slope_over_25_pct_of_window": 11.5,
          "buildable_area_m2": 5922.0,
          "oaks_in_window": 69,
          "oaks_removed_by_edit": 14,
          "oaks_standing": 55
        },
        "sources": [
          {
            "layer": "elevation / contours / slope",
            "file": "terrain/{z}/{x}/{y}.png",
            "source": "USGS 3DEP 1 m (CA_SoCal_Wildfires_B3_2018), terrarium-encoded",
            "resolution": "1 m (sampled at 1 m over the window)",
            "authority": "derived",
            "captured": "2018",
            "pack_maxzoom": 17
          },
          {
            "layer": "oaks (canopy tops + drip line)",
            "file": "trees.csv",
            "source": "2018 lidar CHM local maxima; crown_radius_dm as drip-line radius",
            "resolution": "tops under 2.5 m not listed; positions integer decimetres",
            "authority": "derived",
            "captured": "2018",
            "note": "No species column — on this knoll the recorded canopy is treated as the surveyed oaks. Owner edit trees-around-the-house flags removals within 12 m of the house footprint."
          },
          {
            "layer": "owner tree removals (flag only)",
            "file": "edits.geojson#trees-around-the-house",
            "source": "owner confirmation 2026-09-18",
            "resolution": "12 m buffer around county house footprint",
            "authority": "owner"
          },
          {
            "layer": "plan frame",
            "file": "pack.json frame",
            "source": "equirectangular metres at origin_lat",
            "resolution": "91818.211 m/deg lng, 110540.000 m/deg lat",
            "authority": "pack"
          }
        ],
        "plan_image": "analysis/oak-leaf-knoll.png",
        "measured_note": "Across the current Oak Leaf footprint the pack DEM falls 5.44 m, lowest toward the south-west (bearing 228°). This analysis covers the 100×100 m knoll window."
      },
      "geometry": {
        "type": "Polygon",
        "coordinates": [
          [
            [
              -119.15590455428237,
              34.43264767504976
            ],
            [
              -119.15481544571763,
              34.43264767504976
            ],
            [
              -119.15481544571763,
              34.43355232495025
            ],
            [
              -119.15590455428237,
              34.43355232495025
            ],
            [
              -119.15590455428237,
              34.43264767504976
            ]
          ]
        ]
      }
    },
    {
      "type": "Feature",
      "properties": {
        "kind": "slope_class",
        "class": "slope_under_15",
        "note": "easy to build on",
        "area_m2": 1126.5
      },
      "geometry": {
        "type": "MultiPolygon",
        "coordinates": [
          [
            [
              [
                -119.15590455428237,
                34.43267933779627
              ],
              [
                -119.15589366319674,
                34.43267933779627
              ],
              [
                -119.15588821765391,
                34.43268386104578
              ],
              [
                -119.15588277211108,
                34.43268838429528
              ],
              [
                -119.15587188102543,
                34.43268838429528
              ],
              [
                -119.15586098993978,
                34.43268838429528
              ],
              [
                -119.15585009885415,
                34.43268838429528
              ],
              [
                -119.1558392077685,
                34.43268838429528
              ],
              [
                -119.15582831668284,
                34.43268838429528
              ],
              [
                -119.15581742559719,
                34.43268838429528
              ],
              [
                -119.15580653451156,
                34.43268838429528
              ],
              [
                -119.1557956434259,
                34.43268838429528
              ],
              [
                -119.15578475234025,
                34.43268838429528
              ],
              [
                -119.1557738612546,
                34.43268838429528
              ],
              [
                -119.15576297016896,
                34.43268838429528
              ],
              [
                -119.15575207908331,
                34.43268838429528
              ],
              [
                -119.15574118799766,
                34.43268838429528
              ],
              [
                -119.15573574245484,
                34.432692907544784
              ],
              [
                -119.15573029691201,
                34.432697430794285
              ],
              [
                -119.15572485136919,
                34.432692907544784
              ],
              [
                -119.15571940582637,
                34.43268838429528
              ],
              [
                -119.15571396028355,
                34.432692907544784
              ],
              [
                -119.15570851474072,
                34.432697430794285
              ],
              [
                -119.15569762365507,
                34.432697430794285
              ],
              [
                -119.15568673256942,
                34.432697430794285
              ],
              [
                -119.15567584148378,
                34.432697430794285
              ],
              [
                -119.15567039594096,
                34.432701954043786
              ],
              [
                -119.15566495039813,
                34.43270647729329
              ],
              [
                -119.15565950485531,
                34.432701954043786
              ],
              [
                -119.15565405931248,
                34.432697430794285
              ],
              [
                -119.15564316822683,
                34.432697430794285
              ],
              [
                -119.155637722684,
                34.432692907544784
              ],
              [
                -119.1556322771412,
                34.43268838429528
              ],
              [
                -119.15562138605554,
                34.43268838429528
              ],
              [
                -119.15561594051272,
                34.432692907544784
              ],
              [
                -119.15561049496989,
                34.432697430794285
              ],
              [
                -119.15559960388424,
                34.432697430794285
              ],
              [
                -119.1555887127986,
                34.432697430794285
              ],
              [
                -119.15557782171295,
                34.432697430794285
              ],
              [
                -119.15557237617013,
                34.432701954043786
              ],
              [
                -119.15557237617013,
                34.432711000542795
              ],
              [
                -119.15557237617013,
                34.4327200470418
              ],
              [
                -119.15557237617013,
                34.4327290935408
              ],
              [
                -119.1555669306273,
                34.43273361679031
              ],
              [
                -119.15556148508448,
                34.43273814003981
              ],
              [
                -119.15555603954165,
                34.43274266328931
              ],
              [
                -119.15555059399884,
                34.43273814003981
              ],
              [
                -119.15555059399884,
                34.4327290935408
              ],
              [
                -119.15555603954165,
                34.4327245702913
              ],
              [
                -119.15556148508448,
                34.4327200470418
              ],
              [
                -119.15556148508448,
                34.432711000542795
              ],
              [
                -119.15555603954165,
                34.43270647729329
              ],
              [
                -119.15554514845601,
                34.43270647729329
              ],
              [
                -119.15553425737036,
                34.43270647729329
              ],
              [
                -119.15552336628471,
                34.43270647729329
              ],
              [
                -119.15551247519906,
                34.43270647729329
              ],
              [
                -119.15550158411342,
                34.43270647729329
              ],
              [
                -119.15549069302777,
                34.43270647729329
              ],
              [
                -119.15547980194212,
                34.43270647729329
              ],
              [
                -119.1554743563993,
                34.432711000542795
              ],
              [
                -119.15546891085647,
                34.4327155237923
              ],
              [
                -119.15545801977083,
                34.4327155237923
              ],
              [
                -119.15544712868518,
                34.4327155237923
              ],
              [
                -119.15543623759953,
                34.4327155237923
              ],
              [
                -119.15542534651388,
                34.4327155237923
              ],
              [
                -119.15541990097107,
                34.4327200470418
              ],
              [
                -119.15541445542824,
                34.4327245702913
              ],
              [
                -119.15540356434259,
                34.4327245702913
              ],
              [
                -119.15539267325694,
                34.4327245702913
              ],
              [
                -119.15538178217129,
                34.4327245702913
              ],
              [
                -119.15537089108565,
                34.4327245702913
              ],
              [
                -119.15536,
                34.4327245702913
              ],
              [
                -119.15534910891435,
                34.4327245702913
              ],
              [
                -119.15534366337153,
                34.4327290935408
              ],
              [
                -119.15533821782871,
                34.43273361679031
              ],
              [
                -119.15532732674306,
                34.43273361679031
              ],
              [
                -119.15531643565741,
                34.43273361679031
              ],
              [
                -119.15530554457176,
                34.43273361679031
              ],
              [
                -119.15530009902893,
                34.43273814003981
              ],
              [
                -119.15529465348612,
                34.43274266328931
              ],
              [
                -119.15528376240047,
                34.43274266328931
              ],
              [
                -119.15527287131482,
                34.43274266328931
              ],
              [
                -119.15526198022917,
                34.43274266328931
              ],
              [
                -119.15525108914353,
                34.43274266328931
              ],
              [
                -119.15524019805788,
                34.43274266328931
              ],
              [
                -119.15522930697223,
                34.43274266328931
              ],
              [
                -119.15521841588658,
                34.43274266328931
              ],
              [
                -119.15520752480094,
                34.43274266328931
              ],
              [
                -119.15519663371529,
                34.43274266328931
              ],
              [
                -119.15518574262964,
                34.43274266328931
              ],
              [
                -119.15517485154399,
                34.43274266328931
              ],
              [
                -119.15516396045835,
                34.43274266328931
              ],
              [
                -119.1551530693727,
                34.43274266328931
              ],
              [
                -119.15514217828705,
                34.43274266328931
              ],
              [
                -119.1551312872014,
                34.43274266328931
              ],
              [
                -119.15512039611576,
                34.43274266328931
              ],
              [
                -119.15510950503011,
                34.43274266328931
              ],
              [
                -119.15509861394446,
                34.43274266328931
              ],
              [
                -119.15508772285881,
                34.43274266328931
              ],
              [
                -119.15507683177317,
                34.43274266328931
              ],
              [
                -119.15506594068752,
                34.43274266328931
              ],
              [
                -119.1550604951447,
                34.43273814003981
              ],
              [
                -119.15505504960187,
                34.43273361679031
              ],
              [
                -119.15504415851622,
                34.43273361679031
              ],
              [
                -119.15503326743058,
                34.43273361679031
              ],
              [
                -119.15502237634493,
                34.43273361679031
              ],
              [
                -119.15501148525928,
                34.43273361679031
              ],
              [
                -119.15500059417363,
                34.43273361679031
              ],
              [
                -119.15498970308799,
                34.43273361679031
              ],
              [
                -119.15497881200234,
                34.43273361679031
              ],
              [
                -119.15496792091669,
                34.43273361679031
              ],
              [
                -119.15495702983104,
                34.43273361679031
              ],
              [
                -119.15495158428823,
                34.43273814003981
              ],
              [
                -119.1549461387454,
                34.43274266328931
              ],
              [
                -119.15494069320258,
                34.43273814003981
              ],
              [
                -119.15493524765975,
                34.43273361679031
              ],
              [
                -119.1549243565741,
                34.43273361679031
              ],
              [
                -119.15491346548845,
                34.43273361679031
              ],
              [
                -119.15490801994564,
                34.43273814003981
              ],
              [
                -119.15490801994564,
                34.43274718653881
              ],
              [
                -119.15490257440281,
                34.43275170978831
              ],
              [
                -119.15489712885999,
                34.43274718653881
              ],
              [
                -119.15489168331716,
                34.43274266328931
              ],
              [
                -119.15488623777433,
                34.43273814003981
              ],
              [
                -119.15488623777433,
                34.4327290935408
              ],
              [
                -119.15488079223151,
                34.4327245702913
              ],
              [
                -119.15486990114586,
                34.4327245702913
              ],
              [
                -119.15486445560305,
                34.4327200470418
              ],
              [
                -119.15485901006022,
                34.4327155237923
              ],
              [
                -119.15484811897457,
                34.4327155237923
              ],
              [
                -119.15484267343174,
                34.432711000542795
              ],
              [
                -119.15484267343174,
                34.432701954043786
              ],
              [
                -119.15483722788892,
                34.432697430794285
              ],
              [
                -119.1548317823461,
                34.432701954043786
              ],
              [
                -119.15482633680327,
                34.43270647729329
              ],
              [
                -119.15482089126046,
                34.432701954043786
              ],
              [
                -119.15481544571763,
                34.432697430794285
              ],
              [
                -119.15590455428237,
                34.43267933779627
              ]
            ]
          ],
          [
            [
              [
                -119.15590455428237,
                34.43302310475846
              ],
              [
                -119.15589366319674,
                34.43302310475846
              ],
              [
                -119.15588277211108,
                34.43302310475846
              ],
              [
                -119.15587732656826,
                34.43302762800796
              ],
              [
                -119.15587188102543,
                34.433032151257464
              ],
              [
                -119.15586098993978,
                34.433032151257464
              ],
              [
                -119.15585554439696,
                34.43303667450697
              ],
              [
                -119.15585009885415,
                34.433041197756474
              ],
              [
                -119.1558392077685,
                34.433041197756474
              ],
              [
                -119.15582831668284,
                34.433041197756474
              ],
              [
                -119.15582287114002,
                34.433045721005975
              ],
              [
                -119.15581742559719,
                34.433050244255476
              ],
              [
                -119.15580653451156,
                34.433050244255476
              ],
              [
                -119.1557956434259,
                34.433050244255476
              ],
              [
                -119.15578475234025,
                34.433050244255476
              ],
              [
                -119.1557738612546,
                34.433050244255476
              ],
              [
                -119.15576841571178,
                34.43305476750498
              ],
              [
                -119.15576297016896,
                34.43305929075448
              ],
              [
                -119.15575207908331,
                34.43305929075448
              ],
              [
                -119.15574118799766,
                34.43305929075448
              ],
              [
                -119.15573574245484,
                34.43306381400399
              ],
              [
                -119.15573029691201,
                34.43306833725349
              ],
              [
                -119.15571940582637,
                34.43306833725349
              ],
              [
                -119.15571396028355,
                34.43307286050299
              ],
              [
                -119.15570851474072,
                34.43307738375249
              ],
              [
                -119.15569762365507,
                34.43307738375249
              ],
              [
                -119.15568673256942,
                34.43307738375249
              ],
              [
                -119.1556812870266,
                34.43308190700199
              ],
              [
                -119.1556812870266,
                34.433090953501
              ],
              [
                -119.15567584148378,
                34.4330954767505
              ],
              [
                -119.15567039594096,
                34.433090953501
              ],
              [
                -119.15566495039813,
                34.43308643025149
              ],
              [
                -119.15565950485531,
                34.43308190700199
              ],
              [
                -119.15565405931248,
                34.43307738375249
              ],
              [
                -119.15564316822683,
                34.43307738375249
              ],
              [
                -119.1556322771412,
                34.43307738375249
              ],
              [
                -119.15562683159837,
                34.43307286050299
              ],
              [
                -119.15562138605554,
                34.43306833725349
              ],
              [
                -119.15561049496989,
                34.43306833725349
              ],
              [
                -119.15559960388424,
                34.43306833725349
              ],
              [
                -119.1555887127986,
                34.43306833725349
              ],
              [
                -119.15557782171295,
                34.43306833725349
              ],
              [
                -119.15557237617013,
                34.43306381400399
              ],
              [
                -119.1555669306273,
                34.43305929075448
              ],
              [
                -119.15556148508448,
                34.43306381400399
              ],
              [
                -119.15555603954165,
                34.43306833725349
              ],
              [
                -119.15555059399884,
                34.43306381400399
              ],
              [
                -119.15554514845601,
                34.43305929075448
              ],
              [
                -119.15553425737036,
                34.43305929075448
              ],
              [
                -119.15552336628471,
                34.43305929075448
              ],
              [
                -119.15551792074189,
                34.43305476750498
              ],
              [
                -119.15551247519906,
                34.433050244255476
              ],
              [
                -119.15550158411342,
                34.433050244255476
              ],
              [
                -119.15549069302777,
                34.433050244255476
              ],
              [
                -119.15548524748495,
                34.433045721005975
              ],
              [
                -119.15547980194212,
                34.433041197756474
              ],
              [
                -119.15546891085647,
                34.433041197756474
              ],
              [
                -119.15545801977083,
                34.433041197756474
              ],
              [
                -119.15544712868518,
                34.433041197756474
              ],
              [
                -119.15544168314236,
                34.43303667450697
              ],
              [
                -119.15543623759953,
                34.433032151257464
              ],
              [
                -119.15542534651388,
                34.433032151257464
              ],
              [
                -119.15541445542824,
                34.433032151257464
              ],
              [
                -119.15540356434259,
                34.433032151257464
              ],
              [
                -119.15539811879977,
                34.43303667450697
              ],
              [
                -119.15539267325694,
                34.433041197756474
              ],
              [
                -119.15538178217129,
                34.433041197756474
              ],
              [
                -119.15537633662848,
                34.43303667450697
              ],
              [
                -119.15537089108565,
                34.433032151257464
              ],
              [
                -119.15536544554283,
                34.43302762800796
              ],
              [
                -119.15536,
                34.43302310475846
              ],
              [
                -119.15535455445718,
                34.43301858150896
              ],
              [
                -119.15534910891435,
                34.43301405825946
              ],
              [
                -119.15533821782871,
                34.43301405825946
              ],
              [
                -119.15533277228589,
                34.43300953500995
              ],
              [
                -119.15532732674306,
                34.43300501176045
              ],
              [
                -119.15531643565741,
                34.43300501176045
              ],
              [
                -119.15530554457176,
                34.43300501176045
              ],
              [
                -119.15529465348612,
                34.43300501176045
              ],
              [
                -119.15528376240047,
                34.43300501176045
              ],
              [
                -119.15527287131482,
                34.43300501176045
              ],
              [
                -119.155267425772,
                34.43300048851095
              ],
              [
                -119.15526198022917,
                34.43299596526145
              ],
              [
                -119.15525653468634,
                34.43300048851095
              ],
              [
                -119.15525108914353,
                34.43300501176045
              ],
              [
                -119.15524564360071,
                34.43300048851095
              ],
              [
                -119.15524019805788,
                34.43299596526145
              ],
              [
                -119.15522930697223,
                34.43299596526145
              ],
              [
                -119.15521841588658,
                34.43299596526145
              ],
              [
                -119.15520752480094,
                34.43299596526145
              ],
              [
                -119.15519663371529,
                34.43299596526145
              ],
              [
                -119.15518574262964,
                34.43299596526145
              ],
              [
                -119.15517485154399,
                34.43299596526145
              ],
              [
                -119.15516940600116,
                34.43300048851095
              ],
              [
                -119.15516396045835,
                34.43300501176045
              ],
              [
                -119.1551530693727,
                34.43300501176045
              ],
              [
                -119.15514217828705,
                34.43300501176045
              ],
              [
                -119.1551312872014,
                34.43300501176045
              ],
              [
                -119.15512584165857,
                34.43300048851095
              ],
              [
                -119.15512039611576,
                34.43299596526145
              ],
              [
                -119.15511495057294,
                34.43299144201195
              ],
              [
                -119.15510950503011,
                34.432986918762445
              ],
              [
                -119.15509861394446,
                34.432986918762445
              ],
              [
                -119.15508772285881,
                34.432986918762445
              ],
              [
                -119.155082277316,
                34.43298239551294
              ],
              [
                -119.15507683177317,
                34.432977872263436
              ],
              [
                -119.15507138623035,
                34.432973349013935
              ],
              [
                -119.15507138623035,
                34.43296430251493
              ],
              [
                -119.15507138623035,
                34.43295525601592
              ],
              [
                -119.15507138623035,
                34.43294620951692
              ],
              [
                -119.15507138623035,
                34.43293716301792
              ],
              [
                -119.15507138623035,
                34.43292811651891
              ],
              [
                -119.15507138623035,
                34.432919070019906
              ],
              [
                -119.15506594068752,
                34.432914546770405
              ],
              [
                -119.15505504960187,
                34.432914546770405
              ],
              [
                -119.15504960405904,
                34.432910023520904
              ],
              [
                -119.15504415851622,
                34.432905500271396
              ],
              [
                -119.15503326743058,
                34.432905500271396
              ],
              [
                -119.15502782188776,
                34.432910023520904
              ],
              [
                -119.15502237634493,
                34.432914546770405
              ],
              [
                -119.15501148525928,
                34.432914546770405
              ],
              [
                -119.15500059417363,
                34.432914546770405
              ],
              [
                -119.15499514863082,
                34.432910023520904
              ],
              [
                -119.15498970308799,
                34.432905500271396
              ],
              [
                -119.15498425754517,
                34.432900977021895
              ],
              [
                -119.15497881200234,
                34.43289645377239
              ],
              [
                -119.15496792091669,
                34.43289645377239
              ],
              [
                -119.15496247537386,
                34.43289193052289
              ],
              [
                -119.15495702983104,
                34.43288740727339
              ],
              [
                -119.15495158428823,
                34.43288288402388
              ],
              [
                -119.1549461387454,
                34.43287836077438
              ],
              [
                -119.15493524765975,
                34.43287836077438
              ],
              [
                -119.1549243565741,
                34.43287836077438
              ],
              [
                -119.15491346548845,
                34.43287836077438
              ],
              [
                -119.15490801994564,
                34.43288288402388
              ],
              [
                -119.15490257440281,
                34.43288740727339
              ],
              [
                -119.15489712885999,
                34.43289193052289
              ],
              [
                -119.15489168331716,
                34.43289645377239
              ],
              [
                -119.15488079223151,
                34.43289645377239
              ],
              [
                -119.15486990114586,
                34.43289645377239
              ],
              [
                -119.15486445560305,
                34.432900977021895
              ],
              [
                -119.15485901006022,
                34.432905500271396
              ],
              [
                -119.15484811897457,
                34.432905500271396
              ],
              [
                -119.15484267343174,
                34.432910023520904
              ],
              [
                -119.15483722788892,
                34.432914546770405
              ],
              [
                -119.1548317823461,
                34.432919070019906
              ],
              [
                -119.15482633680327,
                34.43292359326941
              ],
              [
                -119.15482089126046,
                34.43292811651891
              ],
              [
                -119.15481544571763,
                34.43293263976841
              ],
              [
                -119.15590455428237,
                34.43302310475846
              ]
            ]
          ],
          [
            [
              [
                -119.15481544571763,
                34.43266124479827
              ],
              [
                -119.15482089126046,
                34.43266576804777
              ],
              [
                -119.15482633680327,
                34.43267029129727
              ],
              [
                -119.15483722788892,
                34.43267029129727
              ],
              [
                -119.15484811897457,
                34.43267029129727
              ],
              [
                -119.1548535645174,
                34.43267481454677
              ],
              [
                -119.15485901006022,
                34.43267933779627
              ],
              [
                -119.15486990114586,
                34.43267933779627
              ],
              [
                -119.15488079223151,
                34.43267933779627
              ],
              [
                -119.15488623777433,
                34.43268386104578
              ],
              [
                -119.15489168331716,
                34.43268838429528
              ],
              [
                -119.15490257440281,
                34.43268838429528
              ],
              [
                -119.15491346548845,
                34.43268838429528
              ],
              [
                -119.15491891103127,
                34.432692907544784
              ],
              [
                -119.1549243565741,
                34.432697430794285
              ],
              [
                -119.15493524765975,
                34.432697430794285
              ],
              [
                -119.1549461387454,
                34.432697430794285
              ],
              [
                -119.15495702983104,
                34.432697430794285
              ],
              [
                -119.15496792091669,
                34.432697430794285
              ],
              [
                -119.15497336645952,
                34.432692907544784
              ],
              [
                -119.15497881200234,
                34.43268838429528
              ],
              [
                -119.15498970308799,
                34.43268838429528
              ],
              [
                -119.15499514863082,
                34.432692907544784
              ],
              [
                -119.15500059417363,
                34.432697430794285
              ],
              [
                -119.15501148525928,
                34.432697430794285
              ],
              [
                -119.15502237634493,
                34.432697430794285
              ],
              [
                -119.15503326743058,
                34.432697430794285
              ],
              [
                -119.15503871297341,
                34.432701954043786
              ],
              [
                -119.15504415851622,
                34.43270647729329
              ],
              [
                -119.15505504960187,
                34.43270647729329
              ],
              [
                -119.15506594068752,
                34.43270647729329
              ],
              [
                -119.15507683177317,
                34.43270647729329
              ],
              [
                -119.15508772285881,
                34.43270647729329
              ],
              [
                -119.15509861394446,
                34.43270647729329
              ],
              [
                -119.15510950503011,
                34.43270647729329
              ],
              [
                -119.15512039611576,
                34.43270647729329
              ],
              [
                -119.1551312872014,
                34.43270647729329
              ],
              [
                -119.15514217828705,
                34.43270647729329
              ],
              [
                -119.1551530693727,
                34.43270647729329
              ],
              [
                -119.15516396045835,
                34.43270647729329
              ],
              [
                -119.15517485154399,
                34.43270647729329
              ],
              [
                -119.15518029708682,
                34.432711000542795
              ],
              [
                -119.15518574262964,
                34.4327155237923
              ],
              [
                -119.15519663371529,
                34.4327155237923
              ],
              [
                -119.15520752480094,
                34.4327155237923
              ],
              [
                -119.15521841588658,
                34.4327155237923
              ],
              [
                -119.1552238614294,
                34.432711000542795
              ],
              [
                -119.15522930697223,
                34.43270647729329
              ],
              [
                -119.15524019805788,
                34.43270647729329
              ],
              [
                -119.15525108914353,
                34.43270647729329
              ],
              [
                -119.15526198022917,
                34.43270647729329
              ],
              [
                -119.15527287131482,
                34.43270647729329
              ],
              [
                -119.15528376240047,
                34.43270647729329
              ],
              [
                -119.15529465348612,
                34.43270647729329
              ],
              [
                -119.15530009902893,
                34.432701954043786
              ],
              [
                -119.15530554457176,
                34.432697430794285
              ],
              [
                -119.15531643565741,
                34.432697430794285
              ],
              [
                -119.15532188120024,
                34.432692907544784
              ],
              [
                -119.15531643565741,
                34.43268838429528
              ],
              [
                -119.15530554457176,
                34.43268838429528
              ],
              [
                -119.15530009902893,
                34.43268386104578
              ],
              [
                -119.15529465348612,
                34.43267933779627
              ],
              [
                -119.1552892079433,
                34.43268386104578
              ],
              [
                -119.15528376240047,
                34.43268838429528
              ],
              [
                -119.15527287131482,
                34.43268838429528
              ],
              [
                -119.15526198022917,
                34.43268838429528
              ],
              [
                -119.15525108914353,
                34.43268838429528
              ],
              [
                -119.15524019805788,
                34.43268838429528
              ],
              [
                -119.15522930697223,
                34.43268838429528
              ],
              [
                -119.15521841588658,
                34.43268838429528
              ],
              [
                -119.15520752480094,
                34.43268838429528
              ],
              [
                -119.15519663371529,
                34.43268838429528
              ],
              [
                -119.15518574262964,
                34.43268838429528
              ],
              [
                -119.15517485154399,
                34.43268838429528
              ],
              [
                -119.15516396045835,
                34.43268838429528
              ],
              [
                -119.15515851491553,
                34.432692907544784
              ],
              [
                -119.1551530693727,
                34.432697430794285
              ],
              [
                -119.15514217828705,
                34.432697430794285
              ],
              [
                -119.15513673274423,
                34.432692907544784
              ],
              [
                -119.1551312872014,
                34.43268838429528
              ],
              [
                -119.15512039611576,
                34.43268838429528
              ],
              [
                -119.15510950503011,
                34.43268838429528
              ],
              [
                -119.15509861394446,
                34.43268838429528
              ],
              [
                -119.15508772285881,
                34.43268838429528
              ],
              [
                -119.15507683177317,
                34.43268838429528
              ],
              [
                -119.15506594068752,
                34.43268838429528
              ],
              [
                -119.15505504960187,
                34.43268838429528
              ],
              [
                -119.15504415851622,
                34.43268838429528
              ],
              [
                -119.15503326743058,
                34.43268838429528
              ],
              [
                -119.15502237634493,
                34.43268838429528
              ],
              [
                -119.15501148525928,
                34.43268838429528
              ],
              [
                -119.15500603971645,
                34.43268386104578
              ],
              [
                -119.15500059417363,
                34.43267933779627
              ],
              [
                -119.15499514863082,
                34.43267481454677
              ],
              [
                -119.15498970308799,
                34.43267029129727
              ],
              [
                -119.15498425754517,
                34.43266576804777
              ],
              [
                -119.15497881200234,
                34.43266124479827
              ],
              [
                -119.15497336645952,
                34.43266576804777
              ],
              [
                -119.15497336645952,
                34.43267481454677
              ],
              [
                -119.15496792091669,
                34.43267933779627
              ],
              [
                -119.15495702983104,
                34.43267933779627
              ],
              [
                -119.1549461387454,
                34.43267933779627
              ],
              [
                -119.15493524765975,
                34.43267933779627
              ],
              [
                -119.15492980211692,
                34.43267481454677
              ],
              [
                -119.15493524765975,
                34.43267029129727
              ],
              [
                -119.1549461387454,
                34.43267029129727
              ],
              [
                -119.15495158428823,
                34.43266576804777
              ],
              [
                -119.15495158428823,
                34.43265672154877
              ],
              [
                -119.15495702983104,
                34.43265219829926
              ],
              [
                -119.15496247537386,
                34.43264767504976
              ],
              [
                -119.15481544571763,
                34.43266124479827
              ]
            ]
          ],
          [
            [
              [
                -119.15539267325694,
                34.43316784874254
              ],
              [
                -119.15539811879977,
                34.43317237199204
              ],
              [
                -119.15540356434259,
                34.433176895241544
              ],
              [
                -119.15540900988542,
                34.433181418491046
              ],
              [
                -119.15540356434259,
                34.43318594174055
              ],
              [
                -119.15539811879977,
                34.433190464990055
              ],
              [
                -119.15539811879977,
                34.43319951148906
              ],
              [
                -119.15540356434259,
                34.43320403473856
              ],
              [
                -119.15540900988542,
                34.43320855798806
              ],
              [
                -119.15541445542824,
                34.43321308123756
              ],
              [
                -119.15542534651388,
                34.43321308123756
              ],
              [
                -119.15543623759953,
                34.43321308123756
              ],
              [
                -119.15544168314236,
                34.43321760448707
              ],
              [
                -119.15544712868518,
                34.43322212773657
              ],
              [
                -119.15545801977083,
                34.43322212773657
              ],
              [
                -119.15546891085647,
                34.43322212773657
              ],
              [
                -119.15547980194212,
                34.43322212773657
              ],
              [
                -119.15549069302777,
                34.43322212773657
              ],
              [
                -119.15550158411342,
                34.43322212773657
              ],
              [
                -119.15551247519906,
                34.43322212773657
              ],
              [
                -119.15551792074189,
                34.43322665098607
              ],
              [
                -119.15552336628471,
                34.43323117423557
              ],
              [
                -119.15552881182754,
                34.433235697485074
              ],
              [
                -119.15552336628471,
                34.43324022073458
              ],
              [
                -119.15551247519906,
                34.43324022073458
              ],
              [
                -119.15550158411342,
                34.43324022073458
              ],
              [
                -119.15549069302777,
                34.43324022073458
              ],
              [
                -119.15547980194212,
                34.43324022073458
              ],
              [
                -119.15546891085647,
                34.43324022073458
              ],
              [
                -119.15545801977083,
                34.43324022073458
              ],
              [
                -119.15544712868518,
                34.43324022073458
              ],
              [
                -119.15544168314236,
                34.433235697485074
              ],
              [
                -119.15543623759953,
                34.43323117423557
              ],
              [
                -119.1554307920567,
                34.433235697485074
              ],
              [
                -119.15542534651388,
                34.43324022073458
              ],
              [
                -119.15541990097107,
                34.433235697485074
              ],
              [
                -119.15541445542824,
                34.43323117423557
              ],
              [
                -119.15540356434259,
                34.43323117423557
              ],
              [
                -119.15539811879977,
                34.433235697485074
              ],
              [
                -119.15539267325694,
                34.43324022073458
              ],
              [
                -119.15538178217129,
                34.43324022073458
              ],
              [
                -119.15537089108565,
                34.43324022073458
              ],
              [
                -119.15536544554283,
                34.433235697485074
              ],
              [
                -119.15536,
                34.43323117423557
              ],
              [
                -119.15535455445718,
                34.433235697485074
              ],
              [
                -119.15534910891435,
                34.43324022073458
              ],
              [
                -119.15533821782871,
                34.43324022073458
              ],
              [
                -119.15532732674306,
                34.43324022073458
              ],
              [
                -119.15531643565741,
                34.43324022073458
              ],
              [
                -119.15531099011459,
                34.433235697485074
              ],
              [
                -119.15530554457176,
                34.43323117423557
              ],
              [
                -119.15530009902893,
                34.433235697485074
              ],
              [
                -119.15530009902893,
                34.43324474398408
              ],
              [
                -119.15529465348612,
                34.433249267233585
              ],
              [
                -119.15528376240047,
                34.433249267233585
              ],
              [
                -119.15527831685765,
                34.43324474398408
              ],
              [
                -119.15527287131482,
                34.43324022073458
              ],
              [
                -119.15526198022917,
                34.43324022073458
              ],
              [
                -119.15525108914353,
                34.43324022073458
              ],
              [
                -119.15524564360071,
                34.433235697485074
              ],
              [
                -119.15524019805788,
                34.43323117423557
              ],
              [
                -119.15523475251506,
                34.43322665098607
              ],
              [
                -119.15522930697223,
                34.43322212773657
              ],
              [
                -119.1552238614294,
                34.43321760448707
              ],
              [
                -119.15521841588658,
                34.43321308123756
              ],
              [
                -119.15521297034375,
                34.43320855798806
              ],
              [
                -119.15520752480094,
                34.43320403473856
              ],
              [
                -119.15520207925812,
                34.43319951148906
              ],
              [
                -119.15519663371529,
                34.433194988239556
              ],
              [
                -119.15519118817247,
                34.433190464990055
              ],
              [
                -119.15519118817247,
                34.433181418491046
              ],
              [
                -119.15519663371529,
                34.433176895241544
              ],
              [
                -119.15520752480094,
                34.433176895241544
              ],
              [
                -119.15521841588658,
                34.433176895241544
              ],
              [
                -119.1552238614294,
                34.433181418491046
              ],
              [
                -119.15522930697223,
                34.43318594174055
              ],
              [
                -119.15524019805788,
                34.43318594174055
              ],
              [
                -119.15524564360071,
                34.433190464990055
              ],
              [
                -119.15525108914353,
                34.433194988239556
              ],
              [
                -119.15525653468634,
                34.43319951148906
              ],
              [
                -119.15526198022917,
                34.43320403473856
              ],
              [
                -119.155267425772,
                34.43320855798806
              ],
              [
                -119.15527287131482,
                34.43321308123756
              ],
              [
                -119.15528376240047,
                34.43321308123756
              ],
              [
                -119.15529465348612,
                34.43321308123756
              ],
              [
                -119.15530554457176,
                34.43321308123756
              ],
              [
                -119.15531643565741,
                34.43321308123756
              ],
              [
                -119.15532732674306,
                34.43321308123756
              ],
              [
                -119.15533821782871,
                34.43321308123756
              ],
              [
                -119.15534366337153,
                34.43320855798806
              ],
              [
                -119.15534910891435,
                34.43320403473856
              ],
              [
                -119.15536,
                34.43320403473856
              ],
              [
                -119.15537089108565,
                34.43320403473856
              ],
              [
                -119.15538178217129,
                34.43320403473856
              ],
              [
                -119.15538722771412,
                34.43319951148906
              ],
              [
                -119.15538178217129,
                34.433194988239556
              ],
              [
                -119.15537633662848,
                34.433190464990055
              ],
              [
                -119.15538178217129,
                34.43318594174055
              ],
              [
                -119.15538722771412,
                34.433181418491046
              ],
              [
                -119.15538722771412,
                34.43317237199204
              ],
              [
                -119.15539267325694,
                34.43316784874254
              ]
            ]
          ],
          [
            [
              [
                -119.15581742559719,
                34.433122616247516
              ],
              [
                -119.15582287114002,
                34.43312713949702
              ],
              [
                -119.15581742559719,
                34.43313166274652
              ],
              [
                -119.15581198005437,
                34.43313618599602
              ],
              [
                -119.15580653451156,
                34.43314070924553
              ],
              [
                -119.15580108896873,
                34.43314523249503
              ],
              [
                -119.1557956434259,
                34.43314975574453
              ],
              [
                -119.15579019788308,
                34.43315427899403
              ],
              [
                -119.15579019788308,
                34.433163325493034
              ],
              [
                -119.15578475234025,
                34.43316784874254
              ],
              [
                -119.15577930679743,
                34.43317237199204
              ],
              [
                -119.1557738612546,
                34.433176895241544
              ],
              [
                -119.15576841571178,
                34.433181418491046
              ],
              [
                -119.15576841571178,
                34.433190464990055
              ],
              [
                -119.15576841571178,
                34.43319951148906
              ],
              [
                -119.15576297016896,
                34.43320403473856
              ],
              [
                -119.15575752462614,
                34.43320855798806
              ],
              [
                -119.15575752462614,
                34.43321760448707
              ],
              [
                -119.15575207908331,
                34.43322212773657
              ],
              [
                -119.15574663354049,
                34.43322665098607
              ],
              [
                -119.15574118799766,
                34.43323117423557
              ],
              [
                -119.15573574245484,
                34.433235697485074
              ],
              [
                -119.15573029691201,
                34.43324022073458
              ],
              [
                -119.15572485136919,
                34.43324474398408
              ],
              [
                -119.15571940582637,
                34.433249267233585
              ],
              [
                -119.15571396028355,
                34.433253790483086
              ],
              [
                -119.15570851474072,
                34.43325831373259
              ],
              [
                -119.1557030691979,
                34.433253790483086
              ],
              [
                -119.1557030691979,
                34.43324474398408
              ],
              [
                -119.15569762365507,
                34.43324022073458
              ],
              [
                -119.15569217811225,
                34.433235697485074
              ],
              [
                -119.15568673256942,
                34.43323117423557
              ],
              [
                -119.15567584148378,
                34.43323117423557
              ],
              [
                -119.15567039594096,
                34.43322665098607
              ],
              [
                -119.15567039594096,
                34.43321760448707
              ],
              [
                -119.15567039594096,
                34.43320855798806
              ],
              [
                -119.15567584148378,
                34.43320403473856
              ],
              [
                -119.15568673256942,
                34.43320403473856
              ],
              [
                -119.15569762365507,
                34.43320403473856
              ],
              [
                -119.15570851474072,
                34.43320403473856
              ],
              [
                -119.15571396028355,
                34.43319951148906
              ],
              [
                -119.15571396028355,
                34.433190464990055
              ],
              [
                -119.15571940582637,
                34.43318594174055
              ],
              [
                -119.15572485136919,
                34.433181418491046
              ],
              [
                -119.15572485136919,
                34.43317237199204
              ],
              [
                -119.15572485136919,
                34.433163325493034
              ],
              [
                -119.15571940582637,
                34.43315880224353
              ],
              [
                -119.15571396028355,
                34.43315427899403
              ],
              [
                -119.15571396028355,
                34.43314523249503
              ],
              [
                -119.15571396028355,
                34.43313618599602
              ],
              [
                -119.15571940582637,
                34.43313166274652
              ],
              [
                -119.15572485136919,
                34.43313618599602
              ],
              [
                -119.15573029691201,
                34.43314070924553
              ],
              [
                -119.15574118799766,
                34.43314070924553
              ],
              [
                -119.15574663354049,
                34.43314523249503
              ],
              [
                -119.15574663354049,
                34.43315427899403
              ],
              [
                -119.15575207908331,
                34.43315880224353
              ],
              [
                -119.15575752462614,
                34.43315427899403
              ],
              [
                -119.15576297016896,
                34.43314975574453
              ],
              [
                -119.15576841571178,
                34.43314523249503
              ],
              [
                -119.1557738612546,
                34.43314070924553
              ],
              [
                -119.15577930679743,
                34.43313618599602
              ],
              [
                -119.15578475234025,
                34.43313166274652
              ],
              [
                -119.15579019788308,
                34.43312713949702
              ],
              [
                -119.1557956434259,
                34.433122616247516
              ],
              [
                -119.15580653451156,
                34.433122616247516
              ],
              [
                -119.15581742559719,
                34.433122616247516
              ]
            ]
          ],
          [
            [
              [
                -119.15481544571763,
                34.43286026777638
              ],
              [
                -119.15482089126046,
                34.43285574452687
              ],
              [
                -119.15482089126046,
                34.432846698027866
              ],
              [
                -119.15482089126046,
                34.432837651528864
              ],
              [
                -119.15482633680327,
                34.432833128279356
              ],
              [
                -119.1548317823461,
                34.432837651528864
              ],
              [
                -119.15483722788892,
                34.432842174778365
              ],
              [
                -119.15484267343174,
                34.432837651528864
              ],
              [
                -119.15484811897457,
                34.432833128279356
              ],
              [
                -119.15485901006022,
                34.432833128279356
              ],
              [
                -119.15486445560305,
                34.432828605029854
              ],
              [
                -119.15486990114586,
                34.43282408178035
              ],
              [
                -119.15487534668868,
                34.43281955853085
              ],
              [
                -119.15488079223151,
                34.43281503528135
              ],
              [
                -119.15489168331716,
                34.43281503528135
              ],
              [
                -119.15490257440281,
                34.43281503528135
              ],
              [
                -119.15491346548845,
                34.43281503528135
              ],
              [
                -119.1549243565741,
                34.43281503528135
              ],
              [
                -119.15493524765975,
                34.43281503528135
              ],
              [
                -119.1549461387454,
                34.43281503528135
              ],
              [
                -119.15495158428823,
                34.43281955853085
              ],
              [
                -119.15495702983104,
                34.43282408178035
              ],
              [
                -119.15496247537386,
                34.43281955853085
              ],
              [
                -119.15496792091669,
                34.43281503528135
              ],
              [
                -119.15497881200234,
                34.43281503528135
              ],
              [
                -119.15498970308799,
                34.43281503528135
              ],
              [
                -119.15500059417363,
                34.43281503528135
              ],
              [
                -119.15501148525928,
                34.43281503528135
              ],
              [
                -119.1550169308021,
                34.43281955853085
              ],
              [
                -119.15502237634493,
                34.43282408178035
              ],
              [
                -119.15503326743058,
                34.43282408178035
              ],
              [
                -119.15504415851622,
                34.43282408178035
              ],
              [
                -119.15505504960187,
                34.43282408178035
              ],
              [
                -119.15506594068752,
                34.43282408178035
              ],
              [
                -119.15507138623035,
                34.432828605029854
              ],
              [
                -119.15507683177317,
                34.432833128279356
              ],
              [
                -119.15508772285881,
                34.432833128279356
              ],
              [
                -119.15509861394446,
                34.432833128279356
              ],
              [
                -119.15510950503011,
                34.432833128279356
              ],
              [
                -119.15512039611576,
                34.432833128279356
              ],
              [
                -119.1551312872014,
                34.432833128279356
              ],
              [
                -119.15514217828705,
                34.432833128279356
              ],
              [
                -119.1551530693727,
                34.432833128279356
              ],
              [
                -119.15515851491553,
                34.432837651528864
              ],
              [
                -119.15516396045835,
                34.432842174778365
              ],
              [
                -119.15517485154399,
                34.432842174778365
              ],
              [
                -119.15518574262964,
                34.432842174778365
              ],
              [
                -119.15519118817247,
                34.432846698027866
              ],
              [
                -119.15519663371529,
                34.43285122127737
              ],
              [
                -119.15520207925812,
                34.43285574452687
              ],
              [
                -119.15520752480094,
                34.43286026777638
              ],
              [
                -119.15521297034375,
                34.43286479102588
              ],
              [
                -119.15521841588658,
                34.43286931427538
              ],
              [
                -119.1552238614294,
                34.43287383752488
              ],
              [
                -119.15521841588658,
                34.43287836077438
              ],
              [
                -119.15521297034375,
                34.43287383752488
              ],
              [
                -119.15520752480094,
                34.43286931427538
              ],
              [
                -119.15519663371529,
                34.43286931427538
              ],
              [
                -119.15519118817247,
                34.43287383752488
              ],
              [
                -119.15518574262964,
                34.43287836077438
              ],
              [
                -119.15518029708682,
                34.43288288402388
              ],
              [
                -119.15518029708682,
                34.43289193052289
              ],
              [
                -119.15518574262964,
                34.43289645377239
              ],
              [
                -119.15519663371529,
                34.43289645377239
              ],
              [
                -119.15520752480094,
                34.43289645377239
              ],
              [
                -119.15521841588658,
                34.43289645377239
              ],
              [
                -119.15522930697223,
                34.43289645377239
              ],
              [
                -119.15524019805788,
                34.43289645377239
              ],
              [
                -119.15524564360071,
                34.43289193052289
              ],
              [
                -119.15525108914353,
                34.43288740727339
              ],
              [
                -119.15526198022917,
                34.43288740727339
              ],
              [
                -119.15527287131482,
                34.43288740727339
              ],
              [
                -119.15527831685765,
                34.43289193052289
              ],
              [
                -119.15528376240047,
                34.43289645377239
              ],
              [
                -119.15529465348612,
                34.43289645377239
              ],
              [
                -119.15530554457176,
                34.43289645377239
              ],
              [
                -119.15531643565741,
                34.43289645377239
              ],
              [
                -119.15532732674306,
                34.43289645377239
              ],
              [
                -119.15533821782871,
                34.43289645377239
              ],
              [
                -119.15534366337153,
                34.432900977021895
              ],
              [
                -119.15534910891435,
                34.432905500271396
              ],
              [
                -119.15536,
                34.432905500271396
              ],
              [
                -119.15537089108565,
                34.432905500271396
              ],
              [
                -119.15538178217129,
                34.432905500271396
              ],
              [
                -119.15539267325694,
                34.432905500271396
              ],
              [
                -119.15539811879977,
                34.432910023520904
              ],
              [
                -119.15540356434259,
                34.432914546770405
              ],
              [
                -119.15541445542824,
                34.432914546770405
              ],
              [
                -119.15542534651388,
                34.432914546770405
              ],
              [
                -119.15543623759953,
                34.432914546770405
              ],
              [
                -119.15544712868518,
                34.432914546770405
              ],
              [
                -119.15545801977083,
                34.432914546770405
              ],
              [
                -119.15546891085647,
                34.432914546770405
              ],
              [
                -119.15547980194212,
                34.432914546770405
              ],
              [
                -119.15549069302777,
                34.432914546770405
              ],
              [
                -119.15550158411342,
                34.432914546770405
              ],
              [
                -119.15551247519906,
                34.432914546770405
              ],
              [
                -119.15552336628471,
                34.432914546770405
              ],
              [
                -119.15552881182754,
                34.432919070019906
              ],
              [
                -119.15553425737036,
                34.43292359326941
              ],
              [
                -119.15554514845601,
                34.43292359326941
              ],
              [
                -119.15555603954165,
                34.43292359326941
              ],
              [
                -119.1555669306273,
                34.43292359326941
              ],
              [
                -119.15557237617013,
                34.43292811651891
              ],
              [
                -119.15557782171295,
                34.43293263976841
              ],
              [
                -119.1555887127986,
                34.43293263976841
              ],
              [
                -119.15559415834143,
                34.43292811651891
              ],
              [
                -119.15559960388424,
                34.43292359326941
              ],
              [
                -119.15561049496989,
                34.43292359326941
              ],
              [
                -119.15562138605554,
                34.43292359326941
              ],
              [
                -119.15562683159837,
                34.43292811651891
              ],
              [
                -119.1556322771412,
                34.43293263976841
              ],
              [
                -119.15564316822683,
                34.43293263976841
              ],
              [
                -119.15565405931248,
                34.43293263976841
              ],
              [
                -119.15566495039813,
                34.43293263976841
              ],
              [
                -119.15567584148378,
                34.43293263976841
              ],
              [
                -119.15568673256942,
                34.43293263976841
              ],
              [
                -119.15569762365507,
                34.43293263976841
              ],
              [
                -119.15570851474072,
                34.43293263976841
              ],
              [
                -119.15571940582637,
                34.43293263976841
              ],
              [
                -119.15573029691201,
                34.43293263976841
              ],
              [
                -119.15574118799766,
                34.43293263976841
              ],
              [
                -119.15575207908331,
                34.43293263976841
              ],
              [
                -119.15576297016896,
                34.43293263976841
              ],
              [
                -119.1557738612546,
                34.43293263976841
              ],
              [
                -119.15578475234025,
                34.43293263976841
              ],
              [
                -119.1557956434259,
                34.43293263976841
              ],
              [
                -119.15580653451156,
                34.43293263976841
              ],
              [
                -119.15581742559719,
                34.43293263976841
              ],
              [
                -119.15582831668284,
                34.43293263976841
              ],
              [
                -119.1558392077685,
                34.43293263976841
              ],
              [
                -119.15585009885415,
                34.43293263976841
              ],
              [
                -119.15585554439696,
                34.43292811651891
              ],
              [
                -119.15586098993978,
                34.43292359326941
              ],
              [
                -119.15587188102543,
                34.43292359326941
              ],
              [
                -119.15588277211108,
                34.43292359326941
              ],
              [
                -119.15588821765391,
                34.43292811651891
              ],
              [
                -119.15589366319674,
                34.43293263976841
              ],
              [
                -119.15589910873955,
                34.43292811651891
              ],
              [
                -119.15590455428237,
                34.43292359326941
              ],
              [
                -119.15481544571763,
                34.43286026777638
              ]
            ]
          ],
          [
            [
              [
                -119.15546346531366,
                34.43264767504976
              ],
              [
                -119.15545801977083,
                34.43265219829926
              ],
              [
                -119.15545257422801,
                34.43265672154877
              ],
              [
                -119.15544712868518,
                34.43266124479827
              ],
              [
                -119.15543623759953,
                34.43266124479827
              ],
              [
                -119.15542534651388,
                34.43266124479827
              ],
              [
                -119.15541445542824,
                34.43266124479827
              ],
              [
                -119.15540900988542,
                34.43266576804777
              ],
              [
                -119.15540356434259,
                34.43267029129727
              ],
              [
                -119.15539267325694,
                34.43267029129727
              ],
              [
                -119.15538722771412,
                34.43267481454677
              ],
              [
                -119.15538178217129,
                34.43267933779627
              ],
              [
                -119.15537089108565,
                34.43267933779627
              ],
              [
                -119.15536,
                34.43267933779627
              ],
              [
                -119.15534910891435,
                34.43267933779627
              ],
              [
                -119.15533821782871,
                34.43267933779627
              ],
              [
                -119.15532732674306,
                34.43267933779627
              ],
              [
                -119.15532188120024,
                34.43268386104578
              ],
              [
                -119.15532732674306,
                34.43268838429528
              ],
              [
                -119.15533821782871,
                34.43268838429528
              ],
              [
                -119.15534910891435,
                34.43268838429528
              ],
              [
                -119.15536,
                34.43268838429528
              ],
              [
                -119.15537089108565,
                34.43268838429528
              ],
              [
                -119.15538178217129,
                34.43268838429528
              ],
              [
                -119.15539267325694,
                34.43268838429528
              ],
              [
                -119.15539811879977,
                34.43268386104578
              ],
              [
                -119.15540356434259,
                34.43267933779627
              ],
              [
                -119.15541445542824,
                34.43267933779627
              ],
              [
                -119.15542534651388,
                34.43267933779627
              ],
              [
                -119.15543623759953,
                34.43267933779627
              ],
              [
                -119.15544712868518,
                34.43267933779627
              ],
              [
                -119.15545801977083,
                34.43267933779627
              ],
              [
                -119.15546891085647,
                34.43267933779627
              ],
              [
                -119.1554743563993,
                34.43267481454677
              ],
              [
                -119.15547980194212,
                34.43267029129727
              ],
              [
                -119.15549069302777,
                34.43267029129727
              ],
              [
                -119.15550158411342,
                34.43267029129727
              ],
              [
                -119.15551247519906,
                34.43267029129727
              ],
              [
                -119.15552336628471,
                34.43267029129727
              ],
              [
                -119.15553425737036,
                34.43267029129727
              ],
              [
                -119.15553970291319,
                34.43266576804777
              ],
              [
                -119.15554514845601,
                34.43266124479827
              ],
              [
                -119.15555603954165,
                34.43266124479827
              ],
              [
                -119.1555669306273,
                34.43266124479827
              ],
              [
                -119.15557782171295,
                34.43266124479827
              ],
              [
                -119.1555887127986,
                34.43266124479827
              ],
              [
                -119.15559415834143,
                34.43266576804777
              ],
              [
                -119.15559960388424,
                34.43267029129727
              ],
              [
                -119.15560504942707,
                34.43266576804777
              ],
              [
                -119.15560504942707,
                34.43265672154877
              ],
              [
                -119.15560504942707,
                34.43264767504976
              ],
              [
                -119.15546346531366,
                34.43264767504976
              ]
            ]
          ],
          [
            [
              [
                -119.15481544571763,
                34.43353875520174
              ],
              [
                -119.15482089126046,
                34.43353423195224
              ],
              [
                -119.15482633680327,
                34.433529708702736
              ],
              [
                -119.15483722788892,
                34.433529708702736
              ],
              [
                -119.15484267343174,
                34.433525185453234
              ],
              [
                -119.15484811897457,
                34.43352066220373
              ],
              [
                -119.15485901006022,
                34.43352066220373
              ],
              [
                -119.15486990114586,
                34.43352066220373
              ],
              [
                -119.15488079223151,
                34.43352066220373
              ],
              [
                -119.15488623777433,
                34.433525185453234
              ],
              [
                -119.15489168331716,
                34.433529708702736
              ],
              [
                -119.15490257440281,
                34.433529708702736
              ],
              [
                -119.15490801994564,
                34.433525185453234
              ],
              [
                -119.15491346548845,
                34.43352066220373
              ],
              [
                -119.1549243565741,
                34.43352066220373
              ],
              [
                -119.15493524765975,
                34.43352066220373
              ],
              [
                -119.1549461387454,
                34.43352066220373
              ],
              [
                -119.15495702983104,
                34.43352066220373
              ],
              [
                -119.15496792091669,
                34.43352066220373
              ],
              [
                -119.15497881200234,
                34.43352066220373
              ],
              [
                -119.15498970308799,
                34.43352066220373
              ],
              [
                -119.15499514863082,
                34.433525185453234
              ],
              [
                -119.15499514863082,
                34.43353423195224
              ],
              [
                -119.15498970308799,
                34.43353875520174
              ],
              [
                -119.15498425754517,
                34.43353423195224
              ],
              [
                -119.15497881200234,
                34.433529708702736
              ],
              [
                -119.15497336645952,
                34.43353423195224
              ],
              [
                -119.15496792091669,
                34.43353875520174
              ],
              [
                -119.15495702983104,
                34.43353875520174
              ],
              [
                -119.1549461387454,
                34.43353875520174
              ],
              [
                -119.15493524765975,
                34.43353875520174
              ],
              [
                -119.1549243565741,
                34.43353875520174
              ],
              [
                -119.15491346548845,
                34.43353875520174
              ],
              [
                -119.15490257440281,
                34.43353875520174
              ],
              [
                -119.15489168331716,
                34.43353875520174
              ],
              [
                -119.15488079223151,
                34.43353875520174
              ],
              [
                -119.15487534668868,
                34.43354327845124
              ],
              [
                -119.15486990114586,
                34.43354780170075
              ],
              [
                -119.15486445560305,
                34.43354327845124
              ],
              [
                -119.15485901006022,
                34.43353875520174
              ],
              [
                -119.15484811897457,
                34.43353875520174
              ],
              [
                -119.15484267343174,
                34.43354327845124
              ],
              [
                -119.15483722788892,
                34.43354780170075
              ],
              [
                -119.1548317823461,
                34.43355232495025
              ],
              [
                -119.15481544571763,
                34.43353875520174
              ]
            ]
          ],
          [
            [
              [
                -119.15582831668284,
                34.43281503528135
              ],
              [
                -119.15583376222567,
                34.43281955853085
              ],
              [
                -119.15583376222567,
                34.432828605029854
              ],
              [
                -119.1558392077685,
                34.432833128279356
              ],
              [
                -119.15584465331132,
                34.432837651528864
              ],
              [
                -119.15584465331132,
                34.432846698027866
              ],
              [
                -119.1558392077685,
                34.43285122127737
              ],
              [
                -119.15583376222567,
                34.43285574452687
              ],
              [
                -119.15582831668284,
                34.43286026777638
              ],
              [
                -119.15582287114002,
                34.43286479102588
              ],
              [
                -119.15581742559719,
                34.43286931427538
              ],
              [
                -119.15580653451156,
                34.43286931427538
              ],
              [
                -119.1557956434259,
                34.43286931427538
              ],
              [
                -119.15579019788308,
                34.43286479102588
              ],
              [
                -119.15578475234025,
                34.43286026777638
              ],
              [
                -119.15577930679743,
                34.43285574452687
              ],
              [
                -119.1557738612546,
                34.43285122127737
              ],
              [
                -119.15576841571178,
                34.432846698027866
              ],
              [
                -119.1557738612546,
                34.432842174778365
              ],
              [
                -119.15577930679743,
                34.432846698027866
              ],
              [
                -119.15578475234025,
                34.43285122127737
              ],
              [
                -119.1557956434259,
                34.43285122127737
              ],
              [
                -119.15580653451156,
                34.43285122127737
              ],
              [
                -119.15581742559719,
                34.43285122127737
              ],
              [
                -119.15582287114002,
                34.432846698027866
              ],
              [
                -119.15582287114002,
                34.432837651528864
              ],
              [
                -119.15582287114002,
                34.432828605029854
              ],
              [
                -119.15582287114002,
                34.43281955853085
              ],
              [
                -119.15582831668284,
                34.43281503528135
              ]
            ]
          ],
          [
            [
              [
                -119.15514217828705,
                34.43286026777638
              ],
              [
                -119.1551312872014,
                34.43286026777638
              ],
              [
                -119.15512039611576,
                34.43286026777638
              ],
              [
                -119.15511495057294,
                34.43286479102588
              ],
              [
                -119.15511495057294,
                34.43287383752488
              ],
              [
                -119.15512039611576,
                34.43287836077438
              ],
              [
                -119.15512584165857,
                34.43288288402388
              ],
              [
                -119.1551312872014,
                34.43288740727339
              ],
              [
                -119.15513673274423,
                34.43289193052289
              ],
              [
                -119.15513673274423,
                34.432900977021895
              ],
              [
                -119.15514217828705,
                34.432905500271396
              ],
              [
                -119.1551530693727,
                34.432905500271396
              ],
              [
                -119.15515851491553,
                34.432900977021895
              ],
              [
                -119.15515851491553,
                34.43289193052289
              ],
              [
                -119.15515851491553,
                34.43288288402388
              ],
              [
                -119.15515851491553,
                34.43287383752488
              ],
              [
                -119.1551530693727,
                34.43286931427538
              ],
              [
                -119.15514762382988,
                34.43286479102588
              ],
              [
                -119.15514217828705,
                34.43286026777638
              ]
            ]
          ],
          [
            [
              [
                -119.15508772285881,
                34.433511615704724
              ],
              [
                -119.15509316840163,
                34.433516138954225
              ],
              [
                -119.15509861394446,
                34.43352066220373
              ],
              [
                -119.15510950503011,
                34.43352066220373
              ],
              [
                -119.15511495057294,
                34.433525185453234
              ],
              [
                -119.15512039611576,
                34.433529708702736
              ],
              [
                -119.15512584165857,
                34.43353423195224
              ],
              [
                -119.15512584165857,
                34.43354327845124
              ],
              [
                -119.15512039611576,
                34.43354780170075
              ],
              [
                -119.15510950503011,
                34.43354780170075
              ],
              [
                -119.15509861394446,
                34.43354780170075
              ],
              [
                -119.15509316840163,
                34.43354327845124
              ],
              [
                -119.15508772285881,
                34.43353875520174
              ],
              [
                -119.155082277316,
                34.43353423195224
              ],
              [
                -119.155082277316,
                34.433525185453234
              ],
              [
                -119.15507683177317,
                34.43352066220373
              ],
              [
                -119.15507138623035,
                34.433516138954225
              ],
              [
                -119.15507683177317,
                34.433511615704724
              ],
              [
                -119.15508772285881,
                34.433511615704724
              ]
            ]
          ],
          [
            [
              [
                -119.15552336628471,
                34.43295073276642
              ],
              [
                -119.15551247519906,
                34.43295073276642
              ],
              [
                -119.15550158411342,
                34.43295073276642
              ],
              [
                -119.15549069302777,
                34.43295073276642
              ],
              [
                -119.15547980194212,
                34.43295073276642
              ],
              [
                -119.1554743563993,
                34.43295525601592
              ],
              [
                -119.15547980194212,
                34.432959779265424
              ],
              [
                -119.15548524748495,
                34.43296430251493
              ],
              [
                -119.15549069302777,
                34.43296882576443
              ],
              [
                -119.15550158411342,
                34.43296882576443
              ],
              [
                -119.15551247519906,
                34.43296882576443
              ],
              [
                -119.15552336628471,
                34.43296882576443
              ],
              [
                -119.15553425737036,
                34.43296882576443
              ],
              [
                -119.15553970291319,
                34.43296430251493
              ],
              [
                -119.15553425737036,
                34.432959779265424
              ],
              [
                -119.15552881182754,
                34.43295525601592
              ],
              [
                -119.15552336628471,
                34.43295073276642
              ]
            ]
          ],
          [
            [
              [
                -119.15576297016896,
                34.432959779265424
              ],
              [
                -119.15575207908331,
                34.432959779265424
              ],
              [
                -119.15574118799766,
                34.432959779265424
              ],
              [
                -119.15573029691201,
                34.432959779265424
              ],
              [
                -119.15571940582637,
                34.432959779265424
              ],
              [
                -119.15570851474072,
                34.432959779265424
              ],
              [
                -119.15569762365507,
                34.432959779265424
              ],
              [
                -119.15568673256942,
                34.432959779265424
              ],
              [
                -119.15567584148378,
                34.432959779265424
              ],
              [
                -119.15567039594096,
                34.43296430251493
              ],
              [
                -119.15567584148378,
                34.43296882576443
              ],
              [
                -119.15568673256942,
                34.43296882576443
              ],
              [
                -119.15569762365507,
                34.43296882576443
              ],
              [
                -119.1557030691979,
                34.432973349013935
              ],
              [
                -119.15570851474072,
                34.432977872263436
              ],
              [
                -119.15571396028355,
                34.432973349013935
              ],
              [
                -119.15571940582637,
                34.43296882576443
              ],
              [
                -119.15573029691201,
                34.43296882576443
              ],
              [
                -119.15574118799766,
                34.43296882576443
              ],
              [
                -119.15575207908331,
                34.43296882576443
              ],
              [
                -119.15576297016896,
                34.43296882576443
              ],
              [
                -119.15576841571178,
                34.43296430251493
              ],
              [
                -119.15576297016896,
                34.432959779265424
              ]
            ]
          ],
          [
            [
              [
                -119.15560504942707,
                34.43355232495025
              ],
              [
                -119.15561049496989,
                34.43354780170075
              ],
              [
                -119.15561594051272,
                34.43354327845124
              ],
              [
                -119.15562138605554,
                34.43353875520174
              ],
              [
                -119.15562683159837,
                34.43353423195224
              ],
              [
                -119.1556322771412,
                34.433529708702736
              ],
              [
                -119.15564316822683,
                34.433529708702736
              ],
              [
                -119.15564861376966,
                34.43353423195224
              ],
              [
                -119.15564861376966,
                34.43354327845124
              ],
              [
                -119.15564861376966,
                34.43355232495025
              ],
              [
                -119.15560504942707,
                34.43355232495025
              ]
            ]
          ],
          [
            [
              [
                -119.15485901006022,
                34.433113569748514
              ],
              [
                -119.15486445560305,
                34.433118092998015
              ],
              [
                -119.15486445560305,
                34.43312713949702
              ],
              [
                -119.15485901006022,
                34.43313166274652
              ],
              [
                -119.1548535645174,
                34.43313618599602
              ],
              [
                -119.1548535645174,
                34.43314523249503
              ],
              [
                -119.15484811897457,
                34.43314975574453
              ],
              [
                -119.15484267343174,
                34.43314523249503
              ],
              [
                -119.15484267343174,
                34.43313618599602
              ],
              [
                -119.15484267343174,
                34.43312713949702
              ],
              [
                -119.15483722788892,
                34.433122616247516
              ],
              [
                -119.1548317823461,
                34.433118092998015
              ],
              [
                -119.15483722788892,
                34.433113569748514
              ],
              [
                -119.15484811897457,
                34.433113569748514
              ],
              [
                -119.15485901006022,
                34.433113569748514
              ]
            ]
          ],
          [
            [
              [
                -119.15546891085647,
                34.433113569748514
              ],
              [
                -119.1554743563993,
                34.433118092998015
              ],
              [
                -119.15547980194212,
                34.433122616247516
              ],
              [
                -119.15548524748495,
                34.43312713949702
              ],
              [
                -119.15549069302777,
                34.43313166274652
              ],
              [
                -119.1554961385706,
                34.43313618599602
              ],
              [
                -119.15549069302777,
                34.43314070924553
              ],
              [
                -119.15547980194212,
                34.43314070924553
              ],
              [
                -119.1554743563993,
                34.43313618599602
              ],
              [
                -119.15546891085647,
                34.43313166274652
              ],
              [
                -119.15546346531366,
                34.43312713949702
              ],
              [
                -119.15545801977083,
                34.433122616247516
              ],
              [
                -119.15545257422801,
                34.433118092998015
              ],
              [
                -119.15545801977083,
                34.433113569748514
              ],
              [
                -119.15546891085647,
                34.433113569748514
              ]
            ]
          ],
          [
            [
              [
                -119.15501148525928,
                34.433122616247516
              ],
              [
                -119.1550169308021,
                34.43312713949702
              ],
              [
                -119.15501148525928,
                34.43313166274652
              ],
              [
                -119.15500059417363,
                34.43313166274652
              ],
              [
                -119.15498970308799,
                34.43313166274652
              ],
              [
                -119.15497881200234,
                34.43313166274652
              ],
              [
                -119.15496792091669,
                34.43313166274652
              ],
              [
                -119.15496247537386,
                34.43312713949702
              ],
              [
                -119.15496792091669,
                34.433122616247516
              ],
              [
                -119.15497881200234,
                34.433122616247516
              ],
              [
                -119.15498970308799,
                34.433122616247516
              ],
              [
                -119.15500059417363,
                34.433122616247516
              ],
              [
                -119.15501148525928,
                34.433122616247516
              ]
            ]
          ],
          [
            [
              [
                -119.15490257440281,
                34.432977872263436
              ],
              [
                -119.15490801994564,
                34.43298239551294
              ],
              [
                -119.15490801994564,
                34.43299144201195
              ],
              [
                -119.15490801994564,
                34.43300048851095
              ],
              [
                -119.15490257440281,
                34.43300501176045
              ],
              [
                -119.15489168331716,
                34.43300501176045
              ],
              [
                -119.15488623777433,
                34.43300048851095
              ],
              [
                -119.15489168331716,
                34.43299596526145
              ],
              [
                -119.15489712885999,
                34.43299144201195
              ],
              [
                -119.15489712885999,
                34.43298239551294
              ],
              [
                -119.15490257440281,
                34.432977872263436
              ]
            ]
          ],
          [
            [
              [
                -119.15507683177317,
                34.43266124479827
              ],
              [
                -119.15506594068752,
                34.43266124479827
              ],
              [
                -119.1550604951447,
                34.43266576804777
              ],
              [
                -119.1550604951447,
                34.43267481454677
              ],
              [
                -119.15506594068752,
                34.43267933779627
              ],
              [
                -119.15507138623035,
                34.43267481454677
              ],
              [
                -119.15507683177317,
                34.43267029129727
              ],
              [
                -119.155082277316,
                34.43266576804777
              ],
              [
                -119.15507683177317,
                34.43266124479827
              ]
            ]
          ],
          [
            [
              [
                -119.1555669306273,
                34.43322212773657
              ],
              [
                -119.15557237617013,
                34.43322665098607
              ],
              [
                -119.1555669306273,
                34.43323117423557
              ],
              [
                -119.15556148508448,
                34.433235697485074
              ],
              [
                -119.15555603954165,
                34.43324022073458
              ],
              [
                -119.15555059399884,
                34.433235697485074
              ],
              [
                -119.15555059399884,
                34.43322665098607
              ],
              [
                -119.15555603954165,
                34.43322212773657
              ],
              [
                -119.1555669306273,
                34.43322212773657
              ]
            ]
          ],
          [
            [
              [
                -119.1556322771412,
                34.43296882576443
              ],
              [
                -119.15562683159837,
                34.432973349013935
              ],
              [
                -119.15562138605554,
                34.432977872263436
              ],
              [
                -119.15561594051272,
                34.43298239551294
              ],
              [
                -119.15562138605554,
                34.432986918762445
              ],
              [
                -119.1556322771412,
                34.432986918762445
              ],
              [
                -119.155637722684,
                34.43298239551294
              ],
              [
                -119.155637722684,
                34.432973349013935
              ],
              [
                -119.1556322771412,
                34.43296882576443
              ]
            ]
          ]
        ]
      }
    },
    {
      "type": "Feature",
      "properties": {
        "kind": "slope_class",
        "class": "slope_15_to_25",
        "note": "build with care",
        "area_m2": 978.3
      },
      "geometry": {
        "type": "MultiPolygon",
        "coordinates": [
          [
            [
              [
                -119.15590455428237,
                34.43295073276642
              ],
              [
                -119.15589366319674,
                34.43295073276642
              ],
              [
                -119.15588277211108,
                34.43295073276642
              ],
              [
                -119.15587188102543,
                34.43295073276642
              ],
              [
                -119.15586098993978,
                34.43295073276642
              ],
              [
                -119.15585009885415,
                34.43295073276642
              ],
              [
                -119.1558392077685,
                34.43295073276642
              ],
              [
                -119.15582831668284,
                34.43295073276642
              ],
              [
                -119.15581742559719,
                34.43295073276642
              ],
              [
                -119.15580653451156,
                34.43295073276642
              ],
              [
                -119.15580108896873,
                34.43295525601592
              ],
              [
                -119.1557956434259,
                34.432959779265424
              ],
              [
                -119.15578475234025,
                34.432959779265424
              ],
              [
                -119.15577930679743,
                34.43295525601592
              ],
              [
                -119.1557738612546,
                34.43295073276642
              ],
              [
                -119.15576297016896,
                34.43295073276642
              ],
              [
                -119.15575207908331,
                34.43295073276642
              ],
              [
                -119.15574118799766,
                34.43295073276642
              ],
              [
                -119.15573029691201,
                34.43295073276642
              ],
              [
                -119.15571940582637,
                34.43295073276642
              ],
              [
                -119.15570851474072,
                34.43295073276642
              ],
              [
                -119.15569762365507,
                34.43295073276642
              ],
              [
                -119.15568673256942,
                34.43295073276642
              ],
              [
                -119.15567584148378,
                34.43295073276642
              ],
              [
                -119.15566495039813,
                34.43295073276642
              ],
              [
                -119.15565950485531,
                34.43295525601592
              ],
              [
                -119.15565405931248,
                34.432959779265424
              ],
              [
                -119.15564316822683,
                34.432959779265424
              ],
              [
                -119.1556322771412,
                34.432959779265424
              ],
              [
                -119.15562138605554,
                34.432959779265424
              ],
              [
                -119.15561594051272,
                34.43295525601592
              ],
              [
                -119.15561049496989,
                34.43295073276642
              ],
              [
                -119.15559960388424,
                34.43295073276642
              ],
              [
                -119.15559415834143,
                34.43295525601592
              ],
              [
                -119.1555887127986,
                34.432959779265424
              ],
              [
                -119.15557782171295,
                34.432959779265424
              ],
              [
                -119.1555669306273,
                34.432959779265424
              ],
              [
                -119.15556148508448,
                34.43295525601592
              ],
              [
                -119.15555603954165,
                34.43295073276642
              ],
              [
                -119.15554514845601,
                34.43295073276642
              ],
              [
                -119.15553970291319,
                34.43294620951692
              ],
              [
                -119.15553425737036,
                34.43294168626742
              ],
              [
                -119.15552336628471,
                34.43294168626742
              ],
              [
                -119.15551247519906,
                34.43294168626742
              ],
              [
                -119.15550158411342,
                34.43294168626742
              ],
              [
                -119.15549069302777,
                34.43294168626742
              ],
              [
                -119.15547980194212,
                34.43294168626742
              ],
              [
                -119.15546891085647,
                34.43294168626742
              ],
              [
                -119.15545801977083,
                34.43294168626742
              ],
              [
                -119.15544712868518,
                34.43294168626742
              ],
              [
                -119.15544168314236,
                34.43294620951692
              ],
              [
                -119.15543623759953,
                34.43295073276642
              ],
              [
                -119.15542534651388,
                34.43295073276642
              ],
              [
                -119.15541445542824,
                34.43295073276642
              ],
              [
                -119.15540900988542,
                34.43295525601592
              ],
              [
                -119.15541445542824,
                34.432959779265424
              ],
              [
                -119.15542534651388,
                34.432959779265424
              ],
              [
                -119.1554307920567,
                34.43296430251493
              ],
              [
                -119.15543623759953,
                34.43296882576443
              ],
              [
                -119.15544712868518,
                34.43296882576443
              ],
              [
                -119.15545257422801,
                34.432973349013935
              ],
              [
                -119.15545801977083,
                34.432977872263436
              ],
              [
                -119.15546891085647,
                34.432977872263436
              ],
              [
                -119.15547980194212,
                34.432977872263436
              ],
              [
                -119.15549069302777,
                34.432977872263436
              ],
              [
                -119.15550158411342,
                34.432977872263436
              ],
              [
                -119.15551247519906,
                34.432977872263436
              ],
              [
                -119.15551792074189,
                34.43298239551294
              ],
              [
                -119.15552336628471,
                34.432986918762445
              ],
              [
                -119.15553425737036,
                34.432986918762445
              ],
              [
                -119.15553970291319,
                34.43299144201195
              ],
              [
                -119.15554514845601,
                34.43299596526145
              ],
              [
                -119.15555059399884,
                34.43299144201195
              ],
              [
                -119.15555603954165,
                34.432986918762445
              ],
              [
                -119.1555669306273,
                34.432986918762445
              ],
              [
                -119.15557237617013,
                34.43299144201195
              ],
              [
                -119.15557782171295,
                34.43299596526145
              ],
              [
                -119.1555887127986,
                34.43299596526145
              ],
              [
                -119.15559960388424,
                34.43299596526145
              ],
              [
                -119.15561049496989,
                34.43299596526145
              ],
              [
                -119.15562138605554,
                34.43299596526145
              ],
              [
                -119.1556322771412,
                34.43299596526145
              ],
              [
                -119.15564316822683,
                34.43299596526145
              ],
              [
                -119.15565405931248,
                34.43299596526145
              ],
              [
                -119.15566495039813,
                34.43299596526145
              ],
              [
                -119.15567584148378,
                34.43299596526145
              ],
              [
                -119.15568673256942,
                34.43299596526145
              ],
              [
                -119.15569762365507,
                34.43299596526145
              ],
              [
                -119.15570851474072,
                34.43299596526145
              ],
              [
                -119.15571940582637,
                34.43299596526145
              ],
              [
                -119.15573029691201,
                34.43299596526145
              ],
              [
                -119.15574118799766,
                34.43299596526145
              ],
              [
                -119.15575207908331,
                34.43299596526145
              ],
              [
                -119.15576297016896,
                34.43299596526145
              ],
              [
                -119.1557738612546,
                34.43299596526145
              ],
              [
                -119.15578475234025,
                34.43299596526145
              ],
              [
                -119.1557956434259,
                34.43299596526145
              ],
              [
                -119.15580653451156,
                34.43299596526145
              ],
              [
                -119.15581742559719,
                34.43299596526145
              ],
              [
                -119.15582831668284,
                34.43299596526145
              ],
              [
                -119.1558392077685,
                34.43299596526145
              ],
              [
                -119.15585009885415,
                34.43299596526145
              ],
              [
                -119.15586098993978,
                34.43299596526145
              ],
              [
                -119.15587188102543,
                34.43299596526145
              ],
              [
                -119.15588277211108,
                34.43299596526145
              ],
              [
                -119.15589366319674,
                34.43299596526145
              ],
              [
                -119.15590455428237,
                34.43299596526145
              ],
              [
                -119.15590455428237,
                34.43295073276642
              ]
            ]
          ],
          [
            [
              [
                -119.15539267325694,
                34.43316784874254
              ],
              [
                -119.15538722771412,
                34.43317237199204
              ],
              [
                -119.15538722771412,
                34.433181418491046
              ],
              [
                -119.15538178217129,
                34.43318594174055
              ],
              [
                -119.15537633662848,
                34.433190464990055
              ],
              [
                -119.15538178217129,
                34.433194988239556
              ],
              [
                -119.15538722771412,
                34.43319951148906
              ],
              [
                -119.15538178217129,
                34.43320403473856
              ],
              [
                -119.15537089108565,
                34.43320403473856
              ],
              [
                -119.15536,
                34.43320403473856
              ],
              [
                -119.15534910891435,
                34.43320403473856
              ],
              [
                -119.15534366337153,
                34.43320855798806
              ],
              [
                -119.15533821782871,
                34.43321308123756
              ],
              [
                -119.15532732674306,
                34.43321308123756
              ],
              [
                -119.15531643565741,
                34.43321308123756
              ],
              [
                -119.15530554457176,
                34.43321308123756
              ],
              [
                -119.15529465348612,
                34.43321308123756
              ],
              [
                -119.15528376240047,
                34.43321308123756
              ],
              [
                -119.15527831685765,
                34.43321760448707
              ],
              [
                -119.15527831685765,
                34.43322665098607
              ],
              [
                -119.15527287131482,
                34.43323117423557
              ],
              [
                -119.15526198022917,
                34.43323117423557
              ],
              [
                -119.15525653468634,
                34.43322665098607
              ],
              [
                -119.15526198022917,
                34.43322212773657
              ],
              [
                -119.155267425772,
                34.43321760448707
              ],
              [
                -119.155267425772,
                34.43320855798806
              ],
              [
                -119.15526198022917,
                34.43320403473856
              ],
              [
                -119.15525653468634,
                34.43319951148906
              ],
              [
                -119.15525108914353,
                34.433194988239556
              ],
              [
                -119.15524564360071,
                34.433190464990055
              ],
              [
                -119.15524019805788,
                34.43318594174055
              ],
              [
                -119.15522930697223,
                34.43318594174055
              ],
              [
                -119.1552238614294,
                34.433181418491046
              ],
              [
                -119.15521841588658,
                34.433176895241544
              ],
              [
                -119.15520752480094,
                34.433176895241544
              ],
              [
                -119.15519663371529,
                34.433176895241544
              ],
              [
                -119.15519118817247,
                34.433181418491046
              ],
              [
                -119.15519118817247,
                34.433190464990055
              ],
              [
                -119.15519663371529,
                34.433194988239556
              ],
              [
                -119.15520207925812,
                34.43319951148906
              ],
              [
                -119.15520752480094,
                34.43320403473856
              ],
              [
                -119.15521297034375,
                34.43320855798806
              ],
              [
                -119.15521841588658,
                34.43321308123756
              ],
              [
                -119.1552238614294,
                34.43321760448707
              ],
              [
                -119.15522930697223,
                34.43322212773657
              ],
              [
                -119.15523475251506,
                34.43322665098607
              ],
              [
                -119.15524019805788,
                34.43323117423557
              ],
              [
                -119.15524564360071,
                34.433235697485074
              ],
              [
                -119.15525108914353,
                34.43324022073458
              ],
              [
                -119.15526198022917,
                34.43324022073458
              ],
              [
                -119.15527287131482,
                34.43324022073458
              ],
              [
                -119.15527831685765,
                34.43324474398408
              ],
              [
                -119.15528376240047,
                34.433249267233585
              ],
              [
                -119.15529465348612,
                34.433249267233585
              ],
              [
                -119.15530009902893,
                34.43324474398408
              ],
              [
                -119.15530009902893,
                34.433235697485074
              ],
              [
                -119.15530554457176,
                34.43323117423557
              ],
              [
                -119.15531099011459,
                34.433235697485074
              ],
              [
                -119.15531643565741,
                34.43324022073458
              ],
              [
                -119.15532732674306,
                34.43324022073458
              ],
              [
                -119.15533821782871,
                34.43324022073458
              ],
              [
                -119.15534910891435,
                34.43324022073458
              ],
              [
                -119.15535455445718,
                34.433235697485074
              ],
              [
                -119.15536,
                34.43323117423557
              ],
              [
                -119.15536544554283,
                34.433235697485074
              ],
              [
                -119.15537089108565,
                34.43324022073458
              ],
              [
                -119.15538178217129,
                34.43324022073458
              ],
              [
                -119.15539267325694,
                34.43324022073458
              ],
              [
                -119.15539811879977,
                34.433235697485074
              ],
              [
                -119.15540356434259,
                34.43323117423557
              ],
              [
                -119.15541445542824,
                34.43323117423557
              ],
              [
                -119.15541990097107,
                34.433235697485074
              ],
              [
                -119.15542534651388,
                34.43324022073458
              ],
              [
                -119.1554307920567,
                34.433235697485074
              ],
              [
                -119.15543623759953,
                34.43323117423557
              ],
              [
                -119.15544168314236,
                34.433235697485074
              ],
              [
                -119.15544712868518,
                34.43324022073458
              ],
              [
                -119.15545801977083,
                34.43324022073458
              ],
              [
                -119.15546891085647,
                34.43324022073458
              ],
              [
                -119.15547980194212,
                34.43324022073458
              ],
              [
                -119.15549069302777,
                34.43324022073458
              ],
              [
                -119.15550158411342,
                34.43324022073458
              ],
              [
                -119.15551247519906,
                34.43324022073458
              ],
              [
                -119.15552336628471,
                34.43324022073458
              ],
              [
                -119.15552881182754,
                34.433235697485074
              ],
              [
                -119.15552336628471,
                34.43323117423557
              ],
              [
                -119.15551792074189,
                34.43322665098607
              ],
              [
                -119.15551247519906,
                34.43322212773657
              ],
              [
                -119.15550158411342,
                34.43322212773657
              ],
              [
                -119.15549069302777,
                34.43322212773657
              ],
              [
                -119.15547980194212,
                34.43322212773657
              ],
              [
                -119.15546891085647,
                34.43322212773657
              ],
              [
                -119.15545801977083,
                34.43322212773657
              ],
              [
                -119.15544712868518,
                34.43322212773657
              ],
              [
                -119.15544168314236,
                34.43321760448707
              ],
              [
                -119.15543623759953,
                34.43321308123756
              ],
              [
                -119.15542534651388,
                34.43321308123756
              ],
              [
                -119.15541445542824,
                34.43321308123756
              ],
              [
                -119.15540900988542,
                34.43320855798806
              ],
              [
                -119.15540356434259,
                34.43320403473856
              ],
              [
                -119.15539811879977,
                34.43319951148906
              ],
              [
                -119.15539811879977,
                34.433190464990055
              ],
              [
                -119.15540356434259,
                34.43318594174055
              ],
              [
                -119.15540900988542,
                34.433181418491046
              ],
              [
                -119.15540356434259,
                34.433176895241544
              ],
              [
                -119.15539811879977,
                34.43317237199204
              ],
              [
                -119.15539267325694,
                34.43316784874254
              ]
            ]
          ],
          [
            [
              [
                -119.15590455428237,
                34.43301405825946
              ],
              [
                -119.15589366319674,
                34.43301405825946
              ],
              [
                -119.15588277211108,
                34.43301405825946
              ],
              [
                -119.15587188102543,
                34.43301405825946
              ],
              [
                -119.15586098993978,
                34.43301405825946
              ],
              [
                -119.15585009885415,
                34.43301405825946
              ],
              [
                -119.1558392077685,
                34.43301405825946
              ],
              [
                -119.15582831668284,
                34.43301405825946
              ],
              [
                -119.15581742559719,
                34.43301405825946
              ],
              [
                -119.15580653451156,
                34.43301405825946
              ],
              [
                -119.1557956434259,
                34.43301405825946
              ],
              [
                -119.15579019788308,
                34.43301858150896
              ],
              [
                -119.15578475234025,
                34.43302310475846
              ],
              [
                -119.15577930679743,
                34.43301858150896
              ],
              [
                -119.1557738612546,
                34.43301405825946
              ],
              [
                -119.15576297016896,
                34.43301405825946
              ],
              [
                -119.15575207908331,
                34.43301405825946
              ],
              [
                -119.15574663354049,
                34.43301858150896
              ],
              [
                -119.15575207908331,
                34.43302310475846
              ],
              [
                -119.15575752462614,
                34.43302762800796
              ],
              [
                -119.15576297016896,
                34.433032151257464
              ],
              [
                -119.15576841571178,
                34.43303667450697
              ],
              [
                -119.15576297016896,
                34.433041197756474
              ],
              [
                -119.15575207908331,
                34.433041197756474
              ],
              [
                -119.15574663354049,
                34.433045721005975
              ],
              [
                -119.15574118799766,
                34.433050244255476
              ],
              [
                -119.15573574245484,
                34.433045721005975
              ],
              [
                -119.15573029691201,
                34.433041197756474
              ],
              [
                -119.15571940582637,
                34.433041197756474
              ],
              [
                -119.15571396028355,
                34.43303667450697
              ],
              [
                -119.15570851474072,
                34.433032151257464
              ],
              [
                -119.15569762365507,
                34.433032151257464
              ],
              [
                -119.15568673256942,
                34.433032151257464
              ],
              [
                -119.15567584148378,
                34.433032151257464
              ],
              [
                -119.15567039594096,
                34.43303667450697
              ],
              [
                -119.15567039594096,
                34.433045721005975
              ],
              [
                -119.15567584148378,
                34.433050244255476
              ],
              [
                -119.1556812870266,
                34.43305476750498
              ],
              [
                -119.1556812870266,
                34.43306381400399
              ],
              [
                -119.15567584148378,
                34.43306833725349
              ],
              [
                -119.15566495039813,
                34.43306833725349
              ],
              [
                -119.15565405931248,
                34.43306833725349
              ],
              [
                -119.15564316822683,
                34.43306833725349
              ],
              [
                -119.1556322771412,
                34.43306833725349
              ],
              [
                -119.15562683159837,
                34.43307286050299
              ],
              [
                -119.1556322771412,
                34.43307738375249
              ],
              [
                -119.15564316822683,
                34.43307738375249
              ],
              [
                -119.15565405931248,
                34.43307738375249
              ],
              [
                -119.15565950485531,
                34.43308190700199
              ],
              [
                -119.15566495039813,
                34.43308643025149
              ],
              [
                -119.15567039594096,
                34.433090953501
              ],
              [
                -119.15567584148378,
                34.4330954767505
              ],
              [
                -119.1556812870266,
                34.433090953501
              ],
              [
                -119.1556812870266,
                34.43308190700199
              ],
              [
                -119.15568673256942,
                34.43307738375249
              ],
              [
                -119.15569762365507,
                34.43307738375249
              ],
              [
                -119.15570851474072,
                34.43307738375249
              ],
              [
                -119.15571396028355,
                34.43307286050299
              ],
              [
                -119.15571940582637,
                34.43306833725349
              ],
              [
                -119.15573029691201,
                34.43306833725349
              ],
              [
                -119.15573574245484,
                34.43306381400399
              ],
              [
                -119.15574118799766,
                34.43305929075448
              ],
              [
                -119.15575207908331,
                34.43305929075448
              ],
              [
                -119.15576297016896,
                34.43305929075448
              ],
              [
                -119.15576841571178,
                34.43305476750498
              ],
              [
                -119.1557738612546,
                34.433050244255476
              ],
              [
                -119.15578475234025,
                34.433050244255476
              ],
              [
                -119.1557956434259,
                34.433050244255476
              ],
              [
                -119.15580653451156,
                34.433050244255476
              ],
              [
                -119.15581742559719,
                34.433050244255476
              ],
              [
                -119.15582287114002,
                34.433045721005975
              ],
              [
                -119.15582831668284,
                34.433041197756474
              ],
              [
                -119.1558392077685,
                34.433041197756474
              ],
              [
                -119.15585009885415,
                34.433041197756474
              ],
              [
                -119.15585554439696,
                34.43303667450697
              ],
              [
                -119.15586098993978,
                34.433032151257464
              ],
              [
                -119.15587188102543,
                34.433032151257464
              ],
              [
                -119.15587732656826,
                34.43302762800796
              ],
              [
                -119.15588277211108,
                34.43302310475846
              ],
              [
                -119.15589366319674,
                34.43302310475846
              ],
              [
                -119.15590455428237,
                34.43302310475846
              ],
              [
                -119.15590455428237,
                34.43301405825946
              ]
            ]
          ],
          [
            [
              [
                -119.15504960405904,
                34.43264767504976
              ],
              [
                -119.15504415851622,
                34.43265219829926
              ],
              [
                -119.15503326743058,
                34.43265219829926
              ],
              [
                -119.15502782188776,
                34.43265672154877
              ],
              [
                -119.15503326743058,
                34.43266124479827
              ],
              [
                -119.15503871297341,
                34.43266576804777
              ],
              [
                -119.15503871297341,
                34.43267481454677
              ],
              [
                -119.15503326743058,
                34.43267933779627
              ],
              [
                -119.15502237634493,
                34.43267933779627
              ],
              [
                -119.15501148525928,
                34.43267933779627
              ],
              [
                -119.15500603971645,
                34.43268386104578
              ],
              [
                -119.15501148525928,
                34.43268838429528
              ],
              [
                -119.15502237634493,
                34.43268838429528
              ],
              [
                -119.15503326743058,
                34.43268838429528
              ],
              [
                -119.15504415851622,
                34.43268838429528
              ],
              [
                -119.15505504960187,
                34.43268838429528
              ],
              [
                -119.15506594068752,
                34.43268838429528
              ],
              [
                -119.15507683177317,
                34.43268838429528
              ],
              [
                -119.15508772285881,
                34.43268838429528
              ],
              [
                -119.15509861394446,
                34.43268838429528
              ],
              [
                -119.15510950503011,
                34.43268838429528
              ],
              [
                -119.15512039611576,
                34.43268838429528
              ],
              [
                -119.1551312872014,
                34.43268838429528
              ],
              [
                -119.15513673274423,
                34.432692907544784
              ],
              [
                -119.15514217828705,
                34.432697430794285
              ],
              [
                -119.1551530693727,
                34.432697430794285
              ],
              [
                -119.15515851491553,
                34.432692907544784
              ],
              [
                -119.15516396045835,
                34.43268838429528
              ],
              [
                -119.15517485154399,
                34.43268838429528
              ],
              [
                -119.15518574262964,
                34.43268838429528
              ],
              [
                -119.15519663371529,
                34.43268838429528
              ],
              [
                -119.15520207925812,
                34.43268386104578
              ],
              [
                -119.15519663371529,
                34.43267933779627
              ],
              [
                -119.15518574262964,
                34.43267933779627
              ],
              [
                -119.15517485154399,
                34.43267933779627
              ],
              [
                -119.15516396045835,
                34.43267933779627
              ],
              [
                -119.15515851491553,
                34.43267481454677
              ],
              [
                -119.15515851491553,
                34.43266576804777
              ],
              [
                -119.15516396045835,
                34.43266124479827
              ],
              [
                -119.15516940600116,
                34.43265672154877
              ],
              [
                -119.15517485154399,
                34.43265219829926
              ],
              [
                -119.15518029708682,
                34.43265672154877
              ],
              [
                -119.15518574262964,
                34.43266124479827
              ],
              [
                -119.15519663371529,
                34.43266124479827
              ],
              [
                -119.15520207925812,
                34.43265672154877
              ],
              [
                -119.15520752480094,
                34.43265219829926
              ],
              [
                -119.15521297034375,
                34.43265672154877
              ],
              [
                -119.15521841588658,
                34.43266124479827
              ],
              [
                -119.15522930697223,
                34.43266124479827
              ],
              [
                -119.15524019805788,
                34.43266124479827
              ],
              [
                -119.15524564360071,
                34.43265672154877
              ],
              [
                -119.15525108914353,
                34.43265219829926
              ],
              [
                -119.15526198022917,
                34.43265219829926
              ],
              [
                -119.155267425772,
                34.43264767504976
              ],
              [
                -119.15504960405904,
                34.43264767504976
              ]
            ]
          ],
          [
            [
              [
                -119.15577930679743,
                34.43264767504976
              ],
              [
                -119.1557738612546,
                34.43265219829926
              ],
              [
                -119.15576297016896,
                34.43265219829926
              ],
              [
                -119.15575207908331,
                34.43265219829926
              ],
              [
                -119.15574663354049,
                34.43265672154877
              ],
              [
                -119.15575207908331,
                34.43266124479827
              ],
              [
                -119.15575752462614,
                34.43266576804777
              ],
              [
                -119.15576297016896,
                34.43267029129727
              ],
              [
                -119.15576841571178,
                34.43267481454677
              ],
              [
                -119.15576297016896,
                34.43267933779627
              ],
              [
                -119.15575207908331,
                34.43267933779627
              ],
              [
                -119.15574663354049,
                34.43268386104578
              ],
              [
                -119.15575207908331,
                34.43268838429528
              ],
              [
                -119.15576297016896,
                34.43268838429528
              ],
              [
                -119.1557738612546,
                34.43268838429528
              ],
              [
                -119.15578475234025,
                34.43268838429528
              ],
              [
                -119.1557956434259,
                34.43268838429528
              ],
              [
                -119.15580653451156,
                34.43268838429528
              ],
              [
                -119.15581742559719,
                34.43268838429528
              ],
              [
                -119.15582831668284,
                34.43268838429528
              ],
              [
                -119.1558392077685,
                34.43268838429528
              ],
              [
                -119.15585009885415,
                34.43268838429528
              ],
              [
                -119.15586098993978,
                34.43268838429528
              ],
              [
                -119.15587188102543,
                34.43268838429528
              ],
              [
                -119.15588277211108,
                34.43268838429528
              ],
              [
                -119.15588821765391,
                34.43268386104578
              ],
              [
                -119.15588821765391,
                34.43267481454677
              ],
              [
                -119.15588277211108,
                34.43267029129727
              ],
              [
                -119.15587732656826,
                34.43266576804777
              ],
              [
                -119.15588277211108,
                34.43266124479827
              ],
              [
                -119.15589366319674,
                34.43266124479827
              ],
              [
                -119.15590455428237,
                34.43266124479827
              ],
              [
                -119.15577930679743,
                34.43264767504976
              ]
            ]
          ],
          [
            [
              [
                -119.15560504942707,
                34.43264767504976
              ],
              [
                -119.15560504942707,
                34.43265672154877
              ],
              [
                -119.15560504942707,
                34.43266576804777
              ],
              [
                -119.15559960388424,
                34.43267029129727
              ],
              [
                -119.15559415834143,
                34.43267481454677
              ],
              [
                -119.15559960388424,
                34.43267933779627
              ],
              [
                -119.15560504942707,
                34.43268386104578
              ],
              [
                -119.15559960388424,
                34.43268838429528
              ],
              [
                -119.1555887127986,
                34.43268838429528
              ],
              [
                -119.15557782171295,
                34.43268838429528
              ],
              [
                -119.15557237617013,
                34.432692907544784
              ],
              [
                -119.15557782171295,
                34.432697430794285
              ],
              [
                -119.1555887127986,
                34.432697430794285
              ],
              [
                -119.15559960388424,
                34.432697430794285
              ],
              [
                -119.15561049496989,
                34.432697430794285
              ],
              [
                -119.15561594051272,
                34.432692907544784
              ],
              [
                -119.15562138605554,
                34.43268838429528
              ],
              [
                -119.1556322771412,
                34.43268838429528
              ],
              [
                -119.155637722684,
                34.432692907544784
              ],
              [
                -119.15564316822683,
                34.432697430794285
              ],
              [
                -119.15565405931248,
                34.432697430794285
              ],
              [
                -119.15565950485531,
                34.432701954043786
              ],
              [
                -119.15566495039813,
                34.43270647729329
              ],
              [
                -119.15567039594096,
                34.432701954043786
              ],
              [
                -119.15567584148378,
                34.432697430794285
              ],
              [
                -119.15568673256942,
                34.432697430794285
              ],
              [
                -119.15569762365507,
                34.432697430794285
              ],
              [
                -119.15570851474072,
                34.432697430794285
              ],
              [
                -119.15571396028355,
                34.432692907544784
              ],
              [
                -119.15570851474072,
                34.43268838429528
              ],
              [
                -119.15569762365507,
                34.43268838429528
              ],
              [
                -119.15569217811225,
                34.43268386104578
              ],
              [
                -119.15569762365507,
                34.43267933779627
              ],
              [
                -119.15570851474072,
                34.43267933779627
              ],
              [
                -119.15571396028355,
                34.43267481454677
              ],
              [
                -119.15570851474072,
                34.43267029129727
              ],
              [
                -119.1557030691979,
                34.43266576804777
              ],
              [
                -119.15569762365507,
                34.43266124479827
              ],
              [
                -119.15568673256942,
                34.43266124479827
              ],
              [
                -119.15567584148378,
                34.43266124479827
              ],
              [
                -119.15566495039813,
                34.43266124479827
              ],
              [
                -119.15565405931248,
                34.43266124479827
              ],
              [
                -119.15564861376966,
                34.43265672154877
              ],
              [
                -119.15564861376966,
                34.43264767504976
              ],
              [
                -119.15560504942707,
                34.43264767504976
              ]
            ]
          ],
          [
            [
              [
                -119.15518574262964,
                34.432842174778365
              ],
              [
                -119.15517485154399,
                34.432842174778365
              ],
              [
                -119.15516940600116,
                34.432846698027866
              ],
              [
                -119.15516940600116,
                34.43285574452687
              ],
              [
                -119.15516940600116,
                34.43286479102588
              ],
              [
                -119.15516396045835,
                34.43286931427538
              ],
              [
                -119.15515851491553,
                34.43287383752488
              ],
              [
                -119.15515851491553,
                34.43288288402388
              ],
              [
                -119.15515851491553,
                34.43289193052289
              ],
              [
                -119.15515851491553,
                34.432900977021895
              ],
              [
                -119.1551530693727,
                34.432905500271396
              ],
              [
                -119.15514217828705,
                34.432905500271396
              ],
              [
                -119.1551312872014,
                34.432905500271396
              ],
              [
                -119.15512584165857,
                34.432910023520904
              ],
              [
                -119.1551312872014,
                34.432914546770405
              ],
              [
                -119.15514217828705,
                34.432914546770405
              ],
              [
                -119.1551530693727,
                34.432914546770405
              ],
              [
                -119.15516396045835,
                34.432914546770405
              ],
              [
                -119.15517485154399,
                34.432914546770405
              ],
              [
                -119.15518029708682,
                34.432910023520904
              ],
              [
                -119.15518574262964,
                34.432905500271396
              ],
              [
                -119.15519663371529,
                34.432905500271396
              ],
              [
                -119.15520752480094,
                34.432905500271396
              ],
              [
                -119.15521841588658,
                34.432905500271396
              ],
              [
                -119.15522930697223,
                34.432905500271396
              ],
              [
                -119.15524019805788,
                34.432905500271396
              ],
              [
                -119.15525108914353,
                34.432905500271396
              ],
              [
                -119.15526198022917,
                34.432905500271396
              ],
              [
                -119.15527287131482,
                34.432905500271396
              ],
              [
                -119.15528376240047,
                34.432905500271396
              ],
              [
                -119.15529465348612,
                34.432905500271396
              ],
              [
                -119.15530554457176,
                34.432905500271396
              ],
              [
                -119.15531643565741,
                34.432905500271396
              ],
              [
                -119.15532732674306,
                34.432905500271396
              ],
              [
                -119.15533821782871,
                34.432905500271396
              ],
              [
                -119.15534366337153,
                34.432900977021895
              ],
              [
                -119.15533821782871,
                34.43289645377239
              ],
              [
                -119.15532732674306,
                34.43289645377239
              ],
              [
                -119.15531643565741,
                34.43289645377239
              ],
              [
                -119.15530554457176,
                34.43289645377239
              ],
              [
                -119.15529465348612,
                34.43289645377239
              ],
              [
                -119.15528376240047,
                34.43289645377239
              ],
              [
                -119.15527831685765,
                34.43289193052289
              ],
              [
                -119.15527287131482,
                34.43288740727339
              ],
              [
                -119.15526198022917,
                34.43288740727339
              ],
              [
                -119.15525108914353,
                34.43288740727339
              ],
              [
                -119.15524564360071,
                34.43289193052289
              ],
              [
                -119.15524019805788,
                34.43289645377239
              ],
              [
                -119.15522930697223,
                34.43289645377239
              ],
              [
                -119.15521841588658,
                34.43289645377239
              ],
              [
                -119.15520752480094,
                34.43289645377239
              ],
              [
                -119.15519663371529,
                34.43289645377239
              ],
              [
                -119.15518574262964,
                34.43289645377239
              ],
              [
                -119.15518029708682,
                34.43289193052289
              ],
              [
                -119.15518029708682,
                34.43288288402388
              ],
              [
                -119.15518574262964,
                34.43287836077438
              ],
              [
                -119.15519118817247,
                34.43287383752488
              ],
              [
                -119.15519663371529,
                34.43286931427538
              ],
              [
                -119.15520752480094,
                34.43286931427538
              ],
              [
                -119.15521297034375,
                34.43286479102588
              ],
              [
                -119.15520752480094,
                34.43286026777638
              ],
              [
                -119.15520207925812,
                34.43285574452687
              ],
              [
                -119.15519663371529,
                34.43285122127737
              ],
              [
                -119.15519118817247,
                34.432846698027866
              ],
              [
                -119.15518574262964,
                34.432842174778365
              ]
            ]
          ],
          [
            [
              [
                -119.15581742559719,
                34.433122616247516
              ],
              [
                -119.15580653451156,
                34.433122616247516
              ],
              [
                -119.1557956434259,
                34.433122616247516
              ],
              [
                -119.15579019788308,
                34.43312713949702
              ],
              [
                -119.15578475234025,
                34.43313166274652
              ],
              [
                -119.15577930679743,
                34.43313618599602
              ],
              [
                -119.1557738612546,
                34.43314070924553
              ],
              [
                -119.15576841571178,
                34.43314523249503
              ],
              [
                -119.15576297016896,
                34.43314975574453
              ],
              [
                -119.15575752462614,
                34.43315427899403
              ],
              [
                -119.15575207908331,
                34.43315880224353
              ],
              [
                -119.15574663354049,
                34.43315427899403
              ],
              [
                -119.15574663354049,
                34.43314523249503
              ],
              [
                -119.15574118799766,
                34.43314070924553
              ],
              [
                -119.15573029691201,
                34.43314070924553
              ],
              [
                -119.15572485136919,
                34.43313618599602
              ],
              [
                -119.15571940582637,
                34.43313166274652
              ],
              [
                -119.15571396028355,
                34.43313618599602
              ],
              [
                -119.15571396028355,
                34.43314523249503
              ],
              [
                -119.15571396028355,
                34.43315427899403
              ],
              [
                -119.15571940582637,
                34.43315880224353
              ],
              [
                -119.15572485136919,
                34.433163325493034
              ],
              [
                -119.15572485136919,
                34.43317237199204
              ],
              [
                -119.15573029691201,
                34.433176895241544
              ],
              [
                -119.15573574245484,
                34.43317237199204
              ],
              [
                -119.15574118799766,
                34.43316784874254
              ],
              [
                -119.15575207908331,
                34.43316784874254
              ],
              [
                -119.15575752462614,
                34.43317237199204
              ],
              [
                -119.15575752462614,
                34.433181418491046
              ],
              [
                -119.15575752462614,
                34.433190464990055
              ],
              [
                -119.15575752462614,
                34.43319951148906
              ],
              [
                -119.15576297016896,
                34.43320403473856
              ],
              [
                -119.15576841571178,
                34.43319951148906
              ],
              [
                -119.15576841571178,
                34.433190464990055
              ],
              [
                -119.15576841571178,
                34.433181418491046
              ],
              [
                -119.1557738612546,
                34.433176895241544
              ],
              [
                -119.15577930679743,
                34.43317237199204
              ],
              [
                -119.15578475234025,
                34.43316784874254
              ],
              [
                -119.15579019788308,
                34.433163325493034
              ],
              [
                -119.15579019788308,
                34.43315427899403
              ],
              [
                -119.1557956434259,
                34.43314975574453
              ],
              [
                -119.15580108896873,
                34.43314523249503
              ],
              [
                -119.15580653451156,
                34.43314070924553
              ],
              [
                -119.15581198005437,
                34.43313618599602
              ],
              [
                -119.15581742559719,
                34.43313166274652
              ],
              [
                -119.15582287114002,
                34.43312713949702
              ],
              [
                -119.15581742559719,
                34.433122616247516
              ]
            ]
          ],
          [
            [
              [
                -119.1548317823461,
                34.43355232495025
              ],
              [
                -119.15483722788892,
                34.43354780170075
              ],
              [
                -119.15484267343174,
                34.43354327845124
              ],
              [
                -119.15484811897457,
                34.43353875520174
              ],
              [
                -119.15485901006022,
                34.43353875520174
              ],
              [
                -119.15486445560305,
                34.43354327845124
              ],
              [
                -119.15486990114586,
                34.43354780170075
              ],
              [
                -119.15487534668868,
                34.43354327845124
              ],
              [
                -119.15488079223151,
                34.43353875520174
              ],
              [
                -119.15489168331716,
                34.43353875520174
              ],
              [
                -119.15490257440281,
                34.43353875520174
              ],
              [
                -119.15491346548845,
                34.43353875520174
              ],
              [
                -119.1549243565741,
                34.43353875520174
              ],
              [
                -119.15493524765975,
                34.43353875520174
              ],
              [
                -119.1549461387454,
                34.43353875520174
              ],
              [
                -119.15495702983104,
                34.43353875520174
              ],
              [
                -119.15496792091669,
                34.43353875520174
              ],
              [
                -119.15497336645952,
                34.43353423195224
              ],
              [
                -119.15497881200234,
                34.433529708702736
              ],
              [
                -119.15498425754517,
                34.43353423195224
              ],
              [
                -119.15498970308799,
                34.43353875520174
              ],
              [
                -119.15499514863082,
                34.43353423195224
              ],
              [
                -119.15499514863082,
                34.433525185453234
              ],
              [
                -119.15498970308799,
                34.43352066220373
              ],
              [
                -119.15497881200234,
                34.43352066220373
              ],
              [
                -119.15496792091669,
                34.43352066220373
              ],
              [
                -119.15495702983104,
                34.43352066220373
              ],
              [
                -119.1549461387454,
                34.43352066220373
              ],
              [
                -119.15493524765975,
                34.43352066220373
              ],
              [
                -119.1549243565741,
                34.43352066220373
              ],
              [
                -119.15491346548845,
                34.43352066220373
              ],
              [
                -119.15490801994564,
                34.433525185453234
              ],
              [
                -119.15490257440281,
                34.433529708702736
              ],
              [
                -119.15489168331716,
                34.433529708702736
              ],
              [
                -119.15488623777433,
                34.433525185453234
              ],
              [
                -119.15488079223151,
                34.43352066220373
              ],
              [
                -119.15486990114586,
                34.43352066220373
              ],
              [
                -119.15485901006022,
                34.43352066220373
              ],
              [
                -119.15484811897457,
                34.43352066220373
              ],
              [
                -119.15484267343174,
                34.433525185453234
              ],
              [
                -119.15483722788892,
                34.433529708702736
              ],
              [
                -119.15482633680327,
                34.433529708702736
              ],
              [
                -119.15482089126046,
                34.43353423195224
              ],
              [
                -119.15481544571763,
                34.43353875520174
              ],
              [
                -119.1548317823461,
                34.43355232495025
              ]
            ]
          ],
          [
            [
              [
                -119.15485901006022,
                34.432697430794285
              ],
              [
                -119.15484811897457,
                34.432697430794285
              ],
              [
                -119.15484267343174,
                34.432701954043786
              ],
              [
                -119.15484267343174,
                34.432711000542795
              ],
              [
                -119.15484811897457,
                34.4327155237923
              ],
              [
                -119.15485901006022,
                34.4327155237923
              ],
              [
                -119.15486445560305,
                34.4327200470418
              ],
              [
                -119.15486990114586,
                34.4327245702913
              ],
              [
                -119.15488079223151,
                34.4327245702913
              ],
              [
                -119.15488623777433,
                34.4327290935408
              ],
              [
                -119.15488623777433,
                34.43273814003981
              ],
              [
                -119.15489168331716,
                34.43274266328931
              ],
              [
                -119.15489712885999,
                34.43274718653881
              ],
              [
                -119.15490257440281,
                34.43275170978831
              ],
              [
                -119.15490801994564,
                34.43274718653881
              ],
              [
                -119.15490801994564,
                34.43273814003981
              ],
              [
                -119.15491346548845,
                34.43273361679031
              ],
              [
                -119.1549243565741,
                34.43273361679031
              ],
              [
                -119.15493524765975,
                34.43273361679031
              ],
              [
                -119.15494069320258,
                34.43273814003981
              ],
              [
                -119.1549461387454,
                34.43274266328931
              ],
              [
                -119.15495158428823,
                34.43273814003981
              ],
              [
                -119.15495702983104,
                34.43273361679031
              ],
              [
                -119.15496792091669,
                34.43273361679031
              ],
              [
                -119.15497881200234,
                34.43273361679031
              ],
              [
                -119.15498970308799,
                34.43273361679031
              ],
              [
                -119.15500059417363,
                34.43273361679031
              ],
              [
                -119.15501148525928,
                34.43273361679031
              ],
              [
                -119.15502237634493,
                34.43273361679031
              ],
              [
                -119.15502782188776,
                34.4327290935408
              ],
              [
                -119.15502237634493,
                34.4327245702913
              ],
              [
                -119.15501148525928,
                34.4327245702913
              ],
              [
                -119.15500059417363,
                34.4327245702913
              ],
              [
                -119.15498970308799,
                34.4327245702913
              ],
              [
                -119.15497881200234,
                34.4327245702913
              ],
              [
                -119.15496792091669,
                34.4327245702913
              ],
              [
                -119.15495702983104,
                34.4327245702913
              ],
              [
                -119.15495158428823,
                34.4327200470418
              ],
              [
                -119.1549461387454,
                34.4327155237923
              ],
              [
                -119.15493524765975,
                34.4327155237923
              ],
              [
                -119.1549243565741,
                34.4327155237923
              ],
              [
                -119.15491346548845,
                34.4327155237923
              ],
              [
                -119.15490257440281,
                34.4327155237923
              ],
              [
                -119.15489168331716,
                34.4327155237923
              ],
              [
                -119.15488079223151,
                34.4327155237923
              ],
              [
                -119.15487534668868,
                34.432711000542795
              ],
              [
                -119.15486990114586,
                34.43270647729329
              ],
              [
                -119.15486445560305,
                34.432701954043786
              ],
              [
                -119.15485901006022,
                34.432697430794285
              ]
            ]
          ],
          [
            [
              [
                -119.15570851474072,
                34.43320403473856
              ],
              [
                -119.15569762365507,
                34.43320403473856
              ],
              [
                -119.15568673256942,
                34.43320403473856
              ],
              [
                -119.15567584148378,
                34.43320403473856
              ],
              [
                -119.15567039594096,
                34.43320855798806
              ],
              [
                -119.15567039594096,
                34.43321760448707
              ],
              [
                -119.15567039594096,
                34.43322665098607
              ],
              [
                -119.15567584148378,
                34.43323117423557
              ],
              [
                -119.15568673256942,
                34.43323117423557
              ],
              [
                -119.15569217811225,
                34.433235697485074
              ],
              [
                -119.15569762365507,
                34.43324022073458
              ],
              [
                -119.1557030691979,
                34.43324474398408
              ],
              [
                -119.1557030691979,
                34.433253790483086
              ],
              [
                -119.15570851474072,
                34.43325831373259
              ],
              [
                -119.15571396028355,
                34.433253790483086
              ],
              [
                -119.15571940582637,
                34.433249267233585
              ],
              [
                -119.15572485136919,
                34.43324474398408
              ],
              [
                -119.15573029691201,
                34.43324022073458
              ],
              [
                -119.15573574245484,
                34.433235697485074
              ],
              [
                -119.15573029691201,
                34.43323117423557
              ],
              [
                -119.15571940582637,
                34.43323117423557
              ],
              [
                -119.15571396028355,
                34.43322665098607
              ],
              [
                -119.15570851474072,
                34.43322212773657
              ],
              [
                -119.1557030691979,
                34.43321760448707
              ],
              [
                -119.15570851474072,
                34.43321308123756
              ],
              [
                -119.15571396028355,
                34.43320855798806
              ],
              [
                -119.15570851474072,
                34.43320403473856
              ]
            ]
          ],
          [
            [
              [
                -119.15541445542824,
                34.43301405825946
              ],
              [
                -119.15540356434259,
                34.43301405825946
              ],
              [
                -119.15539267325694,
                34.43301405825946
              ],
              [
                -119.15538178217129,
                34.43301405825946
              ],
              [
                -119.15537089108565,
                34.43301405825946
              ],
              [
                -119.15536,
                34.43301405825946
              ],
              [
                -119.15535455445718,
                34.43301858150896
              ],
              [
                -119.15536,
                34.43302310475846
              ],
              [
                -119.15536544554283,
                34.43302762800796
              ],
              [
                -119.15537089108565,
                34.433032151257464
              ],
              [
                -119.15537633662848,
                34.43303667450697
              ],
              [
                -119.15538178217129,
                34.433041197756474
              ],
              [
                -119.15539267325694,
                34.433041197756474
              ],
              [
                -119.15539811879977,
                34.43303667450697
              ],
              [
                -119.15540356434259,
                34.433032151257464
              ],
              [
                -119.15541445542824,
                34.433032151257464
              ],
              [
                -119.15542534651388,
                34.433032151257464
              ],
              [
                -119.15543623759953,
                34.433032151257464
              ],
              [
                -119.15544168314236,
                34.43302762800796
              ],
              [
                -119.15543623759953,
                34.43302310475846
              ],
              [
                -119.15542534651388,
                34.43302310475846
              ],
              [
                -119.15541990097107,
                34.43301858150896
              ],
              [
                -119.15541445542824,
                34.43301405825946
              ]
            ]
          ],
          [
            [
              [
                -119.15481544571763,
                34.43293263976841
              ],
              [
                -119.15482089126046,
                34.43292811651891
              ],
              [
                -119.15482633680327,
                34.43292359326941
              ],
              [
                -119.1548317823461,
                34.432919070019906
              ],
              [
                -119.15483722788892,
                34.432914546770405
              ],
              [
                -119.15484267343174,
                34.432910023520904
              ],
              [
                -119.15484811897457,
                34.432905500271396
              ],
              [
                -119.15485901006022,
                34.432905500271396
              ],
              [
                -119.15486445560305,
                34.432900977021895
              ],
              [
                -119.15486990114586,
                34.43289645377239
              ],
              [
                -119.15488079223151,
                34.43289645377239
              ],
              [
                -119.15489168331716,
                34.43289645377239
              ],
              [
                -119.15489712885999,
                34.43289193052289
              ],
              [
                -119.15490257440281,
                34.43288740727339
              ],
              [
                -119.15490801994564,
                34.43288288402388
              ],
              [
                -119.15490257440281,
                34.43287836077438
              ],
              [
                -119.15489168331716,
                34.43287836077438
              ],
              [
                -119.15488623777433,
                34.43288288402388
              ],
              [
                -119.15488079223151,
                34.43288740727339
              ],
              [
                -119.15486990114586,
                34.43288740727339
              ],
              [
                -119.15485901006022,
                34.43288740727339
              ],
              [
                -119.15484811897457,
                34.43288740727339
              ],
              [
                -119.15484267343174,
                34.43289193052289
              ],
              [
                -119.15483722788892,
                34.43289645377239
              ],
              [
                -119.1548317823461,
                34.432900977021895
              ],
              [
                -119.15482633680327,
                34.432905500271396
              ],
              [
                -119.15482089126046,
                34.432910023520904
              ],
              [
                -119.15481544571763,
                34.432914546770405
              ],
              [
                -119.15481544571763,
                34.43293263976841
              ]
            ]
          ],
          [
            [
              [
                -119.15582831668284,
                34.43281503528135
              ],
              [
                -119.15582287114002,
                34.43281955853085
              ],
              [
                -119.15582287114002,
                34.432828605029854
              ],
              [
                -119.15582287114002,
                34.432837651528864
              ],
              [
                -119.15582287114002,
                34.432846698027866
              ],
              [
                -119.15581742559719,
                34.43285122127737
              ],
              [
                -119.15580653451156,
                34.43285122127737
              ],
              [
                -119.1557956434259,
                34.43285122127737
              ],
              [
                -119.15578475234025,
                34.43285122127737
              ],
              [
                -119.15577930679743,
                34.43285574452687
              ],
              [
                -119.15578475234025,
                34.43286026777638
              ],
              [
                -119.15579019788308,
                34.43286479102588
              ],
              [
                -119.1557956434259,
                34.43286931427538
              ],
              [
                -119.15580653451156,
                34.43286931427538
              ],
              [
                -119.15581742559719,
                34.43286931427538
              ],
              [
                -119.15582287114002,
                34.43286479102588
              ],
              [
                -119.15582831668284,
                34.43286026777638
              ],
              [
                -119.15583376222567,
                34.43285574452687
              ],
              [
                -119.1558392077685,
                34.43285122127737
              ],
              [
                -119.15584465331132,
                34.432846698027866
              ],
              [
                -119.15584465331132,
                34.432837651528864
              ],
              [
                -119.1558392077685,
                34.432833128279356
              ],
              [
                -119.15583376222567,
                34.432828605029854
              ],
              [
                -119.15583376222567,
                34.43281955853085
              ],
              [
                -119.15582831668284,
                34.43281503528135
              ]
            ]
          ],
          [
            [
              [
                -119.15508772285881,
                34.433511615704724
              ],
              [
                -119.15507683177317,
                34.433511615704724
              ],
              [
                -119.15507138623035,
                34.433516138954225
              ],
              [
                -119.15507683177317,
                34.43352066220373
              ],
              [
                -119.155082277316,
                34.433525185453234
              ],
              [
                -119.155082277316,
                34.43353423195224
              ],
              [
                -119.15508772285881,
                34.43353875520174
              ],
              [
                -119.15509316840163,
                34.43354327845124
              ],
              [
                -119.15509861394446,
                34.43354780170075
              ],
              [
                -119.15510950503011,
                34.43354780170075
              ],
              [
                -119.15512039611576,
                34.43354780170075
              ],
              [
                -119.15512584165857,
                34.43354327845124
              ],
              [
                -119.15512584165857,
                34.43353423195224
              ],
              [
                -119.15512039611576,
                34.433529708702736
              ],
              [
                -119.15511495057294,
                34.433525185453234
              ],
              [
                -119.15510950503011,
                34.43352066220373
              ],
              [
                -119.15509861394446,
                34.43352066220373
              ],
              [
                -119.15509316840163,
                34.433516138954225
              ],
              [
                -119.15508772285881,
                34.433511615704724
              ]
            ]
          ],
          [
            [
              [
                -119.15576297016896,
                34.432959779265424
              ],
              [
                -119.15576841571178,
                34.43296430251493
              ],
              [
                -119.1557738612546,
                34.43296882576443
              ],
              [
                -119.15578475234025,
                34.43296882576443
              ],
              [
                -119.15579019788308,
                34.432973349013935
              ],
              [
                -119.15578475234025,
                34.432977872263436
              ],
              [
                -119.1557738612546,
                34.432977872263436
              ],
              [
                -119.15576841571178,
                34.432973349013935
              ],
              [
                -119.15576297016896,
                34.43296882576443
              ],
              [
                -119.15575207908331,
                34.43296882576443
              ],
              [
                -119.15574118799766,
                34.43296882576443
              ],
              [
                -119.15573029691201,
                34.43296882576443
              ],
              [
                -119.15571940582637,
                34.43296882576443
              ],
              [
                -119.15571396028355,
                34.432973349013935
              ],
              [
                -119.15570851474072,
                34.432977872263436
              ],
              [
                -119.1557030691979,
                34.432973349013935
              ],
              [
                -119.15569762365507,
                34.43296882576443
              ],
              [
                -119.15568673256942,
                34.43296882576443
              ],
              [
                -119.15567584148378,
                34.43296882576443
              ],
              [
                -119.15567039594096,
                34.43296430251493
              ],
              [
                -119.15567584148378,
                34.432959779265424
              ],
              [
                -119.15568673256942,
                34.432959779265424
              ],
              [
                -119.15569762365507,
                34.432959779265424
              ],
              [
                -119.15570851474072,
                34.432959779265424
              ],
              [
                -119.15571940582637,
                34.432959779265424
              ],
              [
                -119.15573029691201,
                34.432959779265424
              ],
              [
                -119.15574118799766,
                34.432959779265424
              ],
              [
                -119.15575207908331,
                34.432959779265424
              ],
              [
                -119.15576297016896,
                34.432959779265424
              ]
            ]
          ],
          [
            [
              [
                -119.15501148525928,
                34.43281503528135
              ],
              [
                -119.15500059417363,
                34.43281503528135
              ],
              [
                -119.15498970308799,
                34.43281503528135
              ],
              [
                -119.15497881200234,
                34.43281503528135
              ],
              [
                -119.15496792091669,
                34.43281503528135
              ],
              [
                -119.15496247537386,
                34.43281955853085
              ],
              [
                -119.15495702983104,
                34.43282408178035
              ],
              [
                -119.15495158428823,
                34.432828605029854
              ],
              [
                -119.15495702983104,
                34.432833128279356
              ],
              [
                -119.15496247537386,
                34.432837651528864
              ],
              [
                -119.15496792091669,
                34.432842174778365
              ],
              [
                -119.15497881200234,
                34.432842174778365
              ],
              [
                -119.15498425754517,
                34.432837651528864
              ],
              [
                -119.15498970308799,
                34.432833128279356
              ],
              [
                -119.15499514863082,
                34.432828605029854
              ],
              [
                -119.15500059417363,
                34.43282408178035
              ],
              [
                -119.15501148525928,
                34.43282408178035
              ],
              [
                -119.1550169308021,
                34.43281955853085
              ],
              [
                -119.15501148525928,
                34.43281503528135
              ]
            ]
          ],
          [
            [
              [
                -119.15517485154399,
                34.43270647729329
              ],
              [
                -119.15516396045835,
                34.43270647729329
              ],
              [
                -119.1551530693727,
                34.43270647729329
              ],
              [
                -119.15514217828705,
                34.43270647729329
              ],
              [
                -119.1551312872014,
                34.43270647729329
              ],
              [
                -119.15512039611576,
                34.43270647729329
              ],
              [
                -119.15510950503011,
                34.43270647729329
              ],
              [
                -119.15509861394446,
                34.43270647729329
              ],
              [
                -119.15508772285881,
                34.43270647729329
              ],
              [
                -119.15507683177317,
                34.43270647729329
              ],
              [
                -119.15507138623035,
                34.432711000542795
              ],
              [
                -119.15507683177317,
                34.4327155237923
              ],
              [
                -119.15508772285881,
                34.4327155237923
              ],
              [
                -119.15509861394446,
                34.4327155237923
              ],
              [
                -119.15510950503011,
                34.4327155237923
              ],
              [
                -119.15512039611576,
                34.4327155237923
              ],
              [
                -119.1551312872014,
                34.4327155237923
              ],
              [
                -119.15514217828705,
                34.4327155237923
              ],
              [
                -119.1551530693727,
                34.4327155237923
              ],
              [
                -119.15516396045835,
                34.4327155237923
              ],
              [
                -119.15517485154399,
                34.4327155237923
              ],
              [
                -119.15518029708682,
                34.432711000542795
              ],
              [
                -119.15517485154399,
                34.43270647729329
              ]
            ]
          ],
          [
            [
              [
                -119.15552336628471,
                34.432914546770405
              ],
              [
                -119.15551247519906,
                34.432914546770405
              ],
              [
                -119.15550158411342,
                34.432914546770405
              ],
              [
                -119.15549069302777,
                34.432914546770405
              ],
              [
                -119.15547980194212,
                34.432914546770405
              ],
              [
                -119.15546891085647,
                34.432914546770405
              ],
              [
                -119.15545801977083,
                34.432914546770405
              ],
              [
                -119.15544712868518,
                34.432914546770405
              ],
              [
                -119.15543623759953,
                34.432914546770405
              ],
              [
                -119.15542534651388,
                34.432914546770405
              ],
              [
                -119.15541990097107,
                34.432919070019906
              ],
              [
                -119.15542534651388,
                34.43292359326941
              ],
              [
                -119.15543623759953,
                34.43292359326941
              ],
              [
                -119.15544712868518,
                34.43292359326941
              ],
              [
                -119.15545801977083,
                34.43292359326941
              ],
              [
                -119.15546891085647,
                34.43292359326941
              ],
              [
                -119.15547980194212,
                34.43292359326941
              ],
              [
                -119.15549069302777,
                34.43292359326941
              ],
              [
                -119.15550158411342,
                34.43292359326941
              ],
              [
                -119.15551247519906,
                34.43292359326941
              ],
              [
                -119.15552336628471,
                34.43292359326941
              ],
              [
                -119.15552881182754,
                34.432919070019906
              ],
              [
                -119.15552336628471,
                34.432914546770405
              ]
            ]
          ],
          [
            [
              [
                -119.15553425737036,
                34.433041197756474
              ],
              [
                -119.15552336628471,
                34.433041197756474
              ],
              [
                -119.15551247519906,
                34.433041197756474
              ],
              [
                -119.15550158411342,
                34.433041197756474
              ],
              [
                -119.15549069302777,
                34.433041197756474
              ],
              [
                -119.15548524748495,
                34.433045721005975
              ],
              [
                -119.15549069302777,
                34.433050244255476
              ],
              [
                -119.15550158411342,
                34.433050244255476
              ],
              [
                -119.15551247519906,
                34.433050244255476
              ],
              [
                -119.15551792074189,
                34.43305476750498
              ],
              [
                -119.15552336628471,
                34.43305929075448
              ],
              [
                -119.15553425737036,
                34.43305929075448
              ],
              [
                -119.15554514845601,
                34.43305929075448
              ],
              [
                -119.15555059399884,
                34.43306381400399
              ],
              [
                -119.15555603954165,
                34.43306833725349
              ],
              [
                -119.15556148508448,
                34.43306381400399
              ],
              [
                -119.15556148508448,
                34.43305476750498
              ],
              [
                -119.15555603954165,
                34.433050244255476
              ],
              [
                -119.15554514845601,
                34.433050244255476
              ],
              [
                -119.15553970291319,
                34.433045721005975
              ],
              [
                -119.15553425737036,
                34.433041197756474
              ]
            ]
          ],
          [
            [
              [
                -119.15581742559719,
                34.43293263976841
              ],
              [
                -119.15580653451156,
                34.43293263976841
              ],
              [
                -119.1557956434259,
                34.43293263976841
              ],
              [
                -119.15578475234025,
                34.43293263976841
              ],
              [
                -119.1557738612546,
                34.43293263976841
              ],
              [
                -119.15576297016896,
                34.43293263976841
              ],
              [
                -119.15575207908331,
                34.43293263976841
              ],
              [
                -119.15574118799766,
                34.43293263976841
              ],
              [
                -119.15573029691201,
                34.43293263976841
              ],
              [
                -119.15571940582637,
                34.43293263976841
              ],
              [
                -119.15571396028355,
                34.43293716301792
              ],
              [
                -119.15571940582637,
                34.43294168626742
              ],
              [
                -119.15573029691201,
                34.43294168626742
              ],
              [
                -119.15574118799766,
                34.43294168626742
              ],
              [
                -119.15575207908331,
                34.43294168626742
              ],
              [
                -119.15576297016896,
                34.43294168626742
              ],
              [
                -119.1557738612546,
                34.43294168626742
              ],
              [
                -119.15578475234025,
                34.43294168626742
              ],
              [
                -119.1557956434259,
                34.43294168626742
              ],
              [
                -119.15580653451156,
                34.43294168626742
              ],
              [
                -119.15581742559719,
                34.43294168626742
              ],
              [
                -119.15582287114002,
                34.43293716301792
              ],
              [
                -119.15581742559719,
                34.43293263976841
              ]
            ]
          ],
          [
            [
              [
                -119.15552336628471,
                34.43295073276642
              ],
              [
                -119.15552881182754,
                34.43295525601592
              ],
              [
                -119.15553425737036,
                34.432959779265424
              ],
              [
                -119.15553970291319,
                34.43296430251493
              ],
              [
                -119.15553425737036,
                34.43296882576443
              ],
              [
                -119.15552336628471,
                34.43296882576443
              ],
              [
                -119.15551247519906,
                34.43296882576443
              ],
              [
                -119.15550158411342,
                34.43296882576443
              ],
              [
                -119.15549069302777,
                34.43296882576443
              ],
              [
                -119.15548524748495,
                34.43296430251493
              ],
              [
                -119.15547980194212,
                34.432959779265424
              ],
              [
                -119.1554743563993,
                34.43295525601592
              ],
              [
                -119.15547980194212,
                34.43295073276642
              ],
              [
                -119.15549069302777,
                34.43295073276642
              ],
              [
                -119.15550158411342,
                34.43295073276642
              ],
              [
                -119.15551247519906,
                34.43295073276642
              ],
              [
                -119.15552336628471,
                34.43295073276642
              ]
            ]
          ],
          [
            [
              [
                -119.1555669306273,
                34.432697430794285
              ],
              [
                -119.15555603954165,
                34.432697430794285
              ],
              [
                -119.15554514845601,
                34.432697430794285
              ],
              [
                -119.15553425737036,
                34.432697430794285
              ],
              [
                -119.15552336628471,
                34.432697430794285
              ],
              [
                -119.15551792074189,
                34.432701954043786
              ],
              [
                -119.15552336628471,
                34.43270647729329
              ],
              [
                -119.15553425737036,
                34.43270647729329
              ],
              [
                -119.15554514845601,
                34.43270647729329
              ],
              [
                -119.15555603954165,
                34.43270647729329
              ],
              [
                -119.15556148508448,
                34.432711000542795
              ],
              [
                -119.15556148508448,
                34.4327200470418
              ],
              [
                -119.15555603954165,
                34.4327245702913
              ],
              [
                -119.15555059399884,
                34.4327290935408
              ],
              [
                -119.15555059399884,
                34.43273814003981
              ],
              [
                -119.15555603954165,
                34.43274266328931
              ],
              [
                -119.15556148508448,
                34.43273814003981
              ],
              [
                -119.1555669306273,
                34.43273361679031
              ],
              [
                -119.15557237617013,
                34.4327290935408
              ],
              [
                -119.15557237617013,
                34.4327200470418
              ],
              [
                -119.15557237617013,
                34.432711000542795
              ],
              [
                -119.15557237617013,
                34.432701954043786
              ],
              [
                -119.1555669306273,
                34.432697430794285
              ]
            ]
          ],
          [
            [
              [
                -119.15521841588658,
                34.432986918762445
              ],
              [
                -119.15520752480094,
                34.432986918762445
              ],
              [
                -119.15519663371529,
                34.432986918762445
              ],
              [
                -119.15518574262964,
                34.432986918762445
              ],
              [
                -119.15517485154399,
                34.432986918762445
              ],
              [
                -119.15516396045835,
                34.432986918762445
              ],
              [
                -119.15515851491553,
                34.43299144201195
              ],
              [
                -119.1551530693727,
                34.43299596526145
              ],
              [
                -119.15514217828705,
                34.43299596526145
              ],
              [
                -119.1551312872014,
                34.43299596526145
              ],
              [
                -119.15512584165857,
                34.43300048851095
              ],
              [
                -119.1551312872014,
                34.43300501176045
              ],
              [
                -119.15514217828705,
                34.43300501176045
              ],
              [
                -119.1551530693727,
                34.43300501176045
              ],
              [
                -119.15516396045835,
                34.43300501176045
              ],
              [
                -119.15516940600116,
                34.43300048851095
              ],
              [
                -119.15517485154399,
                34.43299596526145
              ],
              [
                -119.15518574262964,
                34.43299596526145
              ],
              [
                -119.15519663371529,
                34.43299596526145
              ],
              [
                -119.15520752480094,
                34.43299596526145
              ],
              [
                -119.15521841588658,
                34.43299596526145
              ],
              [
                -119.1552238614294,
                34.43299144201195
              ],
              [
                -119.15521841588658,
                34.432986918762445
              ]
            ]
          ],
          [
            [
              [
                -119.15516396045835,
                34.43294168626742
              ],
              [
                -119.1551530693727,
                34.43294168626742
              ],
              [
                -119.15514217828705,
                34.43294168626742
              ],
              [
                -119.15513673274423,
                34.43294620951692
              ],
              [
                -119.1551312872014,
                34.43295073276642
              ],
              [
                -119.15512039611576,
                34.43295073276642
              ],
              [
                -119.15511495057294,
                34.43295525601592
              ],
              [
                -119.15512039611576,
                34.432959779265424
              ],
              [
                -119.1551312872014,
                34.432959779265424
              ],
              [
                -119.15514217828705,
                34.432959779265424
              ],
              [
                -119.1551530693727,
                34.432959779265424
              ],
              [
                -119.15516396045835,
                34.432959779265424
              ],
              [
                -119.15516940600116,
                34.43295525601592
              ],
              [
                -119.15516940600116,
                34.43294620951692
              ],
              [
                -119.15516396045835,
                34.43294168626742
              ]
            ]
          ],
          [
            [
              [
                -119.15536,
                34.43295073276642
              ],
              [
                -119.15535455445718,
                34.43295525601592
              ],
              [
                -119.15534910891435,
                34.432959779265424
              ],
              [
                -119.15533821782871,
                34.432959779265424
              ],
              [
                -119.15533277228589,
                34.43296430251493
              ],
              [
                -119.15533821782871,
                34.43296882576443
              ],
              [
                -119.15534366337153,
                34.432973349013935
              ],
              [
                -119.15534910891435,
                34.432977872263436
              ],
              [
                -119.15536,
                34.432977872263436
              ],
              [
                -119.15537089108565,
                34.432977872263436
              ],
              [
                -119.15537633662848,
                34.432973349013935
              ],
              [
                -119.15537633662848,
                34.43296430251493
              ],
              [
                -119.15537089108565,
                34.432959779265424
              ],
              [
                -119.15536544554283,
                34.43295525601592
              ],
              [
                -119.15536,
                34.43295073276642
              ]
            ]
          ],
          [
            [
              [
                -119.15564861376966,
                34.43355232495025
              ],
              [
                -119.15564861376966,
                34.43354327845124
              ],
              [
                -119.15564861376966,
                34.43353423195224
              ],
              [
                -119.15564316822683,
                34.433529708702736
              ],
              [
                -119.1556322771412,
                34.433529708702736
              ],
              [
                -119.15562683159837,
                34.43353423195224
              ],
              [
                -119.15562138605554,
                34.43353875520174
              ],
              [
                -119.15561594051272,
                34.43354327845124
              ],
              [
                -119.15561049496989,
                34.43354780170075
              ],
              [
                -119.15560504942707,
                34.43355232495025
              ],
              [
                -119.15564861376966,
                34.43355232495025
              ]
            ]
          ],
          [
            [
              [
                -119.1549461387454,
                34.43281503528135
              ],
              [
                -119.15493524765975,
                34.43281503528135
              ],
              [
                -119.1549243565741,
                34.43281503528135
              ],
              [
                -119.15491346548845,
                34.43281503528135
              ],
              [
                -119.15490257440281,
                34.43281503528135
              ],
              [
                -119.15489168331716,
                34.43281503528135
              ],
              [
                -119.15488079223151,
                34.43281503528135
              ],
              [
                -119.15487534668868,
                34.43281955853085
              ],
              [
                -119.15488079223151,
                34.43282408178035
              ],
              [
                -119.15489168331716,
                34.43282408178035
              ],
              [
                -119.15490257440281,
                34.43282408178035
              ],
              [
                -119.15491346548845,
                34.43282408178035
              ],
              [
                -119.1549243565741,
                34.43282408178035
              ],
              [
                -119.15493524765975,
                34.43282408178035
              ],
              [
                -119.1549461387454,
                34.43282408178035
              ],
              [
                -119.15495158428823,
                34.43281955853085
              ],
              [
                -119.1549461387454,
                34.43281503528135
              ]
            ]
          ],
          [
            [
              [
                -119.15485901006022,
                34.433113569748514
              ],
              [
                -119.15484811897457,
                34.433113569748514
              ],
              [
                -119.15483722788892,
                34.433113569748514
              ],
              [
                -119.1548317823461,
                34.433118092998015
              ],
              [
                -119.15483722788892,
                34.433122616247516
              ],
              [
                -119.15484267343174,
                34.43312713949702
              ],
              [
                -119.15484267343174,
                34.43313618599602
              ],
              [
                -119.15484267343174,
                34.43314523249503
              ],
              [
                -119.15484811897457,
                34.43314975574453
              ],
              [
                -119.1548535645174,
                34.43314523249503
              ],
              [
                -119.1548535645174,
                34.43313618599602
              ],
              [
                -119.15485901006022,
                34.43313166274652
              ],
              [
                -119.15486445560305,
                34.43312713949702
              ],
              [
                -119.15486445560305,
                34.433118092998015
              ],
              [
                -119.15485901006022,
                34.433113569748514
              ]
            ]
          ],
          [
            [
              [
                -119.15562138605554,
                34.43292359326941
              ],
              [
                -119.15561049496989,
                34.43292359326941
              ],
              [
                -119.15559960388424,
                34.43292359326941
              ],
              [
                -119.15559415834143,
                34.43292811651891
              ],
              [
                -119.1555887127986,
                34.43293263976841
              ],
              [
                -119.15557782171295,
                34.43293263976841
              ],
              [
                -119.15557237617013,
                34.43293716301792
              ],
              [
                -119.15557782171295,
                34.43294168626742
              ],
              [
                -119.1555887127986,
                34.43294168626742
              ],
              [
                -119.15559960388424,
                34.43294168626742
              ],
              [
                -119.15560504942707,
                34.43293716301792
              ],
              [
                -119.15561049496989,
                34.43293263976841
              ],
              [
                -119.15561594051272,
                34.43293716301792
              ],
              [
                -119.15562138605554,
                34.43294168626742
              ],
              [
                -119.15562683159837,
                34.43293716301792
              ],
              [
                -119.15562683159837,
                34.43292811651891
              ],
              [
                -119.15562138605554,
                34.43292359326941
              ]
            ]
          ],
          [
            [
              [
                -119.15495702983104,
                34.43265219829926
              ],
              [
                -119.15495158428823,
                34.43265672154877
              ],
              [
                -119.15495158428823,
                34.43266576804777
              ],
              [
                -119.1549461387454,
                34.43267029129727
              ],
              [
                -119.15493524765975,
                34.43267029129727
              ],
              [
                -119.15492980211692,
                34.43267481454677
              ],
              [
                -119.15493524765975,
                34.43267933779627
              ],
              [
                -119.1549461387454,
                34.43267933779627
              ],
              [
                -119.15495702983104,
                34.43267933779627
              ],
              [
                -119.15496792091669,
                34.43267933779627
              ],
              [
                -119.15497336645952,
                34.43267481454677
              ],
              [
                -119.15496792091669,
                34.43267029129727
              ],
              [
                -119.15496247537386,
                34.43266576804777
              ],
              [
                -119.15496247537386,
                34.43265672154877
              ],
              [
                -119.15495702983104,
                34.43265219829926
              ]
            ]
          ],
          [
            [
              [
                -119.15512039611576,
                34.43266124479827
              ],
              [
                -119.15512584165857,
                34.43266576804777
              ],
              [
                -119.1551312872014,
                34.43267029129727
              ],
              [
                -119.15513673274423,
                34.43267481454677
              ],
              [
                -119.1551312872014,
                34.43267933779627
              ],
              [
                -119.15512039611576,
                34.43267933779627
              ],
              [
                -119.15510950503011,
                34.43267933779627
              ],
              [
                -119.15510405948729,
                34.43267481454677
              ],
              [
                -119.15509861394446,
                34.43267029129727
              ],
              [
                -119.15509316840163,
                34.43266576804777
              ],
              [
                -119.15509861394446,
                34.43266124479827
              ],
              [
                -119.15510950503011,
                34.43266124479827
              ],
              [
                -119.15512039611576,
                34.43266124479827
              ]
            ]
          ],
          [
            [
              [
                -119.1551530693727,
                34.432833128279356
              ],
              [
                -119.15514217828705,
                34.432833128279356
              ],
              [
                -119.1551312872014,
                34.432833128279356
              ],
              [
                -119.15512039611576,
                34.432833128279356
              ],
              [
                -119.15510950503011,
                34.432833128279356
              ],
              [
                -119.15509861394446,
                34.432833128279356
              ],
              [
                -119.15509316840163,
                34.432837651528864
              ],
              [
                -119.15509861394446,
                34.432842174778365
              ],
              [
                -119.15510950503011,
                34.432842174778365
              ],
              [
                -119.15512039611576,
                34.432842174778365
              ],
              [
                -119.1551312872014,
                34.432842174778365
              ],
              [
                -119.15514217828705,
                34.432842174778365
              ],
              [
                -119.1551530693727,
                34.432842174778365
              ],
              [
                -119.15515851491553,
                34.432837651528864
              ],
              [
                -119.1551530693727,
                34.432833128279356
              ]
            ]
          ],
          [
            [
              [
                -119.15546891085647,
                34.433113569748514
              ],
              [
                -119.15545801977083,
                34.433113569748514
              ],
              [
                -119.15545257422801,
                34.433118092998015
              ],
              [
                -119.15545801977083,
                34.433122616247516
              ],
              [
                -119.15546346531366,
                34.43312713949702
              ],
              [
                -119.15546891085647,
                34.43313166274652
              ],
              [
                -119.1554743563993,
                34.43313618599602
              ],
              [
                -119.15547980194212,
                34.43314070924553
              ],
              [
                -119.15549069302777,
                34.43314070924553
              ],
              [
                -119.1554961385706,
                34.43313618599602
              ],
              [
                -119.15549069302777,
                34.43313166274652
              ],
              [
                -119.15548524748495,
                34.43312713949702
              ],
              [
                -119.15547980194212,
                34.433122616247516
              ],
              [
                -119.1554743563993,
                34.433118092998015
              ],
              [
                -119.15546891085647,
                34.433113569748514
              ]
            ]
          ],
          [
            [
              [
                -119.15531643565741,
                34.43293263976841
              ],
              [
                -119.15531099011459,
                34.43293716301792
              ],
              [
                -119.15530554457176,
                34.43294168626742
              ],
              [
                -119.15529465348612,
                34.43294168626742
              ],
              [
                -119.15528376240047,
                34.43294168626742
              ],
              [
                -119.15527831685765,
                34.43294620951692
              ],
              [
                -119.15528376240047,
                34.43295073276642
              ],
              [
                -119.15529465348612,
                34.43295073276642
              ],
              [
                -119.15530554457176,
                34.43295073276642
              ],
              [
                -119.15531643565741,
                34.43295073276642
              ],
              [
                -119.15532188120024,
                34.43294620951692
              ],
              [
                -119.15532188120024,
                34.43293716301792
              ],
              [
                -119.15531643565741,
                34.43293263976841
              ]
            ]
          ],
          [
            [
              [
                -119.1555887127986,
                34.43266124479827
              ],
              [
                -119.15557782171295,
                34.43266124479827
              ],
              [
                -119.1555669306273,
                34.43266124479827
              ],
              [
                -119.15555603954165,
                34.43266124479827
              ],
              [
                -119.15554514845601,
                34.43266124479827
              ],
              [
                -119.15553970291319,
                34.43266576804777
              ],
              [
                -119.15554514845601,
                34.43267029129727
              ],
              [
                -119.15555603954165,
                34.43267029129727
              ],
              [
                -119.1555669306273,
                34.43267029129727
              ],
              [
                -119.15557782171295,
                34.43267029129727
              ],
              [
                -119.1555887127986,
                34.43267029129727
              ],
              [
                -119.15559415834143,
                34.43266576804777
              ],
              [
                -119.1555887127986,
                34.43266124479827
              ]
            ]
          ],
          [
            [
              [
                -119.15528376240047,
                34.43267933779627
              ],
              [
                -119.15527287131482,
                34.43267933779627
              ],
              [
                -119.15526198022917,
                34.43267933779627
              ],
              [
                -119.15525108914353,
                34.43267933779627
              ],
              [
                -119.15524019805788,
                34.43267933779627
              ],
              [
                -119.15523475251506,
                34.43268386104578
              ],
              [
                -119.15524019805788,
                34.43268838429528
              ],
              [
                -119.15525108914353,
                34.43268838429528
              ],
              [
                -119.15526198022917,
                34.43268838429528
              ],
              [
                -119.15527287131482,
                34.43268838429528
              ],
              [
                -119.15528376240047,
                34.43268838429528
              ],
              [
                -119.1552892079433,
                34.43268386104578
              ],
              [
                -119.15528376240047,
                34.43267933779627
              ]
            ]
          ],
          [
            [
              [
                -119.15529465348612,
                34.43273361679031
              ],
              [
                -119.15528376240047,
                34.43273361679031
              ],
              [
                -119.15527287131482,
                34.43273361679031
              ],
              [
                -119.15526198022917,
                34.43273361679031
              ],
              [
                -119.15525108914353,
                34.43273361679031
              ],
              [
                -119.15524564360071,
                34.43273814003981
              ],
              [
                -119.15525108914353,
                34.43274266328931
              ],
              [
                -119.15526198022917,
                34.43274266328931
              ],
              [
                -119.15527287131482,
                34.43274266328931
              ],
              [
                -119.15528376240047,
                34.43274266328931
              ],
              [
                -119.15529465348612,
                34.43274266328931
              ],
              [
                -119.15530009902893,
                34.43273814003981
              ],
              [
                -119.15529465348612,
                34.43273361679031
              ]
            ]
          ],
          [
            [
              [
                -119.15510950503011,
                34.43273361679031
              ],
              [
                -119.15509861394446,
                34.43273361679031
              ],
              [
                -119.15508772285881,
                34.43273361679031
              ],
              [
                -119.15507683177317,
                34.43273361679031
              ],
              [
                -119.15506594068752,
                34.43273361679031
              ],
              [
                -119.1550604951447,
                34.43273814003981
              ],
              [
                -119.15506594068752,
                34.43274266328931
              ],
              [
                -119.15507683177317,
                34.43274266328931
              ],
              [
                -119.15508772285881,
                34.43274266328931
              ],
              [
                -119.15509861394446,
                34.43274266328931
              ],
              [
                -119.15510950503011,
                34.43274266328931
              ],
              [
                -119.15511495057294,
                34.43273814003981
              ],
              [
                -119.15510950503011,
                34.43273361679031
              ]
            ]
          ],
          [
            [
              [
                -119.15501148525928,
                34.43288740727339
              ],
              [
                -119.15500603971645,
                34.43289193052289
              ],
              [
                -119.15500603971645,
                34.432900977021895
              ],
              [
                -119.15500059417363,
                34.432905500271396
              ],
              [
                -119.15499514863082,
                34.432910023520904
              ],
              [
                -119.15500059417363,
                34.432914546770405
              ],
              [
                -119.15501148525928,
                34.432914546770405
              ],
              [
                -119.15502237634493,
                34.432914546770405
              ],
              [
                -119.15502782188776,
                34.432910023520904
              ],
              [
                -119.15502237634493,
                34.432905500271396
              ],
              [
                -119.1550169308021,
                34.432900977021895
              ],
              [
                -119.1550169308021,
                34.43289193052289
              ],
              [
                -119.15501148525928,
                34.43288740727339
              ]
            ]
          ],
          [
            [
              [
                -119.15531643565741,
                34.43299596526145
              ],
              [
                -119.15530554457176,
                34.43299596526145
              ],
              [
                -119.15529465348612,
                34.43299596526145
              ],
              [
                -119.15528376240047,
                34.43299596526145
              ],
              [
                -119.15527287131482,
                34.43299596526145
              ],
              [
                -119.155267425772,
                34.43300048851095
              ],
              [
                -119.15527287131482,
                34.43300501176045
              ],
              [
                -119.15528376240047,
                34.43300501176045
              ],
              [
                -119.15529465348612,
                34.43300501176045
              ],
              [
                -119.15530554457176,
                34.43300501176045
              ],
              [
                -119.15531643565741,
                34.43300501176045
              ],
              [
                -119.15532188120024,
                34.43300048851095
              ],
              [
                -119.15531643565741,
                34.43299596526145
              ]
            ]
          ],
          [
            [
              [
                -119.15501148525928,
                34.433122616247516
              ],
              [
                -119.15500059417363,
                34.433122616247516
              ],
              [
                -119.15498970308799,
                34.433122616247516
              ],
              [
                -119.15497881200234,
                34.433122616247516
              ],
              [
                -119.15496792091669,
                34.433122616247516
              ],
              [
                -119.15496247537386,
                34.43312713949702
              ],
              [
                -119.15496792091669,
                34.43313166274652
              ],
              [
                -119.15497881200234,
                34.43313166274652
              ],
              [
                -119.15498970308799,
                34.43313166274652
              ],
              [
                -119.15500059417363,
                34.43313166274652
              ],
              [
                -119.15501148525928,
                34.43313166274652
              ],
              [
                -119.1550169308021,
                34.43312713949702
              ],
              [
                -119.15501148525928,
                34.433122616247516
              ]
            ]
          ],
          [
            [
              [
                -119.15497336645952,
                34.43264767504976
              ],
              [
                -119.15497336645952,
                34.43265672154877
              ],
              [
                -119.15497881200234,
                34.43266124479827
              ],
              [
                -119.15498425754517,
                34.43266576804777
              ],
              [
                -119.15498970308799,
                34.43267029129727
              ],
              [
                -119.15499514863082,
                34.43266576804777
              ],
              [
                -119.15499514863082,
                34.43265672154877
              ],
              [
                -119.15499514863082,
                34.43264767504976
              ],
              [
                -119.15497336645952,
                34.43264767504976
              ]
            ]
          ],
          [
            [
              [
                -119.1551312872014,
                34.43285122127737
              ],
              [
                -119.15512039611576,
                34.43285122127737
              ],
              [
                -119.15510950503011,
                34.43285122127737
              ],
              [
                -119.15510405948729,
                34.43285574452687
              ],
              [
                -119.15510405948729,
                34.43286479102588
              ],
              [
                -119.15510950503011,
                34.43286931427538
              ],
              [
                -119.15511495057294,
                34.43286479102588
              ],
              [
                -119.15512039611576,
                34.43286026777638
              ],
              [
                -119.1551312872014,
                34.43286026777638
              ],
              [
                -119.15513673274423,
                34.43285574452687
              ],
              [
                -119.1551312872014,
                34.43285122127737
              ]
            ]
          ],
          [
            [
              [
                -119.15536,
                34.43268838429528
              ],
              [
                -119.15534910891435,
                34.43268838429528
              ],
              [
                -119.15533821782871,
                34.43268838429528
              ],
              [
                -119.15532732674306,
                34.43268838429528
              ],
              [
                -119.15532188120024,
                34.432692907544784
              ],
              [
                -119.15532732674306,
                34.432697430794285
              ],
              [
                -119.15533821782871,
                34.432697430794285
              ],
              [
                -119.15534910891435,
                34.432697430794285
              ],
              [
                -119.15536,
                34.432697430794285
              ],
              [
                -119.15536544554283,
                34.432692907544784
              ],
              [
                -119.15536,
                34.43268838429528
              ]
            ]
          ],
          [
            [
              [
                -119.15526198022917,
                34.43270647729329
              ],
              [
                -119.15525108914353,
                34.43270647729329
              ],
              [
                -119.15524019805788,
                34.43270647729329
              ],
              [
                -119.15522930697223,
                34.43270647729329
              ],
              [
                -119.1552238614294,
                34.432711000542795
              ],
              [
                -119.15522930697223,
                34.4327155237923
              ],
              [
                -119.15524019805788,
                34.4327155237923
              ],
              [
                -119.15525108914353,
                34.4327155237923
              ],
              [
                -119.15526198022917,
                34.4327155237923
              ],
              [
                -119.155267425772,
                34.432711000542795
              ],
              [
                -119.15526198022917,
                34.43270647729329
              ]
            ]
          ],
          [
            [
              [
                -119.15482633680327,
                34.432833128279356
              ],
              [
                -119.15482089126046,
                34.432837651528864
              ],
              [
                -119.15482089126046,
                34.432846698027866
              ],
              [
                -119.15482089126046,
                34.43285574452687
              ],
              [
                -119.15482633680327,
                34.43286026777638
              ],
              [
                -119.1548317823461,
                34.43285574452687
              ],
              [
                -119.15483722788892,
                34.43285122127737
              ],
              [
                -119.15484267343174,
                34.432846698027866
              ],
              [
                -119.15483722788892,
                34.432842174778365
              ],
              [
                -119.1548317823461,
                34.432837651528864
              ],
              [
                -119.15482633680327,
                34.432833128279356
              ]
            ]
          ],
          [
            [
              [
                -119.15490257440281,
                34.432977872263436
              ],
              [
                -119.15489712885999,
                34.43298239551294
              ],
              [
                -119.15489712885999,
                34.43299144201195
              ],
              [
                -119.15489168331716,
                34.43299596526145
              ],
              [
                -119.15488623777433,
                34.43300048851095
              ],
              [
                -119.15489168331716,
                34.43300501176045
              ],
              [
                -119.15490257440281,
                34.43300501176045
              ],
              [
                -119.15490801994564,
                34.43300048851095
              ],
              [
                -119.15490801994564,
                34.43299144201195
              ],
              [
                -119.15490801994564,
                34.43298239551294
              ],
              [
                -119.15490257440281,
                34.432977872263436
              ]
            ]
          ],
          [
            [
              [
                -119.15544168314236,
                34.43264767504976
              ],
              [
                -119.15543623759953,
                34.43265219829926
              ],
              [
                -119.1554307920567,
                34.43265672154877
              ],
              [
                -119.15543623759953,
                34.43266124479827
              ],
              [
                -119.15544712868518,
                34.43266124479827
              ],
              [
                -119.15545257422801,
                34.43265672154877
              ],
              [
                -119.15545801977083,
                34.43265219829926
              ],
              [
                -119.15546346531366,
                34.43264767504976
              ],
              [
                -119.15544168314236,
                34.43264767504976
              ]
            ]
          ],
          [
            [
              [
                -119.15507683177317,
                34.43266124479827
              ],
              [
                -119.155082277316,
                34.43266576804777
              ],
              [
                -119.15507683177317,
                34.43267029129727
              ],
              [
                -119.15507138623035,
                34.43267481454677
              ],
              [
                -119.15506594068752,
                34.43267933779627
              ],
              [
                -119.1550604951447,
                34.43267481454677
              ],
              [
                -119.1550604951447,
                34.43266576804777
              ],
              [
                -119.15506594068752,
                34.43266124479827
              ],
              [
                -119.15507683177317,
                34.43266124479827
              ]
            ]
          ],
          [
            [
              [
                -119.1555669306273,
                34.43322212773657
              ],
              [
                -119.15555603954165,
                34.43322212773657
              ],
              [
                -119.15555059399884,
                34.43322665098607
              ],
              [
                -119.15555059399884,
                34.433235697485074
              ],
              [
                -119.15555603954165,
                34.43324022073458
              ],
              [
                -119.15556148508448,
                34.433235697485074
              ],
              [
                -119.1555669306273,
                34.43323117423557
              ],
              [
                -119.15557237617013,
                34.43322665098607
              ],
              [
                -119.1555669306273,
                34.43322212773657
              ]
            ]
          ],
          [
            [
              [
                -119.15541445542824,
                34.4327155237923
              ],
              [
                -119.15540356434259,
                34.4327155237923
              ],
              [
                -119.15539267325694,
                34.4327155237923
              ],
              [
                -119.15538722771412,
                34.4327200470418
              ],
              [
                -119.15539267325694,
                34.4327245702913
              ],
              [
                -119.15540356434259,
                34.4327245702913
              ],
              [
                -119.15541445542824,
                34.4327245702913
              ],
              [
                -119.15541990097107,
                34.4327200470418
              ],
              [
                -119.15541445542824,
                34.4327155237923
              ]
            ]
          ],
          [
            [
              [
                -119.15586098993978,
                34.43267029129727
              ],
              [
                -119.15586643548261,
                34.43267481454677
              ],
              [
                -119.15586098993978,
                34.43267933779627
              ],
              [
                -119.15585009885415,
                34.43267933779627
              ],
              [
                -119.1558392077685,
                34.43267933779627
              ],
              [
                -119.15583376222567,
                34.43267481454677
              ],
              [
                -119.1558392077685,
                34.43267029129727
              ],
              [
                -119.15585009885415,
                34.43267029129727
              ],
              [
                -119.15586098993978,
                34.43267029129727
              ]
            ]
          ],
          [
            [
              [
                -119.15503326743058,
                34.432697430794285
              ],
              [
                -119.15502237634493,
                34.432697430794285
              ],
              [
                -119.15501148525928,
                34.432697430794285
              ],
              [
                -119.15500603971645,
                34.432701954043786
              ],
              [
                -119.15501148525928,
                34.43270647729329
              ],
              [
                -119.15502237634493,
                34.43270647729329
              ],
              [
                -119.15503326743058,
                34.43270647729329
              ],
              [
                -119.15503871297341,
                34.432701954043786
              ],
              [
                -119.15503326743058,
                34.432697430794285
              ]
            ]
          ],
          [
            [
              [
                -119.15495702983104,
                34.432697430794285
              ],
              [
                -119.1549461387454,
                34.432697430794285
              ],
              [
                -119.15493524765975,
                34.432697430794285
              ],
              [
                -119.15492980211692,
                34.432701954043786
              ],
              [
                -119.15493524765975,
                34.43270647729329
              ],
              [
                -119.1549461387454,
                34.43270647729329
              ],
              [
                -119.15495702983104,
                34.43270647729329
              ],
              [
                -119.15496247537386,
                34.432701954043786
              ],
              [
                -119.15495702983104,
                34.432697430794285
              ]
            ]
          ],
          [
            [
              [
                -119.15546891085647,
                34.43270647729329
              ],
              [
                -119.15545801977083,
                34.43270647729329
              ],
              [
                -119.15544712868518,
                34.43270647729329
              ],
              [
                -119.15544168314236,
                34.432711000542795
              ],
              [
                -119.15544712868518,
                34.4327155237923
              ],
              [
                -119.15545801977083,
                34.4327155237923
              ],
              [
                -119.15546891085647,
                34.4327155237923
              ],
              [
                -119.1554743563993,
                34.432711000542795
              ],
              [
                -119.15546891085647,
                34.43270647729329
              ]
            ]
          ],
          [
            [
              [
                -119.15506594068752,
                34.43282408178035
              ],
              [
                -119.15505504960187,
                34.43282408178035
              ],
              [
                -119.15504415851622,
                34.43282408178035
              ],
              [
                -119.15503871297341,
                34.432828605029854
              ],
              [
                -119.15504415851622,
                34.432833128279356
              ],
              [
                -119.15505504960187,
                34.432833128279356
              ],
              [
                -119.15506594068752,
                34.432833128279356
              ],
              [
                -119.15507138623035,
                34.432828605029854
              ],
              [
                -119.15506594068752,
                34.43282408178035
              ]
            ]
          ],
          [
            [
              [
                -119.15588277211108,
                34.43292359326941
              ],
              [
                -119.15587188102543,
                34.43292359326941
              ],
              [
                -119.15586098993978,
                34.43292359326941
              ],
              [
                -119.15585554439696,
                34.43292811651891
              ],
              [
                -119.15586098993978,
                34.43293263976841
              ],
              [
                -119.15587188102543,
                34.43293263976841
              ],
              [
                -119.15588277211108,
                34.43293263976841
              ],
              [
                -119.15588821765391,
                34.43292811651891
              ],
              [
                -119.15588277211108,
                34.43292359326941
              ]
            ]
          ],
          [
            [
              [
                -119.1555669306273,
                34.43292359326941
              ],
              [
                -119.15555603954165,
                34.43292359326941
              ],
              [
                -119.15554514845601,
                34.43292359326941
              ],
              [
                -119.15553970291319,
                34.43292811651891
              ],
              [
                -119.15554514845601,
                34.43293263976841
              ],
              [
                -119.15555603954165,
                34.43293263976841
              ],
              [
                -119.1555669306273,
                34.43293263976841
              ],
              [
                -119.15557237617013,
                34.43292811651891
              ],
              [
                -119.1555669306273,
                34.43292359326941
              ]
            ]
          ],
          [
            [
              [
                -119.15546891085647,
                34.433032151257464
              ],
              [
                -119.15545801977083,
                34.433032151257464
              ],
              [
                -119.15544712868518,
                34.433032151257464
              ],
              [
                -119.15544168314236,
                34.43303667450697
              ],
              [
                -119.15544712868518,
                34.433041197756474
              ],
              [
                -119.15545801977083,
                34.433041197756474
              ],
              [
                -119.15546891085647,
                34.433041197756474
              ],
              [
                -119.1554743563993,
                34.43303667450697
              ],
              [
                -119.15546891085647,
                34.433032151257464
              ]
            ]
          ],
          [
            [
              [
                -119.15573029691201,
                34.43267933779627
              ],
              [
                -119.15571940582637,
                34.43267933779627
              ],
              [
                -119.15571396028355,
                34.43268386104578
              ],
              [
                -119.15571940582637,
                34.43268838429528
              ],
              [
                -119.15572485136919,
                34.432692907544784
              ],
              [
                -119.15573029691201,
                34.432697430794285
              ],
              [
                -119.15573574245484,
                34.432692907544784
              ],
              [
                -119.15573574245484,
                34.43268386104578
              ],
              [
                -119.15573029691201,
                34.43267933779627
              ]
            ]
          ],
          [
            [
              [
                -119.15521841588658,
                34.43293263976841
              ],
              [
                -119.15521297034375,
                34.43293716301792
              ],
              [
                -119.15521297034375,
                34.43294620951692
              ],
              [
                -119.15521841588658,
                34.43295073276642
              ],
              [
                -119.15522930697223,
                34.43295073276642
              ],
              [
                -119.15523475251506,
                34.43294620951692
              ],
              [
                -119.15522930697223,
                34.43294168626742
              ],
              [
                -119.1552238614294,
                34.43293716301792
              ],
              [
                -119.15521841588658,
                34.43293263976841
              ]
            ]
          ],
          [
            [
              [
                -119.1556322771412,
                34.43296882576443
              ],
              [
                -119.155637722684,
                34.432973349013935
              ],
              [
                -119.155637722684,
                34.43298239551294
              ],
              [
                -119.1556322771412,
                34.432986918762445
              ],
              [
                -119.15562138605554,
                34.432986918762445
              ],
              [
                -119.15561594051272,
                34.43298239551294
              ],
              [
                -119.15562138605554,
                34.432977872263436
              ],
              [
                -119.15562683159837,
                34.432973349013935
              ],
              [
                -119.1556322771412,
                34.43296882576443
              ]
            ]
          ],
          [
            [
              [
                -119.15481544571763,
                34.432697430794285
              ],
              [
                -119.15482089126046,
                34.432701954043786
              ],
              [
                -119.15482633680327,
                34.43270647729329
              ],
              [
                -119.1548317823461,
                34.432701954043786
              ],
              [
                -119.1548317823461,
                34.432692907544784
              ],
              [
                -119.15482633680327,
                34.43268838429528
              ],
              [
                -119.15481544571763,
                34.43268838429528
              ],
              [
                -119.15481544571763,
                34.432697430794285
              ]
            ]
          ]
        ]
      }
    },
    {
      "type": "Feature",
      "properties": {
        "kind": "slope_class",
        "class": "slope_over_25",
        "note": "avoid",
        "area_m2": 877.2
      },
      "geometry": {
        "type": "MultiPolygon",
        "coordinates": [
          [
            [
              [
                -119.15481544571763,
                34.432914546770405
              ],
              [
                -119.15482089126046,
                34.432910023520904
              ],
              [
                -119.15482633680327,
                34.432905500271396
              ],
              [
                -119.1548317823461,
                34.432900977021895
              ],
              [
                -119.15483722788892,
                34.43289645377239
              ],
              [
                -119.15484267343174,
                34.43289193052289
              ],
              [
                -119.15484811897457,
                34.43288740727339
              ],
              [
                -119.15485901006022,
                34.43288740727339
              ],
              [
                -119.15486990114586,
                34.43288740727339
              ],
              [
                -119.15488079223151,
                34.43288740727339
              ],
              [
                -119.15488623777433,
                34.43288288402388
              ],
              [
                -119.15489168331716,
                34.43287836077438
              ],
              [
                -119.15490257440281,
                34.43287836077438
              ],
              [
                -119.15491346548845,
                34.43287836077438
              ],
              [
                -119.1549243565741,
                34.43287836077438
              ],
              [
                -119.15493524765975,
                34.43287836077438
              ],
              [
                -119.1549461387454,
                34.43287836077438
              ],
              [
                -119.15495702983104,
                34.43287836077438
              ],
              [
                -119.15496247537386,
                34.43288288402388
              ],
              [
                -119.15496792091669,
                34.43288740727339
              ],
              [
                -119.15497336645952,
                34.43289193052289
              ],
              [
                -119.15497881200234,
                34.43289645377239
              ],
              [
                -119.15498970308799,
                34.43289645377239
              ],
              [
                -119.15499514863082,
                34.432900977021895
              ],
              [
                -119.15500059417363,
                34.432905500271396
              ],
              [
                -119.15500603971645,
                34.432900977021895
              ],
              [
                -119.15500603971645,
                34.43289193052289
              ],
              [
                -119.15501148525928,
                34.43288740727339
              ],
              [
                -119.1550169308021,
                34.43289193052289
              ],
              [
                -119.1550169308021,
                34.432900977021895
              ],
              [
                -119.15502237634493,
                34.432905500271396
              ],
              [
                -119.15502782188776,
                34.432900977021895
              ],
              [
                -119.15503326743058,
                34.43289645377239
              ],
              [
                -119.15503871297341,
                34.432900977021895
              ],
              [
                -119.15504415851622,
                34.432905500271396
              ],
              [
                -119.15505504960187,
                34.432905500271396
              ],
              [
                -119.1550604951447,
                34.432910023520904
              ],
              [
                -119.15506594068752,
                34.432914546770405
              ],
              [
                -119.15507138623035,
                34.432919070019906
              ],
              [
                -119.15507138623035,
                34.43292811651891
              ],
              [
                -119.15507138623035,
                34.43293716301792
              ],
              [
                -119.15507138623035,
                34.43294620951692
              ],
              [
                -119.15507138623035,
                34.43295525601592
              ],
              [
                -119.15507683177317,
                34.432959779265424
              ],
              [
                -119.155082277316,
                34.43296430251493
              ],
              [
                -119.155082277316,
                34.432973349013935
              ],
              [
                -119.15508772285881,
                34.432977872263436
              ],
              [
                -119.15509316840163,
                34.43298239551294
              ],
              [
                -119.15509861394446,
                34.432986918762445
              ],
              [
                -119.15510950503011,
                34.432986918762445
              ],
              [
                -119.15512039611576,
                34.432986918762445
              ],
              [
                -119.15512584165857,
                34.43299144201195
              ],
              [
                -119.1551312872014,
                34.43299596526145
              ],
              [
                -119.15514217828705,
                34.43299596526145
              ],
              [
                -119.1551530693727,
                34.43299596526145
              ],
              [
                -119.15515851491553,
                34.43299144201195
              ],
              [
                -119.15516396045835,
                34.432986918762445
              ],
              [
                -119.15517485154399,
                34.432986918762445
              ],
              [
                -119.15518574262964,
                34.432986918762445
              ],
              [
                -119.15519663371529,
                34.432986918762445
              ],
              [
                -119.15520752480094,
                34.432986918762445
              ],
              [
                -119.15521841588658,
                34.432986918762445
              ],
              [
                -119.1552238614294,
                34.43299144201195
              ],
              [
                -119.15522930697223,
                34.43299596526145
              ],
              [
                -119.15524019805788,
                34.43299596526145
              ],
              [
                -119.15525108914353,
                34.43299596526145
              ],
              [
                -119.15526198022917,
                34.43299596526145
              ],
              [
                -119.15527287131482,
                34.43299596526145
              ],
              [
                -119.15528376240047,
                34.43299596526145
              ],
              [
                -119.15529465348612,
                34.43299596526145
              ],
              [
                -119.15530554457176,
                34.43299596526145
              ],
              [
                -119.15531643565741,
                34.43299596526145
              ],
              [
                -119.15532188120024,
                34.43300048851095
              ],
              [
                -119.15532732674306,
                34.43300501176045
              ],
              [
                -119.15533277228589,
                34.43300953500995
              ],
              [
                -119.15533821782871,
                34.43301405825946
              ],
              [
                -119.15534910891435,
                34.43301405825946
              ],
              [
                -119.15536,
                34.43301405825946
              ],
              [
                -119.15537089108565,
                34.43301405825946
              ],
              [
                -119.15538178217129,
                34.43301405825946
              ],
              [
                -119.15539267325694,
                34.43301405825946
              ],
              [
                -119.15540356434259,
                34.43301405825946
              ],
              [
                -119.15541445542824,
                34.43301405825946
              ],
              [
                -119.15541990097107,
                34.43301858150896
              ],
              [
                -119.15542534651388,
                34.43302310475846
              ],
              [
                -119.15543623759953,
                34.43302310475846
              ],
              [
                -119.15544168314236,
                34.43302762800796
              ],
              [
                -119.15544712868518,
                34.433032151257464
              ],
              [
                -119.15545801977083,
                34.433032151257464
              ],
              [
                -119.15546891085647,
                34.433032151257464
              ],
              [
                -119.1554743563993,
                34.43303667450697
              ],
              [
                -119.15547980194212,
                34.433041197756474
              ],
              [
                -119.15549069302777,
                34.433041197756474
              ],
              [
                -119.15550158411342,
                34.433041197756474
              ],
              [
                -119.15551247519906,
                34.433041197756474
              ],
              [
                -119.15552336628471,
                34.433041197756474
              ],
              [
                -119.15553425737036,
                34.433041197756474
              ],
              [
                -119.15553970291319,
                34.433045721005975
              ],
              [
                -119.15554514845601,
                34.433050244255476
              ],
              [
                -119.15555603954165,
                34.433050244255476
              ],
              [
                -119.15556148508448,
                34.43305476750498
              ],
              [
                -119.1555669306273,
                34.43305929075448
              ],
              [
                -119.15557782171295,
                34.43305929075448
              ],
              [
                -119.1555887127986,
                34.43305929075448
              ],
              [
                -119.15559415834143,
                34.43306381400399
              ],
              [
                -119.15559960388424,
                34.43306833725349
              ],
              [
                -119.15561049496989,
                34.43306833725349
              ],
              [
                -119.15562138605554,
                34.43306833725349
              ],
              [
                -119.1556322771412,
                34.43306833725349
              ],
              [
                -119.15564316822683,
                34.43306833725349
              ],
              [
                -119.15565405931248,
                34.43306833725349
              ],
              [
                -119.15566495039813,
                34.43306833725349
              ],
              [
                -119.15567584148378,
                34.43306833725349
              ],
              [
                -119.1556812870266,
                34.43306381400399
              ],
              [
                -119.1556812870266,
                34.43305476750498
              ],
              [
                -119.15567584148378,
                34.433050244255476
              ],
              [
                -119.15567039594096,
                34.433045721005975
              ],
              [
                -119.15567039594096,
                34.43303667450697
              ],
              [
                -119.15567584148378,
                34.433032151257464
              ],
              [
                -119.15568673256942,
                34.433032151257464
              ],
              [
                -119.15569762365507,
                34.433032151257464
              ],
              [
                -119.15570851474072,
                34.433032151257464
              ],
              [
                -119.15571396028355,
                34.43303667450697
              ],
              [
                -119.15571940582637,
                34.433041197756474
              ],
              [
                -119.15573029691201,
                34.433041197756474
              ],
              [
                -119.15573574245484,
                34.433045721005975
              ],
              [
                -119.15574118799766,
                34.433050244255476
              ],
              [
                -119.15574663354049,
                34.433045721005975
              ],
              [
                -119.15575207908331,
                34.433041197756474
              ],
              [
                -119.15576297016896,
                34.433041197756474
              ],
              [
                -119.15576841571178,
                34.43303667450697
              ],
              [
                -119.15576297016896,
                34.433032151257464
              ],
              [
                -119.15575752462614,
                34.43302762800796
              ],
              [
                -119.15575207908331,
                34.43302310475846
              ],
              [
                -119.15574663354049,
                34.43301858150896
              ],
              [
                -119.15575207908331,
                34.43301405825946
              ],
              [
                -119.15576297016896,
                34.43301405825946
              ],
              [
                -119.1557738612546,
                34.43301405825946
              ],
              [
                -119.15577930679743,
                34.43301858150896
              ],
              [
                -119.15578475234025,
                34.43302310475846
              ],
              [
                -119.15579019788308,
                34.43301858150896
              ],
              [
                -119.1557956434259,
                34.43301405825946
              ],
              [
                -119.15580653451156,
                34.43301405825946
              ],
              [
                -119.15581742559719,
                34.43301405825946
              ],
              [
                -119.15582831668284,
                34.43301405825946
              ],
              [
                -119.1558392077685,
                34.43301405825946
              ],
              [
                -119.15585009885415,
                34.43301405825946
              ],
              [
                -119.15586098993978,
                34.43301405825946
              ],
              [
                -119.15587188102543,
                34.43301405825946
              ],
              [
                -119.15588277211108,
                34.43301405825946
              ],
              [
                -119.15589366319674,
                34.43301405825946
              ],
              [
                -119.15590455428237,
                34.43301405825946
              ],
              [
                -119.15481544571763,
                34.432914546770405
              ]
            ]
          ],
          [
            [
              [
                -119.15481544571763,
                34.43268838429528
              ],
              [
                -119.15482633680327,
                34.43268838429528
              ],
              [
                -119.1548317823461,
                34.432692907544784
              ],
              [
                -119.15483722788892,
                34.432697430794285
              ],
              [
                -119.15484811897457,
                34.432697430794285
              ],
              [
                -119.15485901006022,
                34.432697430794285
              ],
              [
                -119.15486445560305,
                34.432701954043786
              ],
              [
                -119.15486990114586,
                34.43270647729329
              ],
              [
                -119.15487534668868,
                34.432711000542795
              ],
              [
                -119.15488079223151,
                34.4327155237923
              ],
              [
                -119.15489168331716,
                34.4327155237923
              ],
              [
                -119.15490257440281,
                34.4327155237923
              ],
              [
                -119.15491346548845,
                34.4327155237923
              ],
              [
                -119.1549243565741,
                34.4327155237923
              ],
              [
                -119.15493524765975,
                34.4327155237923
              ],
              [
                -119.1549461387454,
                34.4327155237923
              ],
              [
                -119.15495158428823,
                34.4327200470418
              ],
              [
                -119.15495702983104,
                34.4327245702913
              ],
              [
                -119.15496792091669,
                34.4327245702913
              ],
              [
                -119.15497881200234,
                34.4327245702913
              ],
              [
                -119.15498970308799,
                34.4327245702913
              ],
              [
                -119.15500059417363,
                34.4327245702913
              ],
              [
                -119.15501148525928,
                34.4327245702913
              ],
              [
                -119.15502237634493,
                34.4327245702913
              ],
              [
                -119.15502782188776,
                34.4327290935408
              ],
              [
                -119.15503326743058,
                34.43273361679031
              ],
              [
                -119.15504415851622,
                34.43273361679031
              ],
              [
                -119.15505504960187,
                34.43273361679031
              ],
              [
                -119.15506594068752,
                34.43273361679031
              ],
              [
                -119.15507683177317,
                34.43273361679031
              ],
              [
                -119.15508772285881,
                34.43273361679031
              ],
              [
                -119.15509861394446,
                34.43273361679031
              ],
              [
                -119.15510950503011,
                34.43273361679031
              ],
              [
                -119.15511495057294,
                34.43273814003981
              ],
              [
                -119.15512039611576,
                34.43274266328931
              ],
              [
                -119.1551312872014,
                34.43274266328931
              ],
              [
                -119.15514217828705,
                34.43274266328931
              ],
              [
                -119.1551530693727,
                34.43274266328931
              ],
              [
                -119.15516396045835,
                34.43274266328931
              ],
              [
                -119.15517485154399,
                34.43274266328931
              ],
              [
                -119.15518574262964,
                34.43274266328931
              ],
              [
                -119.15519663371529,
                34.43274266328931
              ],
              [
                -119.15520752480094,
                34.43274266328931
              ],
              [
                -119.15521841588658,
                34.43274266328931
              ],
              [
                -119.15522930697223,
                34.43274266328931
              ],
              [
                -119.15524019805788,
                34.43274266328931
              ],
              [
                -119.15524564360071,
                34.43273814003981
              ],
              [
                -119.15525108914353,
                34.43273361679031
              ],
              [
                -119.15526198022917,
                34.43273361679031
              ],
              [
                -119.15527287131482,
                34.43273361679031
              ],
              [
                -119.15528376240047,
                34.43273361679031
              ],
              [
                -119.15529465348612,
                34.43273361679031
              ],
              [
                -119.15530554457176,
                34.43273361679031
              ],
              [
                -119.15531643565741,
                34.43273361679031
              ],
              [
                -119.15532732674306,
                34.43273361679031
              ],
              [
                -119.15533277228589,
                34.4327290935408
              ],
              [
                -119.15533821782871,
                34.4327245702913
              ],
              [
                -119.15534910891435,
                34.4327245702913
              ],
              [
                -119.15536,
                34.4327245702913
              ],
              [
                -119.15537089108565,
                34.4327245702913
              ],
              [
                -119.15538178217129,
                34.4327245702913
              ],
              [
                -119.15538722771412,
                34.4327200470418
              ],
              [
                -119.15539267325694,
                34.4327155237923
              ],
              [
                -119.15540356434259,
                34.4327155237923
              ],
              [
                -119.15541445542824,
                34.4327155237923
              ],
              [
                -119.15542534651388,
                34.4327155237923
              ],
              [
                -119.15543623759953,
                34.4327155237923
              ],
              [
                -119.15544168314236,
                34.432711000542795
              ],
              [
                -119.15544712868518,
                34.43270647729329
              ],
              [
                -119.15545801977083,
                34.43270647729329
              ],
              [
                -119.15546891085647,
                34.43270647729329
              ],
              [
                -119.15547980194212,
                34.43270647729329
              ],
              [
                -119.15549069302777,
                34.43270647729329
              ],
              [
                -119.15550158411342,
                34.43270647729329
              ],
              [
                -119.15551247519906,
                34.43270647729329
              ],
              [
                -119.15551792074189,
                34.432701954043786
              ],
              [
                -119.15552336628471,
                34.432697430794285
              ],
              [
                -119.15553425737036,
                34.432697430794285
              ],
              [
                -119.15554514845601,
                34.432697430794285
              ],
              [
                -119.15555603954165,
                34.432697430794285
              ],
              [
                -119.1555669306273,
                34.432697430794285
              ],
              [
                -119.15557237617013,
                34.432692907544784
              ],
              [
                -119.15557782171295,
                34.43268838429528
              ],
              [
                -119.1555887127986,
                34.43268838429528
              ],
              [
                -119.15559960388424,
                34.43268838429528
              ],
              [
                -119.15560504942707,
                34.43268386104578
              ],
              [
                -119.15559960388424,
                34.43267933779627
              ],
              [
                -119.15559415834143,
                34.43267481454677
              ],
              [
                -119.1555887127986,
                34.43267029129727
              ],
              [
                -119.15557782171295,
                34.43267029129727
              ],
              [
                -119.1555669306273,
                34.43267029129727
              ],
              [
                -119.15555603954165,
                34.43267029129727
              ],
              [
                -119.15554514845601,
                34.43267029129727
              ],
              [
                -119.15553425737036,
                34.43267029129727
              ],
              [
                -119.15552336628471,
                34.43267029129727
              ],
              [
                -119.15551247519906,
                34.43267029129727
              ],
              [
                -119.15550158411342,
                34.43267029129727
              ],
              [
                -119.1554961385706,
                34.43267481454677
              ],
              [
                -119.15549069302777,
                34.43267933779627
              ],
              [
                -119.15547980194212,
                34.43267933779627
              ],
              [
                -119.15546891085647,
                34.43267933779627
              ],
              [
                -119.15545801977083,
                34.43267933779627
              ],
              [
                -119.15544712868518,
                34.43267933779627
              ],
              [
                -119.15543623759953,
                34.43267933779627
              ],
              [
                -119.15542534651388,
                34.43267933779627
              ],
              [
                -119.15541445542824,
                34.43267933779627
              ],
              [
                -119.15540900988542,
                34.43268386104578
              ],
              [
                -119.15540356434259,
                34.43268838429528
              ],
              [
                -119.15539267325694,
                34.43268838429528
              ],
              [
                -119.15538178217129,
                34.43268838429528
              ],
              [
                -119.15537089108565,
                34.43268838429528
              ],
              [
                -119.15536544554283,
                34.432692907544784
              ],
              [
                -119.15536,
                34.432697430794285
              ],
              [
                -119.15534910891435,
                34.432697430794285
              ],
              [
                -119.15533821782871,
                34.432697430794285
              ],
              [
                -119.15532732674306,
                34.432697430794285
              ],
              [
                -119.15531643565741,
                34.432697430794285
              ],
              [
                -119.15531099011459,
                34.432701954043786
              ],
              [
                -119.15530554457176,
                34.43270647729329
              ],
              [
                -119.15529465348612,
                34.43270647729329
              ],
              [
                -119.15528376240047,
                34.43270647729329
              ],
              [
                -119.15527287131482,
                34.43270647729329
              ],
              [
                -119.155267425772,
                34.432711000542795
              ],
              [
                -119.15526198022917,
                34.4327155237923
              ],
              [
                -119.15525108914353,
                34.4327155237923
              ],
              [
                -119.15524019805788,
                34.4327155237923
              ],
              [
                -119.15522930697223,
                34.4327155237923
              ],
              [
                -119.15521841588658,
                34.4327155237923
              ],
              [
                -119.15520752480094,
                34.4327155237923
              ],
              [
                -119.15519663371529,
                34.4327155237923
              ],
              [
                -119.15518574262964,
                34.4327155237923
              ],
              [
                -119.15517485154399,
                34.4327155237923
              ],
              [
                -119.15516396045835,
                34.4327155237923
              ],
              [
                -119.1551530693727,
                34.4327155237923
              ],
              [
                -119.15514217828705,
                34.4327155237923
              ],
              [
                -119.1551312872014,
                34.4327155237923
              ],
              [
                -119.15512039611576,
                34.4327155237923
              ],
              [
                -119.15510950503011,
                34.4327155237923
              ],
              [
                -119.15509861394446,
                34.4327155237923
              ],
              [
                -119.15508772285881,
                34.4327155237923
              ],
              [
                -119.15507683177317,
                34.4327155237923
              ],
              [
                -119.15507138623035,
                34.432711000542795
              ],
              [
                -119.15506594068752,
                34.43270647729329
              ],
              [
                -119.15505504960187,
                34.43270647729329
              ],
              [
                -119.15504415851622,
                34.43270647729329
              ],
              [
                -119.15503326743058,
                34.43270647729329
              ],
              [
                -119.15502237634493,
                34.43270647729329
              ],
              [
                -119.15501148525928,
                34.43270647729329
              ],
              [
                -119.15500603971645,
                34.432701954043786
              ],
              [
                -119.15500059417363,
                34.432697430794285
              ],
              [
                -119.15498970308799,
                34.432697430794285
              ],
              [
                -119.15497881200234,
                34.432697430794285
              ],
              [
                -119.15496792091669,
                34.432697430794285
              ],
              [
                -119.15496247537386,
                34.432701954043786
              ],
              [
                -119.15495702983104,
                34.43270647729329
              ],
              [
                -119.1549461387454,
                34.43270647729329
              ],
              [
                -119.15493524765975,
                34.43270647729329
              ],
              [
                -119.15492980211692,
                34.432701954043786
              ],
              [
                -119.1549243565741,
                34.432697430794285
              ],
              [
                -119.15491346548845,
                34.432697430794285
              ],
              [
                -119.15490801994564,
                34.432692907544784
              ],
              [
                -119.15490257440281,
                34.43268838429528
              ],
              [
                -119.15489168331716,
                34.43268838429528
              ],
              [
                -119.15488079223151,
                34.43268838429528
              ],
              [
                -119.15486990114586,
                34.43268838429528
              ],
              [
                -119.15486445560305,
                34.43268386104578
              ],
              [
                -119.15485901006022,
                34.43267933779627
              ],
              [
                -119.15484811897457,
                34.43267933779627
              ],
              [
                -119.15484267343174,
                34.43267481454677
              ],
              [
                -119.15483722788892,
                34.43267029129727
              ],
              [
                -119.15482633680327,
                34.43267029129727
              ],
              [
                -119.15481544571763,
                34.43267029129727
              ],
              [
                -119.15481544571763,
                34.43268838429528
              ]
            ]
          ],
          [
            [
              [
                -119.15590455428237,
                34.43299596526145
              ],
              [
                -119.15589366319674,
                34.43299596526145
              ],
              [
                -119.15588277211108,
                34.43299596526145
              ],
              [
                -119.15587188102543,
                34.43299596526145
              ],
              [
                -119.15586098993978,
                34.43299596526145
              ],
              [
                -119.15585009885415,
                34.43299596526145
              ],
              [
                -119.1558392077685,
                34.43299596526145
              ],
              [
                -119.15582831668284,
                34.43299596526145
              ],
              [
                -119.15581742559719,
                34.43299596526145
              ],
              [
                -119.15580653451156,
                34.43299596526145
              ],
              [
                -119.1557956434259,
                34.43299596526145
              ],
              [
                -119.15578475234025,
                34.43299596526145
              ],
              [
                -119.1557738612546,
                34.43299596526145
              ],
              [
                -119.15576297016896,
                34.43299596526145
              ],
              [
                -119.15575207908331,
                34.43299596526145
              ],
              [
                -119.15574118799766,
                34.43299596526145
              ],
              [
                -119.15573029691201,
                34.43299596526145
              ],
              [
                -119.15571940582637,
                34.43299596526145
              ],
              [
                -119.15570851474072,
                34.43299596526145
              ],
              [
                -119.15569762365507,
                34.43299596526145
              ],
              [
                -119.15568673256942,
                34.43299596526145
              ],
              [
                -119.15567584148378,
                34.43299596526145
              ],
              [
                -119.15566495039813,
                34.43299596526145
              ],
              [
                -119.15565405931248,
                34.43299596526145
              ],
              [
                -119.15564316822683,
                34.43299596526145
              ],
              [
                -119.1556322771412,
                34.43299596526145
              ],
              [
                -119.15562138605554,
                34.43299596526145
              ],
              [
                -119.15561049496989,
                34.43299596526145
              ],
              [
                -119.15559960388424,
                34.43299596526145
              ],
              [
                -119.1555887127986,
                34.43299596526145
              ],
              [
                -119.15557782171295,
                34.43299596526145
              ],
              [
                -119.15557237617013,
                34.43299144201195
              ],
              [
                -119.1555669306273,
                34.432986918762445
              ],
              [
                -119.15555603954165,
                34.432986918762445
              ],
              [
                -119.15555059399884,
                34.43299144201195
              ],
              [
                -119.15554514845601,
                34.43299596526145
              ],
              [
                -119.15553970291319,
                34.43299144201195
              ],
              [
                -119.15553425737036,
                34.432986918762445
              ],
              [
                -119.15552336628471,
                34.432986918762445
              ],
              [
                -119.15551792074189,
                34.43298239551294
              ],
              [
                -119.15551247519906,
                34.432977872263436
              ],
              [
                -119.15550158411342,
                34.432977872263436
              ],
              [
                -119.15549069302777,
                34.432977872263436
              ],
              [
                -119.15547980194212,
                34.432977872263436
              ],
              [
                -119.15546891085647,
                34.432977872263436
              ],
              [
                -119.15545801977083,
                34.432977872263436
              ],
              [
                -119.15545257422801,
                34.432973349013935
              ],
              [
                -119.15544712868518,
                34.43296882576443
              ],
              [
                -119.15543623759953,
                34.43296882576443
              ],
              [
                -119.1554307920567,
                34.43296430251493
              ],
              [
                -119.15542534651388,
                34.432959779265424
              ],
              [
                -119.15541445542824,
                34.432959779265424
              ],
              [
                -119.15540900988542,
                34.43295525601592
              ],
              [
                -119.15541445542824,
                34.43295073276642
              ],
              [
                -119.15542534651388,
                34.43295073276642
              ],
              [
                -119.15543623759953,
                34.43295073276642
              ],
              [
                -119.15544168314236,
                34.43294620951692
              ],
              [
                -119.15544712868518,
                34.43294168626742
              ],
              [
                -119.15545801977083,
                34.43294168626742
              ],
              [
                -119.15546891085647,
                34.43294168626742
              ],
              [
                -119.15547980194212,
                34.43294168626742
              ],
              [
                -119.15549069302777,
                34.43294168626742
              ],
              [
                -119.15550158411342,
                34.43294168626742
              ],
              [
                -119.15551247519906,
                34.43294168626742
              ],
              [
                -119.15552336628471,
                34.43294168626742
              ],
              [
                -119.15553425737036,
                34.43294168626742
              ],
              [
                -119.15553970291319,
                34.43294620951692
              ],
              [
                -119.15554514845601,
                34.43295073276642
              ],
              [
                -119.15555603954165,
                34.43295073276642
              ],
              [
                -119.15556148508448,
                34.43295525601592
              ],
              [
                -119.1555669306273,
                34.432959779265424
              ],
              [
                -119.15557782171295,
                34.432959779265424
              ],
              [
                -119.1555887127986,
                34.432959779265424
              ],
              [
                -119.15559415834143,
                34.43295525601592
              ],
              [
                -119.15559960388424,
                34.43295073276642
              ],
              [
                -119.15561049496989,
                34.43295073276642
              ],
              [
                -119.15561594051272,
                34.43295525601592
              ],
              [
                -119.15562138605554,
                34.432959779265424
              ],
              [
                -119.1556322771412,
                34.432959779265424
              ],
              [
                -119.15564316822683,
                34.432959779265424
              ],
              [
                -119.15565405931248,
                34.432959779265424
              ],
              [
                -119.15565950485531,
                34.43295525601592
              ],
              [
                -119.15566495039813,
                34.43295073276642
              ],
              [
                -119.15567584148378,
                34.43295073276642
              ],
              [
                -119.15568673256942,
                34.43295073276642
              ],
              [
                -119.15569762365507,
                34.43295073276642
              ],
              [
                -119.15570851474072,
                34.43295073276642
              ],
              [
                -119.15571940582637,
                34.43295073276642
              ],
              [
                -119.15573029691201,
                34.43295073276642
              ],
              [
                -119.15574118799766,
                34.43295073276642
              ],
              [
                -119.15575207908331,
                34.43295073276642
              ],
              [
                -119.15576297016896,
                34.43295073276642
              ],
              [
                -119.1557738612546,
                34.43295073276642
              ],
              [
                -119.15577930679743,
                34.43295525601592
              ],
              [
                -119.15578475234025,
                34.432959779265424
              ],
              [
                -119.1557956434259,
                34.432959779265424
              ],
              [
                -119.15580108896873,
                34.43295525601592
              ],
              [
                -119.15580653451156,
                34.43295073276642
              ],
              [
                -119.15581742559719,
                34.43295073276642
              ],
              [
                -119.15582831668284,
                34.43295073276642
              ],
              [
                -119.1558392077685,
                34.43295073276642
              ],
              [
                -119.15585009885415,
                34.43295073276642
              ],
              [
                -119.15586098993978,
                34.43295073276642
              ],
              [
                -119.15587188102543,
                34.43295073276642
              ],
              [
                -119.15588277211108,
                34.43295073276642
              ],
              [
                -119.15589366319674,
                34.43295073276642
              ],
              [
                -119.15590455428237,
                34.43295073276642
              ],
              [
                -119.15590455428237,
                34.43299596526145
              ]
            ]
          ],
          [
            [
              [
                -119.155267425772,
                34.43264767504976
              ],
              [
                -119.15526198022917,
                34.43265219829926
              ],
              [
                -119.15525108914353,
                34.43265219829926
              ],
              [
                -119.15524564360071,
                34.43265672154877
              ],
              [
                -119.15524019805788,
                34.43266124479827
              ],
              [
                -119.15522930697223,
                34.43266124479827
              ],
              [
                -119.15521841588658,
                34.43266124479827
              ],
              [
                -119.15521297034375,
                34.43265672154877
              ],
              [
                -119.15520752480094,
                34.43265219829926
              ],
              [
                -119.15520207925812,
                34.43265672154877
              ],
              [
                -119.15519663371529,
                34.43266124479827
              ],
              [
                -119.15518574262964,
                34.43266124479827
              ],
              [
                -119.15518029708682,
                34.43265672154877
              ],
              [
                -119.15517485154399,
                34.43265219829926
              ],
              [
                -119.15516940600116,
                34.43265672154877
              ],
              [
                -119.15516396045835,
                34.43266124479827
              ],
              [
                -119.15515851491553,
                34.43266576804777
              ],
              [
                -119.15515851491553,
                34.43267481454677
              ],
              [
                -119.15516396045835,
                34.43267933779627
              ],
              [
                -119.15517485154399,
                34.43267933779627
              ],
              [
                -119.15518574262964,
                34.43267933779627
              ],
              [
                -119.15519663371529,
                34.43267933779627
              ],
              [
                -119.15520207925812,
                34.43268386104578
              ],
              [
                -119.15520752480094,
                34.43268838429528
              ],
              [
                -119.15521841588658,
                34.43268838429528
              ],
              [
                -119.15522930697223,
                34.43268838429528
              ],
              [
                -119.15523475251506,
                34.43268386104578
              ],
              [
                -119.15524019805788,
                34.43267933779627
              ],
              [
                -119.15525108914353,
                34.43267933779627
              ],
              [
                -119.15526198022917,
                34.43267933779627
              ],
              [
                -119.15527287131482,
                34.43267933779627
              ],
              [
                -119.15528376240047,
                34.43267933779627
              ],
              [
                -119.15529465348612,
                34.43267933779627
              ],
              [
                -119.15530554457176,
                34.43267933779627
              ],
              [
                -119.15531643565741,
                34.43267933779627
              ],
              [
                -119.15532732674306,
                34.43267933779627
              ],
              [
                -119.15533821782871,
                34.43267933779627
              ],
              [
                -119.15534910891435,
                34.43267933779627
              ],
              [
                -119.15536,
                34.43267933779627
              ],
              [
                -119.15536544554283,
                34.43267481454677
              ],
              [
                -119.15537089108565,
                34.43267029129727
              ],
              [
                -119.15538178217129,
                34.43267029129727
              ],
              [
                -119.15539267325694,
                34.43267029129727
              ],
              [
                -119.15539811879977,
                34.43266576804777
              ],
              [
                -119.15540356434259,
                34.43266124479827
              ],
              [
                -119.15541445542824,
                34.43266124479827
              ],
              [
                -119.15542534651388,
                34.43266124479827
              ],
              [
                -119.1554307920567,
                34.43265672154877
              ],
              [
                -119.15543623759953,
                34.43265219829926
              ],
              [
                -119.15544168314236,
                34.43264767504976
              ],
              [
                -119.155267425772,
                34.43264767504976
              ]
            ]
          ],
          [
            [
              [
                -119.15590455428237,
                34.43293263976841
              ],
              [
                -119.15589366319674,
                34.43293263976841
              ],
              [
                -119.15588277211108,
                34.43293263976841
              ],
              [
                -119.15587188102543,
                34.43293263976841
              ],
              [
                -119.15586098993978,
                34.43293263976841
              ],
              [
                -119.15585009885415,
                34.43293263976841
              ],
              [
                -119.15584465331132,
                34.43293716301792
              ],
              [
                -119.1558392077685,
                34.43294168626742
              ],
              [
                -119.15583376222567,
                34.43293716301792
              ],
              [
                -119.15582831668284,
                34.43293263976841
              ],
              [
                -119.15582287114002,
                34.43293716301792
              ],
              [
                -119.15581742559719,
                34.43294168626742
              ],
              [
                -119.15580653451156,
                34.43294168626742
              ],
              [
                -119.1557956434259,
                34.43294168626742
              ],
              [
                -119.15578475234025,
                34.43294168626742
              ],
              [
                -119.1557738612546,
                34.43294168626742
              ],
              [
                -119.15576297016896,
                34.43294168626742
              ],
              [
                -119.15575207908331,
                34.43294168626742
              ],
              [
                -119.15574118799766,
                34.43294168626742
              ],
              [
                -119.15573029691201,
                34.43294168626742
              ],
              [
                -119.15571940582637,
                34.43294168626742
              ],
              [
                -119.15571396028355,
                34.43293716301792
              ],
              [
                -119.15570851474072,
                34.43293263976841
              ],
              [
                -119.15569762365507,
                34.43293263976841
              ],
              [
                -119.15568673256942,
                34.43293263976841
              ],
              [
                -119.15567584148378,
                34.43293263976841
              ],
              [
                -119.15567039594096,
                34.43293716301792
              ],
              [
                -119.15566495039813,
                34.43294168626742
              ],
              [
                -119.15565405931248,
                34.43294168626742
              ],
              [
                -119.15564861376966,
                34.43293716301792
              ],
              [
                -119.15564316822683,
                34.43293263976841
              ],
              [
                -119.1556322771412,
                34.43293263976841
              ],
              [
                -119.15562683159837,
                34.43293716301792
              ],
              [
                -119.15562138605554,
                34.43294168626742
              ],
              [
                -119.15561594051272,
                34.43293716301792
              ],
              [
                -119.15561049496989,
                34.43293263976841
              ],
              [
                -119.15560504942707,
                34.43293716301792
              ],
              [
                -119.15559960388424,
                34.43294168626742
              ],
              [
                -119.1555887127986,
                34.43294168626742
              ],
              [
                -119.15557782171295,
                34.43294168626742
              ],
              [
                -119.15557237617013,
                34.43293716301792
              ],
              [
                -119.1555669306273,
                34.43293263976841
              ],
              [
                -119.15555603954165,
                34.43293263976841
              ],
              [
                -119.15554514845601,
                34.43293263976841
              ],
              [
                -119.15553970291319,
                34.43292811651891
              ],
              [
                -119.15553425737036,
                34.43292359326941
              ],
              [
                -119.15552336628471,
                34.43292359326941
              ],
              [
                -119.15551247519906,
                34.43292359326941
              ],
              [
                -119.15550158411342,
                34.43292359326941
              ],
              [
                -119.15549069302777,
                34.43292359326941
              ],
              [
                -119.15547980194212,
                34.43292359326941
              ],
              [
                -119.15546891085647,
                34.43292359326941
              ],
              [
                -119.15545801977083,
                34.43292359326941
              ],
              [
                -119.15544712868518,
                34.43292359326941
              ],
              [
                -119.15543623759953,
                34.43292359326941
              ],
              [
                -119.15542534651388,
                34.43292359326941
              ],
              [
                -119.15541990097107,
                34.432919070019906
              ],
              [
                -119.15541445542824,
                34.432914546770405
              ],
              [
                -119.15540356434259,
                34.432914546770405
              ],
              [
                -119.15539267325694,
                34.432914546770405
              ],
              [
                -119.15538178217129,
                34.432914546770405
              ],
              [
                -119.15537633662848,
                34.432910023520904
              ],
              [
                -119.15537089108565,
                34.432905500271396
              ],
              [
                -119.15536,
                34.432905500271396
              ],
              [
                -119.15534910891435,
                34.432905500271396
              ],
              [
                -119.15533821782871,
                34.432905500271396
              ],
              [
                -119.15532732674306,
                34.432905500271396
              ],
              [
                -119.15531643565741,
                34.432905500271396
              ],
              [
                -119.15530554457176,
                34.432905500271396
              ],
              [
                -119.15529465348612,
                34.432905500271396
              ],
              [
                -119.15528376240047,
                34.432905500271396
              ],
              [
                -119.15527287131482,
                34.432905500271396
              ],
              [
                -119.15526198022917,
                34.432905500271396
              ],
              [
                -119.15525108914353,
                34.432905500271396
              ],
              [
                -119.15524019805788,
                34.432905500271396
              ],
              [
                -119.15522930697223,
                34.432905500271396
              ],
              [
                -119.15521841588658,
                34.432905500271396
              ],
              [
                -119.15520752480094,
                34.432905500271396
              ],
              [
                -119.15519663371529,
                34.432905500271396
              ],
              [
                -119.15518574262964,
                34.432905500271396
              ],
              [
                -119.15518029708682,
                34.432910023520904
              ],
              [
                -119.15517485154399,
                34.432914546770405
              ],
              [
                -119.15516396045835,
                34.432914546770405
              ],
              [
                -119.1551530693727,
                34.432914546770405
              ],
              [
                -119.15514217828705,
                34.432914546770405
              ],
              [
                -119.1551312872014,
                34.432914546770405
              ],
              [
                -119.15512584165857,
                34.432910023520904
              ],
              [
                -119.1551312872014,
                34.432905500271396
              ],
              [
                -119.15513673274423,
                34.432900977021895
              ],
              [
                -119.1551312872014,
                34.43289645377239
              ],
              [
                -119.15512584165857,
                34.43289193052289
              ],
              [
                -119.15512584165857,
                34.43288288402388
              ],
              [
                -119.15512039611576,
                34.43287836077438
              ],
              [
                -119.15511495057294,
                34.43287383752488
              ],
              [
                -119.15510950503011,
                34.43286931427538
              ],
              [
                -119.15510405948729,
                34.43286479102588
              ],
              [
                -119.15510405948729,
                34.43285574452687
              ],
              [
                -119.15510950503011,
                34.43285122127737
              ],
              [
                -119.15512039611576,
                34.43285122127737
              ],
              [
                -119.1551312872014,
                34.43285122127737
              ],
              [
                -119.15513673274423,
                34.43285574452687
              ],
              [
                -119.15514217828705,
                34.43286026777638
              ],
              [
                -119.1551530693727,
                34.43286026777638
              ],
              [
                -119.15515851491553,
                34.43286479102588
              ],
              [
                -119.15516396045835,
                34.43286931427538
              ],
              [
                -119.15516940600116,
                34.43286479102588
              ],
              [
                -119.15516940600116,
                34.43285574452687
              ],
              [
                -119.15516940600116,
                34.432846698027866
              ],
              [
                -119.15516396045835,
                34.432842174778365
              ],
              [
                -119.1551530693727,
                34.432842174778365
              ],
              [
                -119.15514217828705,
                34.432842174778365
              ],
              [
                -119.1551312872014,
                34.432842174778365
              ],
              [
                -119.15512039611576,
                34.432842174778365
              ],
              [
                -119.15510950503011,
                34.432842174778365
              ],
              [
                -119.15509861394446,
                34.432842174778365
              ],
              [
                -119.15509316840163,
                34.432837651528864
              ],
              [
                -119.15508772285881,
                34.432833128279356
              ],
              [
                -119.15507683177317,
                34.432833128279356
              ],
              [
                -119.15506594068752,
                34.432833128279356
              ],
              [
                -119.15505504960187,
                34.432833128279356
              ],
              [
                -119.15504415851622,
                34.432833128279356
              ],
              [
                -119.15503871297341,
                34.432828605029854
              ],
              [
                -119.15503326743058,
                34.43282408178035
              ],
              [
                -119.15502237634493,
                34.43282408178035
              ],
              [
                -119.15501148525928,
                34.43282408178035
              ],
              [
                -119.15500059417363,
                34.43282408178035
              ],
              [
                -119.15499514863082,
                34.432828605029854
              ],
              [
                -119.15498970308799,
                34.432833128279356
              ],
              [
                -119.15498425754517,
                34.432837651528864
              ],
              [
                -119.15497881200234,
                34.432842174778365
              ],
              [
                -119.15496792091669,
                34.432842174778365
              ],
              [
                -119.15496247537386,
                34.432837651528864
              ],
              [
                -119.15495702983104,
                34.432833128279356
              ],
              [
                -119.15495158428823,
                34.432828605029854
              ],
              [
                -119.1549461387454,
                34.43282408178035
              ],
              [
                -119.15493524765975,
                34.43282408178035
              ],
              [
                -119.1549243565741,
                34.43282408178035
              ],
              [
                -119.15491346548845,
                34.43282408178035
              ],
              [
                -119.15490257440281,
                34.43282408178035
              ],
              [
                -119.15489168331716,
                34.43282408178035
              ],
              [
                -119.15488079223151,
                34.43282408178035
              ],
              [
                -119.15487534668868,
                34.432828605029854
              ],
              [
                -119.15486990114586,
                34.432833128279356
              ],
              [
                -119.15485901006022,
                34.432833128279356
              ],
              [
                -119.1548535645174,
                34.432837651528864
              ],
              [
                -119.15484811897457,
                34.432842174778365
              ],
              [
                -119.15484267343174,
                34.432846698027866
              ],
              [
                -119.15483722788892,
                34.43285122127737
              ],
              [
                -119.1548317823461,
                34.43285574452687
              ],
              [
                -119.15482633680327,
                34.43286026777638
              ],
              [
                -119.15482089126046,
                34.43286479102588
              ],
              [
                -119.15481544571763,
                34.43286931427538
              ],
              [
                -119.15590455428237,
                34.43293263976841
              ]
            ]
          ],
          [
            [
              [
                -119.15564861376966,
                34.43264767504976
              ],
              [
                -119.15564861376966,
                34.43265672154877
              ],
              [
                -119.15565405931248,
                34.43266124479827
              ],
              [
                -119.15566495039813,
                34.43266124479827
              ],
              [
                -119.15567584148378,
                34.43266124479827
              ],
              [
                -119.15568673256942,
                34.43266124479827
              ],
              [
                -119.15569762365507,
                34.43266124479827
              ],
              [
                -119.1557030691979,
                34.43266576804777
              ],
              [
                -119.15570851474072,
                34.43267029129727
              ],
              [
                -119.15571396028355,
                34.43267481454677
              ],
              [
                -119.15571940582637,
                34.43267933779627
              ],
              [
                -119.15573029691201,
                34.43267933779627
              ],
              [
                -119.15573574245484,
                34.43268386104578
              ],
              [
                -119.15574118799766,
                34.43268838429528
              ],
              [
                -119.15574663354049,
                34.43268386104578
              ],
              [
                -119.15575207908331,
                34.43267933779627
              ],
              [
                -119.15576297016896,
                34.43267933779627
              ],
              [
                -119.15576841571178,
                34.43267481454677
              ],
              [
                -119.15576297016896,
                34.43267029129727
              ],
              [
                -119.15575752462614,
                34.43266576804777
              ],
              [
                -119.15575207908331,
                34.43266124479827
              ],
              [
                -119.15574663354049,
                34.43266576804777
              ],
              [
                -119.15574118799766,
                34.43267029129727
              ],
              [
                -119.15573574245484,
                34.43266576804777
              ],
              [
                -119.15574118799766,
                34.43266124479827
              ],
              [
                -119.15574663354049,
                34.43265672154877
              ],
              [
                -119.15575207908331,
                34.43265219829926
              ],
              [
                -119.15576297016896,
                34.43265219829926
              ],
              [
                -119.1557738612546,
                34.43265219829926
              ],
              [
                -119.15577930679743,
                34.43264767504976
              ],
              [
                -119.15564861376966,
                34.43264767504976
              ]
            ]
          ],
          [
            [
              [
                -119.15575207908331,
                34.43316784874254
              ],
              [
                -119.15574118799766,
                34.43316784874254
              ],
              [
                -119.15573574245484,
                34.43317237199204
              ],
              [
                -119.15573029691201,
                34.433176895241544
              ],
              [
                -119.15572485136919,
                34.433181418491046
              ],
              [
                -119.15572485136919,
                34.433190464990055
              ],
              [
                -119.15572485136919,
                34.43319951148906
              ],
              [
                -119.15571940582637,
                34.43320403473856
              ],
              [
                -119.15571396028355,
                34.43320855798806
              ],
              [
                -119.15570851474072,
                34.43321308123756
              ],
              [
                -119.1557030691979,
                34.43321760448707
              ],
              [
                -119.15570851474072,
                34.43322212773657
              ],
              [
                -119.15571396028355,
                34.43322665098607
              ],
              [
                -119.15571940582637,
                34.43323117423557
              ],
              [
                -119.15573029691201,
                34.43323117423557
              ],
              [
                -119.15573574245484,
                34.43322665098607
              ],
              [
                -119.15574118799766,
                34.43322212773657
              ],
              [
                -119.15574663354049,
                34.43321760448707
              ],
              [
                -119.15574663354049,
                34.43320855798806
              ],
              [
                -119.15575207908331,
                34.43320403473856
              ],
              [
                -119.15575752462614,
                34.43319951148906
              ],
              [
                -119.15575752462614,
                34.433190464990055
              ],
              [
                -119.15575752462614,
                34.433181418491046
              ],
              [
                -119.15575752462614,
                34.43317237199204
              ],
              [
                -119.15575207908331,
                34.43316784874254
              ]
            ]
          ],
          [
            [
              [
                -119.15516396045835,
                34.43294168626742
              ],
              [
                -119.15516940600116,
                34.43294620951692
              ],
              [
                -119.15516940600116,
                34.43295525601592
              ],
              [
                -119.15516396045835,
                34.432959779265424
              ],
              [
                -119.1551530693727,
                34.432959779265424
              ],
              [
                -119.15514217828705,
                34.432959779265424
              ],
              [
                -119.1551312872014,
                34.432959779265424
              ],
              [
                -119.15512039611576,
                34.432959779265424
              ],
              [
                -119.15511495057294,
                34.43295525601592
              ],
              [
                -119.15512039611576,
                34.43295073276642
              ],
              [
                -119.1551312872014,
                34.43295073276642
              ],
              [
                -119.15513673274423,
                34.43294620951692
              ],
              [
                -119.15514217828705,
                34.43294168626742
              ],
              [
                -119.1551530693727,
                34.43294168626742
              ],
              [
                -119.15516396045835,
                34.43294168626742
              ]
            ]
          ],
          [
            [
              [
                -119.15536,
                34.43295073276642
              ],
              [
                -119.15536544554283,
                34.43295525601592
              ],
              [
                -119.15537089108565,
                34.432959779265424
              ],
              [
                -119.15537633662848,
                34.43296430251493
              ],
              [
                -119.15537633662848,
                34.432973349013935
              ],
              [
                -119.15537089108565,
                34.432977872263436
              ],
              [
                -119.15536,
                34.432977872263436
              ],
              [
                -119.15534910891435,
                34.432977872263436
              ],
              [
                -119.15534366337153,
                34.432973349013935
              ],
              [
                -119.15533821782871,
                34.43296882576443
              ],
              [
                -119.15533277228589,
                34.43296430251493
              ],
              [
                -119.15533821782871,
                34.432959779265424
              ],
              [
                -119.15534910891435,
                34.432959779265424
              ],
              [
                -119.15535455445718,
                34.43295525601592
              ],
              [
                -119.15536,
                34.43295073276642
              ]
            ]
          ],
          [
            [
              [
                -119.15499514863082,
                34.43264767504976
              ],
              [
                -119.15499514863082,
                34.43265672154877
              ],
              [
                -119.15499514863082,
                34.43266576804777
              ],
              [
                -119.15500059417363,
                34.43267029129727
              ],
              [
                -119.15500603971645,
                34.43267481454677
              ],
              [
                -119.15501148525928,
                34.43267933779627
              ],
              [
                -119.15502237634493,
                34.43267933779627
              ],
              [
                -119.15503326743058,
                34.43267933779627
              ],
              [
                -119.15503871297341,
                34.43267481454677
              ],
              [
                -119.15503871297341,
                34.43266576804777
              ],
              [
                -119.15503326743058,
                34.43266124479827
              ],
              [
                -119.15502782188776,
                34.43266576804777
              ],
              [
                -119.15502237634493,
                34.43267029129727
              ],
              [
                -119.1550169308021,
                34.43266576804777
              ],
              [
                -119.15501148525928,
                34.43266124479827
              ],
              [
                -119.15500603971645,
                34.43265672154877
              ],
              [
                -119.15500603971645,
                34.43264767504976
              ],
              [
                -119.15499514863082,
                34.43264767504976
              ]
            ]
          ],
          [
            [
              [
                -119.15512039611576,
                34.43266124479827
              ],
              [
                -119.15510950503011,
                34.43266124479827
              ],
              [
                -119.15509861394446,
                34.43266124479827
              ],
              [
                -119.15509316840163,
                34.43266576804777
              ],
              [
                -119.15509861394446,
                34.43267029129727
              ],
              [
                -119.15510405948729,
                34.43267481454677
              ],
              [
                -119.15510950503011,
                34.43267933779627
              ],
              [
                -119.15512039611576,
                34.43267933779627
              ],
              [
                -119.1551312872014,
                34.43267933779627
              ],
              [
                -119.15513673274423,
                34.43267481454677
              ],
              [
                -119.1551312872014,
                34.43267029129727
              ],
              [
                -119.15512584165857,
                34.43266576804777
              ],
              [
                -119.15512039611576,
                34.43266124479827
              ]
            ]
          ],
          [
            [
              [
                -119.15531643565741,
                34.43293263976841
              ],
              [
                -119.15532188120024,
                34.43293716301792
              ],
              [
                -119.15532188120024,
                34.43294620951692
              ],
              [
                -119.15531643565741,
                34.43295073276642
              ],
              [
                -119.15530554457176,
                34.43295073276642
              ],
              [
                -119.15529465348612,
                34.43295073276642
              ],
              [
                -119.15528376240047,
                34.43295073276642
              ],
              [
                -119.15527831685765,
                34.43294620951692
              ],
              [
                -119.15528376240047,
                34.43294168626742
              ],
              [
                -119.15529465348612,
                34.43294168626742
              ],
              [
                -119.15530554457176,
                34.43294168626742
              ],
              [
                -119.15531099011459,
                34.43293716301792
              ],
              [
                -119.15531643565741,
                34.43293263976841
              ]
            ]
          ],
          [
            [
              [
                -119.15590455428237,
                34.43266124479827
              ],
              [
                -119.15589366319674,
                34.43266124479827
              ],
              [
                -119.15588277211108,
                34.43266124479827
              ],
              [
                -119.15587732656826,
                34.43266576804777
              ],
              [
                -119.15588277211108,
                34.43267029129727
              ],
              [
                -119.15588821765391,
                34.43267481454677
              ],
              [
                -119.15589366319674,
                34.43267933779627
              ],
              [
                -119.15589910873955,
                34.43267481454677
              ],
              [
                -119.15590455428237,
                34.43267029129727
              ],
              [
                -119.15590455428237,
                34.43266124479827
              ]
            ]
          ],
          [
            [
              [
                -119.15527287131482,
                34.43321308123756
              ],
              [
                -119.155267425772,
                34.43321760448707
              ],
              [
                -119.15526198022917,
                34.43322212773657
              ],
              [
                -119.15525653468634,
                34.43322665098607
              ],
              [
                -119.15526198022917,
                34.43323117423557
              ],
              [
                -119.15527287131482,
                34.43323117423557
              ],
              [
                -119.15527831685765,
                34.43322665098607
              ],
              [
                -119.15527831685765,
                34.43321760448707
              ],
              [
                -119.15527287131482,
                34.43321308123756
              ]
            ]
          ],
          [
            [
              [
                -119.15586098993978,
                34.43267029129727
              ],
              [
                -119.15585009885415,
                34.43267029129727
              ],
              [
                -119.1558392077685,
                34.43267029129727
              ],
              [
                -119.15583376222567,
                34.43267481454677
              ],
              [
                -119.1558392077685,
                34.43267933779627
              ],
              [
                -119.15585009885415,
                34.43267933779627
              ],
              [
                -119.15586098993978,
                34.43267933779627
              ],
              [
                -119.15586643548261,
                34.43267481454677
              ],
              [
                -119.15586098993978,
                34.43267029129727
              ]
            ]
          ],
          [
            [
              [
                -119.15521841588658,
                34.43293263976841
              ],
              [
                -119.1552238614294,
                34.43293716301792
              ],
              [
                -119.15522930697223,
                34.43294168626742
              ],
              [
                -119.15523475251506,
                34.43294620951692
              ],
              [
                -119.15522930697223,
                34.43295073276642
              ],
              [
                -119.15521841588658,
                34.43295073276642
              ],
              [
                -119.15521297034375,
                34.43294620951692
              ],
              [
                -119.15521297034375,
                34.43293716301792
              ],
              [
                -119.15521841588658,
                34.43293263976841
              ]
            ]
          ],
          [
            [
              [
                -119.15496247537386,
                34.43264767504976
              ],
              [
                -119.15496247537386,
                34.43265672154877
              ],
              [
                -119.15496247537386,
                34.43266576804777
              ],
              [
                -119.15496792091669,
                34.43267029129727
              ],
              [
                -119.15497336645952,
                34.43266576804777
              ],
              [
                -119.15497336645952,
                34.43265672154877
              ],
              [
                -119.15497336645952,
                34.43264767504976
              ],
              [
                -119.15496247537386,
                34.43264767504976
              ]
            ]
          ]
        ]
      }
    },
    {
      "type": "Feature",
      "properties": {
        "kind": "buildable_envelope",
        "criterion": "largest contiguous slope < 15%",
        "area_m2": 5922.0,
        "note": "analysis only — not a house footprint"
      },
      "geometry": {
        "type": "Polygon",
        "coordinates": [
          [
            [
              -119.15590455428237,
              34.43302310475846
            ],
            [
              -119.15589366319674,
              34.43302310475846
            ],
            [
              -119.15588277211108,
              34.43302310475846
            ],
            [
              -119.15587732656826,
              34.43302762800796
            ],
            [
              -119.15587188102543,
              34.433032151257464
            ],
            [
              -119.15586098993978,
              34.433032151257464
            ],
            [
              -119.15585554439696,
              34.43303667450697
            ],
            [
              -119.15585009885415,
              34.433041197756474
            ],
            [
              -119.1558392077685,
              34.433041197756474
            ],
            [
              -119.15582831668284,
              34.433041197756474
            ],
            [
              -119.15582287114002,
              34.433045721005975
            ],
            [
              -119.15581742559719,
              34.433050244255476
            ],
            [
              -119.15580653451156,
              34.433050244255476
            ],
            [
              -119.1557956434259,
              34.433050244255476
            ],
            [
              -119.15578475234025,
              34.433050244255476
            ],
            [
              -119.1557738612546,
              34.433050244255476
            ],
            [
              -119.15576841571178,
              34.43305476750498
            ],
            [
              -119.15576297016896,
              34.43305929075448
            ],
            [
              -119.15575207908331,
              34.43305929075448
            ],
            [
              -119.15574118799766,
              34.43305929075448
            ],
            [
              -119.15573574245484,
              34.43306381400399
            ],
            [
              -119.15573029691201,
              34.43306833725349
            ],
            [
              -119.15571940582637,
              34.43306833725349
            ],
            [
              -119.15571396028355,
              34.43307286050299
            ],
            [
              -119.15570851474072,
              34.43307738375249
            ],
            [
              -119.15569762365507,
              34.43307738375249
            ],
            [
              -119.15568673256942,
              34.43307738375249
            ],
            [
              -119.1556812870266,
              34.43308190700199
            ],
            [
              -119.1556812870266,
              34.433090953501
            ],
            [
              -119.15567584148378,
              34.4330954767505
            ],
            [
              -119.15567039594096,
              34.433090953501
            ],
            [
              -119.15566495039813,
              34.43308643025149
            ],
            [
              -119.15565950485531,
              34.43308190700199
            ],
            [
              -119.15565405931248,
              34.43307738375249
            ],
            [
              -119.15564316822683,
              34.43307738375249
            ],
            [
              -119.1556322771412,
              34.43307738375249
            ],
            [
              -119.15562683159837,
              34.43307286050299
            ],
            [
              -119.15562138605554,
              34.43306833725349
            ],
            [
              -119.15561049496989,
              34.43306833725349
            ],
            [
              -119.15559960388424,
              34.43306833725349
            ],
            [
              -119.1555887127986,
              34.43306833725349
            ],
            [
              -119.15557782171295,
              34.43306833725349
            ],
            [
              -119.15557237617013,
              34.43306381400399
            ],
            [
              -119.1555669306273,
              34.43305929075448
            ],
            [
              -119.15556148508448,
              34.43306381400399
            ],
            [
              -119.15555603954165,
              34.43306833725349
            ],
            [
              -119.15555059399884,
              34.43306381400399
            ],
            [
              -119.15554514845601,
              34.43305929075448
            ],
            [
              -119.15553425737036,
              34.43305929075448
            ],
            [
              -119.15552336628471,
              34.43305929075448
            ],
            [
              -119.15551792074189,
              34.43305476750498
            ],
            [
              -119.15551247519906,
              34.433050244255476
            ],
            [
              -119.15550158411342,
              34.433050244255476
            ],
            [
              -119.15549069302777,
              34.433050244255476
            ],
            [
              -119.15548524748495,
              34.433045721005975
            ],
            [
              -119.15547980194212,
              34.433041197756474
            ],
            [
              -119.15546891085647,
              34.433041197756474
            ],
            [
              -119.15545801977083,
              34.433041197756474
            ],
            [
              -119.15544712868518,
              34.433041197756474
            ],
            [
              -119.15544168314236,
              34.43303667450697
            ],
            [
              -119.15543623759953,
              34.433032151257464
            ],
            [
              -119.15542534651388,
              34.433032151257464
            ],
            [
              -119.15541445542824,
              34.433032151257464
            ],
            [
              -119.15540356434259,
              34.433032151257464
            ],
            [
              -119.15539811879977,
              34.43303667450697
            ],
            [
              -119.15539267325694,
              34.433041197756474
            ],
            [
              -119.15538178217129,
              34.433041197756474
            ],
            [
              -119.15537633662848,
              34.43303667450697
            ],
            [
              -119.15537089108565,
              34.433032151257464
            ],
            [
              -119.15536544554283,
              34.43302762800796
            ],
            [
              -119.15536,
              34.43302310475846
            ],
            [
              -119.15535455445718,
              34.43301858150896
            ],
            [
              -119.15534910891435,
              34.43301405825946
            ],
            [
              -119.15533821782871,
              34.43301405825946
            ],
            [
              -119.15533277228589,
              34.43300953500995
            ],
            [
              -119.15532732674306,
              34.43300501176045
            ],
            [
              -119.15531643565741,
              34.43300501176045
            ],
            [
              -119.15530554457176,
              34.43300501176045
            ],
            [
              -119.15529465348612,
              34.43300501176045
            ],
            [
              -119.15528376240047,
              34.43300501176045
            ],
            [
              -119.15527287131482,
              34.43300501176045
            ],
            [
              -119.155267425772,
              34.43300048851095
            ],
            [
              -119.15526198022917,
              34.43299596526145
            ],
            [
              -119.15525653468634,
              34.43300048851095
            ],
            [
              -119.15525108914353,
              34.43300501176045
            ],
            [
              -119.15524564360071,
              34.43300048851095
            ],
            [
              -119.15524019805788,
              34.43299596526145
            ],
            [
              -119.15522930697223,
              34.43299596526145
            ],
            [
              -119.15521841588658,
              34.43299596526145
            ],
            [
              -119.15520752480094,
              34.43299596526145
            ],
            [
              -119.15519663371529,
              34.43299596526145
            ],
            [
              -119.15518574262964,
              34.43299596526145
            ],
            [
              -119.15517485154399,
              34.43299596526145
            ],
            [
              -119.15516940600116,
              34.43300048851095
            ],
            [
              -119.15516396045835,
              34.43300501176045
            ],
            [
              -119.1551530693727,
              34.43300501176045
            ],
            [
              -119.15514217828705,
              34.43300501176045
            ],
            [
              -119.1551312872014,
              34.43300501176045
            ],
            [
              -119.15512584165857,
              34.43300048851095
            ],
            [
              -119.15512039611576,
              34.43299596526145
            ],
            [
              -119.15511495057294,
              34.43299144201195
            ],
            [
              -119.15510950503011,
              34.432986918762445
            ],
            [
              -119.15509861394446,
              34.432986918762445
            ],
            [
              -119.15508772285881,
              34.432986918762445
            ],
            [
              -119.155082277316,
              34.43298239551294
            ],
            [
              -119.15507683177317,
              34.432977872263436
            ],
            [
              -119.15507138623035,
              34.432973349013935
            ],
            [
              -119.15507138623035,
              34.43296430251493
            ],
            [
              -119.15507138623035,
              34.43295525601592
            ],
            [
              -119.15507138623035,
              34.43294620951692
            ],
            [
              -119.15507138623035,
              34.43293716301792
            ],
            [
              -119.15507138623035,
              34.43292811651891
            ],
            [
              -119.15507138623035,
              34.432919070019906
            ],
            [
              -119.15506594068752,
              34.432914546770405
            ],
            [
              -119.15505504960187,
              34.432914546770405
            ],
            [
              -119.15504960405904,
              34.432910023520904
            ],
            [
              -119.15504415851622,
              34.432905500271396
            ],
            [
              -119.15503326743058,
              34.432905500271396
            ],
            [
              -119.15502782188776,
              34.432910023520904
            ],
            [
              -119.15502237634493,
              34.432914546770405
            ],
            [
              -119.15501148525928,
              34.432914546770405
            ],
            [
              -119.15500059417363,
              34.432914546770405
            ],
            [
              -119.15499514863082,
              34.432910023520904
            ],
            [
              -119.15498970308799,
              34.432905500271396
            ],
            [
              -119.15498425754517,
              34.432900977021895
            ],
            [
              -119.15497881200234,
              34.43289645377239
            ],
            [
              -119.15496792091669,
              34.43289645377239
            ],
            [
              -119.15496247537386,
              34.43289193052289
            ],
            [
              -119.15495702983104,
              34.43288740727339
            ],
            [
              -119.15495158428823,
              34.43288288402388
            ],
            [
              -119.1549461387454,
              34.43287836077438
            ],
            [
              -119.15493524765975,
              34.43287836077438
            ],
            [
              -119.1549243565741,
              34.43287836077438
            ],
            [
              -119.15491346548845,
              34.43287836077438
            ],
            [
              -119.15490801994564,
              34.43288288402388
            ],
            [
              -119.15490257440281,
              34.43288740727339
            ],
            [
              -119.15489712885999,
              34.43289193052289
            ],
            [
              -119.15489168331716,
              34.43289645377239
            ],
            [
              -119.15488079223151,
              34.43289645377239
            ],
            [
              -119.15486990114586,
              34.43289645377239
            ],
            [
              -119.15486445560305,
              34.432900977021895
            ],
            [
              -119.15485901006022,
              34.432905500271396
            ],
            [
              -119.15484811897457,
              34.432905500271396
            ],
            [
              -119.15484267343174,
              34.432910023520904
            ],
            [
              -119.15483722788892,
              34.432914546770405
            ],
            [
              -119.1548317823461,
              34.432919070019906
            ],
            [
              -119.15482633680327,
              34.43292359326941
            ],
            [
              -119.15482089126046,
              34.43292811651891
            ],
            [
              -119.15481544571763,
              34.43293263976841
            ],
            [
              -119.15590455428237,
              34.43302310475846
            ]
          ]
        ]
      }
    },
    {
      "type": "Feature",
      "properties": {
        "kind": "contour",
        "elevation_m": 419.5,
        "interval_m": 0.5
      },
      "geometry": {
        "type": "LineString",
        "coordinates": [
          [
            -119.15590455428237,
            34.43266124479827
          ],
          [
            -119.15589366319674,
            34.4326627525481
          ],
          [
            -119.15588277211108,
            34.43266124479827
          ],
          [
            -119.15587188102543,
            34.43265973704843
          ],
          [
            -119.15586098993978,
            34.43266124479827
          ],
          [
            -119.15585009885415,
            34.43266124479827
          ],
          [
            -119.1558392077685,
            34.43265973704843
          ],
          [
            -119.15582831668284,
            34.43265672154877
          ],
          [
            -119.15582831668284,
            34.43265672154877
          ],
          [
            -119.15581742559719,
            34.43265445992401
          ],
          [
            -119.15580653451156,
            34.432653706049095
          ],
          [
            -119.1557956434259,
            34.43265069054943
          ],
          [
            -119.15578475234025,
            34.43265069054943
          ],
          [
            -119.1557738612546,
            34.43265219829926
          ],
          [
            -119.15576297016896,
            34.43265219829926
          ],
          [
            -119.15575207908331,
            34.43265219829926
          ],
          [
            -119.15574118799766,
            34.43265310294916
          ],
          [
            -119.15573029691201,
            34.43265445992401
          ],
          [
            -119.15571940582637,
            34.43265445992401
          ],
          [
            -119.15570851474072,
            34.43265672154877
          ],
          [
            -119.15570851474072,
            34.43265672154877
          ],
          [
            -119.15569762365507,
            34.43265672154877
          ],
          [
            -119.15568673256942,
            34.43265672154877
          ],
          [
            -119.15567584148378,
            34.43265672154877
          ],
          [
            -119.15567584148378,
            34.43265672154877
          ],
          [
            -119.15566495039813,
            34.43265445992401
          ],
          [
            -119.15565405931248,
            34.43265219829926
          ],
          [
            -119.15564316822683,
            34.43265069054943
          ],
          [
            -119.1556322771412,
            34.43265069054943
          ],
          [
            -119.15562138605554,
            34.43264767504976
          ],
          [
            -119.15562138605554,
            34.43264767504976
          ]
        ]
      }
    },
    {
      "type": "Feature",
      "properties": {
        "kind": "contour",
        "elevation_m": 420.0,
        "interval_m": 0.5
      },
      "geometry": {
        "type": "LineString",
        "coordinates": [
          [
            -119.15590455428237,
            34.43268084554611
          ],
          [
            -119.15589366319674,
            34.43267933779627
          ],
          [
            -119.15588277211108,
            34.43268084554611
          ],
          [
            -119.15587188102543,
            34.43268084554611
          ],
          [
            -119.15586098993978,
            34.432680242446175
          ],
          [
            -119.15585009885415,
            34.432680242446175
          ],
          [
            -119.1558392077685,
            34.43267933779627
          ],
          [
            -119.15582831668284,
            34.43267933779627
          ],
          [
            -119.15581742559719,
            34.43267707617152
          ],
          [
            -119.15580653451156,
            34.43267707617152
          ],
          [
            -119.1557956434259,
            34.43267707617152
          ],
          [
            -119.15578475234025,
            34.43267481454677
          ],
          [
            -119.1557738612546,
            34.43267481454677
          ],
          [
            -119.1557738612546,
            34.43267481454677
          ],
          [
            -119.15576297016896,
            34.43267255292202
          ],
          [
            -119.15575207908331,
            34.43267119594717
          ],
          [
            -119.15574118799766,
            34.43267255292202
          ],
          [
            -119.15573029691201,
            34.43267255292202
          ],
          [
            -119.15571940582637,
            34.43267255292202
          ],
          [
            -119.15570851474072,
            34.43267481454677
          ],
          [
            -119.15570851474072,
            34.43267481454677
          ],
          [
            -119.15569762365507,
            34.43267707617152
          ],
          [
            -119.15568673256942,
            34.432677830046444
          ],
          [
            -119.15567584148378,
            34.43267933779627
          ],
          [
            -119.15566495039813,
            34.432677830046444
          ],
          [
            -119.15565405931248,
            34.43267481454677
          ],
          [
            -119.15565405931248,
            34.43267481454677
          ],
          [
            -119.15564316822683,
            34.43267179904711
          ],
          [
            -119.1556322771412,
            34.432668783547435
          ],
          [
            -119.15562138605554,
            34.432668783547435
          ],
          [
            -119.15561049496989,
            34.43267179904711
          ],
          [
            -119.15559960388424,
            34.43267481454677
          ],
          [
            -119.15559960388424,
            34.43267481454677
          ],
          [
            -119.15559960388424,
            34.43267481454677
          ],
          [
            -119.1555887127986,
            34.43267255292202
          ],
          [
            -119.15557782171295,
            34.43267481454677
          ],
          [
            -119.15557782171295,
            34.43267481454677
          ],
          [
            -119.15557782171295,
            34.43267481454677
          ],
          [
            -119.1555669306273,
            34.43267255292202
          ],
          [
            -119.15555603954165,
            34.43267481454677
          ],
          [
            -119.15555603954165,
            34.43267481454677
          ],
          [
            -119.15554514845601,
            34.43267481454677
          ],
          [
            -119.15553425737036,
            34.43267632229661
          ],
          [
            -119.15552336628471,
            34.432676623846575
          ],
          [
            -119.15551247519906,
            34.432677830046444
          ],
          [
            -119.15550158411342,
            34.43267933779627
          ],
          [
            -119.15549069302777,
            34.432680242446175
          ],
          [
            -119.15547980194212,
            34.43268084554611
          ],
          [
            -119.15546891085647,
            34.43268386104578
          ],
          [
            -119.15546891085647,
            34.43268386104578
          ],
          [
            -119.15545801977083,
            34.43268499185815
          ],
          [
            -119.15544712868518,
            34.43268515340278
          ],
          [
            -119.15543623759953,
            34.432686876545446
          ],
          [
            -119.15542534651388,
            34.43268747964538
          ],
          [
            -119.15541445542824,
            34.43268747964538
          ],
          [
            -119.15540356434259,
            34.432692907544784
          ],
          [
            -119.15540356434259,
            34.432692907544784
          ],
          [
            -119.15539267325694,
            34.43269419990178
          ],
          [
            -119.15538178217129,
            34.43269592304445
          ],
          [
            -119.15537089108565,
            34.432697430794285
          ],
          [
            -119.15536,
            34.43269833544419
          ],
          [
            -119.15534910891435,
            34.43270014474399
          ],
          [
            -119.15533821782871,
            34.432701954043786
          ],
          [
            -119.15533821782871,
            34.432701954043786
          ],
          [
            -119.15532732674306,
            34.432701954043786
          ],
          [
            -119.15531643565741,
            34.432701954043786
          ],
          [
            -119.15530554457176,
            34.432701954043786
          ],
          [
            -119.15529465348612,
            34.432701954043786
          ],
          [
            -119.15529465348612,
            34.432701954043786
          ],
          [
            -119.15528376240047,
            34.432692907544784
          ],
          [
            -119.15528376240047,
            34.432692907544784
          ],
          [
            -119.15528376240047,
            34.432692907544784
          ],
          [
            -119.15529465348612,
            34.43268386104578
          ],
          [
            -119.15529465348612,
            34.43268386104578
          ],
          [
            -119.15530554457176,
            34.43268159942103
          ],
          [
            -119.15531643565741,
            34.43267707617152
          ],
          [
            -119.15532188120024,
            34.43267481454677
          ],
          [
            -119.15532732674306,
            34.4326736837344
          ],
          [
            -119.15533821782871,
            34.43267142210965
          ],
          [
            -119.15534910891435,
            34.43267093747577
          ],
          [
            -119.15536,
            34.43267029129727
          ],
          [
            -119.15537089108565,
            34.43266802967252
          ],
          [
            -119.15538178217129,
            34.43266576804777
          ],
          [
            -119.15538178217129,
            34.43266576804777
          ],
          [
            -119.15539267325694,
            34.43266124479827
          ],
          [
            -119.15540356434259,
            34.43265672154877
          ],
          [
            -119.15540356434259,
            34.43265672154877
          ],
          [
            -119.15541445542824,
            34.43265521379893
          ],
          [
            -119.15542534651388,
            34.43265310294916
          ],
          [
            -119.15543623759953,
            34.43265219829926
          ],
          [
            -119.15544712868518,
            34.43264767504976
          ]
        ]
      }
    },
    {
      "type": "Feature",
      "properties": {
        "kind": "contour",
        "elevation_m": 420.0,
        "interval_m": 0.5
      },
      "geometry": {
        "type": "LineString",
        "coordinates": [
          [
            -119.15590455428237,
            34.43292811651891
          ],
          [
            -119.15589366319674,
            34.43292811651891
          ],
          [
            -119.15588277211108,
            34.43292811651891
          ],
          [
            -119.15587188102543,
            34.43292811651891
          ],
          [
            -119.15586098993978,
            34.43292811651891
          ],
          [
            -119.15585009885415,
            34.43292811651891
          ],
          [
            -119.15585009885415,
            34.43292811651891
          ],
          [
            -119.1558392077685,
            34.432919070019906
          ],
          [
            -119.15582831668284,
            34.43292811651891
          ],
          [
            -119.15582831668284,
            34.43292811651891
          ],
          [
            -119.15582831668284,
            34.43292811651891
          ],
          [
            -119.15581742559719,
            34.432919070019906
          ],
          [
            -119.15580653451156,
            34.432919070019906
          ],
          [
            -119.15580653451156,
            34.432919070019906
          ],
          [
            -119.15580653451156,
            34.432919070019906
          ],
          [
            -119.15581742559719,
            34.432919070019906
          ],
          [
            -119.15582831668284,
            34.432919070019906
          ],
          [
            -119.1558392077685,
            34.432910023520904
          ],
          [
            -119.1558392077685,
            34.432910023520904
          ],
          [
            -119.15585009885415,
            34.432900977021895
          ],
          [
            -119.15585009885415,
            34.432900977021895
          ],
          [
            -119.15586098993978,
            34.43289193052289
          ],
          [
            -119.15586098993978,
            34.43289193052289
          ],
          [
            -119.15587188102543,
            34.43288288402388
          ],
          [
            -119.15587188102543,
            34.43288288402388
          ],
          [
            -119.15588277211108,
            34.43287383752488
          ],
          [
            -119.15588277211108,
            34.43287383752488
          ],
          [
            -119.15589366319674,
            34.43286479102588
          ],
          [
            -119.15589366319674,
            34.43285574452687
          ],
          [
            -119.15589366319674,
            34.432846698027866
          ],
          [
            -119.15589366319674,
            34.432837651528864
          ],
          [
            -119.15589366319674,
            34.432837651528864
          ],
          [
            -119.15590455428237,
            34.432828605029854
          ],
          [
            -119.15590455428237,
            34.43281955853085
          ],
          [
            -119.15590455428237,
            34.43281051203185
          ],
          [
            -119.15590455428237,
            34.43280146553284
          ],
          [
            -119.15590455428237,
            34.43279241903384
          ],
          [
            -119.15589366319674,
            34.432783372534836
          ],
          [
            -119.15589366319674,
            34.432783372534836
          ],
          [
            -119.15588277211108,
            34.432774326035826
          ],
          [
            -119.15588277211108,
            34.432774326035826
          ],
          [
            -119.15587188102543,
            34.432765279536824
          ],
          [
            -119.15587188102543,
            34.432765279536824
          ],
          [
            -119.15587188102543,
            34.432756233037814
          ],
          [
            -119.15586098993978,
            34.43274718653881
          ],
          [
            -119.15586098993978,
            34.43274718653881
          ],
          [
            -119.15586098993978,
            34.43273814003981
          ],
          [
            -119.15586098993978,
            34.4327290935408
          ],
          [
            -119.15586098993978,
            34.4327200470418
          ],
          [
            -119.15586098993978,
            34.4327200470418
          ],
          [
            -119.15587188102543,
            34.4327200470418
          ],
          [
            -119.15588277211108,
            34.4327155237923
          ],
          [
            -119.15589366319674,
            34.432711000542795
          ],
          [
            -119.15589366319674,
            34.432711000542795
          ],
          [
            -119.15590455428237,
            34.432701954043786
          ],
          [
            -119.15590455428237,
            34.432701954043786
          ]
        ]
      }
    },
    {
      "type": "Feature",
      "properties": {
        "kind": "contour",
        "elevation_m": 420.5,
        "interval_m": 0.5
      },
      "geometry": {
        "type": "LineString",
        "coordinates": [
          [
            -119.15590455428237,
            34.43294620951692
          ],
          [
            -119.15589366319674,
            34.43294620951692
          ],
          [
            -119.15588277211108,
            34.43294620951692
          ],
          [
            -119.15587188102543,
            34.43294620951692
          ],
          [
            -119.15586098993978,
            34.43294620951692
          ],
          [
            -119.15585009885415,
            34.43294620951692
          ],
          [
            -119.1558392077685,
            34.43294620951692
          ],
          [
            -119.15582831668284,
            34.43294620951692
          ],
          [
            -119.15581742559719,
            34.43294620951692
          ],
          [
            -119.15580653451156,
            34.43294620951692
          ],
          [
            -119.1557956434259,
            34.43294620951692
          ],
          [
            -119.15578475234025,
            34.43294620951692
          ],
          [
            -119.15578475234025,
            34.43294620951692
          ],
          [
            -119.1557738612546,
            34.43294394789217
          ],
          [
            -119.15576297016896,
            34.43294394789217
          ],
          [
            -119.15575207908331,
            34.43294394789217
          ],
          [
            -119.15574118799766,
            34.43294394789217
          ],
          [
            -119.15573029691201,
            34.43294394789217
          ],
          [
            -119.15571940582637,
            34.43294168626742
          ],
          [
            -119.15570851474072,
            34.43294017851758
          ],
          [
            -119.15569762365507,
            34.432938972317714
          ],
          [
            -119.15568673256942,
            34.432938972317714
          ],
          [
            -119.15567584148378,
            34.432938972317714
          ],
          [
            -119.15566495039813,
            34.43293716301792
          ],
          [
            -119.15565405931248,
            34.43293716301792
          ],
          [
            -119.15564316822683,
            34.43293716301792
          ],
          [
            -119.15564316822683,
            34.43293716301792
          ],
          [
            -119.1556322771412,
            34.432934147518246
          ],
          [
            -119.15562138605554,
            34.43293113201858
          ],
          [
            -119.15561049496989,
            34.43293037814366
          ],
          [
            -119.15559960388424,
            34.43292811651891
          ],
          [
            -119.1555887127986,
            34.43292811651891
          ],
          [
            -119.15557782171295,
            34.43292811651891
          ],
          [
            -119.15557782171295,
            34.43292811651891
          ],
          [
            -119.1555669306273,
            34.432919070019906
          ],
          [
            -119.1555669306273,
            34.432919070019906
          ],
          [
            -119.15555603954165,
            34.432910023520904
          ],
          [
            -119.15555603954165,
            34.432910023520904
          ],
          [
            -119.15555603954165,
            34.432900977021895
          ],
          [
            -119.15555603954165,
            34.432900977021895
          ],
          [
            -119.1555669306273,
            34.432900977021895
          ],
          [
            -119.15557782171295,
            34.43289193052289
          ],
          [
            -119.15557782171295,
            34.43288288402388
          ],
          [
            -119.15557782171295,
            34.43287383752488
          ],
          [
            -119.15557782171295,
            34.43286479102588
          ],
          [
            -119.15557782171295,
            34.43286479102588
          ],
          [
            -119.1555887127986,
            34.43285574452687
          ],
          [
            -119.1555887127986,
            34.43285574452687
          ],
          [
            -119.15559415834143,
            34.432846698027866
          ],
          [
            -119.15559960388424,
            34.432837651528864
          ],
          [
            -119.15559960388424,
            34.432837651528864
          ],
          [
            -119.15560504942707,
            34.432828605029854
          ],
          [
            -119.15559960388424,
            34.43281955853085
          ],
          [
            -119.15559960388424,
            34.43281955853085
          ],
          [
            -119.15559960388424,
            34.43281955853085
          ],
          [
            -119.15560504942707,
            34.43281051203185
          ],
          [
            -119.15559960388424,
            34.43280146553284
          ],
          [
            -119.15559960388424,
            34.43280146553284
          ],
          [
            -119.15559960388424,
            34.43279241903384
          ],
          [
            -119.15559960388424,
            34.432783372534836
          ],
          [
            -119.15559960388424,
            34.432783372534836
          ],
          [
            -119.15561049496989,
            34.432783372534836
          ],
          [
            -119.15562138605554,
            34.432774326035826
          ],
          [
            -119.15562138605554,
            34.432774326035826
          ],
          [
            -119.1556322771412,
            34.432774326035826
          ],
          [
            -119.15564316822683,
            34.432765279536824
          ],
          [
            -119.15564316822683,
            34.432765279536824
          ],
          [
            -119.15565405931248,
            34.432756233037814
          ],
          [
            -119.15565405931248,
            34.43274718653881
          ],
          [
            -119.15565405931248,
            34.43274718653881
          ],
          [
            -119.15566495039813,
            34.43273814003981
          ],
          [
            -119.15566495039813,
            34.4327290935408
          ],
          [
            -119.15566495039813,
            34.4327290935408
          ],
          [
            -119.15567584148378,
            34.4327200470418
          ],
          [
            -119.15567584148378,
            34.432711000542795
          ],
          [
            -119.15567039594096,
            34.432701954043786
          ],
          [
            -119.15566495039813,
            34.432699692419035
          ],
          [
            -119.15565405931248,
            34.43269592304445
          ],
          [
            -119.15564316822683,
            34.432697430794285
          ],
          [
            -119.1556322771412,
            34.432697430794285
          ],
          [
            -119.15562138605554,
            34.432697430794285
          ],
          [
            -119.15561049496989,
            34.43269592304445
          ],
          [
            -119.15559960388424,
            34.432692907544784
          ],
          [
            -119.15559960388424,
            34.432692907544784
          ],
          [
            -119.1555887127986,
            34.43269064592003
          ],
          [
            -119.15557782171295,
            34.43269064592003
          ],
          [
            -119.1555669306273,
            34.432689288945184
          ],
          [
            -119.15555603954165,
            34.43268838429528
          ],
          [
            -119.15554514845601,
            34.432686876545446
          ],
          [
            -119.15553425737036,
            34.43268773811678
          ],
          [
            -119.15552336628471,
            34.43268838429528
          ],
          [
            -119.15551247519906,
            34.43268838429528
          ],
          [
            -119.15550158411342,
            34.43268838429528
          ],
          [
            -119.15549069302777,
            34.43268989204512
          ],
          [
            -119.15547980194212,
            34.432691776732405
          ],
          [
            -119.15546891085647,
            34.432692907544784
          ],
          [
            -119.15546891085647,
            34.432692907544784
          ],
          [
            -119.15545801977083,
            34.432693812194685
          ],
          [
            -119.15544712868518,
            34.43269471684459
          ],
          [
            -119.15543623759953,
            34.43269692821101
          ],
          [
            -119.15542534651388,
            34.432698561606664
          ],
          [
            -119.15541445542824,
            34.43269936932979
          ],
          [
            -119.15540356434259,
            34.432701954043786
          ],
          [
            -119.15540356434259,
            34.432701954043786
          ],
          [
            -119.15539267325694,
            34.43270453875779
          ],
          [
            -119.15538178217129,
            34.43270647729329
          ],
          [
            -119.15537089108565,
            34.43270697987657
          ],
          [
            -119.15536,
            34.432708738918045
          ],
          [
            -119.15534910891435,
            34.43270986973042
          ],
          [
            -119.15534366337153,
            34.432711000542795
          ],
          [
            -119.15533821782871,
            34.43271200570935
          ],
          [
            -119.15532732674306,
            34.43271301087591
          ],
          [
            -119.15531643565741,
            34.432713262167546
          ],
          [
            -119.15530554457176,
            34.43271439297992
          ],
          [
            -119.15529465348612,
            34.4327155237923
          ],
          [
            -119.15528376240047,
            34.4327155237923
          ],
          [
            -119.15527287131482,
            34.4327148776138
          ],
          [
            -119.15526198022917,
            34.4327164284422
          ],
          [
            -119.15525108914353,
            34.432718237741994
          ],
          [
            -119.15524019805788,
            34.43271778541705
          ],
          [
            -119.15522930697223,
            34.4327155237923
          ],
          [
            -119.15521841588658,
            34.4327155237923
          ],
          [
            -119.15520752480094,
            34.43271401604246
          ],
          [
            -119.15519663371529,
            34.43271401604246
          ],
          [
            -119.15518574262964,
            34.432713262167546
          ],
          [
            -119.15517485154399,
            34.432713262167546
          ],
          [
            -119.15516396045835,
            34.432713262167546
          ],
          [
            -119.1551530693727,
            34.432711000542795
          ],
          [
            -119.1551530693727,
            34.432711000542795
          ],
          [
            -119.15514217828705,
            34.432701954043786
          ],
          [
            -119.1551312872014,
            34.432701954043786
          ],
          [
            -119.15512039611576,
            34.432701954043786
          ],
          [
            -119.15512039611576,
            34.432701954043786
          ],
          [
            -119.15512039611576,
            34.432701954043786
          ],
          [
            -119.1551312872014,
            34.432701954043786
          ],
          [
            -119.15514217828705,
            34.432701954043786
          ],
          [
            -119.1551530693727,
            34.432697430794285
          ],
          [
            -119.15515851491553,
            34.432692907544784
          ],
          [
            -119.15516396045835,
            34.43268989204512
          ],
          [
            -119.15517485154399,
            34.43268838429528
          ],
          [
            -119.15518574262964,
            34.43268989204512
          ],
          [
            -119.15519663371529,
            34.432692907544784
          ],
          [
            -119.15520752480094,
            34.43268989204512
          ],
          [
            -119.15521841588658,
            34.43268838429528
          ],
          [
            -119.15522930697223,
            34.43268386104578
          ],
          [
            -119.15522930697223,
            34.43268386104578
          ],
          [
            -119.15524019805788,
            34.43268205174598
          ],
          [
            -119.15525108914353,
            34.43267843314638
          ],
          [
            -119.15526198022917,
            34.432676623846575
          ],
          [
            -119.15527287131482,
            34.43267481454677
          ],
          [
            -119.15527287131482,
            34.43267481454677
          ],
          [
            -119.15528376240047,
            34.43267255292202
          ],
          [
            -119.15529465348612,
            34.43267029129727
          ],
          [
            -119.15530554457176,
            34.4326691604849
          ],
          [
            -119.15531643565741,
            34.43266689886014
          ],
          [
            -119.15532188120024,
            34.43266576804777
          ],
          [
            -119.15532732674306,
            34.43266447569077
          ],
          [
            -119.15533821782871,
            34.43266237561064
          ],
          [
            -119.15534910891435,
            34.43266124479827
          ],
          [
            -119.15536,
            34.432659306262764
          ],
          [
            -119.15537089108565,
            34.43265672154877
          ],
          [
            -119.15537089108565,
            34.43265672154877
          ],
          [
            -119.15538178217129,
            34.432653706049095
          ],
          [
            -119.15539267325694,
            34.432651293649364
          ],
          [
            -119.15540356434259,
            34.43264868021632
          ],
          [
            -119.155406287114,
            34.43264767504976
          ]
        ]
      }
    },
    {
      "type": "Feature",
      "properties": {
        "kind": "contour",
        "elevation_m": 420.5,
        "interval_m": 0.5
      },
      "geometry": {
        "type": "LineString",
        "coordinates": [
          [
            -119.15575207908331,
            34.43268989204512
          ],
          [
            -119.15574118799766,
            34.43268989204512
          ],
          [
            -119.15573029691201,
            34.432692907544784
          ],
          [
            -119.15573029691201,
            34.432692907544784
          ],
          [
            -119.15571940582637,
            34.432692907544784
          ],
          [
            -119.15570851474072,
            34.432692907544784
          ],
          [
            -119.15569762365507,
            34.432701954043786
          ],
          [
            -119.15570851474072,
            34.432711000542795
          ],
          [
            -119.15571940582637,
            34.432711000542795
          ],
          [
            -119.15571940582637,
            34.432711000542795
          ],
          [
            -119.15573029691201,
            34.4327200470418
          ],
          [
            -119.15574118799766,
            34.4327200470418
          ],
          [
            -119.15575207908331,
            34.4327200470418
          ],
          [
            -119.15576297016896,
            34.432711000542795
          ],
          [
            -119.15576297016896,
            34.432711000542795
          ],
          [
            -119.15576841571178,
            34.432701954043786
          ],
          [
            -119.15576297016896,
            34.432692907544784
          ],
          [
            -119.15576297016896,
            34.432692907544784
          ],
          [
            -119.15575207908331,
            34.43268989204512
          ]
        ]
      }
    },
    {
      "type": "Feature",
      "properties": {
        "kind": "contour",
        "elevation_m": 420.5,
        "interval_m": 0.5
      },
      "geometry": {
        "type": "LineString",
        "coordinates": [
          [
            -119.15580653451156,
            34.43282408178035
          ],
          [
            -119.1557956434259,
            34.43282408178035
          ],
          [
            -119.15578475234025,
            34.43282408178035
          ],
          [
            -119.1557738612546,
            34.432828605029854
          ],
          [
            -119.1557738612546,
            34.432828605029854
          ],
          [
            -119.15576841571178,
            34.432837651528864
          ],
          [
            -119.1557738612546,
            34.432846698027866
          ],
          [
            -119.1557738612546,
            34.432846698027866
          ],
          [
            -119.15578475234025,
            34.4328527290272
          ],
          [
            -119.1557956434259,
            34.43285574452687
          ],
          [
            -119.15580653451156,
            34.4328527290272
          ],
          [
            -119.15581742559719,
            34.43285122127737
          ],
          [
            -119.15582287114002,
            34.432846698027866
          ],
          [
            -119.15582831668284,
            34.432837651528864
          ],
          [
            -119.15581742559719,
            34.432828605029854
          ],
          [
            -119.15581742559719,
            34.432828605029854
          ],
          [
            -119.15580653451156,
            34.43282408178035
          ]
        ]
      }
    },
    {
      "type": "Feature",
      "properties": {
        "kind": "contour",
        "elevation_m": 421.0,
        "interval_m": 0.5
      },
      "geometry": {
        "type": "LineString",
        "coordinates": [
          [
            -119.15590455428237,
            34.43296882576443
          ],
          [
            -119.15589366319674,
            34.43296882576443
          ],
          [
            -119.15588277211108,
            34.43296882576443
          ],
          [
            -119.15587188102543,
            34.4329673180146
          ],
          [
            -119.15586098993978,
            34.4329673180146
          ],
          [
            -119.15585009885415,
            34.4329673180146
          ],
          [
            -119.1558392077685,
            34.4329673180146
          ],
          [
            -119.15582831668284,
            34.4329673180146
          ],
          [
            -119.15581742559719,
            34.4329673180146
          ],
          [
            -119.15580653451156,
            34.4329673180146
          ],
          [
            -119.1557956434259,
            34.43296430251493
          ],
          [
            -119.1557956434259,
            34.43296430251493
          ],
          [
            -119.15578475234025,
            34.43296204089018
          ],
          [
            -119.1557738612546,
            34.43296430251493
          ],
          [
            -119.1557738612546,
            34.43296430251493
          ],
          [
            -119.15576297016896,
            34.43296882576443
          ],
          [
            -119.15575207908331,
            34.43296882576443
          ],
          [
            -119.15574118799766,
            34.43296882576443
          ],
          [
            -119.15573029691201,
            34.43296882576443
          ],
          [
            -119.15571940582637,
            34.4329673180146
          ],
          [
            -119.15571396028355,
            34.43296430251493
          ],
          [
            -119.15570851474072,
            34.432959779265424
          ],
          [
            -119.15569762365507,
            34.432959779265424
          ],
          [
            -119.15568673256942,
            34.43295525601592
          ],
          [
            -119.15567584148378,
            34.43295525601592
          ],
          [
            -119.15566495039813,
            34.43295525601592
          ],
          [
            -119.15566495039813,
            34.43295525601592
          ],
          [
            -119.15565405931248,
            34.43295344671613
          ],
          [
            -119.15564316822683,
            34.43295163741632
          ],
          [
            -119.1556322771412,
            34.43294982811652
          ],
          [
            -119.15562138605554,
            34.43294982811652
          ],
          [
            -119.15561049496989,
            34.43294847114167
          ],
          [
            -119.15559960388424,
            34.43294847114167
          ],
          [
            -119.1555887127986,
            34.43294982811652
          ],
          [
            -119.15557782171295,
            34.432948018816724
          ],
          [
            -119.15557237617013,
            34.43294620951692
          ],
          [
            -119.1555669306273,
            34.43294394789217
          ],
          [
            -119.15555603954165,
            34.432938972317714
          ],
          [
            -119.15555059399884,
            34.43293716301792
          ],
          [
            -119.15554514845601,
            34.43293490139316
          ],
          [
            -119.15553425737036,
            34.432931735118515
          ],
          [
            -119.15552336628471,
            34.43292811651891
          ],
          [
            -119.15552336628471,
            34.43292811651891
          ],
          [
            -119.15551247519906,
            34.43292585489416
          ],
          [
            -119.15550158411342,
            34.43292359326941
          ],
          [
            -119.15549069302777,
            34.43292133164466
          ],
          [
            -119.15547980194212,
            34.43292133164466
          ],
          [
            -119.15546891085647,
            34.432919070019906
          ],
          [
            -119.15546891085647,
            34.432919070019906
          ],
          [
            -119.15545801977083,
            34.432916054520234
          ],
          [
            -119.15544712868518,
            34.432914546770405
          ],
          [
            -119.15543623759953,
            34.432910023520904
          ],
          [
            -119.15542534651388,
            34.432910023520904
          ],
          [
            -119.15541445542824,
            34.432910023520904
          ],
          [
            -119.15541445542824,
            34.432910023520904
          ],
          [
            -119.15540356434259,
            34.432900977021895
          ],
          [
            -119.15539267325694,
            34.432900977021895
          ],
          [
            -119.15538178217129,
            34.432900977021895
          ],
          [
            -119.15538178217129,
            34.432900977021895
          ],
          [
            -119.15537089108565,
            34.43289193052289
          ],
          [
            -119.15537089108565,
            34.43289193052289
          ],
          [
            -119.15537089108565,
            34.43288288402388
          ],
          [
            -119.15537089108565,
            34.43288288402388
          ],
          [
            -119.15538178217129,
            34.43287383752488
          ],
          [
            -119.15538178217129,
            34.43286479102588
          ],
          [
            -119.15538178217129,
            34.43286479102588
          ],
          [
            -119.15539267325694,
            34.43286479102588
          ],
          [
            -119.15540356434259,
            34.43286479102588
          ],
          [
            -119.15541445542824,
            34.43286479102588
          ],
          [
            -119.15542534651388,
            34.43285574452687
          ],
          [
            -119.15542534651388,
            34.43285574452687
          ],
          [
            -119.15543623759953,
            34.43285574452687
          ],
          [
            -119.15544712868518,
            34.432846698027866
          ],
          [
            -119.15544712868518,
            34.432837651528864
          ],
          [
            -119.15544712868518,
            34.432837651528864
          ],
          [
            -119.15545801977083,
            34.432828605029854
          ],
          [
            -119.15545801977083,
            34.43281955853085
          ],
          [
            -119.15545801977083,
            34.43281051203185
          ],
          [
            -119.15545801977083,
            34.43281051203185
          ],
          [
            -119.15546346531366,
            34.43280146553284
          ],
          [
            -119.15545801977083,
            34.43279241903384
          ],
          [
            -119.15545801977083,
            34.43279241903384
          ],
          [
            -119.15545801977083,
            34.432783372534836
          ],
          [
            -119.15545801977083,
            34.432774326035826
          ],
          [
            -119.15545801977083,
            34.432774326035826
          ],
          [
            -119.15546891085647,
            34.432765279536824
          ],
          [
            -119.15546891085647,
            34.432756233037814
          ],
          [
            -119.15546891085647,
            34.432756233037814
          ],
          [
            -119.15547980194212,
            34.432756233037814
          ],
          [
            -119.15549069302777,
            34.432756233037814
          ],
          [
            -119.15550158411342,
            34.432756233037814
          ],
          [
            -119.15551247519906,
            34.43274718653881
          ],
          [
            -119.15551247519906,
            34.43273814003981
          ],
          [
            -119.15551247519906,
            34.43273814003981
          ],
          [
            -119.15552336628471,
            34.4327290935408
          ],
          [
            -119.15552336628471,
            34.4327290935408
          ],
          [
            -119.15553425737036,
            34.4327290935408
          ],
          [
            -119.15554514845601,
            34.4327290935408
          ],
          [
            -119.15555603954165,
            34.4327290935408
          ],
          [
            -119.15556148508448,
            34.4327200470418
          ],
          [
            -119.15556330026543,
            34.432711000542795
          ],
          [
            -119.15555603954165,
            34.432701954043786
          ],
          [
            -119.15555603954165,
            34.432701954043786
          ],
          [
            -119.15554514845601,
            34.43270014474399
          ],
          [
            -119.15553425737036,
            34.43270014474399
          ],
          [
            -119.15552336628471,
            34.43270014474399
          ],
          [
            -119.15551247519906,
            34.432698076972784
          ],
          [
            -119.15550158411342,
            34.43269629998191
          ],
          [
            -119.15549069302777,
            34.43269793337756
          ],
          [
            -119.15547980194212,
            34.43269994371067
          ],
          [
            -119.15546891085647,
            34.43270094887723
          ],
          [
            -119.15545801977083,
            34.432701049393884
          ],
          [
            -119.15544712868518,
            34.432701954043786
          ],
          [
            -119.15544712868518,
            34.432701954043786
          ],
          [
            -119.15543623759953,
            34.432705346480915
          ],
          [
            -119.15542534651388,
            34.432707608105666
          ],
          [
            -119.15541445542824,
            34.432708738918045
          ],
          [
            -119.15540719470448,
            34.432711000542795
          ],
          [
            -119.15540356434259,
            34.43271280984259
          ],
          [
            -119.15539267325694,
            34.4327164284422
          ],
          [
            -119.15538178217129,
            34.432718237741994
          ],
          [
            -119.15537089108565,
            34.432716169970796
          ],
          [
            -119.15536,
            34.43271778541705
          ],
          [
            -119.15534910891435,
            34.43271891622942
          ],
          [
            -119.15533821782871,
            34.4327200470418
          ],
          [
            -119.15533821782871,
            34.4327200470418
          ],
          [
            -119.15532732674306,
            34.432721554791634
          ],
          [
            -119.15531643565741,
            34.4327226317558
          ],
          [
            -119.15530554457176,
            34.4327239241128
          ],
          [
            -119.15529465348612,
            34.4327252164698
          ],
          [
            -119.15528376240047,
            34.4327252164698
          ],
          [
            -119.15527287131482,
            34.4327252164698
          ],
          [
            -119.15526198022917,
            34.43272683191605
          ],
          [
            -119.15525108914353,
            34.43272796272843
          ],
          [
            -119.15524019805788,
            34.4327290935408
          ],
          [
            -119.15524019805788,
            34.4327290935408
          ],
          [
            -119.15524019805788,
            34.4327290935408
          ],
          [
            -119.15522930697223,
            34.4327278011838
          ],
          [
            -119.15521841588658,
            34.4327278011838
          ],
          [
            -119.15520752480094,
            34.4327278011838
          ],
          [
            -119.15519663371529,
            34.4327278011838
          ],
          [
            -119.15518574262964,
            34.4327265088268
          ],
          [
            -119.15517485154399,
            34.4327265088268
          ],
          [
            -119.15516396045835,
            34.4327265088268
          ],
          [
            -119.1551530693727,
            34.432726078041135
          ],
          [
            -119.15514217828705,
            34.4327245702913
          ],
          [
            -119.1551312872014,
            34.4327254749412
          ],
          [
            -119.15512039611576,
            34.4327245702913
          ],
          [
            -119.15510950503011,
            34.4327226317558
          ],
          [
            -119.15509861394446,
            34.4327200470418
          ],
          [
            -119.15509861394446,
            34.4327200470418
          ],
          [
            -119.15508772285881,
            34.4327164284422
          ],
          [
            -119.15507683177317,
            34.432714619142395
          ],
          [
            -119.15506594068752,
            34.43271401604246
          ],
          [
            -119.15505504960187,
            34.43271358525679
          ],
          [
            -119.15504415851622,
            34.43271213135517
          ],
          [
            -119.15503871297341,
            34.432711000542795
          ],
          [
            -119.15503326743058,
            34.43270798504312
          ],
          [
            -119.15502237634493,
            34.43270421566854
          ],
          [
            -119.15501148525928,
            34.43270376334359
          ],
          [
            -119.15500059417363,
            34.43270346179362
          ],
          [
            -119.15499514863082,
            34.432701954043786
          ],
          [
            -119.15498970308799,
            34.432699692419035
          ],
          [
            -119.15497881200234,
            34.432692907544784
          ],
          [
            -119.15497881200234,
            34.432692907544784
          ],
          [
            -119.15497336645952,
            34.43268386104578
          ],
          [
            -119.15497518164045,
            34.43267481454677
          ],
          [
            -119.15497608923093,
            34.43266576804777
          ],
          [
            -119.15497881200234,
            34.43266124479827
          ],
          [
            -119.15498970308799,
            34.43266124479827
          ],
          [
            -119.1549924258594,
            34.43266576804777
          ],
          [
            -119.15500059417363,
            34.43267481454677
          ],
          [
            -119.15500059417363,
            34.43267481454677
          ],
          [
            -119.15501148525928,
            34.43268084554611
          ],
          [
            -119.15502237634493,
            34.43268205174598
          ],
          [
            -119.15503326743058,
            34.43268159942103
          ],
          [
            -119.15504415851622,
            34.43268084554611
          ],
          [
            -119.15505504960187,
            34.43268084554611
          ],
          [
            -119.15506594068752,
            34.43268386104578
          ],
          [
            -119.15507683177317,
            34.43268084554611
          ],
          [
            -119.15508772285881,
            34.432677830046444
          ],
          [
            -119.15509861394446,
            34.43267481454677
          ],
          [
            -119.15509861394446,
            34.43267481454677
          ],
          [
            -119.15510950503011,
            34.43267481454677
          ],
          [
            -119.15512039611576,
            34.43267481454677
          ],
          [
            -119.1551312872014,
            34.43267481454677
          ],
          [
            -119.15514217828705,
            34.43267481454677
          ],
          [
            -119.1551530693727,
            34.43267255292202
          ],
          [
            -119.15516396045835,
            34.43267119594717
          ],
          [
            -119.15517485154399,
            34.43267029129727
          ],
          [
            -119.15518574262964,
            34.43267119594717
          ],
          [
            -119.15519663371529,
            34.43267255292202
          ],
          [
            -119.15520752480094,
            34.43267255292202
          ],
          [
            -119.15521841588658,
            34.432673005246976
          ],
          [
            -119.15522930697223,
            34.43267179904711
          ],
          [
            -119.15524019805788,
            34.43266964511877
          ],
          [
            -119.15525108914353,
            34.43266706040477
          ],
          [
            -119.15526198022917,
            34.43266689886014
          ],
          [
            -119.15527287131482,
            34.43266576804777
          ],
          [
            -119.15527287131482,
            34.43266576804777
          ],
          [
            -119.15528376240047,
            34.432663183333766
          ],
          [
            -119.15529465348612,
            34.43266059861977
          ],
          [
            -119.15530554457176,
            34.432659306262764
          ],
          [
            -119.15531643565741,
            34.43265672154877
          ],
          [
            -119.15531643565741,
            34.43265672154877
          ],
          [
            -119.15532732674306,
            34.432653706049095
          ],
          [
            -119.15533821782871,
            34.43265219829926
          ],
          [
            -119.15534910891435,
            34.43265155212076
          ],
          [
            -119.15536,
            34.43264896740676
          ],
          [
            -119.15537089108565,
            34.43264767504976
          ]
        ]
      }
    },
    {
      "type": "Feature",
      "properties": {
        "kind": "contour",
        "elevation_m": 421.5,
        "interval_m": 0.5
      },
      "geometry": {
        "type": "LineString",
        "coordinates": [
          [
            -119.15499877899269,
            34.43264767504976
          ],
          [
            -119.15500059417363,
            34.43265219829926
          ],
          [
            -119.15500603971645,
            34.43265672154877
          ],
          [
            -119.15501148525928,
            34.43265973704843
          ],
          [
            -119.15502237634493,
            34.43266576804777
          ],
          [
            -119.15503326743058,
            34.43266350642302
          ],
          [
            -119.15504415851622,
            34.43265973704843
          ],
          [
            -119.15505504960187,
            34.43265672154877
          ],
          [
            -119.15505504960187,
            34.43265672154877
          ],
          [
            -119.15506594068752,
            34.43265219829926
          ],
          [
            -119.15507683177317,
            34.43265219829926
          ],
          [
            -119.15508772285881,
            34.43265219829926
          ],
          [
            -119.15509861394446,
            34.43265672154877
          ],
          [
            -119.15509861394446,
            34.43265672154877
          ],
          [
            -119.15510950503011,
            34.43265898317352
          ],
          [
            -119.15512039611576,
            34.43265898317352
          ],
          [
            -119.15512584165857,
            34.43265672154877
          ],
          [
            -119.1551312872014,
            34.43265445992401
          ],
          [
            -119.15514217828705,
            34.432653706049095
          ],
          [
            -119.1551530693727,
            34.43265219829926
          ],
          [
            -119.15516396045835,
            34.432653706049095
          ],
          [
            -119.15517485154399,
            34.432653706049095
          ],
          [
            -119.15518574262964,
            34.432653706049095
          ],
          [
            -119.15519663371529,
            34.432653706049095
          ],
          [
            -119.15520752480094,
            34.43265672154877
          ],
          [
            -119.15521841588658,
            34.43265672154877
          ],
          [
            -119.15522930697223,
            34.43265672154877
          ],
          [
            -119.15524019805788,
            34.432653706049095
          ],
          [
            -119.15525108914353,
            34.432653706049095
          ],
          [
            -119.15526198022917,
            34.432653706049095
          ],
          [
            -119.15527287131482,
            34.43265219829926
          ],
          [
            -119.15528376240047,
            34.43264993667451
          ],
          [
            -119.1552892079433,
            34.43264767504976
          ]
        ]
      }
    },
    {
      "type": "Feature",
      "properties": {
        "kind": "contour",
        "elevation_m": 421.5,
        "interval_m": 0.5
      },
      "geometry": {
        "type": "LineString",
        "coordinates": [
          [
            -119.15590455428237,
            34.4329937036367
          ],
          [
            -119.15589366319674,
            34.43299445751161
          ],
          [
            -119.15588277211108,
            34.43299596526145
          ],
          [
            -119.15587188102543,
            34.43299445751161
          ],
          [
            -119.15586098993978,
            34.43299445751161
          ],
          [
            -119.15585009885415,
            34.43299445751161
          ],
          [
            -119.1558392077685,
            34.4329937036367
          ],
          [
            -119.15582831668284,
            34.4329937036367
          ],
          [
            -119.15581742559719,
            34.43299144201195
          ],
          [
            -119.15580653451156,
            34.43299144201195
          ],
          [
            -119.1557956434259,
            34.43299144201195
          ],
          [
            -119.15578475234025,
            34.43299144201195
          ],
          [
            -119.1557738612546,
            34.4329937036367
          ],
          [
            -119.15576297016896,
            34.43299445751161
          ],
          [
            -119.15575207908331,
            34.43299596526145
          ],
          [
            -119.15574118799766,
            34.43299445751161
          ],
          [
            -119.15573029691201,
            34.43299445751161
          ],
          [
            -119.15571940582637,
            34.43299144201195
          ],
          [
            -119.15570851474072,
            34.43299144201195
          ],
          [
            -119.15569762365507,
            34.43299144201195
          ],
          [
            -119.15569762365507,
            34.43299144201195
          ],
          [
            -119.15568673256942,
            34.432988426512274
          ],
          [
            -119.15567584148378,
            34.43298541101261
          ],
          [
            -119.15566495039813,
            34.43298239551294
          ],
          [
            -119.15566495039813,
            34.43298239551294
          ],
          [
            -119.15565405931248,
            34.43297938001327
          ],
          [
            -119.15564316822683,
            34.4329763645136
          ],
          [
            -119.1556322771412,
            34.432973349013935
          ],
          [
            -119.1556322771412,
            34.432973349013935
          ],
          [
            -119.15562138605554,
            34.43297033351427
          ],
          [
            -119.15561049496989,
            34.43297033351427
          ],
          [
            -119.15559960388424,
            34.43297033351427
          ],
          [
            -119.1555887127986,
            34.4329673180146
          ],
          [
            -119.15557782171295,
            34.43296430251493
          ],
          [
            -119.15557782171295,
            34.43296430251493
          ],
          [
            -119.1555669306273,
            34.43296128701526
          ],
          [
            -119.15555603954165,
            34.43295525601592
          ],
          [
            -119.15555603954165,
            34.43295525601592
          ],
          [
            -119.15554514845601,
            34.43295224051626
          ],
          [
            -119.15553425737036,
            34.432949225016586
          ],
          [
            -119.15552336628471,
            34.43294620951692
          ],
          [
            -119.15552336628471,
            34.43294620951692
          ],
          [
            -119.15551247519906,
            34.43294394789217
          ],
          [
            -119.15550158411342,
            34.43294168626742
          ],
          [
            -119.15549069302777,
            34.43293942464267
          ],
          [
            -119.15547980194212,
            34.43293716301792
          ],
          [
            -119.15547980194212,
            34.43293716301792
          ],
          [
            -119.15546891085647,
            34.432935353718115
          ],
          [
            -119.15545801977083,
            34.43293354441831
          ],
          [
            -119.15544712868518,
            34.432931735118515
          ],
          [
            -119.15543623759953,
            34.43293263976841
          ],
          [
            -119.15542534651388,
            34.43293037814366
          ],
          [
            -119.15541445542824,
            34.43292811651891
          ],
          [
            -119.15541445542824,
            34.43292811651891
          ],
          [
            -119.15540356434259,
            34.43292630721911
          ],
          [
            -119.15539267325694,
            34.43292359326941
          ],
          [
            -119.15538178217129,
            34.43292057776974
          ],
          [
            -119.15537633662848,
            34.432919070019906
          ],
          [
            -119.15537089108565,
            34.4329172607201
          ],
          [
            -119.15536,
            34.432914546770405
          ],
          [
            -119.15534910891435,
            34.43291303902057
          ],
          [
            -119.15533821782871,
            34.43291153127073
          ],
          [
            -119.15532732674306,
            34.432910023520904
          ],
          [
            -119.15532732674306,
            34.432910023520904
          ],
          [
            -119.15531643565741,
            34.432905500271396
          ],
          [
            -119.15530554457176,
            34.4329027863217
          ],
          [
            -119.15529465348612,
            34.432900977021895
          ],
          [
            -119.15529465348612,
            34.432900977021895
          ],
          [
            -119.15528376240047,
            34.43289494602256
          ],
          [
            -119.15527287131482,
            34.43289193052289
          ],
          [
            -119.15527287131482,
            34.43289193052289
          ],
          [
            -119.15526198022917,
            34.43288288402388
          ],
          [
            -119.15526198022917,
            34.43288288402388
          ],
          [
            -119.15525108914353,
            34.43287836077438
          ],
          [
            -119.15524564360071,
            34.43287383752488
          ],
          [
            -119.15524019805788,
            34.43286931427538
          ],
          [
            -119.15523475251506,
            34.43286479102588
          ],
          [
            -119.15522930697223,
            34.43285574452687
          ],
          [
            -119.15522930697223,
            34.43285574452687
          ],
          [
            -119.15521841588658,
            34.432846698027866
          ],
          [
            -119.15521841588658,
            34.432846698027866
          ],
          [
            -119.15520752480094,
            34.432837651528864
          ],
          [
            -119.15520752480094,
            34.432837651528864
          ],
          [
            -119.15520752480094,
            34.432837651528864
          ],
          [
            -119.15521841588658,
            34.432828605029854
          ],
          [
            -119.15521841588658,
            34.432828605029854
          ],
          [
            -119.15522930697223,
            34.43281955853085
          ],
          [
            -119.15522930697223,
            34.43281051203185
          ],
          [
            -119.15522930697223,
            34.43281051203185
          ],
          [
            -119.15524019805788,
            34.43280146553284
          ],
          [
            -119.15524019805788,
            34.43279241903384
          ],
          [
            -119.15524019805788,
            34.43279241903384
          ],
          [
            -119.15525108914353,
            34.432783372534836
          ],
          [
            -119.15525108914353,
            34.432774326035826
          ],
          [
            -119.15525108914353,
            34.432765279536824
          ],
          [
            -119.15525108914353,
            34.432756233037814
          ],
          [
            -119.15524019805788,
            34.43274718653881
          ],
          [
            -119.15524019805788,
            34.43274718653881
          ],
          [
            -119.15522930697223,
            34.43274417103915
          ],
          [
            -119.15521841588658,
            34.43274266328931
          ],
          [
            -119.15520752480094,
            34.43274266328931
          ],
          [
            -119.15519663371529,
            34.432741155539475
          ],
          [
            -119.15518574262964,
            34.432741155539475
          ],
          [
            -119.15517485154399,
            34.43273814003981
          ],
          [
            -119.15516396045835,
            34.43273814003981
          ],
          [
            -119.1551530693727,
            34.43273814003981
          ],
          [
            -119.15514217828705,
            34.43273814003981
          ],
          [
            -119.1551312872014,
            34.43273814003981
          ],
          [
            -119.1551312872014,
            34.43273814003981
          ],
          [
            -119.15512039611576,
            34.43273663228997
          ],
          [
            -119.15510950503011,
            34.4327345214402
          ],
          [
            -119.15509861394446,
            34.43273271214041
          ],
          [
            -119.15508772285881,
            34.4327309028406
          ],
          [
            -119.155082277316,
            34.4327290935408
          ],
          [
            -119.15507683177317,
            34.43272758579097
          ],
          [
            -119.15506594068752,
            34.432726078041135
          ],
          [
            -119.15505504960187,
            34.4327239241128
          ],
          [
            -119.15504415851622,
            34.432721554791634
          ],
          [
            -119.15503326743058,
            34.4327200470418
          ],
          [
            -119.15503326743058,
            34.4327200470418
          ],
          [
            -119.15502237634493,
            34.43271853929196
          ],
          [
            -119.15501148525928,
            34.43271703154213
          ],
          [
            -119.15500059417363,
            34.4327148776138
          ],
          [
            -119.15498970308799,
            34.432711000542795
          ],
          [
            -119.15498970308799,
            34.432711000542795
          ],
          [
            -119.15497881200234,
            34.43270798504312
          ],
          [
            -119.15496792091669,
            34.43270919124299
          ],
          [
            -119.15496247537386,
            34.432711000542795
          ],
          [
            -119.15495702983104,
            34.43271280984259
          ],
          [
            -119.1549461387454,
            34.43271280984259
          ],
          [
            -119.15493524765975,
            34.432711000542795
          ],
          [
            -119.15493524765975,
            34.432711000542795
          ],
          [
            -119.1549243565741,
            34.43270557264339
          ],
          [
            -119.15491346548845,
            34.432701954043786
          ],
          [
            -119.15491346548845,
            34.432701954043786
          ],
          [
            -119.15490257440281,
            34.432697430794285
          ],
          [
            -119.15489168331716,
            34.43269441529462
          ],
          [
            -119.15488805295527,
            34.432692907544784
          ],
          [
            -119.15488079223151,
            34.432686876545446
          ],
          [
            -119.15487534668868,
            34.43268386104578
          ],
          [
            -119.15486990114586,
            34.43267933779627
          ],
          [
            -119.15485901006022,
            34.43267707617152
          ],
          [
            -119.15484811897457,
            34.43267632229661
          ],
          [
            -119.15484267343174,
            34.43267481454677
          ],
          [
            -119.15483722788892,
            34.43267029129727
          ],
          [
            -119.15482633680327,
            34.43266576804777
          ],
          [
            -119.15482633680327,
            34.43266576804777
          ],
          [
            -119.15482633680327,
            34.43265672154877
          ],
          [
            -119.15482633680327,
            34.43265672154877
          ],
          [
            -119.15483722788892,
            34.43265672154877
          ],
          [
            -119.15483722788892,
            34.43265672154877
          ],
          [
            -119.15484811897457,
            34.43266124479827
          ],
          [
            -119.15485901006022,
            34.43266576804777
          ],
          [
            -119.15486990114586,
            34.43266576804777
          ],
          [
            -119.15488079223151,
            34.43265672154877
          ],
          [
            -119.15488079223151,
            34.43265672154877
          ],
          [
            -119.15489168331716,
            34.43265672154877
          ],
          [
            -119.15490257440281,
            34.43265672154877
          ],
          [
            -119.15491346548845,
            34.43265672154877
          ],
          [
            -119.15491346548845,
            34.43265672154877
          ],
          [
            -119.1549243565741,
            34.43266124479827
          ],
          [
            -119.15493524765975,
            34.43266576804777
          ],
          [
            -119.1549461387454,
            34.43266576804777
          ],
          [
            -119.15495702983104,
            34.43265672154877
          ],
          [
            -119.15495702983104,
            34.43265672154877
          ],
          [
            -119.15496792091669,
            34.43264767504976
          ]
        ]
      }
    },
    {
      "type": "Feature",
      "properties": {
        "kind": "contour",
        "elevation_m": 421.5,
        "interval_m": 0.5
      },
      "geometry": {
        "type": "LineString",
        "coordinates": [
          [
            -119.15529465348612,
            34.432774326035826
          ],
          [
            -119.15528376240047,
            34.432783372534836
          ],
          [
            -119.15528376240047,
            34.432783372534836
          ],
          [
            -119.15527287131482,
            34.43279241903384
          ],
          [
            -119.15528376240047,
            34.43280146553284
          ],
          [
            -119.15528376240047,
            34.43280146553284
          ],
          [
            -119.15529465348612,
            34.43281051203185
          ],
          [
            -119.15529465348612,
            34.43281051203185
          ],
          [
            -119.15530554457176,
            34.43281955853085
          ],
          [
            -119.15531643565741,
            34.43281051203185
          ],
          [
            -119.15531643565741,
            34.43280146553284
          ],
          [
            -119.15531643565741,
            34.43279241903384
          ],
          [
            -119.15530554457176,
            34.432783372534836
          ],
          [
            -119.15530554457176,
            34.432783372534836
          ],
          [
            -119.15529465348612,
            34.432774326035826
          ]
        ]
      }
    },
    {
      "type": "Feature",
      "properties": {
        "kind": "contour",
        "elevation_m": 422.0,
        "interval_m": 0.5
      },
      "geometry": {
        "type": "LineString",
        "coordinates": [
          [
            -119.15590455428237,
            34.43300802726012
          ],
          [
            -119.15589366319674,
            34.43300824265295
          ],
          [
            -119.15588277211108,
            34.43300824265295
          ],
          [
            -119.15587188102543,
            34.43300824265295
          ],
          [
            -119.15586098993978,
            34.43300824265295
          ],
          [
            -119.15585009885415,
            34.43300824265295
          ],
          [
            -119.1558392077685,
            34.433006950295955
          ],
          [
            -119.15582831668284,
            34.433006950295955
          ],
          [
            -119.15581742559719,
            34.43300802726012
          ],
          [
            -119.15580653451156,
            34.43300802726012
          ],
          [
            -119.1557956434259,
            34.43300802726012
          ],
          [
            -119.15578475234025,
            34.43300802726012
          ],
          [
            -119.1557738612546,
            34.433006950295955
          ],
          [
            -119.15576297016896,
            34.43300824265295
          ],
          [
            -119.15575207908331,
            34.43300824265295
          ],
          [
            -119.15574118799766,
            34.43300953500995
          ],
          [
            -119.15574118799766,
            34.43300953500995
          ],
          [
            -119.15573029691201,
            34.43300953500995
          ],
          [
            -119.15573029691201,
            34.43300953500995
          ],
          [
            -119.15571940582637,
            34.43300824265295
          ],
          [
            -119.15570851474072,
            34.433005514343726
          ],
          [
            -119.15569762365507,
            34.433005514343726
          ],
          [
            -119.15568673256942,
            34.43300388094808
          ],
          [
            -119.15567584148378,
            34.4330027501357
          ],
          [
            -119.15566495039813,
            34.43300249884406
          ],
          [
            -119.15565405931248,
            34.43300149367751
          ],
          [
            -119.15564316822683,
            34.43300139316085
          ],
          [
            -119.1556322771412,
            34.43300048851095
          ],
          [
            -119.15562138605554,
            34.43300048851095
          ],
          [
            -119.15562138605554,
            34.43300048851095
          ],
          [
            -119.15561049496989,
            34.432997473011284
          ],
          [
            -119.15559960388424,
            34.43299596526145
          ],
          [
            -119.1555887127986,
            34.43299445751161
          ],
          [
            -119.15557782171295,
            34.43299144201195
          ],
          [
            -119.15557782171295,
            34.43299144201195
          ],
          [
            -119.1555669306273,
            34.432986918762445
          ],
          [
            -119.15555603954165,
            34.43298465713769
          ],
          [
            -119.15554514845601,
            34.43298239551294
          ],
          [
            -119.15554514845601,
            34.43298239551294
          ],
          [
            -119.15553425737036,
            34.43297938001327
          ],
          [
            -119.15552336628471,
            34.4329763645136
          ],
          [
            -119.15551247519906,
            34.432975610638685
          ],
          [
            -119.15550158411342,
            34.432973349013935
          ],
          [
            -119.15550158411342,
            34.432973349013935
          ],
          [
            -119.15549069302777,
            34.43296882576443
          ],
          [
            -119.15547980194212,
            34.43296430251493
          ],
          [
            -119.15547980194212,
            34.43296430251493
          ],
          [
            -119.15546891085647,
            34.432959779265424
          ],
          [
            -119.15546346531366,
            34.43295525601592
          ],
          [
            -119.15545801977083,
            34.43295224051626
          ],
          [
            -119.15544712868518,
            34.432949225016586
          ],
          [
            -119.15543623759953,
            34.432949225016586
          ],
          [
            -119.15542534651388,
            34.43294847114167
          ],
          [
            -119.15541990097107,
            34.43294620951692
          ],
          [
            -119.15541445542824,
            34.43294440021712
          ],
          [
            -119.15540356434259,
            34.43294168626742
          ],
          [
            -119.15539267325694,
            34.43293716301792
          ],
          [
            -119.15539267325694,
            34.43293716301792
          ],
          [
            -119.15538178217129,
            34.43293490139316
          ],
          [
            -119.15537089108565,
            34.43292811651891
          ],
          [
            -119.15537089108565,
            34.43292811651891
          ],
          [
            -119.15536,
            34.43292553180491
          ],
          [
            -119.15534910891435,
            34.43292423944791
          ],
          [
            -119.15533821782871,
            34.43292294709091
          ],
          [
            -119.15532732674306,
            34.43292165473391
          ],
          [
            -119.1553200660193,
            34.432919070019906
          ],
          [
            -119.15531643565741,
            34.43291777766291
          ],
          [
            -119.15530554457176,
            34.432915192948904
          ],
          [
            -119.15529465348612,
            34.432913900591906
          ],
          [
            -119.15528376240047,
            34.4329126082349
          ],
          [
            -119.15527287131482,
            34.43291153127073
          ],
          [
            -119.15526198022917,
            34.432910023520904
          ],
          [
            -119.15526198022917,
            34.432910023520904
          ],
          [
            -119.15525108914353,
            34.43290700802123
          ],
          [
            -119.15524019805788,
            34.432905500271396
          ],
          [
            -119.15522930697223,
            34.432905500271396
          ],
          [
            -119.15521841588658,
            34.432900977021895
          ],
          [
            -119.15521841588658,
            34.432900977021895
          ],
          [
            -119.15520752480094,
            34.43289645377239
          ],
          [
            -119.15520207925812,
            34.43289193052289
          ],
          [
            -119.15519663371529,
            34.43288288402388
          ],
          [
            -119.15519663371529,
            34.43288288402388
          ],
          [
            -119.15519663371529,
            34.43287383752488
          ],
          [
            -119.15519118817247,
            34.43286479102588
          ],
          [
            -119.15518574262964,
            34.43286026777638
          ],
          [
            -119.15517485154399,
            34.43285574452687
          ],
          [
            -119.15517485154399,
            34.43285574452687
          ],
          [
            -119.15516396045835,
            34.43284895965262
          ],
          [
            -119.1551530693727,
            34.432846698027866
          ],
          [
            -119.1551530693727,
            34.432846698027866
          ],
          [
            -119.15514217828705,
            34.43284127012846
          ],
          [
            -119.1551312872014,
            34.43283946082866
          ],
          [
            -119.15512039611576,
            34.43283946082866
          ],
          [
            -119.15510950503011,
            34.432837651528864
          ],
          [
            -119.15510950503011,
            34.432837651528864
          ],
          [
            -119.15509861394446,
            34.43283162052953
          ],
          [
            -119.15508772285881,
            34.432828605029854
          ],
          [
            -119.15508772285881,
            34.432828605029854
          ],
          [
            -119.15507683177317,
            34.43281955853085
          ],
          [
            -119.15506594068752,
            34.43281955853085
          ],
          [
            -119.15506594068752,
            34.43281955853085
          ],
          [
            -119.15506594068752,
            34.43281051203185
          ],
          [
            -119.15506594068752,
            34.43281051203185
          ],
          [
            -119.15507683177317,
            34.43280146553284
          ],
          [
            -119.15507683177317,
            34.43279241903384
          ],
          [
            -119.15506594068752,
            34.432783372534836
          ],
          [
            -119.15506594068752,
            34.432783372534836
          ],
          [
            -119.15505504960187,
            34.432774326035826
          ],
          [
            -119.15505504960187,
            34.432774326035826
          ],
          [
            -119.15504415851622,
            34.432765279536824
          ],
          [
            -119.15504415851622,
            34.432765279536824
          ],
          [
            -119.15503326743058,
            34.432756233037814
          ],
          [
            -119.15503326743058,
            34.432756233037814
          ],
          [
            -119.15503326743058,
            34.43274718653881
          ],
          [
            -119.15502237634493,
            34.43273814003981
          ],
          [
            -119.15501148525928,
            34.43273814003981
          ],
          [
            -119.15501148525928,
            34.43273814003981
          ],
          [
            -119.15500059417363,
            34.43273361679031
          ],
          [
            -119.15499514863082,
            34.4327290935408
          ],
          [
            -119.15498970308799,
            34.432726078041135
          ],
          [
            -119.15497881200234,
            34.4327245702913
          ],
          [
            -119.15496792091669,
            34.43272683191605
          ],
          [
            -119.15495702983104,
            34.4327290935408
          ],
          [
            -119.15495702983104,
            34.4327290935408
          ],
          [
            -119.1549461387454,
            34.43273512454014
          ],
          [
            -119.15493524765975,
            34.43273361679031
          ],
          [
            -119.1549243565741,
            34.4327290935408
          ],
          [
            -119.1549243565741,
            34.4327290935408
          ],
          [
            -119.15491891103127,
            34.4327200470418
          ],
          [
            -119.15491346548845,
            34.43271703154213
          ],
          [
            -119.15490257440281,
            34.432713262167546
          ],
          [
            -119.15489894404092,
            34.432711000542795
          ],
          [
            -119.15489168331716,
            34.43270738194319
          ],
          [
            -119.15488079223151,
            34.432701954043786
          ],
          [
            -119.15488079223151,
            34.432701954043786
          ],
          [
            -119.15486990114586,
            34.432699692419035
          ],
          [
            -119.15485901006022,
            34.432692907544784
          ],
          [
            -119.15485901006022,
            34.432692907544784
          ],
          [
            -119.15484811897457,
            34.43268773811678
          ],
          [
            -119.15483722788892,
            34.43268536879561
          ],
          [
            -119.1548317823461,
            34.43268386104578
          ],
          [
            -119.15482633680327,
            34.432682353295945
          ],
          [
            -119.15481544571763,
            34.432680242446175
          ]
        ]
      }
    },
    {
      "type": "Feature",
      "properties": {
        "kind": "contour",
        "elevation_m": 422.0,
        "interval_m": 0.5
      },
      "geometry": {
        "type": "LineString",
        "coordinates": [
          [
            -119.15581198005437,
            34.43355232495025
          ],
          [
            -119.15581742559719,
            34.43354327845124
          ],
          [
            -119.15581742559719,
            34.43353423195224
          ],
          [
            -119.15581742559719,
            34.43353423195224
          ],
          [
            -119.15582831668284,
            34.433525185453234
          ],
          [
            -119.15582831668284,
            34.433516138954225
          ],
          [
            -119.15582831668284,
            34.43350709245522
          ],
          [
            -119.15582831668284,
            34.43350709245522
          ],
          [
            -119.1558392077685,
            34.43350709245522
          ],
          [
            -119.15585009885415,
            34.43349804595622
          ],
          [
            -119.15585009885415,
            34.43348899945721
          ],
          [
            -119.15585009885415,
            34.43348899945721
          ],
          [
            -119.15586098993978,
            34.43347995295821
          ],
          [
            -119.15586098993978,
            34.43347995295821
          ],
          [
            -119.15586643548261,
            34.433470906459206
          ],
          [
            -119.15587188102543,
            34.4334618599602
          ],
          [
            -119.15587188102543,
            34.433452813461194
          ],
          [
            -119.15587188102543,
            34.43344376696219
          ],
          [
            -119.15587188102543,
            34.43343472046318
          ],
          [
            -119.15587188102543,
            34.43342567396418
          ],
          [
            -119.15587188102543,
            34.43341662746517
          ],
          [
            -119.15587188102543,
            34.43341662746517
          ],
          [
            -119.15588277211108,
            34.43340758096617
          ],
          [
            -119.15588277211108,
            34.433398534467166
          ],
          [
            -119.15588277211108,
            34.43338948796816
          ],
          [
            -119.15588277211108,
            34.433380441469154
          ],
          [
            -119.15588277211108,
            34.43337139497015
          ],
          [
            -119.15588277211108,
            34.43337139497015
          ],
          [
            -119.15589366319674,
            34.43336234847114
          ],
          [
            -119.15589366319674,
            34.43336234847114
          ],
          [
            -119.15590455428237,
            34.43335330197214
          ],
          [
            -119.15590455428237,
            34.43334425547314
          ],
          [
            -119.15590455428237,
            34.43334425547314
          ]
        ]
      }
    },
    {
      "type": "Feature",
      "properties": {
        "kind": "contour",
        "elevation_m": 422.5,
        "interval_m": 0.5
      },
      "geometry": {
        "type": "LineString",
        "coordinates": [
          [
            -119.15590455428237,
            34.43303667450697
          ],
          [
            -119.15589366319674,
            34.43303667450697
          ],
          [
            -119.15589366319674,
            34.43303667450697
          ],
          [
            -119.15588277211108,
            34.433032151257464
          ],
          [
            -119.15587188102543,
            34.43302762800796
          ],
          [
            -119.15586098993978,
            34.43302762800796
          ],
          [
            -119.15585009885415,
            34.43302762800796
          ],
          [
            -119.1558392077685,
            34.43302762800796
          ],
          [
            -119.15582831668284,
            34.43302762800796
          ],
          [
            -119.15581742559719,
            34.43302762800796
          ],
          [
            -119.15580653451156,
            34.43302762800796
          ],
          [
            -119.1557956434259,
            34.43302762800796
          ],
          [
            -119.1557956434259,
            34.43302762800796
          ],
          [
            -119.15578475234025,
            34.43302536638321
          ],
          [
            -119.1557738612546,
            34.43302536638321
          ],
          [
            -119.15576297016896,
            34.43302762800796
          ],
          [
            -119.15576297016896,
            34.43302762800796
          ],
          [
            -119.15575207908331,
            34.43302762800796
          ],
          [
            -119.15574118799766,
            34.43302762800796
          ],
          [
            -119.15574118799766,
            34.43302762800796
          ],
          [
            -119.15573029691201,
            34.43302581870816
          ],
          [
            -119.15571940582637,
            34.43302400940836
          ],
          [
            -119.15571123751214,
            34.43301858150896
          ],
          [
            -119.15570851474072,
            34.43301677220916
          ],
          [
            -119.15569762365507,
            34.43301677220916
          ],
          [
            -119.15568673256942,
            34.433014962909354
          ],
          [
            -119.15567584148378,
            34.43301315360956
          ],
          [
            -119.15566495039813,
            34.433011344309755
          ],
          [
            -119.15565405931248,
            34.43300953500995
          ],
          [
            -119.15565405931248,
            34.43300953500995
          ],
          [
            -119.15564316822683,
            34.43300863036006
          ],
          [
            -119.1556322771412,
            34.433007725710155
          ],
          [
            -119.15562138605554,
            34.433007725710155
          ],
          [
            -119.15561049496989,
            34.43300682106025
          ],
          [
            -119.15559960388424,
            34.43300682106025
          ],
          [
            -119.1555887127986,
            34.43300591641035
          ],
          [
            -119.15557782171295,
            34.433004509177174
          ],
          [
            -119.1555669306273,
            34.4330027501357
          ],
          [
            -119.15555603954165,
            34.43300161932333
          ],
          [
            -119.15554514845601,
            34.43300149367751
          ],
          [
            -119.15553970291319,
            34.43300048851095
          ],
          [
            -119.15553425737036,
            34.4329982268862
          ],
          [
            -119.15552336628471,
            34.432995060611546
          ],
          [
            -119.15551247519906,
            34.43299144201195
          ],
          [
            -119.15551247519906,
            34.43299144201195
          ],
          [
            -119.15550158411342,
            34.43298963271214
          ],
          [
            -119.15549069302777,
            34.43298782341234
          ],
          [
            -119.15547980194212,
            34.43298420481274
          ],
          [
            -119.15546891085647,
            34.43298239551294
          ],
          [
            -119.15546891085647,
            34.43298239551294
          ],
          [
            -119.15545801977083,
            34.43298013388819
          ],
          [
            -119.15544712868518,
            34.432976967613534
          ],
          [
            -119.15543986796142,
            34.432973349013935
          ],
          [
            -119.15543623759953,
            34.432971087389184
          ],
          [
            -119.15542534651388,
            34.43296792111453
          ],
          [
            -119.15541445542824,
            34.43296430251493
          ],
          [
            -119.15541445542824,
            34.43296430251493
          ],
          [
            -119.15540356434259,
            34.432959779265424
          ],
          [
            -119.15539267325694,
            34.43295525601592
          ],
          [
            -119.15539267325694,
            34.43295525601592
          ],
          [
            -119.15538178217129,
            34.43295073276642
          ],
          [
            -119.15537452144753,
            34.43294620951692
          ],
          [
            -119.15537089108565,
            34.43294394789217
          ],
          [
            -119.15536,
            34.43293942464267
          ],
          [
            -119.15534910891435,
            34.43293716301792
          ],
          [
            -119.15534910891435,
            34.43293716301792
          ],
          [
            -119.15533821782871,
            34.432935353718115
          ],
          [
            -119.15532732674306,
            34.43293354441831
          ],
          [
            -119.15531643565741,
            34.43292811651891
          ],
          [
            -119.15531643565741,
            34.43292811651891
          ],
          [
            -119.15530554457176,
            34.43292660876908
          ],
          [
            -119.15529465348612,
            34.432925101019244
          ],
          [
            -119.15528376240047,
            34.43292359326941
          ],
          [
            -119.15527287131482,
            34.43292294709091
          ],
          [
            -119.15526198022917,
            34.43292208551957
          ],
          [
            -119.15525108914353,
            34.43292057776974
          ],
          [
            -119.15524019805788,
            34.432919070019906
          ],
          [
            -119.15522930697223,
            34.432919070019906
          ],
          [
            -119.15522930697223,
            34.432919070019906
          ],
          [
            -119.15521841588658,
            34.43291756227007
          ],
          [
            -119.15520752480094,
            34.432915192948904
          ],
          [
            -119.15519663371529,
            34.4329126082349
          ],
          [
            -119.15518574262964,
            34.43291303902057
          ],
          [
            -119.15517485154399,
            34.4329118328207
          ],
          [
            -119.15517122118212,
            34.432910023520904
          ],
          [
            -119.15516759082023,
            34.432900977021895
          ],
          [
            -119.15516396045835,
            34.43289193052289
          ],
          [
            -119.15516396045835,
            34.43289193052289
          ],
          [
            -119.15516396045835,
            34.43288288402388
          ],
          [
            -119.15516396045835,
            34.43287383752488
          ],
          [
            -119.15516033009646,
            34.43286479102588
          ],
          [
            -119.1551530693727,
            34.43286026777638
          ],
          [
            -119.15514217828705,
            34.43285574452687
          ],
          [
            -119.1551312872014,
            34.43285574452687
          ],
          [
            -119.15512039611576,
            34.43286026777638
          ],
          [
            -119.15510950503011,
            34.43285574452687
          ],
          [
            -119.15510950503011,
            34.43285574452687
          ],
          [
            -119.15509861394446,
            34.43285348290212
          ],
          [
            -119.15508772285881,
            34.432846698027866
          ],
          [
            -119.15508772285881,
            34.432846698027866
          ],
          [
            -119.15507683177317,
            34.4328436825282
          ],
          [
            -119.15506594068752,
            34.432842174778365
          ],
          [
            -119.15505504960187,
            34.43283946082866
          ],
          [
            -119.15504960405904,
            34.432837651528864
          ],
          [
            -119.15504415851622,
            34.43283538990411
          ],
          [
            -119.15503326743058,
            34.43283222362946
          ],
          [
            -119.15502237634493,
            34.43283011277969
          ],
          [
            -119.15501148525928,
            34.432828605029854
          ],
          [
            -119.15501148525928,
            34.432828605029854
          ],
          [
            -119.15500059417363,
            34.432826343405104
          ],
          [
            -119.15498970308799,
            34.4328218201556
          ],
          [
            -119.15497881200234,
            34.43281955853085
          ],
          [
            -119.15496792091669,
            34.43281955853085
          ],
          [
            -119.15496792091669,
            34.43281955853085
          ],
          [
            -119.15495702983104,
            34.43281503528135
          ],
          [
            -119.1549461387454,
            34.43281503528135
          ],
          [
            -119.15493524765975,
            34.43281051203185
          ],
          [
            -119.1549243565741,
            34.43281051203185
          ],
          [
            -119.1549243565741,
            34.43281051203185
          ],
          [
            -119.1549243565741,
            34.43280146553284
          ],
          [
            -119.1549243565741,
            34.43279241903384
          ],
          [
            -119.1549243565741,
            34.432783372534836
          ],
          [
            -119.15491346548845,
            34.432774326035826
          ],
          [
            -119.15491346548845,
            34.432774326035826
          ],
          [
            -119.15490257440281,
            34.432765279536824
          ],
          [
            -119.15490257440281,
            34.432765279536824
          ],
          [
            -119.15490257440281,
            34.432756233037814
          ],
          [
            -119.15489894404092,
            34.43274718653881
          ],
          [
            -119.15489531367905,
            34.43273814003981
          ],
          [
            -119.15489168331716,
            34.43273361679031
          ],
          [
            -119.15488805295527,
            34.4327290935408
          ],
          [
            -119.1548844225934,
            34.4327200470418
          ],
          [
            -119.15488079223151,
            34.43271778541705
          ],
          [
            -119.15486990114586,
            34.4327200470418
          ],
          [
            -119.15486990114586,
            34.4327200470418
          ],
          [
            -119.15486990114586,
            34.4327200470418
          ],
          [
            -119.15485901006022,
            34.43271703154213
          ],
          [
            -119.15484811897457,
            34.432711000542795
          ],
          [
            -119.15484811897457,
            34.432711000542795
          ],
          [
            -119.15483722788892,
            34.432701954043786
          ],
          [
            -119.15482633680327,
            34.432701954043786
          ],
          [
            -119.15482633680327,
            34.432701954043786
          ],
          [
            -119.15481544571763,
            34.43269893854412
          ]
        ]
      }
    },
    {
      "type": "Feature",
      "properties": {
        "kind": "contour",
        "elevation_m": 422.5,
        "interval_m": 0.5
      },
      "geometry": {
        "type": "LineString",
        "coordinates": [
          [
            -119.15570851474072,
            34.43355232495025
          ],
          [
            -119.15570851474072,
            34.43355232495025
          ],
          [
            -119.15571396028355,
            34.43354327845124
          ],
          [
            -119.15571940582637,
            34.43353423195224
          ],
          [
            -119.15571940582637,
            34.43353423195224
          ],
          [
            -119.15573029691201,
            34.433525185453234
          ],
          [
            -119.15573029691201,
            34.433525185453234
          ],
          [
            -119.15573574245484,
            34.433516138954225
          ],
          [
            -119.15574118799766,
            34.43350709245522
          ],
          [
            -119.15574118799766,
            34.43350709245522
          ],
          [
            -119.15575207908331,
            34.43349804595622
          ],
          [
            -119.15575207908331,
            34.43349804595622
          ],
          [
            -119.15576297016896,
            34.43348899945721
          ],
          [
            -119.15576297016896,
            34.43347995295821
          ],
          [
            -119.15576297016896,
            34.43347995295821
          ],
          [
            -119.1557738612546,
            34.433470906459206
          ],
          [
            -119.1557738612546,
            34.4334618599602
          ],
          [
            -119.1557738612546,
            34.433452813461194
          ],
          [
            -119.1557738612546,
            34.43344376696219
          ],
          [
            -119.15576297016896,
            34.43343472046318
          ],
          [
            -119.15576297016896,
            34.43343472046318
          ],
          [
            -119.15576297016896,
            34.43342567396418
          ],
          [
            -119.15576297016896,
            34.43341662746517
          ],
          [
            -119.15576297016896,
            34.43341662746517
          ],
          [
            -119.15576841571178,
            34.43340758096617
          ],
          [
            -119.1557738612546,
            34.433398534467166
          ],
          [
            -119.1557738612546,
            34.433398534467166
          ],
          [
            -119.15577930679743,
            34.43338948796816
          ],
          [
            -119.15578475234025,
            34.433380441469154
          ],
          [
            -119.15578475234025,
            34.43337139497015
          ],
          [
            -119.15578475234025,
            34.43336234847114
          ],
          [
            -119.15578475234025,
            34.43336234847114
          ],
          [
            -119.1557956434259,
            34.43335330197214
          ],
          [
            -119.1557956434259,
            34.43335330197214
          ],
          [
            -119.15580653451156,
            34.43334877872264
          ],
          [
            -119.15581742559719,
            34.43334425547314
          ],
          [
            -119.15581742559719,
            34.43334425547314
          ],
          [
            -119.15582831668284,
            34.43333520897413
          ],
          [
            -119.15582831668284,
            34.43333520897413
          ],
          [
            -119.1558392077685,
            34.433326162475126
          ],
          [
            -119.1558392077685,
            34.433326162475126
          ],
          [
            -119.15585009885415,
            34.43331711597612
          ],
          [
            -119.15585009885415,
            34.43331711597612
          ],
          [
            -119.15586098993978,
            34.433308069477114
          ],
          [
            -119.15586098993978,
            34.433308069477114
          ],
          [
            -119.15587188102543,
            34.43330354622761
          ],
          [
            -119.15587732656826,
            34.43329902297811
          ],
          [
            -119.15588277211108,
            34.43329449972861
          ],
          [
            -119.15588821765391,
            34.4332899764791
          ],
          [
            -119.15589366319674,
            34.4332809299801
          ],
          [
            -119.15589366319674,
            34.4332809299801
          ],
          [
            -119.15590455428237,
            34.4332718834811
          ],
          [
            -119.15590455428237,
            34.4332718834811
          ]
        ]
      }
    },
    {
      "type": "Feature",
      "properties": {
        "kind": "contour",
        "elevation_m": 423.0,
        "interval_m": 0.5
      },
      "geometry": {
        "type": "LineString",
        "coordinates": [
          [
            -119.1556322771412,
            34.43355232495025
          ],
          [
            -119.1556322771412,
            34.43355232495025
          ],
          [
            -119.15563953786496,
            34.43354327845124
          ],
          [
            -119.15564316822683,
            34.43353875520174
          ],
          [
            -119.15564861376966,
            34.43353423195224
          ],
          [
            -119.15565405931248,
            34.433525185453234
          ],
          [
            -119.15565405931248,
            34.433516138954225
          ],
          [
            -119.15565405931248,
            34.433516138954225
          ],
          [
            -119.15566495039813,
            34.43350709245522
          ],
          [
            -119.15566495039813,
            34.43349804595622
          ],
          [
            -119.15566495039813,
            34.43349804595622
          ],
          [
            -119.15567584148378,
            34.43348899945721
          ],
          [
            -119.15566495039813,
            34.43347995295821
          ],
          [
            -119.15566495039813,
            34.43347995295821
          ],
          [
            -119.15566495039813,
            34.433470906459206
          ],
          [
            -119.15566495039813,
            34.4334618599602
          ],
          [
            -119.15566495039813,
            34.433452813461194
          ],
          [
            -119.15566495039813,
            34.43344376696219
          ],
          [
            -119.15566495039813,
            34.43343472046318
          ],
          [
            -119.15565405931248,
            34.43342567396418
          ],
          [
            -119.15565405931248,
            34.43342567396418
          ],
          [
            -119.15565405931248,
            34.43341662746517
          ],
          [
            -119.15565405931248,
            34.43340758096617
          ],
          [
            -119.15565405931248,
            34.43340758096617
          ],
          [
            -119.15566495039813,
            34.433398534467166
          ],
          [
            -119.15566495039813,
            34.433398534467166
          ],
          [
            -119.15567584148378,
            34.43338948796816
          ],
          [
            -119.15567584148378,
            34.433380441469154
          ],
          [
            -119.15567584148378,
            34.43337139497015
          ],
          [
            -119.15567584148378,
            34.43336234847114
          ],
          [
            -119.15567584148378,
            34.43336234847114
          ],
          [
            -119.15568673256942,
            34.43335330197214
          ],
          [
            -119.15568673256942,
            34.43335330197214
          ],
          [
            -119.15569762365507,
            34.43334877872264
          ],
          [
            -119.15570851474072,
            34.43334425547314
          ],
          [
            -119.15570851474072,
            34.43334425547314
          ],
          [
            -119.15571396028355,
            34.43333520897413
          ],
          [
            -119.15571940582637,
            34.433326162475126
          ],
          [
            -119.15571940582637,
            34.433326162475126
          ],
          [
            -119.15573029691201,
            34.43331711597612
          ],
          [
            -119.15573029691201,
            34.43331711597612
          ],
          [
            -119.15574118799766,
            34.433308069477114
          ],
          [
            -119.15574118799766,
            34.433308069477114
          ],
          [
            -119.15575207908331,
            34.43329902297811
          ],
          [
            -119.15575207908331,
            34.43329902297811
          ],
          [
            -119.15576297016896,
            34.43329902297811
          ],
          [
            -119.1557738612546,
            34.4332899764791
          ],
          [
            -119.1557738612546,
            34.4332899764791
          ],
          [
            -119.15578475234025,
            34.4332899764791
          ],
          [
            -119.1557956434259,
            34.4332899764791
          ],
          [
            -119.15580653451156,
            34.4332809299801
          ],
          [
            -119.15580653451156,
            34.4332809299801
          ],
          [
            -119.15581742559719,
            34.4332718834811
          ],
          [
            -119.15581742559719,
            34.4332718834811
          ],
          [
            -119.15582831668284,
            34.43326283698209
          ],
          [
            -119.15582831668284,
            34.433253790483086
          ],
          [
            -119.15582831668284,
            34.433253790483086
          ],
          [
            -119.1558392077685,
            34.43324474398408
          ],
          [
            -119.1558392077685,
            34.433235697485074
          ],
          [
            -119.1558392077685,
            34.433235697485074
          ],
          [
            -119.15585009885415,
            34.43322665098607
          ],
          [
            -119.1558392077685,
            34.43321760448707
          ],
          [
            -119.1558392077685,
            34.43321760448707
          ],
          [
            -119.1558392077685,
            34.43320855798806
          ],
          [
            -119.15582831668284,
            34.43319951148906
          ],
          [
            -119.15581742559719,
            34.43319951148906
          ],
          [
            -119.15581742559719,
            34.43319951148906
          ],
          [
            -119.15581742559719,
            34.433190464990055
          ],
          [
            -119.15581742559719,
            34.433181418491046
          ],
          [
            -119.15580653451156,
            34.43317237199204
          ],
          [
            -119.15580653451156,
            34.43317237199204
          ],
          [
            -119.15580653451156,
            34.43317237199204
          ],
          [
            -119.15581742559719,
            34.433163325493034
          ],
          [
            -119.15581742559719,
            34.43315427899403
          ],
          [
            -119.15581742559719,
            34.43314523249503
          ],
          [
            -119.15581742559719,
            34.43314523249503
          ],
          [
            -119.15582831668284,
            34.43313618599602
          ],
          [
            -119.15582831668284,
            34.43313618599602
          ],
          [
            -119.1558392077685,
            34.43312713949702
          ],
          [
            -119.1558392077685,
            34.433118092998015
          ],
          [
            -119.1558392077685,
            34.433118092998015
          ],
          [
            -119.15584465331132,
            34.433109046499006
          ],
          [
            -119.15585009885415,
            34.4331
          ],
          [
            -119.15585009885415,
            34.433090953501
          ],
          [
            -119.1558392077685,
            34.43308190700199
          ],
          [
            -119.1558392077685,
            34.43308190700199
          ],
          [
            -119.15582831668284,
            34.43307286050299
          ],
          [
            -119.15582831668284,
            34.43307286050299
          ],
          [
            -119.15582831668284,
            34.43306381400399
          ],
          [
            -119.15581742559719,
            34.43305476750498
          ],
          [
            -119.15580653451156,
            34.43305476750498
          ],
          [
            -119.1557956434259,
            34.43305476750498
          ],
          [
            -119.1557956434259,
            34.43305476750498
          ],
          [
            -119.15578475234025,
            34.433050244255476
          ],
          [
            -119.1557738612546,
            34.43304873650564
          ],
          [
            -119.15576297016896,
            34.433045721005975
          ],
          [
            -119.15576297016896,
            34.433045721005975
          ],
          [
            -119.15575207908331,
            34.433043459381224
          ],
          [
            -119.15574118799766,
            34.433042102406375
          ],
          [
            -119.15573029691201,
            34.433041197756474
          ],
          [
            -119.15571940582637,
            34.433041197756474
          ],
          [
            -119.15570851474072,
            34.43303667450697
          ],
          [
            -119.15570851474072,
            34.43303667450697
          ],
          [
            -119.15569762365507,
            34.433032151257464
          ],
          [
            -119.15568673256942,
            34.433029889632714
          ],
          [
            -119.15567584148378,
            34.43302762800796
          ],
          [
            -119.15566495039813,
            34.43302762800796
          ],
          [
            -119.15566495039813,
            34.43302762800796
          ],
          [
            -119.15565405931248,
            34.43302400940836
          ],
          [
            -119.15564316822683,
            34.43302220010856
          ],
          [
            -119.1556322771412,
            34.43302084313371
          ],
          [
            -119.15562138605554,
            34.43302039080876
          ],
          [
            -119.15561594051272,
            34.43301858150896
          ],
          [
            -119.15561049496989,
            34.433017073759125
          ],
          [
            -119.15559960388424,
            34.433017073759125
          ],
          [
            -119.1555887127986,
            34.43301556600929
          ],
          [
            -119.15557782171295,
            34.433014962909354
          ],
          [
            -119.1555669306273,
            34.43301405825946
          ],
          [
            -119.15555603954165,
            34.43301179663471
          ],
          [
            -119.15554514845601,
            34.43300953500995
          ],
          [
            -119.15554514845601,
            34.43300953500995
          ],
          [
            -119.15553425737036,
            34.43300682106025
          ],
          [
            -119.15552336628471,
            34.43300501176045
          ],
          [
            -119.15551247519906,
            34.433003202460654
          ],
          [
            -119.15550158411342,
            34.43300139316085
          ],
          [
            -119.15549069302777,
            34.43300048851095
          ],
          [
            -119.15549069302777,
            34.43300048851095
          ],
          [
            -119.15547980194212,
            34.432998679211146
          ],
          [
            -119.15546891085647,
            34.432995060611546
          ],
          [
            -119.15545801977083,
            34.432995060611546
          ],
          [
            -119.15544712868518,
            34.43299325131174
          ],
          [
            -119.1554434983233,
            34.43299144201195
          ],
          [
            -119.15543623759953,
            34.43298782341234
          ],
          [
            -119.15542534651388,
            34.43298239551294
          ],
          [
            -119.15542534651388,
            34.43298239551294
          ],
          [
            -119.15541445542824,
            34.43297722608494
          ],
          [
            -119.15540356434259,
            34.432973349013935
          ],
          [
            -119.15540356434259,
            34.432973349013935
          ],
          [
            -119.15539267325694,
            34.43297153971413
          ],
          [
            -119.15538178217129,
            34.43296656413968
          ],
          [
            -119.15537633662848,
            34.43296430251493
          ],
          [
            -119.15537089108565,
            34.43296204089018
          ],
          [
            -119.15536,
            34.432958271515595
          ],
          [
            -119.15534910891435,
            34.43295525601592
          ],
          [
            -119.15534910891435,
            34.43295525601592
          ],
          [
            -119.15533821782871,
            34.43295299439117
          ],
          [
            -119.15532732674306,
            34.43295073276642
          ],
          [
            -119.15531643565741,
            34.43294847114167
          ],
          [
            -119.15531099011459,
            34.43294620951692
          ],
          [
            -119.15530554457176,
            34.43294394789217
          ],
          [
            -119.15529465348612,
            34.43294017851758
          ],
          [
            -119.15528376240047,
            34.43293716301792
          ],
          [
            -119.15527287131482,
            34.43293716301792
          ],
          [
            -119.15527287131482,
            34.43293716301792
          ],
          [
            -119.15526198022917,
            34.432935353718115
          ],
          [
            -119.15525108914353,
            34.43293354441831
          ],
          [
            -119.15524019805788,
            34.432931735118515
          ],
          [
            -119.15522930697223,
            34.43292992581871
          ],
          [
            -119.1552238614294,
            34.43292811651891
          ],
          [
            -119.15521841588658,
            34.43292698570654
          ],
          [
            -119.15520752480094,
            34.43292553180491
          ],
          [
            -119.15519663371529,
            34.43292294709091
          ],
          [
            -119.15518574262964,
            34.43292423944791
          ],
          [
            -119.15517485154399,
            34.43292423944791
          ],
          [
            -119.15516396045835,
            34.43292208551957
          ],
          [
            -119.1551530693727,
            34.432919070019906
          ],
          [
            -119.15514217828705,
            34.432919070019906
          ],
          [
            -119.1551312872014,
            34.432919070019906
          ],
          [
            -119.1551312872014,
            34.432919070019906
          ],
          [
            -119.15512584165857,
            34.432910023520904
          ],
          [
            -119.15512584165857,
            34.432900977021895
          ],
          [
            -119.15512257433289,
            34.43289193052289
          ],
          [
            -119.15512039611576,
            34.43288966889814
          ],
          [
            -119.15511386146437,
            34.43288288402388
          ],
          [
            -119.15510950503011,
            34.43287926542428
          ],
          [
            -119.15510405948729,
            34.43287383752488
          ],
          [
            -119.15509861394446,
            34.43286931427538
          ],
          [
            -119.15509316840163,
            34.43286479102588
          ],
          [
            -119.15508772285881,
            34.43286026777638
          ],
          [
            -119.15507683177317,
            34.43285574452687
          ],
          [
            -119.15507683177317,
            34.43285574452687
          ],
          [
            -119.15506594068752,
            34.43285315981287
          ],
          [
            -119.15505504960187,
            34.43285122127737
          ],
          [
            -119.15504415851622,
            34.43284895965262
          ],
          [
            -119.15503871297341,
            34.432846698027866
          ],
          [
            -119.15503326743058,
            34.43284411331386
          ],
          [
            -119.15502237634493,
            34.432841528599866
          ],
          [
            -119.15501148525928,
            34.43284023624286
          ],
          [
            -119.15500059417363,
            34.43284066702853
          ],
          [
            -119.15498970308799,
            34.43284127012846
          ],
          [
            -119.15497881200234,
            34.43284066702853
          ],
          [
            -119.15496792091669,
            34.432839913153614
          ],
          [
            -119.15495702983104,
            34.432837651528864
          ],
          [
            -119.15495702983104,
            34.432837651528864
          ],
          [
            -119.1549461387454,
            34.43283248210086
          ],
          [
            -119.15493524765975,
            34.43282973584223
          ],
          [
            -119.1549243565741,
            34.43282989738686
          ],
          [
            -119.15491346548845,
            34.432828605029854
          ],
          [
            -119.15490257440281,
            34.432828605029854
          ],
          [
            -119.15490257440281,
            34.432828605029854
          ],
          [
            -119.15489168331716,
            34.432826343405104
          ],
          [
            -119.15488079223151,
            34.432826343405104
          ],
          [
            -119.15486990114586,
            34.432828605029854
          ],
          [
            -119.15486990114586,
            34.432828605029854
          ],
          [
            -119.15485901006022,
            34.432828605029854
          ],
          [
            -119.15485901006022,
            34.432828605029854
          ],
          [
            -119.15484811897457,
            34.43281955853085
          ],
          [
            -119.15484811897457,
            34.43281955853085
          ],
          [
            -119.15483722788892,
            34.43281051203185
          ],
          [
            -119.15483722788892,
            34.43281051203185
          ],
          [
            -119.15482633680327,
            34.43280146553284
          ],
          [
            -119.15482633680327,
            34.43280146553284
          ],
          [
            -119.15481544571763,
            34.43279241903384
          ]
        ]
      }
    },
    {
      "type": "Feature",
      "properties": {
        "kind": "contour",
        "elevation_m": 423.5,
        "interval_m": 0.5
      },
      "geometry": {
        "type": "LineString",
        "coordinates": [
          [
            -119.15552336628471,
            34.43355232495025
          ],
          [
            -119.15552336628471,
            34.43354327845124
          ],
          [
            -119.15552336628471,
            34.43353423195224
          ],
          [
            -119.15552336628471,
            34.433525185453234
          ],
          [
            -119.15551792074189,
            34.433516138954225
          ],
          [
            -119.15551792074189,
            34.43350709245522
          ],
          [
            -119.15552336628471,
            34.43349804595622
          ],
          [
            -119.15552336628471,
            34.43348899945721
          ],
          [
            -119.15552336628471,
            34.43347995295821
          ],
          [
            -119.15552336628471,
            34.43347995295821
          ],
          [
            -119.15553425737036,
            34.433470906459206
          ],
          [
            -119.15553425737036,
            34.4334618599602
          ],
          [
            -119.15553425737036,
            34.4334618599602
          ],
          [
            -119.15553970291319,
            34.433452813461194
          ],
          [
            -119.15553970291319,
            34.43344376696219
          ],
          [
            -119.15553425737036,
            34.43343472046318
          ],
          [
            -119.15553425737036,
            34.43343472046318
          ],
          [
            -119.15553425737036,
            34.43342567396418
          ],
          [
            -119.15552336628471,
            34.43341662746517
          ],
          [
            -119.15552336628471,
            34.43341662746517
          ],
          [
            -119.15551247519906,
            34.43340758096617
          ],
          [
            -119.15551247519906,
            34.43340758096617
          ],
          [
            -119.15551247519906,
            34.433398534467166
          ],
          [
            -119.15551247519906,
            34.43338948796816
          ],
          [
            -119.15551247519906,
            34.43338948796816
          ],
          [
            -119.15552336628471,
            34.433380441469154
          ],
          [
            -119.15552336628471,
            34.433380441469154
          ],
          [
            -119.15553425737036,
            34.43337139497015
          ],
          [
            -119.15553425737036,
            34.43336234847114
          ],
          [
            -119.15553425737036,
            34.43336234847114
          ],
          [
            -119.15554514845601,
            34.43335330197214
          ],
          [
            -119.15554514845601,
            34.43335330197214
          ],
          [
            -119.15555603954165,
            34.43334425547314
          ],
          [
            -119.15555603954165,
            34.43334425547314
          ],
          [
            -119.1555669306273,
            34.43334425547314
          ],
          [
            -119.15557782171295,
            34.43333520897413
          ],
          [
            -119.15557782171295,
            34.43333520897413
          ],
          [
            -119.1555887127986,
            34.433326162475126
          ],
          [
            -119.1555887127986,
            34.43331711597612
          ],
          [
            -119.1555887127986,
            34.43331711597612
          ],
          [
            -119.15559960388424,
            34.433308069477114
          ],
          [
            -119.15559960388424,
            34.433308069477114
          ],
          [
            -119.15561049496989,
            34.43329902297811
          ],
          [
            -119.15561049496989,
            34.43329902297811
          ],
          [
            -119.15562138605554,
            34.43329449972861
          ],
          [
            -119.1556322771412,
            34.4332899764791
          ],
          [
            -119.1556322771412,
            34.4332899764791
          ],
          [
            -119.15564316822683,
            34.4332809299801
          ],
          [
            -119.15564316822683,
            34.4332809299801
          ],
          [
            -119.15565405931248,
            34.4332764067306
          ],
          [
            -119.15566495039813,
            34.4332718834811
          ],
          [
            -119.15566495039813,
            34.4332718834811
          ],
          [
            -119.15567584148378,
            34.433267360231596
          ],
          [
            -119.15568673256942,
            34.43326283698209
          ],
          [
            -119.15568673256942,
            34.43326283698209
          ],
          [
            -119.15569762365507,
            34.433253790483086
          ],
          [
            -119.15569762365507,
            34.433253790483086
          ],
          [
            -119.15570851474072,
            34.433249267233585
          ],
          [
            -119.1557121451026,
            34.43324474398408
          ],
          [
            -119.15571940582637,
            34.433235697485074
          ],
          [
            -119.15571940582637,
            34.433235697485074
          ],
          [
            -119.15573029691201,
            34.43322665098607
          ],
          [
            -119.15573029691201,
            34.43322665098607
          ],
          [
            -119.15573846522625,
            34.43321760448707
          ],
          [
            -119.15574118799766,
            34.4332145889874
          ],
          [
            -119.15574554443192,
            34.43320855798806
          ],
          [
            -119.15574990086618,
            34.43319951148906
          ],
          [
            -119.15575207908331,
            34.433190464990055
          ],
          [
            -119.15575207908331,
            34.433190464990055
          ],
          [
            -119.15575752462614,
            34.433181418491046
          ],
          [
            -119.15576297016896,
            34.43317237199204
          ],
          [
            -119.15576297016896,
            34.43317237199204
          ],
          [
            -119.15577023089273,
            34.433163325493034
          ],
          [
            -119.1557738612546,
            34.43315880224353
          ],
          [
            -119.15577658402601,
            34.43315427899403
          ],
          [
            -119.15578112197836,
            34.43314523249503
          ],
          [
            -119.15578475234025,
            34.43314070924553
          ],
          [
            -119.15578838270214,
            34.43313618599602
          ],
          [
            -119.15579201306402,
            34.43312713949702
          ],
          [
            -119.1557956434259,
            34.433118092998015
          ],
          [
            -119.15579019788308,
            34.433109046499006
          ],
          [
            -119.15578475234025,
            34.4331
          ],
          [
            -119.15578475234025,
            34.4331
          ],
          [
            -119.1557738612546,
            34.433090953501
          ],
          [
            -119.1557738612546,
            34.433090953501
          ],
          [
            -119.15576297016896,
            34.43308643025149
          ],
          [
            -119.15575752462614,
            34.43308190700199
          ],
          [
            -119.15575207908331,
            34.43307738375249
          ],
          [
            -119.15574663354049,
            34.43307286050299
          ],
          [
            -119.15574118799766,
            34.43306833725349
          ],
          [
            -119.15573029691201,
            34.43306381400399
          ],
          [
            -119.15573029691201,
            34.43306381400399
          ],
          [
            -119.15571940582637,
            34.43306155237923
          ],
          [
            -119.15570851474072,
            34.43305929075448
          ],
          [
            -119.15569762365507,
            34.43305702912973
          ],
          [
            -119.15569217811225,
            34.43305476750498
          ],
          [
            -119.15568673256942,
            34.43305175200531
          ],
          [
            -119.15567584148378,
            34.433047982630725
          ],
          [
            -119.15566495039813,
            34.433045721005975
          ],
          [
            -119.15566495039813,
            34.433045721005975
          ],
          [
            -119.15565405931248,
            34.433043459381224
          ],
          [
            -119.15564316822683,
            34.433041197756474
          ],
          [
            -119.1556322771412,
            34.43303893613172
          ],
          [
            -119.15562683159837,
            34.43303667450697
          ],
          [
            -119.15562138605554,
            34.43303486520717
          ],
          [
            -119.15561049496989,
            34.433032151257464
          ],
          [
            -119.15559960388424,
            34.433029889632714
          ],
          [
            -119.1555887127986,
            34.433029889632714
          ],
          [
            -119.15557782171295,
            34.433029889632714
          ],
          [
            -119.1555669306273,
            34.43302762800796
          ],
          [
            -119.1555669306273,
            34.43302762800796
          ],
          [
            -119.15555603954165,
            34.43302612025813
          ],
          [
            -119.15554514845601,
            34.43302400940836
          ],
          [
            -119.15553425737036,
            34.43302039080876
          ],
          [
            -119.15552881182754,
            34.43301858150896
          ],
          [
            -119.15552336628471,
            34.43301631988421
          ],
          [
            -119.15551247519906,
            34.43301179663471
          ],
          [
            -119.15550702965625,
            34.43300953500995
          ],
          [
            -119.15550158411342,
            34.43300863036006
          ],
          [
            -119.15549069302777,
            34.43300706778295
          ],
          [
            -119.15547980194212,
            34.43300624537395
          ],
          [
            -119.15546891085647,
            34.43300501176045
          ],
          [
            -119.15545801977083,
            34.433004257885536
          ],
          [
            -119.15544712868518,
            34.43300350401062
          ],
          [
            -119.15543623759953,
            34.43300131091995
          ],
          [
            -119.15543260723766,
            34.43300048851095
          ],
          [
            -119.15542534651388,
            34.43299686991135
          ],
          [
            -119.15541717819966,
            34.43299144201195
          ],
          [
            -119.15541445542824,
            34.43298963271214
          ],
          [
            -119.15540356434259,
            34.43298541101261
          ],
          [
            -119.15539267325694,
            34.43298390326277
          ],
          [
            -119.15538178217129,
            34.43298390326277
          ],
          [
            -119.15537089108565,
            34.43298239551294
          ],
          [
            -119.15537089108565,
            34.43298239551294
          ],
          [
            -119.15536,
            34.43297938001327
          ],
          [
            -119.15534910891435,
            34.4329763645136
          ],
          [
            -119.15533821782871,
            34.432973349013935
          ],
          [
            -119.15533821782871,
            34.432973349013935
          ],
          [
            -119.15532732674306,
            34.43296882576443
          ],
          [
            -119.15531643565741,
            34.43296581026476
          ],
          [
            -119.15531099011459,
            34.43296430251493
          ],
          [
            -119.15530554457176,
            34.43296249321513
          ],
          [
            -119.15529465348612,
            34.432959779265424
          ],
          [
            -119.15528376240047,
            34.43295751764067
          ],
          [
            -119.15527287131482,
            34.43295525601592
          ],
          [
            -119.15526198022917,
            34.43295525601592
          ],
          [
            -119.15526198022917,
            34.43295525601592
          ],
          [
            -119.15525108914353,
            34.43295224051626
          ],
          [
            -119.15524019805788,
            34.43294847114167
          ],
          [
            -119.15522930697223,
            34.432949225016586
          ],
          [
            -119.15521841588658,
            34.43294620951692
          ],
          [
            -119.15521841588658,
            34.43294620951692
          ],
          [
            -119.15520752480094,
            34.43294168626742
          ],
          [
            -119.15519663371529,
            34.43293716301792
          ],
          [
            -119.15518574262964,
            34.43293716301792
          ],
          [
            -119.15517485154399,
            34.43293716301792
          ],
          [
            -119.15517485154399,
            34.43293716301792
          ],
          [
            -119.15516396045835,
            34.432935353718115
          ],
          [
            -119.1551530693727,
            34.43293354441831
          ],
          [
            -119.15514217828705,
            34.43293490139316
          ],
          [
            -119.1551312872014,
            34.432935353718115
          ],
          [
            -119.15512506372389,
            34.43292811651891
          ],
          [
            -119.15512039611576,
            34.43292359326941
          ],
          [
            -119.15511712879007,
            34.432919070019906
          ],
          [
            -119.15511495057294,
            34.432910023520904
          ],
          [
            -119.15511434551262,
            34.432900977021895
          ],
          [
            -119.15510950503011,
            34.43289193052289
          ],
          [
            -119.15510950503011,
            34.43289193052289
          ],
          [
            -119.15510016981384,
            34.43288288402388
          ],
          [
            -119.15509861394446,
            34.432881376274054
          ],
          [
            -119.15508953803976,
            34.43287383752488
          ],
          [
            -119.15508772285881,
            34.432872329775044
          ],
          [
            -119.15507683177317,
            34.432866083382876
          ],
          [
            -119.15507138623035,
            34.43286479102588
          ],
          [
            -119.15506594068752,
            34.43286349866887
          ],
          [
            -119.15505504960187,
            34.43286026777638
          ],
          [
            -119.15504415851622,
            34.43285800615162
          ],
          [
            -119.15503689779246,
            34.43285574452687
          ],
          [
            -119.15503326743058,
            34.43285445216987
          ],
          [
            -119.15502237634493,
            34.43285186745587
          ],
          [
            -119.15501148525928,
            34.43285122127737
          ],
          [
            -119.15500059417363,
            34.4328527290272
          ],
          [
            -119.15498970308799,
            34.43285574452687
          ],
          [
            -119.15498970308799,
            34.43285574452687
          ],
          [
            -119.15498970308799,
            34.43285574452687
          ],
          [
            -119.15497881200234,
            34.43285445216987
          ],
          [
            -119.15496792091669,
            34.43285315981287
          ],
          [
            -119.15495702983104,
            34.432850090464996
          ],
          [
            -119.15495049517966,
            34.432846698027866
          ],
          [
            -119.1549461387454,
            34.4328436825282
          ],
          [
            -119.15493524765975,
            34.432838782341236
          ],
          [
            -119.1549243565741,
            34.432839661861976
          ],
          [
            -119.15491346548845,
            34.432841528599866
          ],
          [
            -119.15490257440281,
            34.43284066702853
          ],
          [
            -119.15489168331716,
            34.43283915927869
          ],
          [
            -119.15488079223151,
            34.43284023624286
          ],
          [
            -119.15486990114586,
            34.4328436825282
          ],
          [
            -119.15485901006022,
            34.432846698027866
          ],
          [
            -119.15485901006022,
            34.432846698027866
          ],
          [
            -119.15484811897457,
            34.43284971352753
          ],
          [
            -119.15483722788892,
            34.43285122127737
          ],
          [
            -119.15482633680327,
            34.432846698027866
          ],
          [
            -119.15482633680327,
            34.432846698027866
          ],
          [
            -119.15481544571763,
            34.432842174778365
          ]
        ]
      }
    },
    {
      "type": "Feature",
      "properties": {
        "kind": "contour",
        "elevation_m": 424.0,
        "interval_m": 0.5
      },
      "geometry": {
        "type": "LineString",
        "coordinates": [
          [
            -119.15542534651388,
            34.43355232495025
          ],
          [
            -119.15542534651388,
            34.43354327845124
          ],
          [
            -119.15542534651388,
            34.43353423195224
          ],
          [
            -119.15542534651388,
            34.43353423195224
          ],
          [
            -119.1554307920567,
            34.433525185453234
          ],
          [
            -119.15542534651388,
            34.433516138954225
          ],
          [
            -119.15542534651388,
            34.433516138954225
          ],
          [
            -119.15542534651388,
            34.43350709245522
          ],
          [
            -119.15542534651388,
            34.43349804595622
          ],
          [
            -119.15542534651388,
            34.43348899945721
          ],
          [
            -119.15542534651388,
            34.43347995295821
          ],
          [
            -119.15542534651388,
            34.433470906459206
          ],
          [
            -119.15542534651388,
            34.433470906459206
          ],
          [
            -119.15543623759953,
            34.4334618599602
          ],
          [
            -119.15543623759953,
            34.433452813461194
          ],
          [
            -119.15542534651388,
            34.43344376696219
          ],
          [
            -119.15541445542824,
            34.43344376696219
          ],
          [
            -119.15540356434259,
            34.43344376696219
          ],
          [
            -119.15540356434259,
            34.43344376696219
          ],
          [
            -119.15540356434259,
            34.43344376696219
          ],
          [
            -119.15541445542824,
            34.43343472046318
          ],
          [
            -119.15541445542824,
            34.43342567396418
          ],
          [
            -119.15541445542824,
            34.43342567396418
          ],
          [
            -119.15542534651388,
            34.43341662746517
          ],
          [
            -119.15542534651388,
            34.43340758096617
          ],
          [
            -119.15541445542824,
            34.433398534467166
          ],
          [
            -119.15541445542824,
            34.433398534467166
          ],
          [
            -119.15541445542824,
            34.43338948796816
          ],
          [
            -119.15541445542824,
            34.433380441469154
          ],
          [
            -119.15541445542824,
            34.43337139497015
          ],
          [
            -119.15541445542824,
            34.43336234847114
          ],
          [
            -119.15541445542824,
            34.43336234847114
          ],
          [
            -119.15542534651388,
            34.43335330197214
          ],
          [
            -119.15542534651388,
            34.43335330197214
          ],
          [
            -119.15543623759953,
            34.43334425547314
          ],
          [
            -119.15543623759953,
            34.43334425547314
          ],
          [
            -119.15544712868518,
            34.43333520897413
          ],
          [
            -119.15544712868518,
            34.43333520897413
          ],
          [
            -119.15545801977083,
            34.433326162475126
          ],
          [
            -119.15545801977083,
            34.43331711597612
          ],
          [
            -119.15545801977083,
            34.43331711597612
          ],
          [
            -119.15546891085647,
            34.433308069477114
          ],
          [
            -119.15546891085647,
            34.43329902297811
          ],
          [
            -119.15546891085647,
            34.43329902297811
          ],
          [
            -119.15547980194212,
            34.43329902297811
          ],
          [
            -119.15549069302777,
            34.4332899764791
          ],
          [
            -119.15549069302777,
            34.4332899764791
          ],
          [
            -119.15550158411342,
            34.4332899764791
          ],
          [
            -119.15551247519906,
            34.4332854532296
          ],
          [
            -119.15552336628471,
            34.4332854532296
          ],
          [
            -119.15553425737036,
            34.43328394547977
          ],
          [
            -119.15554514845601,
            34.4332809299801
          ],
          [
            -119.15554514845601,
            34.4332809299801
          ],
          [
            -119.15555603954165,
            34.4332809299801
          ],
          [
            -119.1555669306273,
            34.4332718834811
          ],
          [
            -119.1555669306273,
            34.4332718834811
          ],
          [
            -119.15557782171295,
            34.43326283698209
          ],
          [
            -119.15557782171295,
            34.43326283698209
          ],
          [
            -119.1555887127986,
            34.433253790483086
          ],
          [
            -119.1555887127986,
            34.433253790483086
          ],
          [
            -119.15559960388424,
            34.433253790483086
          ],
          [
            -119.15561049496989,
            34.433253790483086
          ],
          [
            -119.15562138605554,
            34.433249267233585
          ],
          [
            -119.15562683159837,
            34.43324474398408
          ],
          [
            -119.1556322771412,
            34.43324022073458
          ],
          [
            -119.155637722684,
            34.433235697485074
          ],
          [
            -119.15564316822683,
            34.43323117423557
          ],
          [
            -119.15565405931248,
            34.43322966648574
          ],
          [
            -119.15566495039813,
            34.43322665098607
          ],
          [
            -119.15566495039813,
            34.43322665098607
          ],
          [
            -119.15567584148378,
            34.43322665098607
          ],
          [
            -119.15568673256942,
            34.43322363548641
          ],
          [
            -119.15569762365507,
            34.43322363548641
          ],
          [
            -119.15570851474072,
            34.433220619986734
          ],
          [
            -119.1557121451026,
            34.43321760448707
          ],
          [
            -119.15571940582637,
            34.43321398588746
          ],
          [
            -119.15573029691201,
            34.43320855798806
          ],
          [
            -119.15573029691201,
            34.43320855798806
          ],
          [
            -119.1557339272739,
            34.43319951148906
          ],
          [
            -119.15573574245484,
            34.433190464990055
          ],
          [
            -119.15573900978053,
            34.433181418491046
          ],
          [
            -119.15574118799766,
            34.43317237199204
          ],
          [
            -119.15574118799766,
            34.433163325493034
          ],
          [
            -119.15574118799766,
            34.43315427899403
          ],
          [
            -119.15574118799766,
            34.43315427899403
          ],
          [
            -119.15574481835955,
            34.43314523249503
          ],
          [
            -119.15574118799766,
            34.43313618599602
          ],
          [
            -119.15574118799766,
            34.43313618599602
          ],
          [
            -119.15574118799766,
            34.43312713949702
          ],
          [
            -119.15573029691201,
            34.433118092998015
          ],
          [
            -119.15573029691201,
            34.433118092998015
          ],
          [
            -119.15571940582637,
            34.433109046499006
          ],
          [
            -119.15571940582637,
            34.433109046499006
          ],
          [
            -119.15570851474072,
            34.4331
          ],
          [
            -119.15570851474072,
            34.4331
          ],
          [
            -119.15569762365507,
            34.433090953501
          ],
          [
            -119.15569762365507,
            34.433090953501
          ],
          [
            -119.15569217811225,
            34.43308190700199
          ],
          [
            -119.15568673256942,
            34.43307738375249
          ],
          [
            -119.15568310220755,
            34.43307286050299
          ],
          [
            -119.15567584148378,
            34.43306682950365
          ],
          [
            -119.15567039594096,
            34.43306381400399
          ],
          [
            -119.15566495039813,
            34.43306155237923
          ],
          [
            -119.15565405931248,
            34.433058386104584
          ],
          [
            -119.15564316822683,
            34.43305627525481
          ],
          [
            -119.1556322771412,
            34.43305476750498
          ],
          [
            -119.1556322771412,
            34.43305476750498
          ],
          [
            -119.15562138605554,
            34.43305114890538
          ],
          [
            -119.15561049496989,
            34.433050244255476
          ],
          [
            -119.15559960388424,
            34.433047982630725
          ],
          [
            -119.1555887127986,
            34.43304753030578
          ],
          [
            -119.15557782171295,
            34.433045721005975
          ],
          [
            -119.15557782171295,
            34.433045721005975
          ],
          [
            -119.1555669306273,
            34.433043459381224
          ],
          [
            -119.15555603954165,
            34.43304029310657
          ],
          [
            -119.15554514845601,
            34.43303848380677
          ],
          [
            -119.15553970291319,
            34.43303667450697
          ],
          [
            -119.15553425737036,
            34.43303486520717
          ],
          [
            -119.15552336628471,
            34.43303124660756
          ],
          [
            -119.15551247519906,
            34.43302762800796
          ],
          [
            -119.15551247519906,
            34.43302762800796
          ],
          [
            -119.15550158411342,
            34.43302536638321
          ],
          [
            -119.15549069302777,
            34.43302084313371
          ],
          [
            -119.15548524748495,
            34.43301858150896
          ],
          [
            -119.15547980194212,
            34.43301677220916
          ],
          [
            -119.15546891085647,
            34.433014962909354
          ],
          [
            -119.15545801977083,
            34.433011344309755
          ],
          [
            -119.15544712868518,
            34.43300953500995
          ],
          [
            -119.15544712868518,
            34.43300953500995
          ],
          [
            -119.15543623759953,
            34.43300789019195
          ],
          [
            -119.15542534651388,
            34.433006519510286
          ],
          [
            -119.15541445542824,
            34.43300388094808
          ],
          [
            -119.15540356434259,
            34.43300048851095
          ],
          [
            -119.15540356434259,
            34.43300048851095
          ],
          [
            -119.15539267325694,
            34.43299686991135
          ],
          [
            -119.15538178217129,
            34.43299686991135
          ],
          [
            -119.15537089108565,
            34.432995060611546
          ],
          [
            -119.15536,
            34.432995060611546
          ],
          [
            -119.15534910891435,
            34.43299325131174
          ],
          [
            -119.15534638614294,
            34.43299144201195
          ],
          [
            -119.15533821782871,
            34.432986918762445
          ],
          [
            -119.15533168317732,
            34.43298239551294
          ],
          [
            -119.15532732674306,
            34.43298013388819
          ],
          [
            -119.15531643565741,
            34.432976741451064
          ],
          [
            -119.15530554457176,
            34.43297447982631
          ],
          [
            -119.15529465348612,
            34.432973349013935
          ],
          [
            -119.15529465348612,
            34.432973349013935
          ],
          [
            -119.15528376240047,
            34.4329718412641
          ],
          [
            -119.15527287131482,
            34.43297033351427
          ],
          [
            -119.15526198022917,
            34.432969730414335
          ],
          [
            -119.15525108914353,
            34.43296882576443
          ],
          [
            -119.15524019805788,
            34.43296611181473
          ],
          [
            -119.15522930697223,
            34.43296430251493
          ],
          [
            -119.15522930697223,
            34.43296430251493
          ],
          [
            -119.15521841588658,
            34.43296042544393
          ],
          [
            -119.15520752480094,
            34.43295676376576
          ],
          [
            -119.15519663371529,
            34.43295525601592
          ],
          [
            -119.15518574262964,
            34.43295525601592
          ],
          [
            -119.15518574262964,
            34.43295525601592
          ],
          [
            -119.15517485154399,
            34.43295344671613
          ],
          [
            -119.15516396045835,
            34.43295525601592
          ],
          [
            -119.15516396045835,
            34.43295525601592
          ],
          [
            -119.1551530693727,
            34.43295525601592
          ],
          [
            -119.15514217828705,
            34.43295525601592
          ],
          [
            -119.15514217828705,
            34.43295525601592
          ],
          [
            -119.1551312872014,
            34.43295299439117
          ],
          [
            -119.15512311888718,
            34.43294620951692
          ],
          [
            -119.15512039611576,
            34.43293716301792
          ],
          [
            -119.15512039611576,
            34.43293716301792
          ],
          [
            -119.15511434551262,
            34.43292811651891
          ],
          [
            -119.15510950503011,
            34.43292087931971
          ],
          [
            -119.15510841592155,
            34.432919070019906
          ],
          [
            -119.15510653473402,
            34.432910023520904
          ],
          [
            -119.1551046645476,
            34.432900977021895
          ],
          [
            -119.15509861394446,
            34.43289343827273
          ],
          [
            -119.15509679876352,
            34.43289193052289
          ],
          [
            -119.15508772285881,
            34.43288439177372
          ],
          [
            -119.15508554464168,
            34.43288288402388
          ],
          [
            -119.15507683177317,
            34.43287685302455
          ],
          [
            -119.15506594068752,
            34.43287383752488
          ],
          [
            -119.15506594068752,
            34.43287383752488
          ],
          [
            -119.15505504960187,
            34.43286996045388
          ],
          [
            -119.15504415851622,
            34.43286705265063
          ],
          [
            -119.15503689779246,
            34.43286479102588
          ],
          [
            -119.15503326743058,
            34.4328636602135
          ],
          [
            -119.15502237634493,
            34.432862206311874
          ],
          [
            -119.15501148525928,
            34.432862206311874
          ],
          [
            -119.15500059417363,
            34.43286349866887
          ],
          [
            -119.15499514863082,
            34.43286479102588
          ],
          [
            -119.15498970308799,
            34.432866083382876
          ],
          [
            -119.1549860727261,
            34.43286479102588
          ],
          [
            -119.15497881200234,
            34.432862780692766
          ],
          [
            -119.15496792091669,
            34.43286026777638
          ],
          [
            -119.15495702983104,
            34.43285783218049
          ],
          [
            -119.15495158428823,
            34.43285574452687
          ],
          [
            -119.1549461387454,
            34.4328527290272
          ],
          [
            -119.15493524765975,
            34.432847703194426
          ],
          [
            -119.1549243565741,
            34.432847703194426
          ],
          [
            -119.15491346548845,
            34.432850316627466
          ],
          [
            -119.15490257440281,
            34.43285122127737
          ],
          [
            -119.15489168331716,
            34.43285057509887
          ],
          [
            -119.15488079223151,
            34.43285057509887
          ],
          [
            -119.15486990114586,
            34.43285348290212
          ],
          [
            -119.1548626404221,
            34.43285574452687
          ],
          [
            -119.15485901006022,
            34.43285687533925
          ],
          [
            -119.15484811897457,
            34.43286026777638
          ],
          [
            -119.15483722788892,
            34.43286479102588
          ],
          [
            -119.15483722788892,
            34.43286479102588
          ],
          [
            -119.15482633680327,
            34.43286931427538
          ],
          [
            -119.15481544571763,
            34.43287157590013
          ]
        ]
      }
    },
    {
      "type": "Feature",
      "properties": {
        "kind": "contour",
        "elevation_m": 424.5,
        "interval_m": 0.5
      },
      "geometry": {
        "type": "LineString",
        "coordinates": [
          [
            -119.15534910891435,
            34.43355232495025
          ],
          [
            -119.15534366337153,
            34.43354327845124
          ],
          [
            -119.15533821782871,
            34.43353423195224
          ],
          [
            -119.15533821782871,
            34.43353423195224
          ],
          [
            -119.15532732674306,
            34.433525185453234
          ],
          [
            -119.15532732674306,
            34.433525185453234
          ],
          [
            -119.15531643565741,
            34.433516138954225
          ],
          [
            -119.15531643565741,
            34.433516138954225
          ],
          [
            -119.15531643565741,
            34.43350709245522
          ],
          [
            -119.15531643565741,
            34.43350709245522
          ],
          [
            -119.15532732674306,
            34.43349804595622
          ],
          [
            -119.15532732674306,
            34.43348899945721
          ],
          [
            -119.15531643565741,
            34.43347995295821
          ],
          [
            -119.15531643565741,
            34.43347995295821
          ],
          [
            -119.15530554457176,
            34.433470906459206
          ],
          [
            -119.15530554457176,
            34.433470906459206
          ],
          [
            -119.15529465348612,
            34.4334618599602
          ],
          [
            -119.15528376240047,
            34.4334618599602
          ],
          [
            -119.15528376240047,
            34.4334618599602
          ],
          [
            -119.15527287131482,
            34.433452813461194
          ],
          [
            -119.15527287131482,
            34.433452813461194
          ],
          [
            -119.15527287131482,
            34.43344376696219
          ],
          [
            -119.15526198022917,
            34.43343472046318
          ],
          [
            -119.15526198022917,
            34.43343472046318
          ],
          [
            -119.15526198022917,
            34.43342567396418
          ],
          [
            -119.15526198022917,
            34.43342567396418
          ],
          [
            -119.15527287131482,
            34.43341662746517
          ],
          [
            -119.15527287131482,
            34.43341662746517
          ],
          [
            -119.15528376240047,
            34.43340758096617
          ],
          [
            -119.15528376240047,
            34.433398534467166
          ],
          [
            -119.15528376240047,
            34.433398534467166
          ],
          [
            -119.15529465348612,
            34.43338948796816
          ],
          [
            -119.15529465348612,
            34.43338948796816
          ],
          [
            -119.15530554457176,
            34.433380441469154
          ],
          [
            -119.15530554457176,
            34.43337139497015
          ],
          [
            -119.15530554457176,
            34.43336234847114
          ],
          [
            -119.15529465348612,
            34.43335330197214
          ],
          [
            -119.15529465348612,
            34.43335330197214
          ],
          [
            -119.15529465348612,
            34.43334425547314
          ],
          [
            -119.15529465348612,
            34.43333520897413
          ],
          [
            -119.15528376240047,
            34.433326162475126
          ],
          [
            -119.15528376240047,
            34.433326162475126
          ],
          [
            -119.15528376240047,
            34.433326162475126
          ],
          [
            -119.15529465348612,
            34.43331711597612
          ],
          [
            -119.15529465348612,
            34.433308069477114
          ],
          [
            -119.15529465348612,
            34.433308069477114
          ],
          [
            -119.15530554457176,
            34.43329902297811
          ],
          [
            -119.15529465348612,
            34.4332899764791
          ],
          [
            -119.15529465348612,
            34.4332899764791
          ],
          [
            -119.15529465348612,
            34.4332809299801
          ],
          [
            -119.15529465348612,
            34.4332718834811
          ],
          [
            -119.15529465348612,
            34.4332718834811
          ],
          [
            -119.15530554457176,
            34.43326283698209
          ],
          [
            -119.15530554457176,
            34.43326283698209
          ],
          [
            -119.15531643565741,
            34.43326283698209
          ],
          [
            -119.15532732674306,
            34.43326283698209
          ],
          [
            -119.15533821782871,
            34.433253790483086
          ],
          [
            -119.15533821782871,
            34.433253790483086
          ],
          [
            -119.15534910891435,
            34.433253790483086
          ],
          [
            -119.15536,
            34.433249267233585
          ],
          [
            -119.15537089108565,
            34.43324474398408
          ],
          [
            -119.15537089108565,
            34.43324474398408
          ],
          [
            -119.15538178217129,
            34.43324474398408
          ],
          [
            -119.15539267325694,
            34.43324022073458
          ],
          [
            -119.15540356434259,
            34.433235697485074
          ],
          [
            -119.15540356434259,
            34.433235697485074
          ],
          [
            -119.15541445542824,
            34.433235697485074
          ],
          [
            -119.15542534651388,
            34.433235697485074
          ],
          [
            -119.15542534651388,
            34.433235697485074
          ],
          [
            -119.15543623759953,
            34.43324022073458
          ],
          [
            -119.15544712868518,
            34.43324022073458
          ],
          [
            -119.15545801977083,
            34.43324022073458
          ],
          [
            -119.15546891085647,
            34.433238712984746
          ],
          [
            -119.15547980194212,
            34.433238712984746
          ],
          [
            -119.15549069302777,
            34.433235697485074
          ],
          [
            -119.15549069302777,
            34.433235697485074
          ],
          [
            -119.15550158411342,
            34.433235697485074
          ],
          [
            -119.15551247519906,
            34.43323343586032
          ],
          [
            -119.15552336628471,
            34.433235697485074
          ],
          [
            -119.15553425737036,
            34.433235697485074
          ],
          [
            -119.15554514845601,
            34.43323117423557
          ],
          [
            -119.15555059399884,
            34.43322665098607
          ],
          [
            -119.15555603954165,
            34.43322212773657
          ],
          [
            -119.15556148508448,
            34.43321760448707
          ],
          [
            -119.1555669306273,
            34.43320855798806
          ],
          [
            -119.1555669306273,
            34.43320855798806
          ],
          [
            -119.15557782171295,
            34.43319951148906
          ],
          [
            -119.15557782171295,
            34.43319951148906
          ],
          [
            -119.1555887127986,
            34.433190464990055
          ],
          [
            -119.1555887127986,
            34.433190464990055
          ],
          [
            -119.15559960388424,
            34.433190464990055
          ],
          [
            -119.15561049496989,
            34.433181418491046
          ],
          [
            -119.15561049496989,
            34.43317237199204
          ],
          [
            -119.15561049496989,
            34.433163325493034
          ],
          [
            -119.15561049496989,
            34.43315427899403
          ],
          [
            -119.15561049496989,
            34.43315427899403
          ],
          [
            -119.15562138605554,
            34.43314523249503
          ],
          [
            -119.15562138605554,
            34.43313618599602
          ],
          [
            -119.15562138605554,
            34.43312713949702
          ],
          [
            -119.15562138605554,
            34.433118092998015
          ],
          [
            -119.15562138605554,
            34.433109046499006
          ],
          [
            -119.15562138605554,
            34.4331
          ],
          [
            -119.15562138605554,
            34.4331
          ],
          [
            -119.1556322771412,
            34.4330954767505
          ],
          [
            -119.155637722684,
            34.433090953501
          ],
          [
            -119.15564316822683,
            34.43308643025149
          ],
          [
            -119.15565405931248,
            34.43308190700199
          ],
          [
            -119.15565042895061,
            34.43307286050299
          ],
          [
            -119.15564316822683,
            34.43306924190339
          ],
          [
            -119.1556322771412,
            34.43306833725349
          ],
          [
            -119.15562138605554,
            34.43306607562874
          ],
          [
            -119.15561049496989,
            34.43306607562874
          ],
          [
            -119.15559960388424,
            34.43306381400399
          ],
          [
            -119.15559960388424,
            34.43306381400399
          ],
          [
            -119.1555887127986,
            34.43306200470418
          ],
          [
            -119.15557782171295,
            34.43306155237923
          ],
          [
            -119.1555669306273,
            34.433060798504314
          ],
          [
            -119.15555603954165,
            34.433060798504314
          ],
          [
            -119.15554514845601,
            34.43305778300465
          ],
          [
            -119.15553425737036,
            34.43305476750498
          ],
          [
            -119.15553425737036,
            34.43305476750498
          ],
          [
            -119.15552336628471,
            34.43304873650564
          ],
          [
            -119.15551247519906,
            34.433045721005975
          ],
          [
            -119.15551247519906,
            34.433045721005975
          ],
          [
            -119.15550158411342,
            34.433041197756474
          ],
          [
            -119.15549069302777,
            34.43303667450697
          ],
          [
            -119.15549069302777,
            34.43303667450697
          ],
          [
            -119.15547980194212,
            34.433033055907366
          ],
          [
            -119.15546891085647,
            34.43302762800796
          ],
          [
            -119.15546891085647,
            34.43302762800796
          ],
          [
            -119.15545801977083,
            34.43302581870816
          ],
          [
            -119.15544712868518,
            34.43302400940836
          ],
          [
            -119.15543623759953,
            34.43302084313371
          ],
          [
            -119.15542534651388,
            34.43301858150896
          ],
          [
            -119.15542534651388,
            34.43301858150896
          ],
          [
            -119.15541445542824,
            34.43301631988421
          ],
          [
            -119.15540356434259,
            34.43301255050962
          ],
          [
            -119.1553999339807,
            34.43300953500995
          ],
          [
            -119.15539267325694,
            34.4330072733852
          ],
          [
            -119.15538178217129,
            34.433006519510286
          ],
          [
            -119.15537089108565,
            34.433005514343726
          ],
          [
            -119.15536,
            34.433004600555954
          ],
          [
            -119.15534910891435,
            34.43300350401062
          ],
          [
            -119.15534039604583,
            34.43300048851095
          ],
          [
            -119.15533821782871,
            34.43299898076111
          ],
          [
            -119.15533043848181,
            34.43299144201195
          ],
          [
            -119.15532732674306,
            34.432989180387196
          ],
          [
            -119.15531643565741,
            34.43298578795007
          ],
          [
            -119.15530554457176,
            34.43298390326277
          ],
          [
            -119.15529465348612,
            34.43298239551294
          ],
          [
            -119.15528376240047,
            34.43298239551294
          ],
          [
            -119.15528376240047,
            34.43298239551294
          ],
          [
            -119.15527287131482,
            34.43298110315594
          ],
          [
            -119.15526198022917,
            34.43298110315594
          ],
          [
            -119.15525108914353,
            34.43298110315594
          ],
          [
            -119.15524019805788,
            34.43297938001327
          ],
          [
            -119.15522930697223,
            34.43297593372794
          ],
          [
            -119.1552238614294,
            34.432973349013935
          ],
          [
            -119.15521841588658,
            34.43297076429993
          ],
          [
            -119.15520752480094,
            34.43296882576443
          ],
          [
            -119.15519663371529,
            34.43296882576443
          ],
          [
            -119.15518574262964,
            34.432969730414335
          ],
          [
            -119.15517485154399,
            34.432969730414335
          ],
          [
            -119.15516396045835,
            34.43297153971413
          ],
          [
            -119.1551530693727,
            34.43297153971413
          ],
          [
            -119.15514217828705,
            34.43297153971413
          ],
          [
            -119.1551312872014,
            34.43297153971413
          ],
          [
            -119.15512039611576,
            34.43296882576443
          ],
          [
            -119.15510950503011,
            34.43296430251493
          ],
          [
            -119.15510950503011,
            34.43296430251493
          ],
          [
            -119.15510483742197,
            34.43295525601592
          ],
          [
            -119.15510483742197,
            34.43294620951692
          ],
          [
            -119.15510732681298,
            34.43293716301792
          ],
          [
            -119.15510405948729,
            34.43292811651891
          ],
          [
            -119.15509970305303,
            34.432919070019906
          ],
          [
            -119.15509861394446,
            34.432910023520904
          ],
          [
            -119.15509861394446,
            34.432910023520904
          ],
          [
            -119.15509394633632,
            34.432900977021895
          ],
          [
            -119.15508772285881,
            34.432895807593894
          ],
          [
            -119.15508118820743,
            34.43289193052289
          ],
          [
            -119.15507683177317,
            34.43288891502322
          ],
          [
            -119.15506594068752,
            34.43288417638089
          ],
          [
            -119.15506231032563,
            34.43288288402388
          ],
          [
            -119.15505504960187,
            34.432880299309886
          ],
          [
            -119.15504415851622,
            34.432876422238884
          ],
          [
            -119.15503689779246,
            34.43287383752488
          ],
          [
            -119.15503326743058,
            34.43287270671251
          ],
          [
            -119.15502237634493,
            34.43287254516788
          ],
          [
            -119.15501148525928,
            34.43287383752488
          ],
          [
            -119.15501148525928,
            34.43287383752488
          ],
          [
            -119.15500059417363,
            34.43287609914963
          ],
          [
            -119.15498970308799,
            34.432876422238884
          ],
          [
            -119.15498534665373,
            34.43287383752488
          ],
          [
            -119.15497881200234,
            34.432870822025215
          ],
          [
            -119.15496792091669,
            34.43286680135899
          ],
          [
            -119.15496247537386,
            34.43286479102588
          ],
          [
            -119.15495702983104,
            34.432863399256796
          ],
          [
            -119.1549461387454,
            34.432859513901455
          ],
          [
            -119.15493524765975,
            34.43285574452687
          ],
          [
            -119.1549243565741,
            34.43285574452687
          ],
          [
            -119.15491346548845,
            34.43285775485998
          ],
          [
            -119.15490257440281,
            34.43285976519309
          ],
          [
            -119.15489168331716,
            34.43286026777638
          ],
          [
            -119.15488079223151,
            34.432860913954876
          ],
          [
            -119.15486990114586,
            34.43286349866887
          ],
          [
            -119.15486445560305,
            34.43286479102588
          ],
          [
            -119.15485901006022,
            34.43286629877571
          ],
          [
            -119.15484811897457,
            34.43286996045388
          ],
          [
            -119.15483995066033,
            34.43287383752488
          ],
          [
            -119.15483722788892,
            34.43287534527472
          ],
          [
            -119.15482633680327,
            34.432880299309886
          ],
          [
            -119.1548190760795,
            34.43288288402388
          ],
          [
            -119.15481544571763,
            34.43288439177372
          ]
        ]
      }
    },
    {
      "type": "Feature",
      "properties": {
        "kind": "contour",
        "elevation_m": 424.5,
        "interval_m": 0.5
      },
      "geometry": {
        "type": "LineString",
        "coordinates": [
          [
            -119.15568673256942,
            34.43314523249503
          ],
          [
            -119.15567584148378,
            34.43315427899403
          ],
          [
            -119.15567584148378,
            34.433163325493034
          ],
          [
            -119.15567584148378,
            34.43317237199204
          ],
          [
            -119.15568673256942,
            34.433181418491046
          ],
          [
            -119.15569762365507,
            34.43317237199204
          ],
          [
            -119.15569762365507,
            34.433163325493034
          ],
          [
            -119.15569762365507,
            34.43315427899403
          ],
          [
            -119.15568673256942,
            34.43314523249503
          ]
        ]
      }
    },
    {
      "type": "Feature",
      "properties": {
        "kind": "contour",
        "elevation_m": 425.0,
        "interval_m": 0.5
      },
      "geometry": {
        "type": "LineString",
        "coordinates": [
          [
            -119.15521841588658,
            34.43355232495025
          ],
          [
            -119.15521841588658,
            34.43354327845124
          ],
          [
            -119.15520752480094,
            34.43353423195224
          ],
          [
            -119.15520752480094,
            34.43353423195224
          ],
          [
            -119.15519663371529,
            34.433525185453234
          ],
          [
            -119.15518574262964,
            34.433525185453234
          ],
          [
            -119.15517485154399,
            34.433525185453234
          ],
          [
            -119.15517485154399,
            34.433525185453234
          ],
          [
            -119.15516396045835,
            34.433516138954225
          ],
          [
            -119.1551530693727,
            34.433516138954225
          ],
          [
            -119.1551530693727,
            34.433516138954225
          ],
          [
            -119.15514217828705,
            34.43350709245522
          ],
          [
            -119.15514217828705,
            34.43350709245522
          ],
          [
            -119.15514217828705,
            34.43349804595622
          ],
          [
            -119.15514217828705,
            34.43349804595622
          ],
          [
            -119.1551530693727,
            34.43348899945721
          ],
          [
            -119.1551530693727,
            34.43347995295821
          ],
          [
            -119.1551530693727,
            34.433470906459206
          ],
          [
            -119.1551530693727,
            34.4334618599602
          ],
          [
            -119.15514217828705,
            34.433452813461194
          ],
          [
            -119.15514217828705,
            34.433452813461194
          ],
          [
            -119.1551312872014,
            34.43344829021169
          ],
          [
            -119.15512039611576,
            34.43344376696219
          ],
          [
            -119.15512039611576,
            34.43344376696219
          ],
          [
            -119.15512039611576,
            34.43343472046318
          ],
          [
            -119.15510950503011,
            34.43342567396418
          ],
          [
            -119.15510950503011,
            34.43342567396418
          ],
          [
            -119.15510950503011,
            34.43341662746517
          ],
          [
            -119.15509861394446,
            34.43340758096617
          ],
          [
            -119.15509861394446,
            34.43340758096617
          ],
          [
            -119.15509861394446,
            34.43340758096617
          ],
          [
            -119.15510405948729,
            34.433398534467166
          ],
          [
            -119.15510950503011,
            34.43338948796816
          ],
          [
            -119.15510950503011,
            34.433380441469154
          ],
          [
            -119.15510950503011,
            34.43337139497015
          ],
          [
            -119.15510950503011,
            34.43336234847114
          ],
          [
            -119.15510950503011,
            34.43336234847114
          ],
          [
            -119.15512039611576,
            34.43335330197214
          ],
          [
            -119.15512039611576,
            34.43334425547314
          ],
          [
            -119.15512039611576,
            34.43334425547314
          ],
          [
            -119.1551312872014,
            34.43334425547314
          ],
          [
            -119.15514217828705,
            34.43334425547314
          ],
          [
            -119.1551530693727,
            34.43333973222363
          ],
          [
            -119.15516396045835,
            34.43333520897413
          ],
          [
            -119.15516396045835,
            34.43333520897413
          ],
          [
            -119.15517485154399,
            34.43333520897413
          ],
          [
            -119.15518574262964,
            34.433326162475126
          ],
          [
            -119.15518574262964,
            34.433326162475126
          ],
          [
            -119.15519663371529,
            34.433326162475126
          ],
          [
            -119.15520752480094,
            34.433321639225625
          ],
          [
            -119.15521297034375,
            34.43331711597612
          ],
          [
            -119.15521841588658,
            34.433308069477114
          ],
          [
            -119.15521841588658,
            34.43329902297811
          ],
          [
            -119.15521841588658,
            34.43329902297811
          ],
          [
            -119.15522930697223,
            34.4332899764791
          ],
          [
            -119.15521841588658,
            34.4332809299801
          ],
          [
            -119.15521841588658,
            34.4332809299801
          ],
          [
            -119.15520752480094,
            34.4332718834811
          ],
          [
            -119.15519663371529,
            34.4332718834811
          ],
          [
            -119.15518574262964,
            34.4332718834811
          ],
          [
            -119.15518574262964,
            34.4332718834811
          ],
          [
            -119.15518574262964,
            34.4332718834811
          ],
          [
            -119.15519663371529,
            34.43326283698209
          ],
          [
            -119.15518574262964,
            34.433253790483086
          ],
          [
            -119.15518574262964,
            34.433253790483086
          ],
          [
            -119.15517485154399,
            34.43324474398408
          ],
          [
            -119.15517485154399,
            34.43324474398408
          ],
          [
            -119.15517485154399,
            34.433235697485074
          ],
          [
            -119.15517485154399,
            34.433235697485074
          ],
          [
            -119.15518574262964,
            34.43322665098607
          ],
          [
            -119.15518574262964,
            34.43321760448707
          ],
          [
            -119.15518574262964,
            34.43321760448707
          ],
          [
            -119.15519663371529,
            34.43321760448707
          ],
          [
            -119.15520752480094,
            34.43321308123756
          ],
          [
            -119.15521841588658,
            34.43321308123756
          ],
          [
            -119.15522930697223,
            34.43321760448707
          ],
          [
            -119.15522930697223,
            34.43321760448707
          ],
          [
            -119.15524019805788,
            34.43322212773657
          ],
          [
            -119.15525108914353,
            34.43322665098607
          ],
          [
            -119.15525108914353,
            34.43322665098607
          ],
          [
            -119.15526198022917,
            34.43322891261082
          ],
          [
            -119.15527287131482,
            34.43322966648574
          ],
          [
            -119.15528376240047,
            34.43323268198541
          ],
          [
            -119.15529465348612,
            34.43323268198541
          ],
          [
            -119.15530554457176,
            34.43322665098607
          ],
          [
            -119.15530554457176,
            34.43322665098607
          ],
          [
            -119.15531643565741,
            34.43322665098607
          ],
          [
            -119.15532732674306,
            34.43322665098607
          ],
          [
            -119.15533821782871,
            34.43322438936132
          ],
          [
            -119.15534910891435,
            34.43322212773657
          ],
          [
            -119.15536,
            34.43321986611182
          ],
          [
            -119.15537089108565,
            34.43321986611182
          ],
          [
            -119.15538178217129,
            34.43321760448707
          ],
          [
            -119.15538178217129,
            34.43321760448707
          ],
          [
            -119.15539267325694,
            34.4332145889874
          ],
          [
            -119.15540356434259,
            34.43321308123756
          ],
          [
            -119.15541445542824,
            34.43321157348773
          ],
          [
            -119.15542534651388,
            34.43320855798806
          ],
          [
            -119.15542534651388,
            34.43320855798806
          ],
          [
            -119.15543623759953,
            34.43320855798806
          ],
          [
            -119.15544712868518,
            34.43320855798806
          ],
          [
            -119.15545801977083,
            34.43320855798806
          ],
          [
            -119.15546891085647,
            34.43319951148906
          ],
          [
            -119.15546891085647,
            34.433190464990055
          ],
          [
            -119.15546891085647,
            34.433181418491046
          ],
          [
            -119.15546891085647,
            34.43317237199204
          ],
          [
            -119.15546891085647,
            34.43317237199204
          ],
          [
            -119.15547980194212,
            34.433163325493034
          ],
          [
            -119.15547980194212,
            34.43315427899403
          ],
          [
            -119.15547980194212,
            34.43315427899403
          ],
          [
            -119.15548524748495,
            34.43314523249503
          ],
          [
            -119.15547980194212,
            34.43313618599602
          ],
          [
            -119.15547980194212,
            34.43313618599602
          ],
          [
            -119.15547254121836,
            34.43312713949702
          ],
          [
            -119.15546891085647,
            34.433122616247516
          ],
          [
            -119.1554652804946,
            34.433118092998015
          ],
          [
            -119.1554652804946,
            34.433109046499006
          ],
          [
            -119.15546891085647,
            34.4331
          ],
          [
            -119.15546891085647,
            34.433090953501
          ],
          [
            -119.15546891085647,
            34.43308190700199
          ],
          [
            -119.15545801977083,
            34.43307286050299
          ],
          [
            -119.15545801977083,
            34.43307286050299
          ],
          [
            -119.15545801977083,
            34.43306381400399
          ],
          [
            -119.15544712868518,
            34.43305476750498
          ],
          [
            -119.15544712868518,
            34.43305476750498
          ],
          [
            -119.15543623759953,
            34.433050244255476
          ],
          [
            -119.15542534651388,
            34.433045721005975
          ],
          [
            -119.15541445542824,
            34.433045721005975
          ],
          [
            -119.15541445542824,
            34.433045721005975
          ],
          [
            -119.15540356434259,
            34.433041197756474
          ],
          [
            -119.15539811879977,
            34.43303667450697
          ],
          [
            -119.15539267325694,
            34.433032151257464
          ],
          [
            -119.15538722771412,
            34.43302762800796
          ],
          [
            -119.15538178217129,
            34.43302310475846
          ],
          [
            -119.15537089108565,
            34.43301858150896
          ],
          [
            -119.15537089108565,
            34.43301858150896
          ],
          [
            -119.15536,
            34.43301405825946
          ],
          [
            -119.15534910891435,
            34.43300953500995
          ],
          [
            -119.15534910891435,
            34.43300953500995
          ],
          [
            -119.15533821782871,
            34.43300752467684
          ],
          [
            -119.15532732674306,
            34.4330027501357
          ],
          [
            -119.15532188120024,
            34.43300048851095
          ],
          [
            -119.15531643565741,
            34.4329982268862
          ],
          [
            -119.15530554457176,
            34.43299686991135
          ],
          [
            -119.15529465348612,
            34.43299596526145
          ],
          [
            -119.15528376240047,
            34.4329937036367
          ],
          [
            -119.15527287131482,
            34.43299144201195
          ],
          [
            -119.15527287131482,
            34.43299144201195
          ],
          [
            -119.15526198022917,
            34.43299031119957
          ],
          [
            -119.15525108914353,
            34.43299031119957
          ],
          [
            -119.15524019805788,
            34.43299014965494
          ],
          [
            -119.15522930697223,
            34.432986918762445
          ],
          [
            -119.15521841588658,
            34.43298239551294
          ],
          [
            -119.15521841588658,
            34.43298239551294
          ],
          [
            -119.15520752480094,
            34.43298088776311
          ],
          [
            -119.15519663371529,
            34.43298239551294
          ],
          [
            -119.15519663371529,
            34.43298239551294
          ],
          [
            -119.15518574262964,
            34.43298465713769
          ],
          [
            -119.15517485154399,
            34.43298465713769
          ],
          [
            -119.15516396045835,
            34.43298465713769
          ],
          [
            -119.1551530693727,
            34.43298420481274
          ],
          [
            -119.15514217828705,
            34.43298239551294
          ],
          [
            -119.1551312872014,
            34.43298239551294
          ],
          [
            -119.1551312872014,
            34.43298239551294
          ],
          [
            -119.15512039611576,
            34.432979003075815
          ],
          [
            -119.15510950503011,
            34.432975610638685
          ],
          [
            -119.15510224430635,
            34.432973349013935
          ],
          [
            -119.15509861394446,
            34.432971087389184
          ],
          [
            -119.15509498358259,
            34.43296430251493
          ],
          [
            -119.15509377346196,
            34.43295525601592
          ],
          [
            -119.15509377346196,
            34.43294620951692
          ],
          [
            -119.15509316840163,
            34.43293716301792
          ],
          [
            -119.15509316840163,
            34.43292811651891
          ],
          [
            -119.1550909901845,
            34.432919070019906
          ],
          [
            -119.15508893297944,
            34.432910023520904
          ],
          [
            -119.15508772285881,
            34.4329082142211
          ],
          [
            -119.15508046213505,
            34.432900977021895
          ],
          [
            -119.15507683177317,
            34.432898715397144
          ],
          [
            -119.15506594068752,
            34.43289451523689
          ],
          [
            -119.15505867996376,
            34.43289193052289
          ],
          [
            -119.15505504960187,
            34.43289063816589
          ],
          [
            -119.15504415851622,
            34.432886761094885
          ],
          [
            -119.15503326743058,
            34.43288288402388
          ],
          [
            -119.15502237634493,
            34.43288288402388
          ],
          [
            -119.15501148525928,
            34.43288966889814
          ],
          [
            -119.15500603971645,
            34.43289193052289
          ],
          [
            -119.15500059417363,
            34.43289419214764
          ],
          [
            -119.1549984159565,
            34.43289193052289
          ],
          [
            -119.15498970308799,
            34.432886761094885
          ],
          [
            -119.1549831684366,
            34.43288288402388
          ],
          [
            -119.15497881200234,
            34.432880299309886
          ],
          [
            -119.15496792091669,
            34.43287534527472
          ],
          [
            -119.15496574269956,
            34.43287383752488
          ],
          [
            -119.15495702983104,
            34.43287021892528
          ],
          [
            -119.1549461387454,
            34.43286592183825
          ],
          [
            -119.15494069320258,
            34.43286479102588
          ],
          [
            -119.15493524765975,
            34.43286378585932
          ],
          [
            -119.1549243565741,
            34.43286378585932
          ],
          [
            -119.15491891103127,
            34.43286479102588
          ],
          [
            -119.15491346548845,
            34.432866083382876
          ],
          [
            -119.15490257440281,
            34.43286866809688
          ],
          [
            -119.15489168331716,
            34.432870822025215
          ],
          [
            -119.15488079223151,
            34.43287383752488
          ],
          [
            -119.15488079223151,
            34.43287383752488
          ],
          [
            -119.15486990114586,
            34.432875646824684
          ],
          [
            -119.15485901006022,
            34.43287836077438
          ],
          [
            -119.15484811897457,
            34.432881376274054
          ],
          [
            -119.15484539620316,
            34.43288288402388
          ],
          [
            -119.15483722788892,
            34.43288740727339
          ],
          [
            -119.15482633680327,
            34.43289063816589
          ],
          [
            -119.15482361403187,
            34.43289193052289
          ],
          [
            -119.15481544571763,
            34.432895807593894
          ]
        ]
      }
    },
    {
      "type": "Feature",
      "properties": {
        "kind": "contour",
        "elevation_m": 425.5,
        "interval_m": 0.5
      },
      "geometry": {
        "type": "LineString",
        "coordinates": [
          [
            -119.15512584165857,
            34.43355232495025
          ],
          [
            -119.15512039611576,
            34.43354327845124
          ],
          [
            -119.15512039611576,
            34.43354327845124
          ],
          [
            -119.15510950503011,
            34.43353423195224
          ],
          [
            -119.15510950503011,
            34.43353423195224
          ],
          [
            -119.15509861394446,
            34.433529708702736
          ],
          [
            -119.15509316840163,
            34.433525185453234
          ],
          [
            -119.15508772285881,
            34.43352066220373
          ],
          [
            -119.155082277316,
            34.433516138954225
          ],
          [
            -119.15507683177317,
            34.433511615704724
          ],
          [
            -119.15506594068752,
            34.43350709245522
          ],
          [
            -119.15506594068752,
            34.43350709245522
          ],
          [
            -119.15506594068752,
            34.43349804595622
          ],
          [
            -119.1550604951447,
            34.43348899945721
          ],
          [
            -119.15505504960187,
            34.43347995295821
          ],
          [
            -119.15505504960187,
            34.43347995295821
          ],
          [
            -119.15504415851622,
            34.433470906459206
          ],
          [
            -119.15503326743058,
            34.433470906459206
          ],
          [
            -119.15503326743058,
            34.433470906459206
          ],
          [
            -119.15502237634493,
            34.4334618599602
          ],
          [
            -119.15502237634493,
            34.4334618599602
          ],
          [
            -119.15502237634493,
            34.433452813461194
          ],
          [
            -119.15502237634493,
            34.43344376696219
          ],
          [
            -119.1550169308021,
            34.43343472046318
          ],
          [
            -119.15501148525928,
            34.43342567396418
          ],
          [
            -119.15501148525928,
            34.43342567396418
          ],
          [
            -119.15501148525928,
            34.43341662746517
          ],
          [
            -119.15500059417363,
            34.43340758096617
          ],
          [
            -119.15500059417363,
            34.43340758096617
          ],
          [
            -119.15500059417363,
            34.43340758096617
          ],
          [
            -119.15501148525928,
            34.433398534467166
          ],
          [
            -119.15501148525928,
            34.43338948796816
          ],
          [
            -119.15500603971645,
            34.433380441469154
          ],
          [
            -119.15500059417363,
            34.43337139497015
          ],
          [
            -119.15498970308799,
            34.433380441469154
          ],
          [
            -119.15498970308799,
            34.433380441469154
          ],
          [
            -119.15497881200234,
            34.433380441469154
          ],
          [
            -119.15497881200234,
            34.433380441469154
          ],
          [
            -119.15497881200234,
            34.43337139497015
          ],
          [
            -119.15497881200234,
            34.43337139497015
          ],
          [
            -119.15498970308799,
            34.43336687172065
          ],
          [
            -119.15500059417363,
            34.43336234847114
          ],
          [
            -119.15500059417363,
            34.43335330197214
          ],
          [
            -119.15500059417363,
            34.43334425547314
          ],
          [
            -119.15500059417363,
            34.43333520897413
          ],
          [
            -119.15500059417363,
            34.43333520897413
          ],
          [
            -119.15501148525928,
            34.43333520897413
          ],
          [
            -119.15502237634493,
            34.433326162475126
          ],
          [
            -119.15502237634493,
            34.43331711597612
          ],
          [
            -119.15502237634493,
            34.433308069477114
          ],
          [
            -119.15502237634493,
            34.43329902297811
          ],
          [
            -119.15502237634493,
            34.4332899764791
          ],
          [
            -119.15502237634493,
            34.4332809299801
          ],
          [
            -119.15501148525928,
            34.4332718834811
          ],
          [
            -119.15501148525928,
            34.4332718834811
          ],
          [
            -119.15501148525928,
            34.43326283698209
          ],
          [
            -119.15501148525928,
            34.43326283698209
          ],
          [
            -119.15502237634493,
            34.433253790483086
          ],
          [
            -119.15502237634493,
            34.433253790483086
          ],
          [
            -119.15503326743058,
            34.43324474398408
          ],
          [
            -119.15503326743058,
            34.43324474398408
          ],
          [
            -119.15504415851622,
            34.433235697485074
          ],
          [
            -119.15504415851622,
            34.433235697485074
          ],
          [
            -119.15505504960187,
            34.433235697485074
          ],
          [
            -119.15506594068752,
            34.43322665098607
          ],
          [
            -119.15506594068752,
            34.43322665098607
          ],
          [
            -119.15507683177317,
            34.43321760448707
          ],
          [
            -119.15507683177317,
            34.43321760448707
          ],
          [
            -119.15508772285881,
            34.43320855798806
          ],
          [
            -119.15508772285881,
            34.43319951148906
          ],
          [
            -119.15508772285881,
            34.43319951148906
          ],
          [
            -119.15509861394446,
            34.433190464990055
          ],
          [
            -119.15509861394446,
            34.433190464990055
          ],
          [
            -119.15510950503011,
            34.433181418491046
          ],
          [
            -119.15510950503011,
            34.433181418491046
          ],
          [
            -119.15512039611576,
            34.433176895241544
          ],
          [
            -119.1551312872014,
            34.43317237199204
          ],
          [
            -119.1551312872014,
            34.43317237199204
          ],
          [
            -119.15514217828705,
            34.43317237199204
          ],
          [
            -119.1551530693727,
            34.43317237199204
          ],
          [
            -119.15516396045835,
            34.43317237199204
          ],
          [
            -119.15516396045835,
            34.43317237199204
          ],
          [
            -119.15517485154399,
            34.433176895241544
          ],
          [
            -119.15518574262964,
            34.433176895241544
          ],
          [
            -119.15519663371529,
            34.433181418491046
          ],
          [
            -119.15520752480094,
            34.433181418491046
          ],
          [
            -119.15520752480094,
            34.433181418491046
          ],
          [
            -119.15521841588658,
            34.43318443399072
          ],
          [
            -119.15522930697223,
            34.433190464990055
          ],
          [
            -119.15522930697223,
            34.433190464990055
          ],
          [
            -119.15524019805788,
            34.433194988239556
          ],
          [
            -119.15524564360071,
            34.43319951148906
          ],
          [
            -119.15525108914353,
            34.43320403473856
          ],
          [
            -119.15526198022917,
            34.43320855798806
          ],
          [
            -119.15526198022917,
            34.43320855798806
          ],
          [
            -119.15527287131482,
            34.43321157348773
          ],
          [
            -119.15528376240047,
            34.43321157348773
          ],
          [
            -119.15529465348612,
            34.43320855798806
          ],
          [
            -119.15529465348612,
            34.43320855798806
          ],
          [
            -119.15530554457176,
            34.43319951148906
          ],
          [
            -119.15530554457176,
            34.433190464990055
          ],
          [
            -119.15530554457176,
            34.433181418491046
          ],
          [
            -119.15530554457176,
            34.433181418491046
          ],
          [
            -119.15531643565741,
            34.433181418491046
          ],
          [
            -119.15532732674306,
            34.433181418491046
          ],
          [
            -119.15533821782871,
            34.433181418491046
          ],
          [
            -119.15534910891435,
            34.433181418491046
          ],
          [
            -119.15534910891435,
            34.433181418491046
          ],
          [
            -119.15536,
            34.433190464990055
          ],
          [
            -119.15536,
            34.433190464990055
          ],
          [
            -119.15537089108565,
            34.433194988239556
          ],
          [
            -119.15538178217129,
            34.433190464990055
          ],
          [
            -119.15538178217129,
            34.433190464990055
          ],
          [
            -119.15539267325694,
            34.433181418491046
          ],
          [
            -119.15539267325694,
            34.43317237199204
          ],
          [
            -119.15539267325694,
            34.433163325493034
          ],
          [
            -119.15539267325694,
            34.43315427899403
          ],
          [
            -119.15539267325694,
            34.43314523249503
          ],
          [
            -119.15539267325694,
            34.43314523249503
          ],
          [
            -119.15539811879977,
            34.43313618599602
          ],
          [
            -119.15539811879977,
            34.43312713949702
          ],
          [
            -119.15539811879977,
            34.433118092998015
          ],
          [
            -119.15539811879977,
            34.433109046499006
          ],
          [
            -119.15540356434259,
            34.4331
          ],
          [
            -119.15539267325694,
            34.433090953501
          ],
          [
            -119.15539267325694,
            34.433090953501
          ],
          [
            -119.15538178217129,
            34.43308190700199
          ],
          [
            -119.15538178217129,
            34.43308190700199
          ],
          [
            -119.15537089108565,
            34.43307286050299
          ],
          [
            -119.15536,
            34.43307286050299
          ],
          [
            -119.15536,
            34.43307286050299
          ],
          [
            -119.15534910891435,
            34.43306381400399
          ],
          [
            -119.15533821782871,
            34.43306381400399
          ],
          [
            -119.15533821782871,
            34.43306381400399
          ],
          [
            -119.15532732674306,
            34.43305476750498
          ],
          [
            -119.15531643565741,
            34.43305476750498
          ],
          [
            -119.15531643565741,
            34.43305476750498
          ],
          [
            -119.15530554457176,
            34.433045721005975
          ],
          [
            -119.15529465348612,
            34.433045721005975
          ],
          [
            -119.15528376240047,
            34.433045721005975
          ],
          [
            -119.15527287131482,
            34.433045721005975
          ],
          [
            -119.15526198022917,
            34.433045721005975
          ],
          [
            -119.15525108914353,
            34.433045721005975
          ],
          [
            -119.15524019805788,
            34.433045721005975
          ],
          [
            -119.15522930697223,
            34.433045721005975
          ],
          [
            -119.15521841588658,
            34.433045721005975
          ],
          [
            -119.15521841588658,
            34.433045721005975
          ],
          [
            -119.15520752480094,
            34.43303667450697
          ],
          [
            -119.15519663371529,
            34.43303667450697
          ],
          [
            -119.15519663371529,
            34.43303667450697
          ],
          [
            -119.15518574262964,
            34.43302762800796
          ],
          [
            -119.15518574262964,
            34.43302762800796
          ],
          [
            -119.15517485154399,
            34.43301858150896
          ],
          [
            -119.15517485154399,
            34.43301858150896
          ],
          [
            -119.15516396045835,
            34.43300953500995
          ],
          [
            -119.15516396045835,
            34.43300953500995
          ],
          [
            -119.1551530693727,
            34.43300350401062
          ],
          [
            -119.15514217828705,
            34.43300048851095
          ],
          [
            -119.1551312872014,
            34.43300048851095
          ],
          [
            -119.1551312872014,
            34.43300048851095
          ],
          [
            -119.15512039611576,
            34.43299144201195
          ],
          [
            -119.15512039611576,
            34.43299144201195
          ],
          [
            -119.15510950503011,
            34.432986918762445
          ],
          [
            -119.15509861394446,
            34.43298541101261
          ],
          [
            -119.15509316840163,
            34.43298239551294
          ],
          [
            -119.15508772285881,
            34.43297938001327
          ],
          [
            -119.15508336642455,
            34.432973349013935
          ],
          [
            -119.15508336642455,
            34.43296430251493
          ],
          [
            -119.15508305525069,
            34.43295525601592
          ],
          [
            -119.15508305525069,
            34.43294620951692
          ],
          [
            -119.155082277316,
            34.43293716301792
          ],
          [
            -119.15508046213505,
            34.43292811651891
          ],
          [
            -119.15507994351192,
            34.432919070019906
          ],
          [
            -119.15507683177317,
            34.43291303902057
          ],
          [
            -119.15507410900176,
            34.432910023520904
          ],
          [
            -119.15506594068752,
            34.432905500271396
          ],
          [
            -119.15505504960187,
            34.432900977021895
          ],
          [
            -119.15505504960187,
            34.432900977021895
          ],
          [
            -119.15504415851622,
            34.43289796152223
          ],
          [
            -119.15503326743058,
            34.43289645377239
          ],
          [
            -119.1550260067068,
            34.432900977021895
          ],
          [
            -119.15502237634493,
            34.432905500271396
          ],
          [
            -119.15501874598304,
            34.432910023520904
          ],
          [
            -119.15501148525928,
            34.432916054520234
          ],
          [
            -119.15500059417363,
            34.432914546770405
          ],
          [
            -119.15499514863082,
            34.432910023520904
          ],
          [
            -119.15498970308799,
            34.432900977021895
          ],
          [
            -119.15498970308799,
            34.432900977021895
          ],
          [
            -119.15497881200234,
            34.43289645377239
          ],
          [
            -119.15497336645952,
            34.43289193052289
          ],
          [
            -119.15496792091669,
            34.43288966889814
          ],
          [
            -119.15495702983104,
            34.43288288402388
          ],
          [
            -119.15495702983104,
            34.43288288402388
          ],
          [
            -119.1549461387454,
            34.43287685302455
          ],
          [
            -119.15493524765975,
            34.43287685302455
          ],
          [
            -119.1549243565741,
            34.43287685302455
          ],
          [
            -119.15491346548845,
            34.43287836077438
          ],
          [
            -119.15490257440281,
            34.43288288402388
          ],
          [
            -119.15490257440281,
            34.43288288402388
          ],
          [
            -119.15489168331716,
            34.43288891502322
          ],
          [
            -119.15488079223151,
            34.43289193052289
          ],
          [
            -119.15488079223151,
            34.43289193052289
          ],
          [
            -119.15486990114586,
            34.43289193052289
          ],
          [
            -119.15485901006022,
            34.43289796152223
          ],
          [
            -119.15484811897457,
            34.432900977021895
          ],
          [
            -119.15484811897457,
            34.432900977021895
          ],
          [
            -119.15483722788892,
            34.43290399252157
          ],
          [
            -119.15482633680327,
            34.432905500271396
          ],
          [
            -119.15481544571763,
            34.4329082142211
          ]
        ]
      }
    },
    {
      "type": "Feature",
      "properties": {
        "kind": "contour",
        "elevation_m": 425.5,
        "interval_m": 0.5
      },
      "geometry": {
        "type": "LineString",
        "coordinates": [
          [
            -119.15498970308799,
            34.432919070019906
          ],
          [
            -119.15498970308799,
            34.432919070019906
          ],
          [
            -119.15500059417363,
            34.43292811651891
          ],
          [
            -119.15500059417363,
            34.43292811651891
          ],
          [
            -119.15500059417363,
            34.43293716301792
          ],
          [
            -119.15500059417363,
            34.43294620951692
          ],
          [
            -119.15500059417363,
            34.43294620951692
          ],
          [
            -119.15498970308799,
            34.43294620951692
          ],
          [
            -119.15498970308799,
            34.43294620951692
          ],
          [
            -119.15497881200234,
            34.43294168626742
          ],
          [
            -119.15496792091669,
            34.43293716301792
          ],
          [
            -119.15495702983104,
            34.43293716301792
          ],
          [
            -119.15495702983104,
            34.43293716301792
          ],
          [
            -119.15495702983104,
            34.43292811651891
          ],
          [
            -119.15495702983104,
            34.432919070019906
          ],
          [
            -119.15495702983104,
            34.432919070019906
          ],
          [
            -119.15496792091669,
            34.432919070019906
          ],
          [
            -119.15497881200234,
            34.432919070019906
          ],
          [
            -119.15498970308799,
            34.432919070019906
          ]
        ]
      }
    },
    {
      "type": "Feature",
      "properties": {
        "kind": "contour",
        "elevation_m": 426.0,
        "interval_m": 0.5
      },
      "geometry": {
        "type": "LineString",
        "coordinates": [
          [
            -119.15503326743058,
            34.43355232495025
          ],
          [
            -119.15503326743058,
            34.43355232495025
          ],
          [
            -119.15504415851622,
            34.43355232495025
          ],
          [
            -119.15504960405904,
            34.43354327845124
          ],
          [
            -119.15504415851622,
            34.43353423195224
          ],
          [
            -119.15503326743058,
            34.43353423195224
          ],
          [
            -119.15502237634493,
            34.43353423195224
          ],
          [
            -119.15502237634493,
            34.43353423195224
          ],
          [
            -119.15501148525928,
            34.433529708702736
          ],
          [
            -119.15500059417363,
            34.433525185453234
          ],
          [
            -119.15500059417363,
            34.433525185453234
          ],
          [
            -119.15498970308799,
            34.4335191544539
          ],
          [
            -119.15497881200234,
            34.433516138954225
          ],
          [
            -119.15496792091669,
            34.433516138954225
          ],
          [
            -119.15496792091669,
            34.433516138954225
          ],
          [
            -119.15495702983104,
            34.433511615704724
          ],
          [
            -119.1549461387454,
            34.43350709245522
          ],
          [
            -119.15493524765975,
            34.43350709245522
          ],
          [
            -119.15493524765975,
            34.43350709245522
          ],
          [
            -119.1549243565741,
            34.43349804595622
          ],
          [
            -119.1549243565741,
            34.43349804595622
          ],
          [
            -119.1549243565741,
            34.43349804595622
          ],
          [
            -119.15493524765975,
            34.43348899945721
          ],
          [
            -119.1549243565741,
            34.43347995295821
          ],
          [
            -119.1549243565741,
            34.43347995295821
          ],
          [
            -119.15491346548845,
            34.433470906459206
          ],
          [
            -119.15490257440281,
            34.433470906459206
          ],
          [
            -119.15490257440281,
            34.433470906459206
          ],
          [
            -119.15490257440281,
            34.433470906459206
          ],
          [
            -119.15491346548845,
            34.4334618599602
          ],
          [
            -119.15491346548845,
            34.433452813461194
          ],
          [
            -119.15490801994564,
            34.43344376696219
          ],
          [
            -119.15490257440281,
            34.43343472046318
          ],
          [
            -119.15490257440281,
            34.43343472046318
          ],
          [
            -119.15490257440281,
            34.43342567396418
          ],
          [
            -119.15490257440281,
            34.43341662746517
          ],
          [
            -119.15490257440281,
            34.43341662746517
          ],
          [
            -119.15490801994564,
            34.43340758096617
          ],
          [
            -119.15490801994564,
            34.433398534467166
          ],
          [
            -119.15490801994564,
            34.43338948796816
          ],
          [
            -119.15490801994564,
            34.433380441469154
          ],
          [
            -119.15490257440281,
            34.43337139497015
          ],
          [
            -119.15490257440281,
            34.43337139497015
          ],
          [
            -119.15490257440281,
            34.43336234847114
          ],
          [
            -119.15490257440281,
            34.43335330197214
          ],
          [
            -119.15489168331716,
            34.43334425547314
          ],
          [
            -119.15489168331716,
            34.43334425547314
          ],
          [
            -119.15489168331716,
            34.43333520897413
          ],
          [
            -119.15489168331716,
            34.43333520897413
          ],
          [
            -119.15490257440281,
            34.43333520897413
          ],
          [
            -119.15490801994564,
            34.433326162475126
          ],
          [
            -119.15490801994564,
            34.43331711597612
          ],
          [
            -119.15490801994564,
            34.433308069477114
          ],
          [
            -119.15490801994564,
            34.43329902297811
          ],
          [
            -119.15490257440281,
            34.4332899764791
          ],
          [
            -119.15490257440281,
            34.4332899764791
          ],
          [
            -119.15489168331716,
            34.4332809299801
          ],
          [
            -119.15488079223151,
            34.4332809299801
          ],
          [
            -119.15486990114586,
            34.4332809299801
          ],
          [
            -119.15486990114586,
            34.4332809299801
          ],
          [
            -119.15486990114586,
            34.4332718834811
          ],
          [
            -119.15486445560305,
            34.43326283698209
          ],
          [
            -119.15485901006022,
            34.433253790483086
          ],
          [
            -119.15485901006022,
            34.433253790483086
          ],
          [
            -119.15485901006022,
            34.43324474398408
          ],
          [
            -119.15485901006022,
            34.433235697485074
          ],
          [
            -119.15485901006022,
            34.43322665098607
          ],
          [
            -119.15485901006022,
            34.43321760448707
          ],
          [
            -119.15485901006022,
            34.43320855798806
          ],
          [
            -119.15485901006022,
            34.43320855798806
          ],
          [
            -119.15486990114586,
            34.43319951148906
          ],
          [
            -119.15486990114586,
            34.43319951148906
          ],
          [
            -119.15488079223151,
            34.433190464990055
          ],
          [
            -119.15488079223151,
            34.433181418491046
          ],
          [
            -119.15488079223151,
            34.43317237199204
          ],
          [
            -119.15488079223151,
            34.43317237199204
          ],
          [
            -119.15489168331716,
            34.433163325493034
          ],
          [
            -119.15489168331716,
            34.43315427899403
          ],
          [
            -119.15489168331716,
            34.43315427899403
          ],
          [
            -119.15490257440281,
            34.43314523249503
          ],
          [
            -119.15490257440281,
            34.43314523249503
          ],
          [
            -119.15490801994564,
            34.43313618599602
          ],
          [
            -119.15490257440281,
            34.43313166274652
          ],
          [
            -119.15489168331716,
            34.43312713949702
          ],
          [
            -119.15488079223151,
            34.43313166274652
          ],
          [
            -119.15486990114586,
            34.43313166274652
          ],
          [
            -119.15486445560305,
            34.43312713949702
          ],
          [
            -119.15485901006022,
            34.433122616247516
          ],
          [
            -119.15485537969833,
            34.433118092998015
          ],
          [
            -119.15485901006022,
            34.433109046499006
          ],
          [
            -119.15485901006022,
            34.433109046499006
          ],
          [
            -119.15486445560305,
            34.4331
          ],
          [
            -119.15486990114586,
            34.433090953501
          ],
          [
            -119.15486990114586,
            34.433090953501
          ],
          [
            -119.15488079223151,
            34.433090953501
          ],
          [
            -119.15489168331716,
            34.43308190700199
          ],
          [
            -119.15489168331716,
            34.43307286050299
          ],
          [
            -119.15488623777433,
            34.43306381400399
          ],
          [
            -119.15488079223151,
            34.43305476750498
          ],
          [
            -119.15488079223151,
            34.43305476750498
          ],
          [
            -119.15488079223151,
            34.433045721005975
          ],
          [
            -119.15488079223151,
            34.43303667450697
          ],
          [
            -119.15486990114586,
            34.43302762800796
          ],
          [
            -119.15486990114586,
            34.43302762800796
          ],
          [
            -119.15486990114586,
            34.43301858150896
          ],
          [
            -119.15486990114586,
            34.43300953500995
          ],
          [
            -119.15486990114586,
            34.43300953500995
          ],
          [
            -119.15488079223151,
            34.4330072733852
          ],
          [
            -119.15489168331716,
            34.43300350401062
          ],
          [
            -119.15489531367905,
            34.43300048851095
          ],
          [
            -119.15489712885999,
            34.43299144201195
          ],
          [
            -119.15489712885999,
            34.43298239551294
          ],
          [
            -119.15489168331716,
            34.432973349013935
          ],
          [
            -119.15489168331716,
            34.432973349013935
          ],
          [
            -119.15488079223151,
            34.43296882576443
          ],
          [
            -119.15486990114586,
            34.43296430251493
          ],
          [
            -119.15485901006022,
            34.43296430251493
          ],
          [
            -119.15485901006022,
            34.43296430251493
          ],
          [
            -119.15485901006022,
            34.43295525601592
          ],
          [
            -119.1548535645174,
            34.43294620951692
          ],
          [
            -119.15484811897457,
            34.43294168626742
          ],
          [
            -119.15483722788892,
            34.43293716301792
          ],
          [
            -119.15482633680327,
            34.43293716301792
          ],
          [
            -119.15482633680327,
            34.43293716301792
          ],
          [
            -119.15481544571763,
            34.43293263976841
          ]
        ]
      }
    },
    {
      "type": "Feature",
      "properties": {
        "kind": "contour",
        "elevation_m": 426.0,
        "interval_m": 0.5
      },
      "geometry": {
        "type": "LineString",
        "coordinates": [
          [
            -119.15502237634493,
            34.43306833725349
          ],
          [
            -119.15501148525928,
            34.43307286050299
          ],
          [
            -119.15501148525928,
            34.43308190700199
          ],
          [
            -119.1550169308021,
            34.433090953501
          ],
          [
            -119.15501874598304,
            34.4331
          ],
          [
            -119.15502237634493,
            34.433109046499006
          ],
          [
            -119.15503326743058,
            34.4331
          ],
          [
            -119.15503326743058,
            34.4331
          ],
          [
            -119.15503871297341,
            34.433090953501
          ],
          [
            -119.15504415851622,
            34.43308190700199
          ],
          [
            -119.15503326743058,
            34.43307286050299
          ],
          [
            -119.15503326743058,
            34.43307286050299
          ],
          [
            -119.15502237634493,
            34.43306833725349
          ]
        ]
      }
    },
    {
      "type": "Feature",
      "properties": {
        "kind": "contour",
        "elevation_m": 426.0,
        "interval_m": 0.5
      },
      "geometry": {
        "type": "LineString",
        "coordinates": [
          [
            -119.15502237634493,
            34.433118092998015
          ],
          [
            -119.15501148525928,
            34.43312713949702
          ],
          [
            -119.15501148525928,
            34.43312713949702
          ],
          [
            -119.15500059417363,
            34.43313166274652
          ],
          [
            -119.15498970308799,
            34.43313015499669
          ],
          [
            -119.15497881200234,
            34.43313015499669
          ],
          [
            -119.15496792091669,
            34.43313015499669
          ],
          [
            -119.15495702983104,
            34.43313166274652
          ],
          [
            -119.1549461387454,
            34.43313618599602
          ],
          [
            -119.15495702983104,
            34.43314523249503
          ],
          [
            -119.15495702983104,
            34.43314523249503
          ],
          [
            -119.15496792091669,
            34.43314975574453
          ],
          [
            -119.15497881200234,
            34.43314975574453
          ],
          [
            -119.15498970308799,
            34.43314975574453
          ],
          [
            -119.15500059417363,
            34.433151263494366
          ],
          [
            -119.15501148525928,
            34.433151263494366
          ],
          [
            -119.15502237634493,
            34.43314523249503
          ],
          [
            -119.15502237634493,
            34.43314523249503
          ],
          [
            -119.15502782188776,
            34.43313618599602
          ],
          [
            -119.15502782188776,
            34.43312713949702
          ],
          [
            -119.15502237634493,
            34.433118092998015
          ]
        ]
      }
    },
    {
      "type": "Feature",
      "properties": {
        "kind": "contour",
        "elevation_m": 426.0,
        "interval_m": 0.5
      },
      "geometry": {
        "type": "LineString",
        "coordinates": [
          [
            -119.15493524765975,
            34.4334618599602
          ],
          [
            -119.1549243565741,
            34.433470906459206
          ],
          [
            -119.15493524765975,
            34.43347995295821
          ],
          [
            -119.1549461387454,
            34.433470906459206
          ],
          [
            -119.15493524765975,
            34.4334618599602
          ]
        ]
      }
    },
    {
      "type": "Feature",
      "properties": {
        "kind": "contour",
        "elevation_m": 426.5,
        "interval_m": 0.5
      },
      "geometry": {
        "type": "LineString",
        "coordinates": [
          [
            -119.15481544571763,
            34.43308190700199
          ],
          [
            -119.15482633680327,
            34.43307286050299
          ],
          [
            -119.15482633680327,
            34.43306381400399
          ],
          [
            -119.15482633680327,
            34.43305476750498
          ],
          [
            -119.15481544571763,
            34.433045721005975
          ]
        ]
      }
    },
    {
      "type": "Feature",
      "properties": {
        "kind": "contour",
        "elevation_m": 426.5,
        "interval_m": 0.5
      },
      "geometry": {
        "type": "LineString",
        "coordinates": [
          [
            -119.1549243565741,
            34.43355232495025
          ],
          [
            -119.1549243565741,
            34.43355232495025
          ],
          [
            -119.15493524765975,
            34.43354780170075
          ],
          [
            -119.1549461387454,
            34.43354780170075
          ],
          [
            -119.15495702983104,
            34.43355232495025
          ],
          [
            -119.15496792091669,
            34.43354327845124
          ],
          [
            -119.15495702983104,
            34.43353875520174
          ],
          [
            -119.1549461387454,
            34.43353423195224
          ],
          [
            -119.15493524765975,
            34.43353875520174
          ],
          [
            -119.1549243565741,
            34.43353423195224
          ],
          [
            -119.15491346548845,
            34.43353423195224
          ],
          [
            -119.15490257440281,
            34.43353724745191
          ],
          [
            -119.15489168331716,
            34.43353423195224
          ],
          [
            -119.15489168331716,
            34.43353423195224
          ],
          [
            -119.15488079223151,
            34.4335282009529
          ],
          [
            -119.15486990114586,
            34.433525185453234
          ],
          [
            -119.15486990114586,
            34.433525185453234
          ],
          [
            -119.15485901006022,
            34.43352066220373
          ],
          [
            -119.15484811897457,
            34.433516138954225
          ],
          [
            -119.15483722788892,
            34.433516138954225
          ],
          [
            -119.15482633680327,
            34.433525185453234
          ],
          [
            -119.15482633680327,
            34.433525185453234
          ],
          [
            -119.15481544571763,
            34.43353423195224
          ],
          [
            -119.15481544571763,
            34.43354327845124
          ],
          [
            -119.15481544571763,
            34.43355232495025
          ]
        ]
      }
    },
    {
      "type": "Feature",
      "properties": {
        "kind": "contour",
        "elevation_m": 426.5,
        "interval_m": 0.5
      },
      "geometry": {
        "type": "LineString",
        "coordinates": [
          [
            -119.15482633680327,
            34.43348899945721
          ],
          [
            -119.15481544571763,
            34.43349804595622
          ],
          [
            -119.15482633680327,
            34.43350709245522
          ],
          [
            -119.15483722788892,
            34.43349804595622
          ],
          [
            -119.15482633680327,
            34.43348899945721
          ]
        ]
      }
    },
    {
      "type": "Feature",
      "properties": {
        "kind": "oak",
        "height_m": 24.8,
        "drip_line_radius_m": 7.6,
        "ground_m_lidar": 419.9,
        "east_m": 328.5,
        "north_m": 247.5,
        "removed_by_owner_edit": false,
        "note": "crown_radius from trees.csv — drip-line protection zone"
      },
      "geometry": {
        "type": "Point",
        "coordinates": [
          -119.1559028,
          34.4326763
        ]
      }
    },
    {
      "type": "Feature",
      "properties": {
        "kind": "oak",
        "height_m": 9.8,
        "drip_line_radius_m": 1.0,
        "ground_m_lidar": 422.8,
        "east_m": 330.9,
        "north_m": 293.5,
        "removed_by_owner_edit": false,
        "note": "crown_radius from trees.csv — drip-line protection zone"
      },
      "geometry": {
        "type": "Point",
        "coordinates": [
          -119.1558766,
          34.4330924
        ]
      }
    },
    {
      "type": "Feature",
      "properties": {
        "kind": "oak",
        "height_m": 27.4,
        "drip_line_radius_m": 2.4,
        "ground_m_lidar": 422.1,
        "east_m": 333.6,
        "north_m": 335.9,
        "removed_by_owner_edit": false,
        "note": "crown_radius from trees.csv — drip-line protection zone"
      },
      "geometry": {
        "type": "Point",
        "coordinates": [
          -119.1558472,
          34.433476
        ]
      }
    },
    {
      "type": "Feature",
      "properties": {
        "kind": "oak",
        "height_m": 9.2,
        "drip_line_radius_m": 1.0,
        "ground_m_lidar": 423.1,
        "east_m": 336.6,
        "north_m": 291.3,
        "removed_by_owner_edit": false,
        "note": "crown_radius from trees.csv — drip-line protection zone"
      },
      "geometry": {
        "type": "Point",
        "coordinates": [
          -119.1558146,
          34.4330725
        ]
      }
    },
    {
      "type": "Feature",
      "properties": {
        "kind": "oak",
        "height_m": 19.1,
        "drip_line_radius_m": 3.6,
        "ground_m_lidar": 419.6,
        "east_m": 339.0,
        "north_m": 245.0,
        "removed_by_owner_edit": false,
        "note": "crown_radius from trees.csv — drip-line protection zone"
      },
      "geometry": {
        "type": "Point",
        "coordinates": [
          -119.1557884,
          34.4326537
        ]
      }
    },
    {
      "type": "Feature",
      "properties": {
        "kind": "oak",
        "height_m": 7.0,
        "drip_line_radius_m": 1.0,
        "ground_m_lidar": 423.2,
        "east_m": 339.9,
        "north_m": 290.6,
        "removed_by_owner_edit": false,
        "note": "crown_radius from trees.csv — drip-line protection zone"
      },
      "geometry": {
        "type": "Point",
        "coordinates": [
          -119.1557786,
          34.4330662
        ]
      }
    },
    {
      "type": "Feature",
      "properties": {
        "kind": "oak",
        "height_m": 24.1,
        "drip_line_radius_m": 6.5,
        "ground_m_lidar": 420.4,
        "east_m": 346.5,
        "north_m": 252.4,
        "removed_by_owner_edit": false,
        "note": "crown_radius from trees.csv — drip-line protection zone"
      },
      "geometry": {
        "type": "Point",
        "coordinates": [
          -119.1557067,
          34.4327206
        ]
      }
    },
    {
      "type": "Feature",
      "properties": {
        "kind": "oak",
        "height_m": 5.0,
        "drip_line_radius_m": 1.6,
        "ground_m_lidar": 424.1,
        "east_m": 346.9,
        "north_m": 295.8,
        "removed_by_owner_edit": false,
        "note": "crown_radius from trees.csv — drip-line protection zone"
      },
      "geometry": {
        "type": "Point",
        "coordinates": [
          -119.1557024,
          34.4331133
        ]
      }
    },
    {
      "type": "Feature",
      "properties": {
        "kind": "oak",
        "height_m": 9.6,
        "drip_line_radius_m": 1.0,
        "ground_m_lidar": 423.7,
        "east_m": 348.2,
        "north_m": 290.6,
        "removed_by_owner_edit": false,
        "note": "crown_radius from trees.csv — drip-line protection zone"
      },
      "geometry": {
        "type": "Point",
        "coordinates": [
          -119.1556882,
          34.4330662
        ]
      }
    },
    {
      "type": "Feature",
      "properties": {
        "kind": "oak",
        "height_m": 7.9,
        "drip_line_radius_m": 3.4,
        "ground_m_lidar": 424.4,
        "east_m": 352.5,
        "north_m": 294.1,
        "removed_by_owner_edit": false,
        "note": "crown_radius from trees.csv — drip-line protection zone"
      },
      "geometry": {
        "type": "Point",
        "coordinates": [
          -119.1556414,
          34.4330979
        ]
      }
    },
    {
      "type": "Feature",
      "properties": {
        "kind": "oak",
        "height_m": 8.4,
        "drip_line_radius_m": 2.8,
        "ground_m_lidar": 421.8,
        "east_m": 353.6,
        "north_m": 281.7,
        "removed_by_owner_edit": false,
        "note": "crown_radius from trees.csv — drip-line protection zone"
      },
      "geometry": {
        "type": "Point",
        "coordinates": [
          -119.1556294,
          34.4329857
        ]
      }
    },
    {
      "type": "Feature",
      "properties": {
        "kind": "oak",
        "height_m": 5.0,
        "drip_line_radius_m": 1.5,
        "ground_m_lidar": 420.4,
        "east_m": 353.9,
        "north_m": 270.1,
        "removed_by_owner_edit": false,
        "note": "crown_radius from trees.csv — drip-line protection zone"
      },
      "geometry": {
        "type": "Point",
        "coordinates": [
          -119.1556261,
          34.4328808
        ]
      }
    },
    {
      "type": "Feature",
      "properties": {
        "kind": "oak",
        "height_m": 6.2,
        "drip_line_radius_m": 2.0,
        "ground_m_lidar": 420.4,
        "east_m": 356.8,
        "north_m": 271.2,
        "removed_by_owner_edit": false,
        "note": "crown_radius from trees.csv — drip-line protection zone"
      },
      "geometry": {
        "type": "Point",
        "coordinates": [
          -119.1555946,
          34.4328907
        ]
      }
    },
    {
      "type": "Feature",
      "properties": {
        "kind": "oak",
        "height_m": 21.0,
        "drip_line_radius_m": 6.6,
        "ground_m_lidar": 420.3,
        "east_m": 357.0,
        "north_m": 247.9,
        "removed_by_owner_edit": false,
        "note": "crown_radius from trees.csv — drip-line protection zone"
      },
      "geometry": {
        "type": "Point",
        "coordinates": [
          -119.1555924,
          34.4326799
        ]
      }
    },
    {
      "type": "Feature",
      "properties": {
        "kind": "oak",
        "height_m": 28.9,
        "drip_line_radius_m": 8.8,
        "ground_m_lidar": 423.2,
        "east_m": 357.8,
        "north_m": 338.7,
        "removed_by_owner_edit": false,
        "note": "crown_radius from trees.csv — drip-line protection zone"
      },
      "geometry": {
        "type": "Point",
        "coordinates": [
          -119.1555837,
          34.4335013
        ]
      }
    },
    {
      "type": "Feature",
      "properties": {
        "kind": "oak",
        "height_m": 10.7,
        "drip_line_radius_m": 5.9,
        "ground_m_lidar": 423.4,
        "east_m": 358.1,
        "north_m": 286.3,
        "removed_by_owner_edit": false,
        "note": "crown_radius from trees.csv — drip-line protection zone"
      },
      "geometry": {
        "type": "Point",
        "coordinates": [
          -119.1555804,
          34.4330273
        ]
      }
    },
    {
      "type": "Feature",
      "properties": {
        "kind": "oak",
        "height_m": 8.6,
        "drip_line_radius_m": 2.3,
        "ground_m_lidar": 421.8,
        "east_m": 358.6,
        "north_m": 280.4,
        "removed_by_owner_edit": false,
        "note": "crown_radius from trees.csv — drip-line protection zone"
      },
      "geometry": {
        "type": "Point",
        "coordinates": [
          -119.155575,
          34.4329739
        ]
      }
    },
    {
      "type": "Feature",
      "properties": {
        "kind": "oak",
        "height_m": 3.8,
        "drip_line_radius_m": 1.4,
        "ground_m_lidar": 421.1,
        "east_m": 360.7,
        "north_m": 276.3,
        "removed_by_owner_edit": false,
        "note": "crown_radius from trees.csv — drip-line protection zone"
      },
      "geometry": {
        "type": "Point",
        "coordinates": [
          -119.1555521,
          34.4329368
        ]
      }
    },
    {
      "type": "Feature",
      "properties": {
        "kind": "oak",
        "height_m": 15.8,
        "drip_line_radius_m": 7.6,
        "ground_m_lidar": 419.7,
        "east_m": 365.8,
        "north_m": 245.9,
        "removed_by_owner_edit": false,
        "note": "crown_radius from trees.csv — drip-line protection zone"
      },
      "geometry": {
        "type": "Point",
        "coordinates": [
          -119.1554965,
          34.4326618
        ]
      }
    },
    {
      "type": "Feature",
      "properties": {
        "kind": "oak",
        "height_m": 7.5,
        "drip_line_radius_m": 1.3,
        "ground_m_lidar": 424.0,
        "east_m": 365.9,
        "north_m": 286.2,
        "removed_by_owner_edit": false,
        "note": "crown_radius from trees.csv — drip-line protection zone"
      },
      "geometry": {
        "type": "Point",
        "coordinates": [
          -119.1554955,
          34.4330264
        ]
      }
    },
    {
      "type": "Feature",
      "properties": {
        "kind": "oak",
        "height_m": 11.1,
        "drip_line_radius_m": 2.8,
        "ground_m_lidar": 421.0,
        "east_m": 366.5,
        "north_m": 253.3,
        "removed_by_owner_edit": false,
        "note": "crown_radius from trees.csv — drip-line protection zone"
      },
      "geometry": {
        "type": "Point",
        "coordinates": [
          -119.1554889,
          34.4327288
        ]
      }
    },
    {
      "type": "Feature",
      "properties": {
        "kind": "oak",
        "height_m": 9.2,
        "drip_line_radius_m": 1.9,
        "ground_m_lidar": 420.9,
        "east_m": 367.2,
        "north_m": 262.6,
        "removed_by_owner_edit": false,
        "note": "crown_radius from trees.csv — drip-line protection zone"
      },
      "geometry": {
        "type": "Point",
        "coordinates": [
          -119.1554813,
          34.4328129
        ]
      }
    },
    {
      "type": "Feature",
      "properties": {
        "kind": "oak",
        "height_m": 12.2,
        "drip_line_radius_m": 4.6,
        "ground_m_lidar": 421.0,
        "east_m": 370.7,
        "north_m": 259.4,
        "removed_by_owner_edit": false,
        "note": "crown_radius from trees.csv — drip-line protection zone"
      },
      "geometry": {
        "type": "Point",
        "coordinates": [
          -119.1554432,
          34.432784
        ]
      }
    },
    {
      "type": "Feature",
      "properties": {
        "kind": "oak",
        "height_m": 14.1,
        "drip_line_radius_m": 5.8,
        "ground_m_lidar": 420.1,
        "east_m": 370.9,
        "north_m": 248.2,
        "removed_by_owner_edit": false,
        "note": "crown_radius from trees.csv — drip-line protection zone"
      },
      "geometry": {
        "type": "Point",
        "coordinates": [
          -119.155441,
          34.4326826
        ]
      }
    },
    {
      "type": "Feature",
      "properties": {
        "kind": "oak",
        "height_m": 11.1,
        "drip_line_radius_m": 4.8,
        "ground_m_lidar": 421.0,
        "east_m": 371.9,
        "north_m": 264.8,
        "removed_by_owner_edit": false,
        "note": "crown_radius from trees.csv — drip-line protection zone"
      },
      "geometry": {
        "type": "Point",
        "coordinates": [
          -119.1554301,
          34.4328328
        ]
      }
    },
    {
      "type": "Feature",
      "properties": {
        "kind": "oak",
        "height_m": 4.7,
        "drip_line_radius_m": 2.6,
        "ground_m_lidar": 424.0,
        "east_m": 373.0,
        "north_m": 342.4,
        "removed_by_owner_edit": false,
        "note": "crown_radius from trees.csv — drip-line protection zone"
      },
      "geometry": {
        "type": "Point",
        "coordinates": [
          -119.1554181,
          34.4335348
        ]
      }
    },
    {
      "type": "Feature",
      "properties": {
        "kind": "oak",
        "height_m": 13.7,
        "drip_line_radius_m": 6.2,
        "ground_m_lidar": 425.2,
        "east_m": 374.5,
        "north_m": 303.6,
        "removed_by_owner_edit": true,
        "note": "crown_radius from trees.csv — drip-line protection zone"
      },
      "geometry": {
        "type": "Point",
        "coordinates": [
          -119.1554018,
          34.4331838
        ]
      }
    },
    {
      "type": "Feature",
      "properties": {
        "kind": "oak",
        "height_m": 10.5,
        "drip_line_radius_m": 4.4,
        "ground_m_lidar": 423.3,
        "east_m": 374.6,
        "north_m": 280.7,
        "removed_by_owner_edit": true,
        "note": "crown_radius from trees.csv — drip-line protection zone"
      },
      "geometry": {
        "type": "Point",
        "coordinates": [
          -119.1554007,
          34.4329767
        ]
      }
    },
    {
      "type": "Feature",
      "properties": {
        "kind": "oak",
        "height_m": 11.0,
        "drip_line_radius_m": 2.1,
        "ground_m_lidar": 421.2,
        "east_m": 375.3,
        "north_m": 257.4,
        "removed_by_owner_edit": false,
        "note": "crown_radius from trees.csv — drip-line protection zone"
      },
      "geometry": {
        "type": "Point",
        "coordinates": [
          -119.1553931,
          34.4327659
        ]
      }
    },
    {
      "type": "Feature",
      "properties": {
        "kind": "oak",
        "height_m": 4.7,
        "drip_line_radius_m": 2.0,
        "ground_m_lidar": 424.2,
        "east_m": 375.9,
        "north_m": 343.2,
        "removed_by_owner_edit": false,
        "note": "crown_radius from trees.csv — drip-line protection zone"
      },
      "geometry": {
        "type": "Point",
        "coordinates": [
          -119.1553865,
          34.4335421
        ]
      }
    },
    {
      "type": "Feature",
      "properties": {
        "kind": "oak",
        "height_m": 10.0,
        "drip_line_radius_m": 1.7,
        "ground_m_lidar": 422.4,
        "east_m": 377.2,
        "north_m": 276.7,
        "removed_by_owner_edit": true,
        "note": "crown_radius from trees.csv — drip-line protection zone"
      },
      "geometry": {
        "type": "Point",
        "coordinates": [
          -119.1553724,
          34.4329405
        ]
      }
    },
    {
      "type": "Feature",
      "properties": {
        "kind": "oak",
        "height_m": 14.7,
        "drip_line_radius_m": 3.5,
        "ground_m_lidar": 419.8,
        "east_m": 377.5,
        "north_m": 248.8,
        "removed_by_owner_edit": false,
        "note": "crown_radius from trees.csv — drip-line protection zone"
      },
      "geometry": {
        "type": "Point",
        "coordinates": [
          -119.1553691,
          34.4326881
        ]
      }
    },
    {
      "type": "Feature",
      "properties": {
        "kind": "oak",
        "height_m": 10.1,
        "drip_line_radius_m": 3.5,
        "ground_m_lidar": 423.6,
        "east_m": 379.8,
        "north_m": 280.4,
        "removed_by_owner_edit": true,
        "note": "crown_radius from trees.csv — drip-line protection zone"
      },
      "geometry": {
        "type": "Point",
        "coordinates": [
          -119.1553441,
          34.4329739
        ]
      }
    },
    {
      "type": "Feature",
      "properties": {
        "kind": "oak",
        "height_m": 12.8,
        "drip_line_radius_m": 3.9,
        "ground_m_lidar": 425.6,
        "east_m": 383.7,
        "north_m": 298.2,
        "removed_by_owner_edit": true,
        "note": "crown_radius from trees.csv — drip-line protection zone"
      },
      "geometry": {
        "type": "Point",
        "coordinates": [
          -119.1553016,
          34.433135
        ]
      }
    },
    {
      "type": "Feature",
      "properties": {
        "kind": "oak",
        "height_m": 13.5,
        "drip_line_radius_m": 3.9,
        "ground_m_lidar": 421.4,
        "east_m": 384.0,
        "north_m": 258.0,
        "removed_by_owner_edit": false,
        "note": "crown_radius from trees.csv — drip-line protection zone"
      },
      "geometry": {
        "type": "Point",
        "coordinates": [
          -119.1552983,
          34.4327713
        ]
      }
    },
    {
      "type": "Feature",
      "properties": {
        "kind": "oak",
        "height_m": 6.9,
        "drip_line_radius_m": 2.9,
        "ground_m_lidar": 424.2,
        "east_m": 385.6,
        "north_m": 280.3,
        "removed_by_owner_edit": true,
        "note": "crown_radius from trees.csv — drip-line protection zone"
      },
      "geometry": {
        "type": "Point",
        "coordinates": [
          -119.1552809,
          34.432973
        ]
      }
    },
    {
      "type": "Feature",
      "properties": {
        "kind": "oak",
        "height_m": 15.5,
        "drip_line_radius_m": 5.7,
        "ground_m_lidar": 421.3,
        "east_m": 386.1,
        "north_m": 266.2,
        "removed_by_owner_edit": false,
        "note": "crown_radius from trees.csv — drip-line protection zone"
      },
      "geometry": {
        "type": "Point",
        "coordinates": [
          -119.1552755,
          34.4328455
        ]
      }
    },
    {
      "type": "Feature",
      "properties": {
        "kind": "oak",
        "height_m": 7.2,
        "drip_line_radius_m": 2.1,
        "ground_m_lidar": 422.8,
        "east_m": 387.0,
        "north_m": 274.6,
        "removed_by_owner_edit": true,
        "note": "crown_radius from trees.csv — drip-line protection zone"
      },
      "geometry": {
        "type": "Point",
        "coordinates": [
          -119.1552656,
          34.4329215
        ]
      }
    },
    {
      "type": "Feature",
      "properties": {
        "kind": "oak",
        "height_m": 13.4,
        "drip_line_radius_m": 4.9,
        "ground_m_lidar": 425.5,
        "east_m": 387.4,
        "north_m": 289.4,
        "removed_by_owner_edit": true,
        "note": "crown_radius from trees.csv — drip-line protection zone"
      },
      "geometry": {
        "type": "Point",
        "coordinates": [
          -119.1552613,
          34.4330554
        ]
      }
    },
    {
      "type": "Feature",
      "properties": {
        "kind": "oak",
        "height_m": 5.2,
        "drip_line_radius_m": 1.8,
        "ground_m_lidar": 421.5,
        "east_m": 387.9,
        "north_m": 254.9,
        "removed_by_owner_edit": false,
        "note": "crown_radius from trees.csv — drip-line protection zone"
      },
      "geometry": {
        "type": "Point",
        "coordinates": [
          -119.1552558,
          34.4327433
        ]
      }
    },
    {
      "type": "Feature",
      "properties": {
        "kind": "oak",
        "height_m": 14.7,
        "drip_line_radius_m": 7.6,
        "ground_m_lidar": 425.7,
        "east_m": 389.9,
        "north_m": 304.3,
        "removed_by_owner_edit": true,
        "note": "crown_radius from trees.csv — drip-line protection zone"
      },
      "geometry": {
        "type": "Point",
        "coordinates": [
          -119.1552341,
          34.4331901
        ]
      }
    },
    {
      "type": "Feature",
      "properties": {
        "kind": "oak",
        "height_m": 7.3,
        "drip_line_radius_m": 2.8,
        "ground_m_lidar": 422.1,
        "east_m": 390.6,
        "north_m": 272.9,
        "removed_by_owner_edit": false,
        "note": "crown_radius from trees.csv — drip-line protection zone"
      },
      "geometry": {
        "type": "Point",
        "coordinates": [
          -119.1552264,
          34.4329061
        ]
      }
    },
    {
      "type": "Feature",
      "properties": {
        "kind": "oak",
        "height_m": 15.9,
        "drip_line_radius_m": 4.3,
        "ground_m_lidar": 421.5,
        "east_m": 390.9,
        "north_m": 261.3,
        "removed_by_owner_edit": false,
        "note": "crown_radius from trees.csv — drip-line protection zone"
      },
      "geometry": {
        "type": "Point",
        "coordinates": [
          -119.1552232,
          34.4328012
        ]
      }
    },
    {
      "type": "Feature",
      "properties": {
        "kind": "oak",
        "height_m": 8.5,
        "drip_line_radius_m": 3.9,
        "ground_m_lidar": 425.4,
        "east_m": 391.8,
        "north_m": 282.3,
        "removed_by_owner_edit": true,
        "note": "crown_radius from trees.csv — drip-line protection zone"
      },
      "geometry": {
        "type": "Point",
        "coordinates": [
          -119.1552134,
          34.4329911
        ]
      }
    },
    {
      "type": "Feature",
      "properties": {
        "kind": "oak",
        "height_m": 12.0,
        "drip_line_radius_m": 3.4,
        "ground_m_lidar": 425.8,
        "east_m": 392.9,
        "north_m": 298.4,
        "removed_by_owner_edit": true,
        "note": "crown_radius from trees.csv — drip-line protection zone"
      },
      "geometry": {
        "type": "Point",
        "coordinates": [
          -119.1552014,
          34.4331368
        ]
      }
    },
    {
      "type": "Feature",
      "properties": {
        "kind": "oak",
        "height_m": 11.1,
        "drip_line_radius_m": 3.8,
        "ground_m_lidar": 425.4,
        "east_m": 396.5,
        "north_m": 302.8,
        "removed_by_owner_edit": true,
        "note": "crown_radius from trees.csv — drip-line protection zone"
      },
      "geometry": {
        "type": "Point",
        "coordinates": [
          -119.1551622,
          34.4331766
        ]
      }
    },
    {
      "type": "Feature",
      "properties": {
        "kind": "oak",
        "height_m": 7.6,
        "drip_line_radius_m": 2.2,
        "ground_m_lidar": 425.6,
        "east_m": 397.1,
        "north_m": 286.2,
        "removed_by_owner_edit": true,
        "note": "crown_radius from trees.csv — drip-line protection zone"
      },
      "geometry": {
        "type": "Point",
        "coordinates": [
          -119.1551556,
          34.4330264
        ]
      }
    },
    {
      "type": "Feature",
      "properties": {
        "kind": "oak",
        "height_m": 7.1,
        "drip_line_radius_m": 3.6,
        "ground_m_lidar": 425.8,
        "east_m": 398.5,
        "north_m": 290.6,
        "removed_by_owner_edit": true,
        "note": "crown_radius from trees.csv — drip-line protection zone"
      },
      "geometry": {
        "type": "Point",
        "coordinates": [
          -119.1551404,
          34.4330662
        ]
      }
    },
    {
      "type": "Feature",
      "properties": {
        "kind": "oak",
        "height_m": 8.9,
        "drip_line_radius_m": 2.8,
        "ground_m_lidar": 421.8,
        "east_m": 401.4,
        "north_m": 258.7,
        "removed_by_owner_edit": false,
        "note": "crown_radius from trees.csv — drip-line protection zone"
      },
      "geometry": {
        "type": "Point",
        "coordinates": [
          -119.1551088,
          34.4327776
        ]
      }
    },
    {
      "type": "Feature",
      "properties": {
        "kind": "oak",
        "height_m": 8.7,
        "drip_line_radius_m": 4.4,
        "ground_m_lidar": 425.8,
        "east_m": 401.8,
        "north_m": 285.8,
        "removed_by_owner_edit": false,
        "note": "crown_radius from trees.csv — drip-line protection zone"
      },
      "geometry": {
        "type": "Point",
        "coordinates": [
          -119.1551045,
          34.4330228
        ]
      }
    },
    {
      "type": "Feature",
      "properties": {
        "kind": "oak",
        "height_m": 12.7,
        "drip_line_radius_m": 5.3,
        "ground_m_lidar": 420.6,
        "east_m": 402.4,
        "north_m": 250.8,
        "removed_by_owner_edit": false,
        "note": "crown_radius from trees.csv — drip-line protection zone"
      },
      "geometry": {
        "type": "Point",
        "coordinates": [
          -119.1550979,
          34.4327062
        ]
      }
    },
    {
      "type": "Feature",
      "properties": {
        "kind": "oak",
        "height_m": 16.6,
        "drip_line_radius_m": 3.8,
        "ground_m_lidar": 422.8,
        "east_m": 404.0,
        "north_m": 269.0,
        "removed_by_owner_edit": false,
        "note": "crown_radius from trees.csv — drip-line protection zone"
      },
      "geometry": {
        "type": "Point",
        "coordinates": [
          -119.1550805,
          34.4328708
        ]
      }
    },
    {
      "type": "Feature",
      "properties": {
        "kind": "oak",
        "height_m": 7.4,
        "drip_line_radius_m": 1.5,
        "ground_m_lidar": 425.8,
        "east_m": 404.3,
        "north_m": 288.4,
        "removed_by_owner_edit": false,
        "note": "crown_radius from trees.csv — drip-line protection zone"
      },
      "geometry": {
        "type": "Point",
        "coordinates": [
          -119.1550772,
          34.4330463
        ]
      }
    },
    {
      "type": "Feature",
      "properties": {
        "kind": "oak",
        "height_m": 8.5,
        "drip_line_radius_m": 2.4,
        "ground_m_lidar": 421.9,
        "east_m": 405.3,
        "north_m": 255.6,
        "removed_by_owner_edit": false,
        "note": "crown_radius from trees.csv — drip-line protection zone"
      },
      "geometry": {
        "type": "Point",
        "coordinates": [
          -119.1550663,
          34.4327496
        ]
      }
    },
    {
      "type": "Feature",
      "properties": {
        "kind": "oak",
        "height_m": 13.6,
        "drip_line_radius_m": 5.6,
        "ground_m_lidar": 424.6,
        "east_m": 405.9,
        "north_m": 278.1,
        "removed_by_owner_edit": false,
        "note": "crown_radius from trees.csv — drip-line protection zone"
      },
      "geometry": {
        "type": "Point",
        "coordinates": [
          -119.1550598,
          34.4329531
        ]
      }
    },
    {
      "type": "Feature",
      "properties": {
        "kind": "oak",
        "height_m": 12.5,
        "drip_line_radius_m": 5.4,
        "ground_m_lidar": 420.7,
        "east_m": 408.9,
        "north_m": 249.8,
        "removed_by_owner_edit": false,
        "note": "crown_radius from trees.csv — drip-line protection zone"
      },
      "geometry": {
        "type": "Point",
        "coordinates": [
          -119.1550271,
          34.4326971
        ]
      }
    },
    {
      "type": "Feature",
      "properties": {
        "kind": "oak",
        "height_m": 14.6,
        "drip_line_radius_m": 4.9,
        "ground_m_lidar": 423.0,
        "east_m": 409.3,
        "north_m": 266.7,
        "removed_by_owner_edit": false,
        "note": "crown_radius from trees.csv — drip-line protection zone"
      },
      "geometry": {
        "type": "Point",
        "coordinates": [
          -119.1550228,
          34.43285
        ]
      }
    },
    {
      "type": "Feature",
      "properties": {
        "kind": "oak",
        "height_m": 14.9,
        "drip_line_radius_m": 5.5,
        "ground_m_lidar": 425.7,
        "east_m": 409.5,
        "north_m": 273.9,
        "removed_by_owner_edit": false,
        "note": "crown_radius from trees.csv — drip-line protection zone"
      },
      "geometry": {
        "type": "Point",
        "coordinates": [
          -119.1550206,
          34.4329151
        ]
      }
    },
    {
      "type": "Feature",
      "properties": {
        "kind": "oak",
        "height_m": 10.0,
        "drip_line_radius_m": 3.1,
        "ground_m_lidar": 424.1,
        "east_m": 413.5,
        "north_m": 278.5,
        "removed_by_owner_edit": false,
        "note": "crown_radius from trees.csv — drip-line protection zone"
      },
      "geometry": {
        "type": "Point",
        "coordinates": [
          -119.154977,
          34.4329567
        ]
      }
    },
    {
      "type": "Feature",
      "properties": {
        "kind": "oak",
        "height_m": 8.5,
        "drip_line_radius_m": 2.7,
        "ground_m_lidar": 422.4,
        "east_m": 415.2,
        "north_m": 257.5,
        "removed_by_owner_edit": false,
        "note": "crown_radius from trees.csv — drip-line protection zone"
      },
      "geometry": {
        "type": "Point",
        "coordinates": [
          -119.1549585,
          34.4327668
        ]
      }
    },
    {
      "type": "Feature",
      "properties": {
        "kind": "oak",
        "height_m": 8.6,
        "drip_line_radius_m": 2.8,
        "ground_m_lidar": 422.0,
        "east_m": 416.0,
        "north_m": 252.6,
        "removed_by_owner_edit": false,
        "note": "crown_radius from trees.csv — drip-line protection zone"
      },
      "geometry": {
        "type": "Point",
        "coordinates": [
          -119.1549498,
          34.4327224
        ]
      }
    },
    {
      "type": "Feature",
      "properties": {
        "kind": "oak",
        "height_m": 11.5,
        "drip_line_radius_m": 3.3,
        "ground_m_lidar": 422.6,
        "east_m": 416.7,
        "north_m": 264.0,
        "removed_by_owner_edit": false,
        "note": "crown_radius from trees.csv — drip-line protection zone"
      },
      "geometry": {
        "type": "Point",
        "coordinates": [
          -119.1549422,
          34.4328256
        ]
      }
    },
    {
      "type": "Feature",
      "properties": {
        "kind": "oak",
        "height_m": 10.4,
        "drip_line_radius_m": 3.7,
        "ground_m_lidar": 421.2,
        "east_m": 416.8,
        "north_m": 247.2,
        "removed_by_owner_edit": false,
        "note": "crown_radius from trees.csv — drip-line protection zone"
      },
      "geometry": {
        "type": "Point",
        "coordinates": [
          -119.1549411,
          34.4326736
        ]
      }
    },
    {
      "type": "Feature",
      "properties": {
        "kind": "oak",
        "height_m": 4.8,
        "drip_line_radius_m": 1.4,
        "ground_m_lidar": 425.9,
        "east_m": 417.2,
        "north_m": 337.9,
        "removed_by_owner_edit": false,
        "note": "crown_radius from trees.csv — drip-line protection zone"
      },
      "geometry": {
        "type": "Point",
        "coordinates": [
          -119.1549367,
          34.4334941
        ]
      }
    },
    {
      "type": "Feature",
      "properties": {
        "kind": "oak",
        "height_m": 10.7,
        "drip_line_radius_m": 3.9,
        "ground_m_lidar": 422.9,
        "east_m": 423.4,
        "north_m": 264.1,
        "removed_by_owner_edit": false,
        "note": "crown_radius from trees.csv — drip-line protection zone"
      },
      "geometry": {
        "type": "Point",
        "coordinates": [
          -119.1548692,
          34.4328265
        ]
      }
    },
    {
      "type": "Feature",
      "properties": {
        "kind": "oak",
        "height_m": 6.0,
        "drip_line_radius_m": 2.1,
        "ground_m_lidar": 425.9,
        "east_m": 423.4,
        "north_m": 311.4,
        "removed_by_owner_edit": false,
        "note": "crown_radius from trees.csv — drip-line protection zone"
      },
      "geometry": {
        "type": "Point",
        "coordinates": [
          -119.1548692,
          34.4332544
        ]
      }
    },
    {
      "type": "Feature",
      "properties": {
        "kind": "oak",
        "height_m": 7.2,
        "drip_line_radius_m": 3.1,
        "ground_m_lidar": 425.3,
        "east_m": 425.1,
        "north_m": 269.6,
        "removed_by_owner_edit": false,
        "note": "crown_radius from trees.csv — drip-line protection zone"
      },
      "geometry": {
        "type": "Point",
        "coordinates": [
          -119.1548507,
          34.4328762
        ]
      }
    },
    {
      "type": "Feature",
      "properties": {
        "kind": "oak",
        "height_m": 19.5,
        "drip_line_radius_m": 6.2,
        "ground_m_lidar": 426.1,
        "east_m": 427.3,
        "north_m": 281.3,
        "removed_by_owner_edit": false,
        "note": "crown_radius from trees.csv — drip-line protection zone"
      },
      "geometry": {
        "type": "Point",
        "coordinates": [
          -119.1548267,
          34.4329821
        ]
      }
    },
    {
      "type": "Feature",
      "properties": {
        "kind": "oak",
        "height_m": 14.8,
        "drip_line_radius_m": 4.7,
        "ground_m_lidar": 426.3,
        "east_m": 427.6,
        "north_m": 298.7,
        "removed_by_owner_edit": false,
        "note": "crown_radius from trees.csv — drip-line protection zone"
      },
      "geometry": {
        "type": "Point",
        "coordinates": [
          -119.1548235,
          34.4331395
        ]
      }
    }
  ]
}
